user_id,item_id,rating
4390,W178,2.1
4838,W472,1.0
1858,W477,1.8
3372,W68,2.9
3731,W224,1.1
1304,W196,1.3
2378,W347,3.8
4610,W252,3.4
1157,W113,4.3
4695,W16,1.9
2945,W149,4.1
4390,W365,1.8
124,W271,3.3
3133,W219,3.2
3506,W187,1.9
4009,W337,1.7
3659,W92,2.6
1209,W412,3.6
1895,W199,4.4
1555,W193,3.2
3423,W390,1.0
2132,W330,1.8
1884,W479,4.4
1040,W141,4.8
554,W170,2.2
1808,W410,2.1
1664,W25,3.2
2980,W134,3.9
1048,W160,3.1
3375,W418,1.6
726,W154,3.3
1014,W454,2.1
2456,W450,3.3
2020,W86,3.1
1505,W396,1.7
1972,W189,3.2
2159,W158,4.2
3252,W247,2.9
1009,W72,3.2
3506,W476,3.5
1593,W304,1.0
4930,W463,3.4
241,W468,4.7
1498,W430,1.3
2650,W224,3.4
3040,W456,1.2
4656,W419,3.6
98,W377,4.4
2053,W102,4.5
177,W46,2.5
4511,W176,4.4
2980,W478,1.8
2746,W313,3.8
1430,W441,3.0
4764,W175,4.9
1302,W388,3.5
3611,W212,3.9
826,W5,3.1
3057,W228,4.4
2842,W383,2.9
1716,W123,1.4
966,W467,4.2
1277,W145,1.7
2289,W17,3.4
2617,W350,2.9
4234,W28,3.5
3743,W408,3.5
4335,W463,2.1
2758,W319,3.5
3702,W312,2.2
2122,W180,1.6
123,W285,2.6
493,W74,4.4
4832,W206,4.6
3590,W282,2.8
594,W361,4.3
1197,W89,1.9
2766,W484,3.8
394,W171,4.5
4028,W362,3.8
3509,W500,1.2
4141,W417,4.6
1491,W379,4.0
4843,W151,3.6
2041,W114,1.2
2597,W439,3.2
97,W74,2.8
3502,W389,4.4
2237,W455,4.3
2409,W213,2.7
3423,W461,4.7
4398,W41,1.2
4333,W61,3.2
3556,W488,4.4
2607,W481,3.2
2935,W428,4.6
1864,W17,1.3
141,W251,2.9
1460,W85,3.8
4379,W111,1.3
341,W56,4.0
4094,W319,1.1
3425,W209,3.4
3488,W35,1.9
798,W281,4.6
2100,W220,2.7
280,W126,3.1
2776,W343,1.8
796,W106,1.7
4837,W132,3.6
3595,W250,2.8
4574,W338,4.0
1527,W150,4.7
1540,W192,1.4
906,W270,1.3
1863,W48,1.4
4408,W122,4.3
2018,W335,1.4
1811,W153,2.3
800,W151,4.0
2373,W52,1.6
1656,W467,2.8
2899,W138,2.3
4562,W405,3.0
2697,W341,2.7
1481,W441,3.1
2136,W305,1.1
839,W448,4.1
3960,W149,4.0
2572,W230,2.1
1804,W122,2.5
3162,W474,1.8
1319,W90,4.3
898,W337,1.2
2251,W210,3.0
777,W412,4.3
1360,W331,3.3
827,W92,1.5
3065,W2,1.6
3132,W489,1.9
1312,W262,1.2
4123,W322,1.1
394,W428,3.2
4782,W460,4.5
2395,W98,3.6
2131,W412,2.9
4009,W115,1.0
1792,W256,3.5
4419,W356,3.3
1955,W235,1.8
1340,W471,2.5
1097,W446,4.2
2546,W319,1.2
4863,W387,1.3
1079,W278,3.3
1548,W344,3.0
3627,W45,2.5
2231,W237,1.8
67,W327,4.6
3365,W318,3.4
1377,W457,3.8
1172,W47,4.5
239,W86,2.1
2545,W102,3.0
197,W322,5.0
3658,W231,4.8
2107,W106,3.5
3472,W69,2.5
2406,W7,1.2
2898,W361,4.7
2043,W15,3.0
2668,W465,4.8
3421,W35,1.5
2732,W187,4.2
2498,W491,2.9
4252,W64,4.8
1425,W370,1.7
3610,W319,2.6
4070,W167,1.3
1835,W43,1.6
4536,W17,2.4
2132,W148,2.1
30,W244,3.3
873,W79,3.4
3292,W453,3.4
2599,W302,3.6
4306,W99,2.1
378,W350,4.6
2722,W275,2.0
858,W329,1.4
2845,W217,4.6
4760,W189,4.7
1901,W381,4.8
1087,W269,3.0
2698,W168,3.4
1056,W160,1.5
3454,W252,4.3
1649,W165,2.3
1140,W234,4.4
932,W88,1.8
484,W359,3.6
1574,W376,3.4
4239,W147,1.6
4701,W292,4.7
1647,W22,1.6
3593,W159,1.1
1397,W283,4.7
2893,W64,1.9
3076,W368,1.2
4642,W368,2.4
2885,W107,2.4
3908,W356,3.6
2970,W492,2.0
1917,W484,3.0
1003,W364,4.0
989,W113,1.8
33,W345,2.2
1590,W116,2.0
3755,W10,3.9
1583,W369,1.6
3380,W311,1.7
4835,W429,1.5
2362,W43,4.3
2984,W223,1.3
4521,W146,3.4
2926,W388,2.8
3727,W473,3.0
3573,W151,4.8
4292,W388,3.5
3438,W372,4.9
4114,W39,3.6
2257,W131,3.8
718,W14,4.9
4269,W386,4.7
2984,W151,3.7
1540,W461,3.2
604,W377,4.7
3742,W161,2.4
2261,W18,2.5
1324,W230,5.0
632,W251,3.3
106,W403,4.1
422,W128,3.5
1297,W181,2.3
1371,W25,2.4
3548,W313,3.9
1087,W124,1.4
3400,W372,3.3
3115,W369,3.3
3956,W460,3.9
3511,W222,1.1
3034,W417,4.9
1071,W29,4.2
1393,W389,2.7
1875,W426,4.3
1028,W102,4.3
4996,W29,3.7
3250,W46,3.0
3423,W198,1.7
498,W325,4.9
4783,W80,4.5
1891,W16,1.3
4184,W385,2.5
2131,W478,2.7
3016,W244,1.0
4689,W41,3.4
1289,W406,2.2
4188,W24,4.8
3789,W233,2.4
3273,W43,1.9
3191,W304,2.6
3102,W239,4.9
3596,W56,2.1
2419,W116,2.6
3299,W449,1.4
128,W279,2.4
4320,W121,4.5
1668,W82,1.9
3512,W96,3.5
2062,W14,4.9
1801,W265,3.3
4399,W320,4.6
3620,W366,2.1
477,W424,4.1
1808,W300,4.0
31,W283,4.8
2699,W14,4.0
4181,W432,1.9
2907,W460,1.7
871,W444,2.1
3811,W345,2.7
3761,W285,2.9
712,W25,2.0
762,W46,2.9
1698,W92,4.2
159,W196,4.0
3506,W449,3.1
2906,W110,3.5
2672,W462,1.8
1931,W14,1.1
2586,W287,2.9
3232,W306,2.5
2753,W422,2.7
33,W112,3.6
2406,W453,2.9
2102,W132,1.4
1567,W239,1.2
2279,W34,1.7
2605,W461,3.6
4381,W214,3.7
1393,W450,4.7
606,W339,4.1
487,W197,1.8
2998,W5,2.6
38,W68,4.4
1908,W42,1.1
682,W36,2.8
1273,W458,2.2
4972,W65,3.4
1610,W29,1.1
320,W250,2.0
4406,W195,3.5
3296,W299,4.5
1908,W187,4.4
1589,W110,2.3
74,W112,1.5
14,W50,4.9
3070,W360,1.7
1255,W55,1.7
3588,W110,3.0
659,W154,2.1
1317,W101,4.8
1423,W407,1.7
4934,W473,4.2
642,W325,3.2
3384,W212,2.6
2999,W199,1.1
863,W106,3.6
4022,W329,1.3
3356,W133,1.2
1378,W134,1.6
2713,W346,1.6
3064,W200,1.4
3125,W5,2.2
1358,W96,3.4
1695,W307,2.9
3671,W168,1.4
240,W330,1.7
2023,W429,3.5
2244,W380,1.6
580,W374,4.0
3095,W383,4.6
2269,W286,4.4
3188,W259,1.5
3229,W61,4.3
3863,W434,4.2
3848,W475,3.6
1384,W398,4.4
3137,W464,4.5
572,W429,3.0
232,W412,2.4
1615,W48,3.3
3397,W112,3.8
3535,W250,4.1
3170,W184,2.0
1919,W289,2.5
2183,W155,1.0
602,W49,3.7
2885,W428,3.9
302,W178,3.2
1576,W140,2.8
3617,W304,1.1
4720,W490,4.4
2496,W239,4.1
2572,W303,2.5
554,W479,4.2
998,W499,2.8
1340,W166,1.5
467,W121,1.6
2569,W321,1.7
344,W190,3.9
2094,W255,4.1
3779,W421,4.0
112,W499,2.7
3236,W498,3.2
816,W119,2.3
1228,W446,1.9
1399,W15,4.2
2740,W137,4.9
479,W353,1.6
4225,W334,2.5
4131,W417,2.3
2415,W43,3.1
2447,W410,1.3
2691,W225,3.7
1235,W282,2.3
4914,W330,2.3
3693,W242,2.4
1115,W357,4.8
216,W71,2.7
751,W118,3.6
3502,W143,4.6
4102,W304,1.2
498,W27,2.7
3184,W46,3.9
2490,W365,3.5
1839,W278,4.4
2663,W323,1.3
1385,W396,4.0
1651,W23,2.4
4956,W149,4.6
4745,W414,2.7
3030,W141,3.2
1142,W154,3.6
255,W384,3.4
182,W215,2.4
1016,W340,3.5
3366,W305,1.9
3039,W89,4.9
4462,W447,1.6
1578,W190,4.8
1081,W9,1.5
3261,W49,2.2
3296,W211,2.8
1493,W387,2.2
2197,W483,1.8
1332,W266,2.9
4304,W14,3.8
4324,W350,1.4
4016,W382,1.3
343,W116,1.4
17,W31,4.3
3415,W20,2.6
4695,W85,4.5
1507,W235,4.8
4802,W27,3.5
4574,W171,4.3
979,W64,3.6
1490,W277,1.6
2950,W141,4.4
2477,W146,1.5
577,W147,1.3
1377,W349,1.9
117,W193,3.6
4579,W91,4.9
3074,W123,3.6
1580,W102,2.9
2225,W75,1.7
4105,W253,2.5
1505,W117,2.6
2666,W209,1.3
3556,W23,1.4
363,W350,3.9
559,W232,1.6
803,W18,4.8
443,W177,4.8
2932,W306,3.9
1186,W384,3.9
4480,W151,4.3
1725,W200,1.5
4442,W426,2.5
345,W318,3.2
4139,W34,4.3
3690,W496,1.8
689,W382,2.2
3106,W411,3.0
2670,W388,3.2
2632,W216,4.4
3184,W359,3.2
2708,W491,3.9
1068,W163,3.8
2458,W129,3.5
4120,W490,3.8
3676,W315,1.8
3379,W410,2.4
3302,W453,4.1
1126,W423,1.9
1188,W423,2.0
2010,W99,3.5
2149,W472,4.4
683,W401,4.6
3170,W381,5.0
4017,W125,2.3
1795,W147,1.5
3697,W190,1.7
4571,W28,1.6
3726,W229,1.7
4513,W467,4.8
3699,W355,2.5
4330,W110,3.1
1665,W401,4.1
4229,W117,3.3
1844,W63,3.6
4539,W341,4.8
3347,W223,1.7
4240,W134,4.2
266,W61,2.7
3265,W491,4.5
1483,W316,1.3
1505,W383,1.3
1910,W403,3.9
1041,W14,1.5
3140,W188,1.2
1092,W374,1.7
949,W409,1.5
1245,W166,3.4
2036,W127,1.4
344,W258,2.4
2764,W315,3.7
1021,W1,4.1
276,W95,2.2
3273,W416,3.3
4494,W465,1.3
4181,W339,2.3
3,W423,1.8
1394,W391,3.2
3825,W375,1.7
4244,W187,2.6
1121,W455,2.7
1148,W82,2.0
1518,W29,1.3
1004,W297,2.8
3974,W411,1.3
4919,W287,4.8
234,W278,2.8
2719,W295,3.4
161,W485,1.3
235,W270,1.0
1004,W299,1.7
3768,W1,1.6
756,W168,4.3
314,W352,1.4
664,W483,1.7
1444,W496,2.1
2706,W207,3.8
4551,W113,4.4
4017,W28,2.4
4129,W274,1.5
3776,W208,2.3
1841,W77,3.9
4107,W371,4.2
3667,W261,4.8
1405,W287,1.4
4904,W299,2.9
4574,W117,1.4
3058,W453,4.7
2984,W291,1.1
632,W212,4.1
4135,W246,3.5
3168,W441,2.5
2394,W14,4.1
4603,W277,3.7
577,W386,2.7
1576,W53,1.1
1583,W108,1.7
4335,W43,3.5
3370,W292,2.6
1399,W164,4.3
1396,W391,1.4
3493,W56,2.6
4079,W39,2.8
4115,W147,4.3
2463,W339,4.0
2359,W79,5.0
3798,W299,1.9
3408,W245,3.5
1606,W416,2.6
1422,W352,3.5
4493,W456,4.0
4687,W342,2.7
664,W204,2.5
3430,W330,2.7
3417,W413,2.6
1840,W305,3.4
2968,W182,4.4
2711,W414,4.4
1797,W153,3.6
1618,W10,3.6
4016,W231,2.2
2680,W296,1.1
741,W367,3.8
2883,W204,1.1
4282,W405,4.6
1381,W384,2.2
4340,W186,2.6
4948,W414,3.7
4335,W265,2.5
2487,W219,2.7
3969,W214,4.7
1756,W151,1.8
2166,W204,1.5
3521,W36,4.1
4192,W157,1.8
1004,W99,1.2
600,W22,1.6
858,W28,1.3
4689,W362,3.4
4379,W173,4.5
4895,W420,4.1
2379,W273,3.7
3536,W448,4.2
2293,W465,4.6
3122,W415,5.0
1183,W314,3.2
1938,W12,1.3
2081,W198,2.8
4952,W443,2.2
3538,W43,1.6
3161,W483,3.7
4360,W368,4.2
2509,W329,3.4
4462,W301,3.1
2713,W417,2.2
367,W72,3.0
4907,W111,4.9
36,W336,1.4
3133,W57,2.5
1563,W130,3.8
3820,W30,4.9
143,W418,3.4
4795,W318,3.9
2375,W498,1.3
3474,W340,4.1
332,W280,2.1
4713,W83,3.6
4958,W161,3.1
2854,W336,2.2
3074,W245,2.0
1487,W184,3.4
3555,W262,4.5
196,W98,4.3
2174,W13,1.7
4783,W433,4.0
1149,W159,3.7
2615,W108,3.8
3022,W496,3.1
3341,W83,2.5
4353,W469,1.1
3233,W63,3.9
4684,W156,4.5
3676,W113,2.1
3462,W34,2.6
4801,W180,3.2
4098,W450,4.3
1822,W236,3.5
2923,W253,4.4
1657,W416,3.9
1184,W245,4.4
2188,W122,1.4
3710,W435,2.1
466,W442,1.2
227,W100,4.2
1435,W399,4.3
1650,W286,4.5
4722,W161,1.8
2185,W347,4.3
3576,W470,2.0
4351,W103,2.1
862,W117,3.2
4414,W475,4.4
3729,W476,3.3
4388,W57,3.4
4622,W398,3.0
2776,W91,1.5
2884,W321,4.8
4376,W90,4.4
4102,W459,1.1
4753,W52,1.6
3433,W147,1.3
3623,W435,3.6
4988,W313,2.1
3303,W488,2.6
999,W349,1.9
1807,W489,3.1
1665,W94,3.9
808,W374,4.0
168,W155,3.8
3766,W87,1.8
3391,W444,4.7
406,W283,1.6
3097,W428,2.5
3560,W324,4.9
4382,W400,1.2
3331,W186,3.6
1374,W222,3.8
1485,W108,3.8
4612,W260,3.0
1871,W101,2.0
4797,W211,4.7
2912,W142,3.3
1502,W195,1.7
4289,W175,1.6
4002,W31,2.6
2955,W375,2.3
3515,W450,3.6
303,W197,4.8
1264,W318,2.8
1630,W371,2.7
4798,W289,3.4
3246,W466,1.2
552,W343,4.5
2173,W319,3.7
350,W422,4.4
4727,W453,3.4
1296,W496,1.9
2333,W263,3.5
2857,W347,2.7
2683,W38,1.1
2616,W94,2.9
1028,W73,1.6
2011,W451,4.2
861,W460,3.9
4556,W206,2.3
2837,W97,4.8
3750,W231,1.2
2452,W443,1.2
1079,W484,1.5
3888,W239,3.7
1185,W104,3.5
2911,W47,3.1
2841,W430,2.0
4573,W463,1.7
1427,W218,4.7
4613,W129,2.0
3120,W350,4.9
419,W472,2.2
2869,W469,3.4
4985,W135,4.9
1781,W492,1.5
2647,W428,1.3
2976,W37,2.0
4878,W403,4.4
3554,W217,1.0
2205,W20,4.9
598,W265,3.3
4633,W282,4.7
3021,W294,2.5
585,W290,3.3
636,W404,2.4
3140,W491,2.8
3334,W41,4.4
538,W427,3.6
282,W435,3.2
1468,W141,4.3
1151,W279,4.9
3266,W404,2.4
3180,W102,2.1
1552,W426,2.5
3079,W278,4.6
4533,W471,3.8
1229,W44,3.4
1955,W190,3.1
4069,W118,1.2
4882,W440,4.2
4998,W103,1.4
2612,W209,4.7
2826,W140,4.5
2634,W443,1.8
1219,W28,3.4
1762,W407,4.5
3271,W360,1.5
4725,W325,3.8
1191,W37,2.9
1084,W128,2.5
2818,W462,2.5
1671,W343,4.9
510,W348,2.7
2754,W59,4.2
4900,W260,3.2
4408,W398,2.4
3422,W153,4.2
431,W285,4.9
856,W278,2.7
632,W98,4.2
4353,W273,2.5
4939,W395,4.5
1749,W254,2.9
404,W389,1.3
4593,W344,4.8
1797,W355,2.4
3996,W312,3.0
4849,W270,1.0
1485,W359,4.3
4389,W270,4.2
4773,W414,3.8
3428,W434,2.4
1180,W381,3.5
3141,W193,2.8
2666,W499,1.2
4521,W473,2.5
2657,W56,4.5
3243,W253,1.8
233,W454,3.3
1233,W64,3.9
2217,W254,3.0
501,W440,1.7
1002,W393,4.8
4073,W259,1.3
2641,W443,3.5
3795,W383,2.5
488,W326,3.1
2960,W165,1.5
1607,W323,4.6
3457,W440,4.6
3971,W394,2.6
2904,W463,3.0
3905,W375,2.2
1988,W36,4.5
3757,W292,3.1
4431,W479,2.6
1369,W435,2.8
49,W415,4.3
1580,W52,2.1
4330,W156,2.1
111,W184,2.5
2132,W32,3.0
1721,W343,4.1
3899,W233,4.3
2032,W482,2.7
2268,W138,4.2
4701,W17,2.7
3281,W52,2.3
2568,W417,1.8
1673,W44,1.8
529,W406,4.9
950,W63,2.6
2329,W304,1.5
493,W330,3.8
443,W27,4.6
923,W420,1.9
2213,W475,1.8
4948,W108,4.9
2105,W302,4.8
1370,W141,4.8
4101,W488,3.8
3076,W263,3.5
1779,W116,1.1
391,W251,4.8
4162,W166,1.0
2232,W379,2.1
2768,W349,1.8
620,W482,3.9
3854,W228,2.6
3880,W259,4.0
3222,W331,1.8
1580,W84,2.3
511,W435,4.9
2310,W405,4.0
1654,W243,4.0
670,W161,2.6
1705,W238,4.8
923,W243,4.5
1146,W195,4.4
4335,W491,4.9
606,W463,1.6
2217,W362,2.5
217,W30,3.8
4975,W422,1.6
85,W376,2.7
361,W448,4.3
1597,W470,3.8
2747,W70,1.4
1540,W165,3.8
4516,W160,3.0
7,W417,2.1
2821,W412,3.3
977,W63,1.2
3838,W482,3.0
4011,W213,2.0
2885,W48,3.5
490,W206,4.3
2520,W59,1.9
1492,W21,2.3
1409,W235,3.4
3384,W478,2.1
4786,W140,3.9
3797,W118,4.9
1888,W496,4.1
823,W375,3.2
2057,W333,2.0
40,W453,4.5
3196,W222,4.9
4189,W264,4.2
2314,W439,2.4
1811,W455,4.3
2394,W50,3.9
4585,W319,4.0
1741,W74,1.0
277,W296,1.4
1606,W276,2.4
3760,W111,1.9
3598,W226,3.6
3506,W397,3.6
4155,W134,4.4
135,W493,3.2
2334,W220,1.9
428,W472,1.2
455,W265,2.0
3689,W494,4.3
4319,W77,2.7
4330,W374,4.8
612,W127,2.6
1472,W344,2.7
243,W416,2.8
2670,W98,2.2
2119,W3,3.8
3924,W23,1.7
4745,W340,1.9
182,W37,4.7
3466,W52,2.6
4547,W278,1.7
4559,W303,3.5
3112,W495,3.6
2198,W353,1.8
2967,W316,5.0
3790,W234,1.8
2394,W381,1.6
4317,W299,2.9
3406,W421,4.5
3781,W483,3.5
4789,W274,4.9
3569,W87,3.0
490,W204,1.3
2615,W148,3.9
3402,W425,2.9
4714,W500,2.3
610,W135,2.9
1917,W369,4.9
2997,W11,1.4
250,W310,2.3
3413,W5,5.0
155,W274,4.6
4457,W169,1.4
9,W128,1.2
4983,W182,1.4
1182,W281,1.6
4257,W210,2.9
1868,W110,3.3
229,W105,2.1
3575,W81,4.4
2536,W253,1.9
2272,W15,4.4
2908,W438,2.8
3764,W193,4.6
2516,W500,3.5
2825,W52,3.6
4262,W125,2.2
236,W256,3.3
927,W305,4.5
4932,W251,2.1
3857,W205,2.2
3654,W34,3.9
4417,W260,1.3
169,W68,4.9
1735,W498,3.6
2225,W349,1.6
978,W206,1.1
1177,W408,3.5
3503,W421,1.1
1798,W180,4.3
2714,W497,4.1
3530,W279,3.1
4542,W285,1.8
306,W102,2.3
3726,W282,2.3
948,W154,4.8
2767,W71,4.8
3501,W309,2.3
4454,W122,2.9
4060,W467,1.6
695,W114,4.8
1221,W394,4.3
3202,W319,3.1
2563,W145,3.3
32,W484,4.3
866,W358,2.9
1109,W277,2.9
3509,W144,2.5
2523,W165,2.3
238,W276,4.8
2459,W271,4.6
3259,W464,3.6
2540,W340,3.8
1954,W75,4.5
2931,W292,2.0
366,W112,2.0
1970,W110,1.2
3057,W186,3.0
2346,W385,1.4
2226,W388,1.7
4530,W123,4.2
2585,W325,3.4
3792,W269,2.5
3588,W134,2.0
4679,W6,4.5
2071,W302,2.8
36,W243,3.6
116,W339,4.8
3852,W494,4.1
2297,W230,2.0
1498,W140,2.7
499,W495,3.3
4627,W243,3.9
2313,W462,1.7
3582,W433,3.3
104,W386,1.8
2017,W175,1.9
2173,W314,3.3
1606,W304,4.2
3600,W410,1.9
3572,W325,3.2
1796,W397,3.5
1678,W381,4.3
2622,W245,1.6
1262,W70,1.8
1606,W284,2.5
1729,W480,1.2
2315,W434,4.0
401,W483,3.1
2202,W422,1.1
4655,W79,2.5
4783,W88,2.8
1656,W376,2.2
1900,W403,3.2
2971,W478,4.5
337,W258,4.5
2651,W261,2.6
1999,W308,4.3
2818,W215,3.2
4225,W298,3.5
2544,W254,4.4
2919,W277,2.9
1677,W488,2.4
2211,W28,3.0
3056,W404,3.2
3386,W353,3.5
496,W136,3.3
2254,W71,2.3
939,W113,2.4
748,W60,2.3
2664,W212,4.3
3576,W467,1.6
286,W408,3.1
3104,W259,1.8
3470,W2,2.7
519,W288,1.8
807,W463,1.4
2235,W36,3.4
73,W101,4.8
1597,W251,1.9
3963,W81,3.4
3635,W222,3.5
2180,W91,1.9
2473,W47,3.6
3689,W325,3.8
4333,W500,3.5
242,W354,3.0
3517,W137,2.0
1884,W429,2.8
1305,W216,1.2
895,W95,3.3
3671,W444,4.6
4463,W43,2.2
4544,W241,3.2
2173,W425,3.5
3372,W222,3.6
999,W374,1.6
4288,W298,1.1
4786,W467,1.1
3007,W327,2.6
2976,W188,4.8
3496,W87,4.3
1318,W480,1.5
728,W110,2.0
979,W154,2.8
74,W39,1.6
542,W379,4.4
1015,W423,1.8
1042,W247,1.9
3153,W215,1.2
3907,W63,5.0
323,W466,3.3
3095,W400,2.6
1414,W212,2.0
4800,W443,1.9
4968,W314,1.5
109,W163,4.6
2174,W384,4.7
3780,W367,3.5
3167,W64,2.4
3768,W181,2.1
4403,W172,1.3
2529,W204,4.3
466,W298,1.2
899,W470,2.5
4916,W227,1.1
2377,W116,3.2
4430,W138,3.8
3399,W271,3.1
41,W270,4.6
2522,W65,1.9
4940,W388,2.0
2949,W209,5.0
1756,W464,1.8
1896,W197,1.6
115,W222,3.2
1851,W188,3.7
3177,W202,3.5
4887,W334,3.4
147,W440,2.3
3920,W170,4.3
3153,W391,3.1
2574,W261,1.8
2003,W357,1.5
2620,W419,3.1
1398,W49,4.5
3230,W170,3.7
3649,W204,4.7
4103,W355,4.3
1737,W434,3.0
2290,W378,4.1
114,W451,3.3
4612,W202,4.4
3197,W266,3.4
3074,W420,3.3
1446,W348,4.8
2616,W146,3.2
2596,W223,2.9
3098,W127,3.0
2124,W355,2.6
4600,W357,2.9
829,W68,3.9
563,W391,3.4
3366,W306,2.4
4948,W394,2.3
3248,W166,2.2
1465,W325,2.2
604,W374,1.7
281,W106,3.3
4736,W351,1.8
2587,W188,2.6
3513,W349,3.0
711,W292,3.7
4874,W87,3.8
933,W351,3.0
4148,W74,1.5
2987,W300,1.8
242,W68,5.0
2284,W351,2.4
3945,W158,4.8
3076,W164,3.6
2239,W328,2.0
539,W39,1.7
627,W132,3.8
716,W498,4.9
1755,W128,4.9
1260,W263,1.2
3165,W336,3.7
3649,W50,1.9
3562,W26,2.2
1465,W232,4.0
229,W500,1.4
246,W460,2.6
631,W296,2.1
3425,W16,2.5
1238,W359,2.2
3974,W356,3.5
1291,W369,2.0
700,W473,2.3
1868,W493,2.6
3657,W179,3.0
3337,W161,3.3
1810,W381,3.5
3893,W281,1.9
26,W372,4.6
4701,W179,1.4
114,W66,3.1
2087,W426,3.8
2659,W285,2.9
2928,W60,1.5
1271,W208,4.3
2230,W412,1.4
4606,W253,4.3
1446,W496,4.9
3627,W198,3.5
4148,W300,4.9
4714,W185,2.5
3203,W156,4.3
2003,W480,2.7
2661,W35,1.3
3762,W222,3.1
4791,W452,3.2
490,W174,2.0
3687,W270,4.0
3325,W227,1.8
4076,W458,4.1
2091,W147,4.6
1295,W272,1.7
3160,W361,1.2
4953,W329,3.1
3291,W428,4.4
136,W10,1.0
2264,W484,4.0
354,W363,1.5
2198,W269,4.9
2578,W13,4.9
3825,W146,4.6
4661,W423,2.1
4516,W408,4.8
2762,W321,1.4
1098,W299,4.0
669,W319,1.3
3685,W438,2.0
20,W15,2.2
2225,W149,4.5
1955,W500,1.7
308,W455,2.1
4207,W130,4.6
3995,W310,3.9
308,W431,4.1
1572,W328,4.0
3309,W74,2.3
2976,W102,2.8
3465,W133,1.6
1479,W434,2.8
13,W449,3.6
1336,W234,4.8
2218,W206,3.3
3573,W397,4.5
3383,W57,4.0
1448,W492,1.7
1970,W361,3.9
1452,W265,4.5
4412,W405,1.4
3456,W216,4.2
755,W236,2.1
4205,W246,2.7
380,W21,2.3
2131,W146,2.9
2371,W77,3.9
1466,W436,3.5
3388,W436,5.0
3282,W64,1.4
1320,W23,1.6
2614,W257,2.9
2927,W343,2.7
3649,W14,4.1
4488,W293,4.6
4559,W21,1.1
2874,W437,5.0
2487,W344,4.7
2110,W229,4.4
2280,W86,2.9
372,W75,3.6
511,W246,1.4
2533,W440,2.8
1397,W183,1.8
4254,W343,4.2
3106,W94,1.7
635,W494,4.0
381,W320,3.9
2411,W299,4.2
3962,W370,2.7
4213,W70,2.0
933,W103,3.8
453,W225,1.3
1715,W83,3.0
456,W455,1.2
861,W300,4.1
3223,W94,4.9
1910,W291,1.8
2872,W407,4.8
4247,W442,2.1
3665,W109,3.7
1785,W116,4.2
610,W61,4.7
3351,W456,2.7
564,W85,2.9
96,W493,1.0
2464,W473,2.8
1733,W181,4.9
4407,W322,3.2
1037,W191,4.3
1697,W24,4.5
3291,W308,3.2
1707,W42,4.0
1449,W276,3.4
3902,W363,1.6
3596,W92,2.6
1315,W494,2.5
2765,W57,4.2
2075,W164,3.3
2165,W389,2.2
3474,W96,3.6
2103,W414,2.5
1385,W318,1.8
4560,W379,1.7
1214,W380,2.3
3013,W66,3.8
4028,W354,3.6
364,W164,3.4
16,W167,2.5
3005,W153,1.9
4003,W359,2.9
4287,W215,1.7
759,W251,4.4
1173,W432,1.3
4960,W437,2.2
663,W398,2.0
644,W87,3.0
2996,W55,3.5
969,W110,4.8
2088,W393,4.6
1689,W134,2.9
3225,W492,2.5
2764,W382,1.1
2740,W399,2.8
4116,W396,3.6
443,W55,2.8
4663,W219,1.5
476,W250,3.0
4543,W110,1.1
4232,W145,2.8
363,W243,2.6
3107,W277,1.8
4869,W371,2.8
3554,W308,4.8
1287,W289,1.3
2509,W211,3.2
2314,W463,1.2
2798,W318,4.6
442,W446,3.3
2945,W52,2.7
4790,W440,2.7
432,W95,2.4
4712,W447,3.2
4083,W12,2.2
3064,W337,1.1
3191,W376,4.9
1692,W145,4.8
4583,W402,4.1
3949,W373,3.7
4049,W148,1.2
2387,W172,2.7
611,W32,1.0
317,W73,3.3
2829,W350,4.0
3283,W459,4.3
4952,W271,2.4
1821,W175,4.6
4773,W471,2.8
3405,W229,2.5
3817,W119,2.8
2399,W279,4.7
2650,W497,1.0
593,W252,4.8
1774,W92,3.7
3615,W245,1.4
2605,W263,1.6
522,W201,4.4
1337,W260,4.0
3906,W400,3.4
253,W71,3.4
2759,W88,1.2
4127,W14,1.7
3338,W318,4.3
2356,W218,1.8
2642,W99,3.0
1450,W260,1.2
3716,W276,3.0
1915,W494,2.5
3552,W108,2.8
53,W226,1.8
4138,W98,3.2
1588,W348,2.8
3886,W178,2.7
2870,W174,2.2
174,W7,4.5
3126,W62,2.2
2448,W375,2.9
190,W367,3.1
4954,W1,2.2
3038,W59,2.5
4912,W401,3.8
4805,W262,3.3
3299,W310,4.1
268,W302,1.1
3241,W156,2.9
2835,W451,1.6
1129,W90,1.2
3785,W88,1.6
1119,W143,3.8
2816,W465,3.1
2236,W359,4.9
358,W1,3.8
682,W123,2.8
4588,W311,4.9
3101,W481,3.9
2092,W40,3.8
4542,W208,3.8
4358,W438,1.4
3459,W209,1.3
3829,W337,3.5
4566,W204,3.7
4021,W158,1.9
2938,W66,1.4
4967,W475,2.0
2595,W321,5.0
3845,W188,3.6
1147,W441,4.0
2167,W22,3.5
384,W406,1.4
702,W282,2.4
314,W73,3.4
2897,W420,1.5
1384,W386,3.8
4252,W180,4.3
2860,W177,2.5
3563,W383,4.3
478,W391,4.9
1657,W278,2.9
2230,W313,2.5
4391,W444,2.9
1360,W53,2.1
4690,W420,3.8
945,W428,4.8
428,W467,3.4
2526,W39,3.0
119,W421,3.5
1282,W494,4.5
509,W325,1.5
2611,W371,3.1
638,W158,1.8
448,W215,1.4
2219,W132,1.8
2492,W392,1.8
4730,W314,3.7
909,W142,1.3
436,W431,1.6
2164,W339,4.3
4102,W219,3.8
1355,W318,1.4
4561,W102,3.2
2339,W55,3.8
1807,W417,2.4
4661,W51,2.2
2853,W259,2.2
3152,W59,4.5
1217,W119,2.3
1824,W21,1.9
4884,W430,1.2
3946,W91,1.8
956,W33,1.1
1621,W20,4.0
4042,W411,4.1
4089,W263,3.6
4145,W348,2.8
921,W47,2.1
4739,W225,1.8
2613,W201,1.2
4916,W352,4.8
4800,W172,4.7
1431,W195,1.6
4573,W163,1.9
4030,W87,4.4
3345,W436,4.1
3929,W115,3.6
2062,W487,2.5
4760,W345,1.3
179,W87,4.1
970,W325,1.2
3429,W306,3.9
4986,W14,4.6
4718,W323,4.6
664,W447,3.2
3164,W277,3.9
4015,W343,4.8
615,W411,3.0
1926,W130,3.8
4478,W170,2.0
2962,W184,2.2
1747,W293,3.4
3791,W305,2.1
3646,W57,2.6
454,W315,1.9
731,W40,3.3
2541,W493,3.4
4516,W311,2.5
2740,W86,3.1
2910,W32,3.3
1815,W131,1.9
3450,W454,4.1
115,W196,1.8
1280,W97,2.2
3219,W186,3.5
3760,W327,2.7
1415,W249,1.9
827,W487,2.7
3068,W235,1.7
4705,W329,3.5
1650,W160,3.0
2206,W206,2.3
1090,W179,4.7
376,W430,3.1
1613,W187,5.0
3941,W205,2.5
4881,W302,2.0
1744,W379,2.8
4658,W486,3.5
1838,W494,3.6
2758,W68,1.3
1106,W304,4.6
3138,W404,3.5
1143,W249,2.0
3810,W430,2.7
1958,W490,2.8
4522,W199,4.7
3233,W464,4.2
4090,W156,4.4
2417,W15,3.6
989,W386,2.3
4241,W362,4.7
318,W193,2.0
218,W20,1.6
3272,W306,1.6
1413,W278,3.1
1969,W307,1.7
2753,W134,3.0
1275,W99,4.0
1776,W490,4.1
4554,W447,3.7
2325,W214,1.5
2500,W255,4.0
2776,W113,4.8
317,W408,2.4
4828,W397,3.8
754,W105,3.8
3035,W224,3.9
3800,W182,3.6
1209,W192,2.2
4977,W475,4.2
989,W321,3.6
3319,W25,2.8
1739,W456,2.1
3219,W399,4.3
3471,W45,1.2
3374,W340,1.3
1681,W455,3.1
4891,W45,1.2
980,W408,1.4
403,W442,3.0
4775,W84,2.2
2167,W136,2.3
4081,W213,1.3
3674,W345,3.2
3511,W185,2.7
1784,W204,3.7
128,W244,4.8
2377,W403,2.3
4986,W370,3.2
1331,W34,4.1
1310,W273,1.5
2056,W363,4.0
2859,W89,3.0
3195,W4,2.5
4347,W445,2.8
2593,W487,3.9
276,W259,2.9
3841,W26,1.2
4853,W202,3.5
1438,W211,3.6
2356,W215,3.7
629,W423,4.1
1324,W143,2.8
2894,W34,4.3
2042,W112,2.8
4389,W346,2.3
1399,W400,2.6
4711,W426,1.7
1076,W35,2.9
2750,W303,1.0
3541,W401,2.7
4960,W61,2.9
2432,W307,4.5
2209,W323,1.1
2325,W440,3.5
3487,W183,4.3
260,W28,1.5
4576,W497,3.8
1370,W360,3.0
3971,W475,4.6
4911,W479,2.6
2884,W71,4.6
6,W463,2.5
1514,W188,3.7
2372,W261,1.3
765,W486,4.0
2775,W258,4.1
4970,W352,3.0
2469,W344,5.0
531,W11,4.1
1047,W216,3.9
1136,W400,2.4
2268,W227,4.8
33,W25,1.0
1089,W113,4.7
1494,W175,1.3
4037,W261,3.1
2000,W496,4.4
4372,W8,3.0
4739,W344,2.4
4581,W155,5.0
4916,W351,2.9
2370,W350,4.3
4430,W480,2.2
3252,W38,3.8
4984,W96,4.6
4706,W241,2.7
4723,W177,4.5
118,W267,4.2
3784,W132,1.9
3374,W451,3.9
3780,W189,4.5
2581,W212,4.1
2274,W84,4.6
3593,W323,3.9
3419,W294,4.6
1002,W301,1.6
2496,W67,3.4
2625,W403,3.8
1673,W345,3.4
2435,W51,2.4
1877,W380,4.5
1531,W487,3.3
4215,W270,2.1
4615,W318,3.7
3043,W150,4.4
518,W136,4.2
1095,W202,2.2
3181,W448,4.1
3036,W315,4.7
3034,W335,2.9
57,W387,4.0
2945,W478,4.3
20,W147,2.1
1852,W370,2.5
1331,W97,2.2
2277,W355,1.2
1936,W463,4.9
3399,W74,3.9
2141,W325,4.9
1674,W117,2.8
2429,W485,3.1
117,W485,1.9
4964,W5,3.6
4362,W180,3.1
3370,W239,1.3
4421,W279,1.4
4400,W460,1.0
1503,W207,2.8
4938,W363,4.3
1730,W191,3.2
226,W496,3.2
1810,W120,3.6
1251,W84,4.3
362,W441,4.0
4312,W318,1.6
2626,W241,4.5
3419,W210,2.4
4101,W383,3.4
4177,W120,4.1
1151,W351,4.9
236,W65,2.7
2221,W52,1.4
4286,W355,3.1
1686,W447,3.8
4598,W68,4.1
791,W58,1.5
955,W30,2.6
2490,W122,2.3
3371,W345,2.0
951,W463,4.9
4893,W218,3.8
1282,W134,2.8
3610,W90,3.5
2509,W430,1.2
629,W352,4.3
4976,W109,2.0
2131,W382,1.4
2614,W206,1.9
3256,W350,1.1
1892,W83,3.9
4522,W76,4.7
3632,W235,3.9
3200,W249,2.7
3153,W244,3.7
608,W189,2.1
4447,W359,3.6
920,W124,1.0
3798,W181,1.3
3532,W253,4.2
3002,W374,3.5
1522,W90,3.7
2785,W52,2.1
2244,W267,1.6
390,W285,2.0
1577,W436,3.5
2725,W397,4.8
4170,W253,2.0
984,W444,4.8
2593,W283,4.1
147,W336,4.3
1263,W406,2.1
2934,W419,2.2
3717,W395,1.7
3394,W1,2.3
3423,W18,2.0
116,W36,2.4
4572,W235,4.3
871,W42,4.0
3484,W267,1.1
3688,W51,5.0
3454,W219,2.3
3657,W476,4.3
3930,W486,3.6
4571,W427,3.2
3665,W342,2.2
56,W252,1.2
2,W241,4.1
421,W199,1.6
2921,W340,1.4
1929,W458,2.3
4430,W249,4.2
2275,W34,3.8
293,W150,3.6
4407,W383,2.5
1802,W274,3.3
4771,W214,3.3
3837,W372,1.1
2557,W349,3.7
2576,W452,2.4
4597,W230,2.1
1239,W161,2.8
1311,W67,5.0
433,W99,1.5
4043,W485,2.4
2500,W458,4.8
2176,W406,3.6
140,W482,1.2
456,W278,2.8
1808,W87,3.6
4301,W114,3.8
1560,W71,1.8
3537,W77,2.1
3065,W186,3.7
2939,W352,1.6
1275,W227,3.2
1991,W32,1.8
4809,W158,2.4
4424,W36,4.3
2442,W78,3.9
2589,W363,1.8
2138,W380,4.5
2438,W402,4.7
1644,W8,1.5
4409,W84,2.9
2015,W213,4.7
4124,W340,3.2
906,W219,1.2
4043,W336,1.7
1558,W265,1.3
3097,W496,2.4
2360,W500,1.6
3101,W19,1.9
1632,W203,2.3
4859,W106,4.3
2284,W37,3.6
760,W394,5.0
821,W107,4.4
3235,W292,4.4
634,W165,2.8
4618,W489,2.9
4565,W151,1.5
2523,W357,1.3
998,W379,3.0
1701,W489,1.3
1274,W23,3.3
3703,W313,4.6
489,W246,4.1
3166,W361,4.6
3741,W44,1.3
2983,W52,2.4
2111,W395,2.0
989,W306,3.4
3729,W103,1.1
4342,W182,3.7
4516,W274,2.3
1897,W408,1.2
2795,W239,4.8
2116,W63,2.9
2639,W129,1.7
2652,W94,2.5
4727,W267,3.5
2249,W188,4.2
2001,W315,4.0
3862,W198,4.3
4171,W435,1.8
2433,W471,1.4
1155,W192,2.7
561,W195,3.2
2356,W211,4.1
2919,W306,4.4
3909,W282,1.0
3705,W371,1.8
3477,W240,2.7
3706,W156,1.0
811,W44,2.5
4421,W72,3.6
1709,W227,2.9
1091,W467,3.6
4509,W425,1.8
4088,W91,4.5
3948,W469,2.9
3335,W390,2.7
178,W306,2.9
3682,W358,4.3
3825,W309,2.7
739,W80,3.0
2579,W416,4.5
3775,W121,1.3
703,W446,2.8
4329,W116,2.5
1104,W463,2.9
2207,W214,1.1
60,W240,4.7
839,W122,4.4
4261,W44,4.8
1591,W145,1.4
109,W321,4.1
3558,W441,4.3
2022,W218,4.1
2233,W352,4.6
903,W359,1.5
1130,W82,3.2
3953,W218,1.0
1382,W153,4.5
4702,W201,4.6
4415,W369,2.0
2621,W209,4.6
1626,W218,2.1
259,W189,4.7
990,W72,1.5
2105,W102,2.0
2436,W27,4.7
3706,W457,1.9
1436,W434,1.0
321,W7,3.8
4618,W172,2.4
3162,W286,3.9
3617,W494,2.5
2515,W50,2.7
1209,W247,1.9
2679,W286,4.8
3197,W341,4.1
1794,W493,2.5
2187,W158,4.0
2350,W126,2.3
4667,W156,2.7
2145,W158,2.2
3528,W45,3.3
4700,W254,4.7
231,W193,1.4
1269,W226,2.8
3167,W248,1.3
1680,W23,2.1
2380,W350,3.9
4491,W391,2.8
332,W165,2.9
2200,W311,1.8
3503,W19,3.2
1770,W429,3.9
1800,W91,2.5
1552,W401,4.8
4103,W119,3.9
4484,W183,3.5
1628,W285,1.5
3048,W185,2.2
4815,W103,3.4
3187,W82,1.3
3285,W371,5.0
744,W499,4.1
3737,W166,4.2
909,W51,1.4
864,W420,4.3
1325,W438,3.9
1757,W1,3.0
3442,W446,3.6
1056,W305,1.2
2715,W59,4.9
163,W442,3.6
4080,W46,2.1
457,W500,2.3
3514,W181,1.0
4477,W335,2.5
1102,W490,1.1
4807,W3,1.4
2179,W353,2.9
2116,W123,4.3
4075,W201,1.3
4244,W499,3.2
1944,W481,2.7
1507,W205,5.0
719,W37,1.9
790,W446,3.4
2507,W287,2.6
2116,W266,1.9
3635,W53,2.2
185,W18,3.9
2764,W238,4.1
4567,W404,4.7
407,W410,2.2
3612,W19,1.2
647,W279,4.9
2518,W10,3.9
2511,W27,2.7
4021,W294,1.8
1359,W84,1.1
3942,W388,2.2
4884,W406,3.8
1529,W143,1.3
2251,W494,3.2
1112,W303,4.7
3445,W25,1.7
2563,W69,2.6
1684,W33,1.3
2249,W462,4.0
3245,W312,3.4
552,W185,1.2
4884,W199,3.7
3168,W7,4.7
2283,W458,2.9
995,W9,1.6
3356,W256,4.5
4770,W348,2.6
3733,W467,2.2
4227,W68,3.4
3587,W76,4.4
3917,W22,3.7
225,W494,2.7
1877,W21,4.3
3769,W430,3.9
633,W111,2.2
187,W25,1.7
4660,W453,4.7
508,W165,3.4
1473,W121,2.3
2270,W255,3.0
3689,W91,5.0
3037,W461,2.4
2323,W405,1.1
1143,W72,1.9
588,W342,5.0
4608,W398,3.4
4885,W7,3.2
3678,W254,2.3
459,W461,4.1
538,W271,3.2
3550,W345,3.5
44,W393,4.9
417,W362,4.0
2411,W11,1.2
2820,W4,4.1
1825,W77,3.8
1786,W41,4.9
765,W293,4.6
1458,W128,4.1
3125,W352,3.4
538,W170,3.1
3292,W418,1.1
2723,W130,4.6
610,W431,3.6
1345,W59,2.0
2295,W418,2.3
3346,W425,3.5
741,W185,4.1
2187,W25,1.2
4346,W116,3.1
495,W216,1.1
3793,W352,4.3
1853,W96,4.0
1682,W201,1.0
4926,W121,4.0
4528,W64,1.9
4742,W483,3.2
4095,W470,1.1
1421,W441,2.2
77,W196,4.8
838,W249,4.5
3140,W325,3.2
1764,W237,4.0
640,W204,2.0
302,W189,4.1
4801,W74,3.0
124,W468,3.5
2236,W263,5.0
4217,W445,3.4
1876,W23,4.5
400,W346,1.5
2397,W449,2.5
3996,W53,3.5
10,W251,4.0
3013,W484,4.1
4491,W216,4.3
760,W326,2.9
27,W274,3.0
1303,W254,1.2
223,W281,3.5
2810,W191,3.8
1255,W169,3.8
835,W343,2.6
695,W486,1.2
4823,W83,4.7
1583,W248,3.6
1120,W398,1.5
1947,W239,2.9
1869,W27,1.0
1533,W495,4.7
4946,W54,4.5
3625,W324,3.5
3091,W105,2.1
34,W396,2.5
2524,W362,4.1
2259,W106,2.0
1072,W395,1.5
2902,W412,2.8
5000,W444,2.4
1787,W49,2.8
4741,W318,3.0
4938,W19,1.0
1677,W239,3.2
1590,W269,2.4
2795,W166,1.7
3191,W292,1.2
1950,W15,4.2
675,W132,2.6
121,W447,3.0
4920,W329,1.8
3828,W69,2.2
4168,W459,3.2
2245,W266,3.3
3553,W494,3.6
1817,W474,3.5
4926,W18,4.4
1059,W209,3.5
4770,W17,3.3
2462,W66,3.6
1682,W388,1.8
4247,W3,1.8
4181,W379,1.9
3517,W195,3.6
1462,W255,4.8
2707,W7,2.6
1949,W149,3.5
3084,W250,1.8
2770,W220,2.9
3205,W177,4.1
416,W239,1.3
3540,W412,4.2
3848,W361,3.0
4308,W274,3.6
2788,W324,1.3
4297,W34,4.9
3663,W246,1.3
969,W285,4.1
4261,W90,2.3
4562,W305,3.7
3812,W359,1.9
3220,W240,2.2
1606,W42,2.0
4091,W33,2.8
1557,W140,1.7
2462,W88,3.2
2984,W401,2.8
3180,W90,4.5
4590,W279,2.8
2971,W370,2.7
366,W418,4.7
2084,W271,2.7
1996,W450,2.7
5000,W170,4.0
1224,W310,1.9
1276,W306,1.2
4534,W163,3.4
1673,W44,4.0
4496,W133,1.7
3610,W138,2.1
3300,W181,2.4
119,W219,1.2
1012,W172,4.8
1003,W61,3.7
3533,W167,3.3
4995,W453,1.2
2039,W378,3.0
2718,W18,3.6
861,W467,4.9
929,W270,2.6
4435,W496,2.2
2121,W360,3.3
328,W226,3.2
3839,W113,2.0
773,W119,2.9
4871,W353,2.8
849,W488,1.2
4639,W143,5.0
3452,W123,3.0
195,W337,4.5
1836,W432,2.9
3865,W151,2.1
1685,W145,4.9
3557,W443,5.0
252,W26,4.3
3387,W285,1.0
4947,W147,2.0
1887,W185,2.8
4545,W399,3.3
2982,W133,1.8
2253,W240,2.3
4902,W320,3.1
4041,W488,2.2
4569,W19,2.4
1183,W335,2.3
1909,W216,1.8
1038,W217,1.8
4482,W488,1.6
887,W48,4.3
1791,W370,4.1
3609,W123,2.4
1165,W218,3.3
1472,W402,3.5
4261,W193,3.0
1143,W28,3.3
636,W480,2.0
1391,W97,2.7
4478,W363,4.3
3495,W103,1.1
2144,W41,3.3
2070,W43,3.5
1281,W210,4.0
4678,W463,4.0
3668,W360,2.9
2230,W225,2.6
3346,W9,2.6
3448,W80,2.1
4812,W218,2.1
2483,W316,2.6
2235,W40,4.9
1797,W300,2.1
40,W256,1.7
1199,W276,4.2
3397,W290,1.1
561,W190,4.4
592,W398,4.5
4574,W231,1.3
2424,W469,4.4
4263,W65,2.7
726,W352,2.1
2553,W439,1.3
2520,W471,1.2
2092,W206,2.6
760,W278,3.0
2861,W22,3.4
2426,W148,1.1
3114,W84,3.1
3918,W259,3.2
3415,W481,3.2
1411,W262,4.8
99,W177,2.1
1272,W235,2.9
1203,W425,1.1
2647,W419,4.6
4214,W108,1.4
142,W359,2.0
3743,W83,4.5
1735,W50,2.7
2921,W485,4.2
3805,W61,1.8
107,W6,1.5
3976,W258,1.9
370,W240,4.1
1862,W39,1.9
2519,W152,3.8
1912,W344,3.2
707,W280,4.0
2897,W226,1.4
2297,W241,3.8
2556,W252,4.0
2200,W226,4.7
361,W198,3.4
4233,W183,3.1
781,W308,3.1
4249,W311,1.3
513,W53,3.6
3457,W248,3.5
2787,W145,2.5
419,W303,1.1
4111,W174,3.1
3813,W500,3.5
1432,W13,3.7
3668,W458,2.7
1410,W167,4.8
2436,W94,2.5
2009,W279,3.9
2504,W373,1.2
3277,W166,1.1
4814,W167,1.7
1219,W161,2.6
822,W407,2.9
785,W250,5.0
1397,W306,4.3
815,W356,3.3
2214,W227,2.7
2778,W483,2.5
3134,W27,2.2
3178,W236,4.6
2236,W449,2.5
4924,W316,2.4
4776,W254,4.6
202,W156,3.8
3235,W469,3.8
1020,W144,4.3
278,W375,1.2
1412,W186,3.8
3460,W396,1.8
168,W174,4.2
349,W186,3.4
2011,W404,1.6
626,W110,3.5
1726,W124,3.9
1818,W423,3.0
3189,W461,3.9
213,W319,4.2
3623,W123,4.9
1914,W327,1.5
96,W141,3.8
284,W40,4.5
2625,W472,4.5
1532,W285,1.9
2868,W51,4.0
492,W476,1.3
2234,W268,4.4
4891,W273,4.2
332,W17,1.8
1330,W412,4.4
1928,W354,2.3
3824,W344,2.5
3567,W273,4.0
3453,W413,1.6
2835,W176,4.0
1477,W325,4.2
4598,W112,2.5
1350,W1,3.4
3475,W255,1.7
434,W20,3.9
1692,W207,2.5
3505,W89,3.4
1081,W258,4.4
4290,W120,1.2
3931,W103,4.6
4241,W168,3.9
2805,W130,1.7
167,W410,1.3
474,W204,4.6
2626,W275,1.3
2148,W84,2.8
2972,W262,3.7
4738,W10,4.6
2486,W309,4.4
145,W340,1.7
4559,W198,3.8
1900,W410,3.5
908,W179,1.6
4244,W322,4.9
2239,W283,4.0
2763,W474,1.9
1113,W471,2.3
612,W330,3.3
2436,W244,2.9
2419,W223,1.7
3537,W267,4.5
689,W382,2.1
3958,W82,4.1
1960,W58,3.1
2400,W259,3.8
365,W356,4.6
2398,W143,4.5
3807,W347,3.7
4008,W335,4.7
300,W483,4.1
1824,W339,3.4
4441,W411,1.9
2607,W106,4.0
3853,W401,3.2
3683,W162,4.8
330,W415,1.1
2392,W154,2.3
4671,W266,4.3
4734,W372,4.6
1995,W23,4.1
1554,W216,3.9
3514,W88,1.5
4468,W138,1.5
3897,W59,2.0
4850,W109,2.3
1948,W307,2.4
2425,W37,2.1
2699,W71,1.9
3381,W63,2.1
971,W234,4.7
4585,W172,3.4
872,W40,1.2
4185,W273,2.8
4049,W467,3.2
4171,W408,3.3
2228,W197,3.6
2109,W361,3.6
4786,W1,3.9
1002,W440,3.2
4765,W163,2.3
2296,W359,3.5
2344,W104,1.3
1843,W477,3.3
476,W81,3.8
3159,W353,1.8
4431,W138,3.8
765,W443,3.5
3874,W349,4.1
649,W54,1.4
3115,W142,5.0
1600,W265,4.7
4647,W464,1.2
4392,W384,4.8
4010,W400,2.3
3753,W344,4.6
2719,W442,1.5
1526,W64,1.5
908,W306,4.2
3516,W209,2.2
1866,W109,4.4
4499,W121,4.9
1211,W252,3.5
1510,W218,3.6
2788,W76,2.2
240,W49,2.7
4004,W324,3.9
2372,W344,4.0
1012,W63,2.8
2136,W163,2.6
232,W307,1.5
4853,W443,4.9
689,W469,4.8
4459,W271,4.9
2577,W31,4.2
4747,W418,4.8
2567,W276,1.4
4981,W197,4.0
2099,W100,2.6
1693,W240,3.9
2723,W444,1.3
3346,W53,1.8
1247,W20,3.6
2355,W175,4.9
1543,W341,5.0
4754,W258,1.2
1911,W241,2.7
743,W392,3.2
3832,W136,2.0
4014,W191,3.7
4498,W476,2.8
3876,W375,4.6
1953,W238,3.4
4186,W267,3.4
4430,W204,3.0
2524,W195,2.5
3157,W242,3.2
1414,W120,3.6
938,W195,3.6
1264,W196,3.4
761,W46,3.5
2332,W46,3.3
238,W273,3.4
4340,W498,5.0
68,W312,1.3
78,W286,4.3
565,W480,3.8
173,W436,1.2
4696,W17,2.9
4765,W31,2.2
257,W241,4.1
2462,W404,4.6
324,W352,1.1
4524,W316,4.9
3127,W349,4.4
238,W142,3.9
3458,W117,1.2
3339,W487,1.3
2722,W171,5.0
2134,W250,3.8
1263,W85,1.6
230,W299,4.8
1710,W276,3.2
828,W342,3.2
1585,W355,4.7
4273,W302,4.5
1909,W82,1.1
2069,W175,2.4
2659,W221,2.5
545,W177,2.9
4123,W320,2.1
4279,W82,2.8
3839,W440,2.4
3032,W358,3.8
207,W125,2.2
3740,W267,3.4
2343,W147,2.6
1942,W65,4.8
71,W37,2.2
4130,W196,1.2
1931,W290,1.2
243,W493,3.6
526,W255,2.6
2142,W208,2.3
894,W13,1.5
2606,W359,4.7
1691,W164,1.7
4195,W94,1.3
2704,W119,2.0
1523,W48,1.4
3118,W374,3.9
3979,W429,5.0
2546,W164,1.4
3877,W236,3.4
4498,W182,2.3
1829,W47,5.0
1562,W377,3.7
196,W63,4.0
2990,W446,2.3
1325,W60,4.9
3384,W336,1.2
3267,W164,2.1
1519,W397,4.7
3250,W149,4.0
3898,W435,3.8
4969,W39,2.2
446,W284,4.5
4706,W451,4.8
3918,W218,2.5
4641,W460,4.3
1548,W91,4.6
1665,W36,3.0
1287,W231,2.0
229,W277,1.1
3231,W37,1.9
284,W354,3.8
104,W299,3.2
2750,W95,1.5
1833,W22,4.7
2904,W454,4.0
4682,W66,3.1
1087,W309,3.3
2234,W487,4.7
3170,W84,1.6
1463,W284,4.6
906,W450,2.6
3720,W208,2.2
1571,W243,3.4
4602,W7,4.8
4603,W30,1.4
755,W13,3.2
3593,W11,1.7
3558,W264,1.7
2137,W384,4.2
4134,W273,4.2
3051,W480,4.4
4076,W320,4.5
3189,W329,4.8
1325,W438,4.3
108,W222,3.5
2081,W450,4.1
2426,W115,4.7
4171,W378,4.0
1133,W417,2.5
1971,W306,1.4
1110,W13,3.9
3353,W300,3.4
4089,W470,4.1
4509,W119,4.3
921,W28,1.8
4932,W494,2.6
4154,W462,3.9
3970,W371,4.7
2600,W237,4.1
2554,W388,1.5
3464,W251,4.4
3150,W307,5.0
181,W428,2.6
3479,W354,3.6
1780,W353,1.9
2176,W461,4.5
607,W82,4.4
4593,W357,1.1
3881,W37,3.6
979,W121,2.5
4727,W468,1.8
3852,W415,4.6
2899,W483,3.4
371,W398,1.1
1506,W147,4.9
446,W100,1.9
2408,W249,2.1
849,W326,3.4
2448,W449,4.2
2774,W419,4.6
4730,W148,2.4
4485,W127,3.4
843,W439,2.1
788,W328,4.6
4357,W118,3.4
887,W117,2.8
4321,W438,3.4
219,W4,3.4
1555,W381,4.3
2532,W85,1.5
1069,W272,3.3
2415,W118,2.1
4153,W403,1.8
549,W129,4.2
3904,W403,3.2
538,W242,2.7
1546,W104,1.9
3037,W400,4.4
4225,W441,3.2
1214,W352,4.3
4231,W209,4.3
1416,W82,4.4
1645,W367,2.9
73,W96,4.4
3642,W44,3.8
3248,W277,3.3
2157,W408,1.8
1856,W241,2.8
4013,W306,3.8
4647,W332,3.4
3644,W50,4.4
3123,W416,4.4
4812,W241,1.3
479,W193,1.6
4224,W39,4.0
4943,W157,3.9
3092,W240,1.2
1728,W93,3.8
667,W149,4.8
3747,W150,1.7
2924,W287,2.6
4616,W371,3.3
1034,W85,1.2
84,W302,4.7
3582,W409,2.3
1382,W95,3.7
2854,W128,3.6
3509,W233,4.9
691,W96,4.4
3799,W342,1.7
2016,W337,1.3
1457,W346,2.6
2345,W345,3.6
4564,W162,2.2
876,W245,3.2
95,W150,1.2
3384,W434,4.4
3483,W18,2.1
1578,W311,1.5
1127,W205,1.9
35,W132,1.4
2909,W108,1.7
3003,W177,3.3
2164,W270,3.6
3774,W424,2.0
3726,W198,3.1
749,W492,2.8
79,W63,2.8
3487,W464,1.2
4652,W3,2.7
4863,W303,2.6
2026,W33,1.8
4315,W494,4.3
386,W365,2.5
427,W415,1.1
4340,W117,1.6
1934,W200,2.9
589,W264,2.7
631,W59,1.9
26,W338,2.5
3628,W133,3.0
2973,W390,2.9
2478,W423,1.9
3829,W383,4.6
535,W290,1.1
4169,W194,4.8
4353,W330,1.7
4858,W457,1.9
329,W421,1.2
206,W80,1.1
44,W86,2.9
1965,W24,4.1
3686,W163,2.3
4407,W129,3.3
1673,W400,3.0
1866,W272,1.6
3522,W454,4.9
1017,W437,4.3
818,W318,4.4
715,W426,1.7
150,W62,1.2
682,W497,1.5
1629,W449,1.4
1462,W266,2.5
4684,W268,1.9
2239,W8,3.1
2734,W216,1.3
2066,W319,3.6
3163,W350,3.0
2590,W322,4.8
4943,W398,4.2
1781,W120,3.5
3940,W387,2.9
691,W106,3.9
3293,W4,2.9
1636,W269,2.2
1088,W389,1.7
474,W219,4.6
4473,W316,4.6
4317,W368,2.4
2529,W181,2.0
576,W68,2.2
3633,W163,1.2
464,W30,4.7
1858,W440,3.2
1680,W263,1.5
182,W374,4.3
3949,W324,3.6
3758,W464,2.0
3065,W297,1.1
2686,W127,4.7
436,W401,2.8
3784,W236,3.5
2786,W184,4.6
66,W160,4.8
3444,W405,1.8
418,W387,4.7
1070,W269,4.3
1005,W376,2.2
3266,W358,3.5
4662,W383,2.5
4120,W123,2.5
4360,W282,2.1
3197,W274,1.5
22,W364,4.3
1744,W465,4.5
4776,W449,4.1
2547,W339,2.7
3840,W336,3.4
2298,W218,4.2
3983,W5,3.1
4418,W194,2.8
4384,W147,4.5
4676,W116,4.9
4692,W307,4.3
1810,W72,2.1
2715,W177,1.2
2577,W448,1.9
4331,W355,1.2
4887,W109,1.8
809,W369,2.8
416,W435,2.0
2933,W424,1.3
4269,W475,4.0
1638,W431,4.1
2679,W182,1.1
2093,W160,3.9
1610,W72,2.7
77,W400,4.0
842,W328,4.4
2068,W24,3.7
1126,W444,4.0
965,W354,1.2
2790,W303,1.8
1086,W165,4.2
2095,W227,2.3
1419,W150,2.9
3274,W378,1.9
3250,W97,4.7
681,W484,2.3
849,W472,4.2
3771,W183,1.9
3968,W337,4.1
1458,W208,2.6
4556,W486,3.7
3341,W172,1.8
2835,W361,4.8
3935,W221,3.9
785,W485,1.3
3925,W239,5.0
3630,W467,4.6
4811,W445,4.8
4216,W143,1.8
2907,W413,1.9
3694,W485,4.6
1317,W193,4.7
1747,W17,5.0
2848,W391,1.1
1818,W393,1.3
3569,W226,2.7
4149,W229,3.6
159,W365,1.4
4505,W356,3.7
3480,W181,1.6
2770,W239,2.0
3519,W232,2.2
1881,W129,2.3
437,W153,2.6
3350,W242,4.1
2093,W351,1.0
2268,W270,1.1
4529,W453,3.5
1798,W44,4.6
3591,W405,1.3
3836,W37,3.1
4333,W25,2.6
4474,W189,1.0
3529,W396,2.1
1111,W176,2.0
3969,W32,2.2
1870,W303,4.4
4655,W98,3.7
2708,W184,4.9
3671,W66,4.0
4601,W122,4.8
4131,W29,3.6
2059,W131,3.1
1943,W482,4.0
2601,W354,4.6
692,W358,4.0
419,W240,3.0
895,W352,2.4
2966,W339,4.2
3051,W500,3.4
1294,W195,4.0
3147,W331,3.3
1441,W109,4.2
3203,W341,2.7
1295,W263,2.0
253,W21,4.4
3420,W18,1.2
4911,W294,1.1
3840,W264,2.6
94,W59,3.5
4567,W167,3.2
2672,W360,3.9
2388,W111,1.6
2967,W192,4.4
175,W245,3.1
3539,W115,3.9
4676,W216,4.0
2810,W400,3.6
16,W356,2.9
824,W351,2.1
1520,W218,1.7
741,W231,1.4
4020,W139,1.5
2158,W256,4.3
3862,W212,3.9
3660,W207,4.4
2597,W102,2.6
2095,W440,4.1
2838,W450,2.6
1079,W323,3.6
1117,W355,4.5
542,W456,3.5
4184,W32,3.7
2043,W339,1.5
1723,W18,3.6
4555,W295,5.0
361,W179,1.0
35,W147,2.0
2179,W189,2.4
3275,W287,4.0
3878,W449,4.3
2870,W100,1.7
4111,W219,2.8
2045,W260,4.6
1916,W402,1.9
1801,W498,2.1
4629,W108,2.0
4500,W430,2.6
2945,W236,3.2
3455,W188,2.0
2656,W355,2.5
2542,W232,1.4
1667,W420,3.4
269,W86,4.7
4649,W114,4.4
3305,W146,4.2
2735,W315,3.1
1357,W379,1.6
1063,W401,3.6
1665,W426,1.7
2377,W13,4.8
4085,W342,1.7
1563,W159,4.1
3414,W495,3.4
1388,W265,4.3
2076,W369,3.3
960,W403,1.8
2387,W364,3.9
1043,W314,1.3
3890,W222,4.4
4931,W359,2.7
58,W64,3.2
3300,W49,4.4
2772,W443,4.1
4473,W163,3.0
753,W202,1.5
4094,W396,3.9
1603,W101,1.8
2020,W279,2.1
4342,W148,2.6
2817,W78,1.2
759,W493,1.1
4307,W149,2.5
2246,W378,1.4
4094,W452,4.5
4964,W473,2.6
3231,W446,1.2
968,W20,4.7
1665,W426,1.1
865,W119,1.6
750,W196,1.9
3531,W41,4.5
1382,W495,1.1
4882,W390,3.8
3282,W141,2.0
4956,W477,1.5
2524,W4,3.0
4131,W144,4.8
2782,W424,4.7
806,W440,3.9
4234,W96,1.3
3543,W448,3.4
1456,W2,1.7
822,W315,4.6
54,W85,3.3
4522,W457,3.9
854,W217,4.3
1159,W245,2.7
2818,W7,4.2
4415,W31,2.0
2747,W105,2.1
1325,W347,4.7
4612,W185,4.4
775,W374,2.7
3155,W426,2.9
958,W271,3.8
1695,W114,1.3
4147,W217,3.3
1478,W21,1.7
2907,W161,3.4
1365,W44,2.8
1124,W474,3.3
1608,W177,4.5
287,W477,1.2
3191,W489,4.0
3780,W66,2.9
206,W165,2.4
3909,W187,2.5
3586,W438,2.3
4511,W322,4.4
1732,W292,1.5
224,W170,4.7
241,W456,2.6
4424,W351,4.5
2830,W254,4.5
4315,W441,1.0
2910,W384,1.1
1566,W324,4.3
365,W360,1.7
174,W97,1.5
2974,W298,2.7
725,W142,2.4
2112,W437,3.6
1403,W110,1.8
3374,W66,1.1
3941,W224,1.4
3335,W23,2.8
2875,W498,2.0
530,W27,4.0
1368,W476,4.4
3167,W492,3.0
2974,W248,1.4
2523,W410,4.6
4324,W395,4.2
2242,W419,1.4
730,W136,1.2
765,W242,4.3
4062,W416,5.0
4183,W77,4.3
1896,W187,4.3
3907,W192,1.9
1294,W344,4.1
1536,W312,4.7
2307,W126,1.9
3559,W269,2.0
158,W445,3.8
4361,W347,1.9
3730,W94,4.7
979,W206,4.9
1550,W464,2.5
2748,W133,1.5
118,W110,4.3
4014,W358,3.4
4013,W225,1.6
3708,W290,3.1
2142,W280,4.0
3742,W293,4.6
420,W265,4.8
3706,W363,3.3
2932,W61,2.2
923,W328,2.7
1695,W470,2.6
4481,W265,2.3
648,W478,4.6
1128,W466,2.5
3095,W55,4.5
1005,W37,3.5
1667,W55,3.1
1351,W14,1.0
4013,W211,5.0
1278,W44,4.9
841,W375,3.7
3643,W61,2.2
1584,W13,3.0
4648,W354,3.4
3264,W362,3.4
3895,W169,4.9
600,W372,2.1
164,W139,3.6
1174,W237,4.4
1988,W228,4.1
4557,W332,2.1
2439,W210,1.7
1064,W58,1.2
1323,W492,3.3
4257,W399,2.5
3766,W465,4.4
3373,W476,4.5
629,W124,3.2
110,W175,3.1
3875,W261,4.3
1501,W374,1.5
2947,W69,1.4
4474,W325,2.7
4094,W201,1.8
122,W55,2.4
2573,W238,3.1
4672,W2,1.1
2806,W333,2.4
4390,W152,3.6
2214,W158,4.0
4055,W12,4.6
2787,W488,1.7
2740,W149,3.3
1700,W212,3.4
871,W82,2.0
4132,W278,2.4
4225,W260,1.1
3171,W431,1.2
2513,W429,2.2
3702,W23,3.9
4597,W49,3.4
1688,W190,2.1
1986,W10,1.4
4645,W316,4.7
4207,W193,4.5
2430,W48,3.4
4673,W150,3.1
438,W172,1.6
3105,W361,1.4
1219,W381,4.0
55,W429,1.3
1425,W332,1.3
788,W229,3.2
710,W470,3.9
721,W293,3.5
3321,W45,3.8
1822,W497,2.7
464,W195,4.3
4840,W382,4.4
3083,W253,4.5
3264,W479,1.4
3348,W358,3.8
2467,W364,2.3
4932,W39,4.5
963,W402,1.5
2604,W490,3.1
3867,W351,2.5
1900,W463,3.5
3955,W471,1.4
2831,W120,2.8
3988,W89,1.1
4046,W417,4.5
496,W107,4.8
3710,W217,2.1
4759,W202,4.3
290,W463,1.1
3292,W251,1.4
3607,W63,4.9
2157,W189,4.3
4382,W178,3.7
3447,W264,2.2
2682,W387,1.2
4810,W319,1.8
4798,W79,2.0
1006,W71,2.2
111,W164,4.6
1127,W81,3.0
1828,W474,3.5
2811,W124,4.0
2755,W183,1.6
2858,W355,4.0
2625,W17,2.5
930,W491,2.4
2583,W38,2.3
3484,W3,2.6
15,W83,3.3
1981,W104,1.9
2022,W473,3.6
3811,W361,3.5
1686,W408,3.4
3205,W139,2.4
3900,W199,1.8
112,W313,2.5
1767,W446,1.7
1387,W356,2.0
3952,W59,1.1
1929,W481,4.0
3107,W357,4.2
1226,W227,1.7
1673,W162,4.9
2169,W295,4.9
422,W255,4.2
3865,W81,2.7
4671,W85,2.2
671,W92,2.4
1197,W152,3.5
4479,W125,1.7
2227,W264,4.4
3142,W70,1.5
721,W464,3.1
4293,W148,3.5
78,W432,4.2
4230,W204,1.3
3254,W492,4.2
1210,W314,2.6
1361,W9,4.1
2117,W451,4.6
1188,W183,4.0
73,W35,3.9
4944,W139,4.1
2222,W370,3.9
1474,W30,1.3
3303,W282,2.8
4489,W454,2.6
1424,W75,3.7
3870,W77,1.9
2175,W94,3.2
193,W313,3.9
4439,W467,1.6
583,W367,4.7
1994,W219,3.0
1794,W159,2.6
1059,W88,2.3
4768,W53,1.7
3518,W406,2.0
3851,W477,4.4
3037,W103,2.7
2227,W7,3.4
1480,W216,1.1
2309,W372,1.9
297,W181,2.5
4762,W333,5.0
1036,W321,1.5
4699,W150,2.5
2474,W260,4.0
3846,W212,1.0
4887,W168,3.3
2845,W266,4.4
1070,W436,3.2
1171,W9,3.2
1891,W477,2.4
2532,W179,4.7
4142,W481,2.6
4679,W114,1.3
4789,W156,3.2
4965,W389,3.8
2938,W434,3.5
3238,W292,4.0
2563,W475,3.9
488,W311,4.8
3972,W21,1.7
3048,W101,3.5
3950,W381,1.1
1788,W60,3.3
4728,W273,3.8
798,W434,3.9
2519,W478,2.6
1326,W466,2.9
1560,W304,2.9
174,W225,1.5
2864,W487,1.3
3669,W85,2.7
4101,W54,1.1
2859,W499,3.9
3956,W165,3.3
1733,W351,4.6
708,W223,2.4
2192,W491,5.0
2908,W299,1.7
2152,W210,3.6
1249,W144,4.5
3427,W185,3.0
1256,W198,1.6
4965,W77,3.2
3505,W151,1.9
1583,W222,1.9
2784,W273,2.7
145,W477,4.7
4804,W317,1.2
4558,W457,4.9
363,W193,2.9
646,W282,4.1
539,W28,4.2
2410,W460,4.3
2460,W258,2.4
490,W15,2.4
3139,W324,3.0
585,W183,2.4
1457,W409,1.3
1966,W479,4.6
4056,W341,3.1
3682,W1,3.3
482,W486,4.7
3077,W297,3.1
2090,W84,2.7
2318,W381,3.2
4011,W122,4.8
3511,W59,3.0
3926,W373,4.3
612,W133,2.4
2283,W277,2.0
3435,W29,3.4
987,W29,2.5
786,W159,4.7
4161,W443,2.1
293,W337,3.6
785,W391,3.4
279,W164,1.8
1593,W292,2.3
2705,W210,3.1
821,W81,4.8
1912,W140,3.6
3202,W317,2.5
2933,W335,3.9
2742,W327,3.2
3631,W100,4.3
4408,W451,2.2
2435,W384,1.3
1340,W167,1.6
4255,W213,1.1
993,W404,2.1
4108,W346,2.0
2536,W294,1.3
3519,W380,2.2
4256,W326,2.1
1184,W281,3.4
326,W394,1.8
3393,W319,4.0
1346,W451,1.0
2883,W108,4.1
1699,W135,2.7
4541,W369,1.4
1551,W451,1.0
3150,W145,4.0
2982,W499,1.9
3965,W241,3.2
4722,W27,4.1
2322,W105,2.4
2541,W23,3.3
335,W198,4.7
904,W85,1.6
2697,W373,2.2
1350,W88,2.5
584,W377,2.9
2851,W383,4.6
505,W241,4.1
2398,W221,1.7
2193,W65,3.1
1753,W259,2.5
1562,W494,4.7
4547,W366,4.1
2095,W207,4.3
3253,W127,2.1
2828,W364,2.5
1910,W323,5.0
3844,W23,1.8
1497,W214,1.4
4326,W263,3.5
1297,W257,1.2
2534,W139,1.9
276,W409,4.5
4698,W109,4.9
2612,W45,3.0
4538,W277,3.7
1798,W416,2.0
2961,W305,4.7
2321,W78,2.2
2010,W58,2.2
4171,W231,2.5
1274,W430,1.7
876,W200,3.1
12,W94,4.0
594,W439,1.6
587,W356,1.8
257,W435,2.7
1077,W23,1.1
3912,W235,2.3
4014,W301,2.7
1283,W172,3.5
3964,W2,2.8
492,W409,1.5
3484,W222,4.9
3995,W23,2.5
1501,W247,3.8
3424,W272,4.4
3496,W491,4.9
381,W174,1.4
756,W6,3.2
1059,W400,3.1
3971,W11,1.4
1122,W465,1.1
3509,W63,1.7
3785,W348,4.3
2484,W242,4.5
4809,W426,1.6
410,W41,4.3
503,W290,4.2
3772,W223,4.3
1763,W434,1.7
1153,W449,4.3
548,W152,3.7
1349,W242,3.3
844,W281,3.3
4038,W333,3.6
4709,W462,3.8
384,W76,4.3
4731,W470,2.7
1594,W392,2.1
3754,W284,1.4
799,W174,2.8
899,W281,1.9
230,W205,1.1
3294,W495,5.0
1087,W399,2.1
1242,W291,1.2
3307,W349,3.1
483,W221,3.0
1055,W102,3.9
3668,W457,3.4
3294,W340,2.9
4626,W410,4.0
3152,W105,2.8
1555,W61,3.5
1805,W152,4.7
1423,W293,1.9
4521,W266,4.1
3058,W61,4.6
2066,W91,4.7
1236,W286,4.8
1915,W402,4.7
776,W327,4.1
2089,W229,2.6
2289,W296,3.3
1300,W450,2.4
3788,W217,3.8
4249,W461,4.7
351,W451,4.0
2397,W31,4.2
568,W326,3.3
1628,W302,3.8
2102,W79,4.0
3757,W21,3.6
2422,W499,2.4
2967,W36,2.8
2830,W248,3.6
2303,W250,2.6
3979,W28,2.5
451,W225,2.9
1036,W214,3.7
4818,W247,3.9
2188,W106,3.3
2220,W393,2.6
763,W273,1.8
2875,W414,5.0
1835,W317,4.1
44,W198,3.2
2795,W195,1.4
4284,W110,3.5
3288,W209,2.7
3286,W158,2.8
3530,W429,4.8
3708,W386,2.6
4028,W207,3.2
2966,W373,1.1
4100,W499,2.0
1262,W303,1.1
3970,W216,1.2
1673,W220,3.1
3550,W296,3.5
2317,W266,3.4
2203,W329,4.8
1859,W120,3.7
879,W138,4.6
2945,W245,2.7
2407,W127,1.5
914,W68,3.8
3097,W323,2.7
2264,W159,2.4
1715,W116,4.9
732,W344,4.3
4583,W419,1.5
1325,W101,2.9
931,W428,3.8
3788,W309,3.9
4221,W500,2.4
4014,W449,4.5
573,W478,2.4
2805,W279,2.0
4987,W441,2.9
2824,W157,4.0
1397,W481,3.4
1971,W410,4.1
324,W73,1.4
3334,W205,1.5
1820,W208,4.9
4217,W499,3.5
1114,W210,4.0
3893,W276,2.3
4514,W414,3.8
4745,W425,1.9
3476,W262,1.7
2873,W332,3.5
3968,W72,2.5
4688,W320,2.3
3843,W85,2.8
4434,W7,2.6
2122,W210,4.7
1362,W369,1.8
2482,W284,4.1
3537,W222,4.6
2390,W183,1.8
1166,W243,1.4
754,W87,4.4
1403,W146,3.6
1847,W188,4.4
1602,W416,2.2
4977,W45,1.4
884,W173,2.1
376,W233,4.6
3620,W202,4.0
3075,W457,2.0
158,W300,1.2
2566,W342,3.4
3966,W42,4.8
2188,W157,3.2
1715,W75,1.0
2821,W1,3.7
1343,W307,2.9
1201,W392,2.5
724,W472,1.6
1833,W10,1.5
3894,W286,3.1
2683,W217,2.9
1846,W101,3.4
3209,W109,1.5
1685,W137,3.9
620,W493,4.6
2942,W182,2.8
2630,W129,3.1
3660,W16,2.2
2724,W43,3.4
2333,W250,4.1
2881,W48,1.6
4068,W418,4.7
1375,W445,1.4
3422,W30,2.6
915,W224,2.3
3147,W119,2.0
417,W38,4.7
3217,W348,2.6
3159,W307,4.6
4579,W142,1.9
2898,W455,4.6
4090,W455,2.5
1881,W486,3.3
354,W16,3.6
3957,W345,3.9
96,W362,2.0
1880,W458,4.6
1219,W42,2.2
2383,W282,4.4
894,W20,4.9
390,W236,4.7
4215,W56,1.8
3607,W116,4.8
1633,W304,1.1
2850,W35,1.6
491,W453,3.7
2729,W458,2.0
4957,W316,4.5
3970,W162,1.6
1580,W369,1.9
3377,W315,2.9
243,W89,4.7
3552,W228,2.0
2856,W9,1.5
2329,W115,3.5
4107,W426,4.9
4317,W380,1.4
1193,W349,1.5
355,W1,1.7
1074,W284,4.5
1306,W247,1.4
4476,W200,1.6
3085,W313,3.9
3607,W490,3.4
1246,W304,4.7
2124,W159,3.0
4867,W308,4.4
1206,W35,5.0
2447,W42,1.5
2130,W199,3.9
4517,W234,3.8
477,W186,2.8
1105,W460,2.5
2365,W86,3.3
1863,W89,4.6
4691,W23,4.1
1825,W173,1.4
3793,W40,3.6
3589,W207,4.4
656,W250,4.0
546,W144,1.8
727,W121,2.0
4117,W64,2.5
1439,W122,1.9
2000,W246,4.7
4936,W469,1.5
1461,W3,3.0
2888,W320,2.8
3334,W308,1.2
830,W33,3.1
1733,W280,1.1
2243,W232,4.4
2115,W196,2.9
2132,W456,2.1
1325,W320,1.3
316,W403,3.0
2527,W289,2.5
4029,W168,4.0
1558,W303,3.7
3608,W359,4.0
2630,W259,1.2
1207,W495,1.6
3696,W242,2.4
805,W1,4.6
1222,W337,2.1
2282,W268,3.6
4384,W314,2.9
1999,W144,2.6
2584,W70,3.3
3335,W306,4.6
1075,W18,3.6
3743,W274,2.9
1475,W475,4.3
3826,W224,3.7
3226,W13,4.5
1033,W275,1.1
734,W488,4.6
2277,W359,1.3
3437,W89,3.9
673,W446,3.1
4317,W343,2.8
3137,W25,2.5
882,W463,2.1
3862,W293,1.8
2465,W126,3.9
2375,W33,3.8
3099,W418,2.7
535,W123,2.1
4334,W71,4.9
3442,W266,3.2
1619,W479,2.7
913,W193,3.9
947,W291,1.8
4145,W90,1.2
3365,W405,2.3
1309,W258,2.8
763,W119,4.0
612,W460,1.0
2037,W54,1.7
4808,W247,1.3
4965,W104,4.8
105,W348,1.4
2251,W393,4.5
2212,W158,1.5
1318,W219,2.3
1575,W241,2.4
1164,W345,1.7
760,W31,2.5
319,W498,2.2
4029,W66,4.1
732,W12,1.4
4639,W493,4.0
3773,W307,1.9
490,W406,4.1
1784,W102,2.8
1210,W455,4.1
1297,W302,2.1
87,W296,4.4
1917,W305,4.6
2955,W397,1.8
1800,W416,4.2
4172,W409,1.5
3897,W351,1.7
781,W274,1.6
4559,W233,3.3
3624,W174,1.8
3872,W69,2.7
847,W90,3.5
4436,W304,2.4
1833,W40,2.6
1785,W159,4.6
2668,W248,4.6
3592,W485,4.4
4176,W42,1.6
1141,W82,2.2
4986,W323,3.9
2934,W351,1.5
1490,W276,4.9
2241,W61,1.7
4684,W236,2.1
1904,W315,1.9
3794,W287,2.3
4531,W412,1.9
1471,W441,1.4
4611,W167,1.9
4728,W79,3.7
3965,W42,1.8
3871,W383,3.3
2017,W48,4.1
1651,W88,1.8
3197,W1,4.5
2108,W164,3.8
1396,W126,3.4
626,W452,2.7
551,W18,3.5
4112,W24,3.1
460,W259,3.0
1866,W476,2.7
353,W397,1.8
511,W482,4.1
561,W169,1.6
1940,W54,3.9
2527,W137,2.0
4360,W188,3.6
797,W54,2.4
666,W198,1.7
4563,W467,1.1
4461,W334,4.2
2664,W65,4.6
3963,W37,2.2
4935,W264,3.5
3608,W406,1.4
4758,W394,4.2
4105,W367,4.7
3409,W417,3.2
3358,W8,2.0
1343,W3,1.3
103,W63,4.8
4280,W221,2.9
942,W384,1.6
3603,W298,4.8
552,W213,4.0
1429,W391,2.7
4013,W275,3.7
622,W297,1.3
4633,W298,3.9
4952,W493,3.0
3292,W426,1.2
4165,W9,4.4
1176,W141,1.8
4436,W5,3.9
313,W486,1.3
3155,W170,2.8
3619,W134,3.7
1087,W401,1.5
91,W444,4.3
4044,W99,1.4
2875,W285,2.1
2712,W147,2.9
143,W285,1.7
4322,W288,1.9
4198,W52,1.7
534,W180,4.3
2073,W187,3.5
1177,W160,3.3
1776,W40,1.2
516,W189,3.3
198,W136,4.2
4171,W429,1.6
2780,W338,2.6
1658,W352,4.5
4422,W181,2.1
3866,W30,4.4
3269,W327,2.1
2131,W192,3.8
1162,W127,3.0
820,W409,3.5
4849,W71,3.3
4952,W499,2.8
621,W178,1.5
4737,W337,2.0
1233,W187,2.0
3561,W326,2.0
4296,W246,1.4
3786,W179,4.1
2021,W85,4.6
619,W110,4.9
4252,W157,3.8
4637,W138,4.1
4100,W325,2.8
207,W385,2.8
2606,W334,3.2
1573,W82,4.3
4039,W400,3.6
3822,W408,4.8
3753,W257,2.1
4123,W68,1.1
4939,W286,2.1
2883,W50,3.4
613,W195,4.7
3921,W244,4.2
2777,W449,2.3
3744,W39,2.9
3852,W274,2.3
2777,W85,1.1
4745,W19,1.7
3653,W265,4.6
912,W56,1.5
864,W145,1.3
3022,W283,4.1
1428,W259,4.8
4881,W61,2.2
1739,W398,2.9
2420,W442,3.2
4244,W485,1.7
955,W261,2.7
485,W361,2.4
291,W287,2.7
1007,W471,2.8
3239,W138,2.0
3874,W289,2.2
1323,W22,4.0
3143,W471,3.3
1720,W461,2.4
1473,W248,3.4
3329,W322,3.3
1396,W109,4.3
1005,W279,2.0
3811,W143,1.9
1785,W485,1.7
4290,W204,4.3
1608,W113,4.3
2320,W119,1.8
3427,W16,1.0
4512,W164,2.1
146,W153,1.9
2700,W119,2.2
381,W316,3.2
3886,W88,2.5
4892,W164,2.1
3455,W472,4.3
4357,W132,2.8
2252,W201,3.2
2139,W136,2.6
3119,W482,4.9
2763,W174,4.4
4122,W486,2.7
1960,W421,4.0
255,W491,3.6
2260,W46,4.1
1376,W250,4.7
3496,W304,4.9
3126,W436,1.9
4900,W359,3.3
4818,W257,3.8
2909,W217,2.3
4203,W17,3.7
1389,W473,4.3
28,W18,2.1
3011,W230,4.5
1359,W170,2.7
993,W279,2.6
3230,W23,3.7
974,W350,4.8
1491,W296,4.2
4151,W26,1.3
1711,W224,4.9
3488,W90,1.8
3345,W437,4.1
997,W294,2.9
3292,W364,1.0
3585,W131,1.2
4243,W369,3.9
256,W294,3.9
4785,W290,4.1
3039,W185,1.4
2057,W123,3.7
875,W432,1.4
2595,W369,4.8
4690,W226,1.2
1017,W466,4.4
3682,W497,2.9
1990,W212,3.7
2042,W240,3.7
1058,W43,3.5
848,W290,1.7
1966,W97,1.8
2815,W186,1.4
2683,W64,3.0
1598,W121,3.9
2072,W80,2.1
1389,W392,1.8
2855,W276,3.1
4494,W67,4.2
102,W31,2.9
2325,W74,2.3
845,W287,4.6
3423,W138,2.8
4949,W358,4.9
1450,W237,4.4
2887,W234,4.8
4629,W197,3.4
3339,W316,2.2
2973,W273,1.6
4263,W385,2.8
954,W228,4.9
4407,W233,3.0
207,W336,3.9
4654,W319,1.6
1322,W352,3.2
548,W460,3.5
3548,W483,2.7
944,W493,3.7
2139,W162,3.0
3872,W275,3.4
4763,W50,3.7
4557,W446,3.3
1186,W212,1.2
1476,W190,2.4
2676,W402,4.1
481,W300,4.6
4473,W393,2.1
1280,W478,3.1
3973,W402,1.9
2319,W97,4.1
4175,W490,2.7
1641,W274,1.6
1175,W387,2.4
2618,W490,3.6
2752,W282,1.4
3285,W155,4.7
1221,W176,3.6
1593,W477,1.7
3529,W330,4.6
3018,W286,3.5
1451,W137,2.9
3922,W334,3.1
3506,W296,3.1
825,W201,2.4
3743,W152,1.8
1181,W347,3.1
339,W141,1.5
2900,W99,4.5
4676,W66,2.6
2129,W202,3.3
2211,W190,3.5
1493,W351,4.8
3025,W333,2.0
3180,W224,1.8
1552,W84,3.0
4944,W348,2.9
3684,W385,4.5
4851,W107,1.9
2134,W450,1.8
3907,W208,4.1
3809,W405,3.4
3304,W112,2.7
1847,W36,2.1
3303,W158,1.8
231,W298,2.0
1398,W257,3.1
1762,W466,2.9
1830,W370,1.5
1026,W213,3.3
2012,W307,4.3
42,W415,1.5
2889,W458,3.6
4282,W97,3.6
697,W477,3.0
2145,W366,1.0
2248,W175,2.2
1766,W150,2.5
2257,W54,1.4
1332,W160,3.6
266,W488,3.9
2810,W22,4.3
2912,W36,4.9
996,W185,2.2
1840,W180,4.5
2566,W73,1.8
4368,W288,3.6
4730,W118,3.1
3004,W465,3.5
1480,W145,3.8
1331,W295,2.8
3022,W132,4.3
1333,W159,1.9
2753,W390,3.2
2896,W289,3.9
1025,W218,2.4
389,W104,2.1
3015,W496,4.5
1934,W181,2.5
326,W255,3.0
872,W107,4.7
517,W117,3.2
2501,W395,2.8
1429,W285,4.0
548,W46,2.0
4364,W271,1.1
1581,W115,1.1
1422,W84,1.4
2572,W443,1.3
709,W173,1.2
974,W22,4.6
2609,W456,3.7
4012,W340,3.4
2294,W46,2.2
4159,W97,1.4
4693,W371,4.7
1394,W322,2.5
2012,W403,2.7
3777,W360,3.1
4855,W200,3.2
3699,W419,3.5
3394,W315,4.7
4455,W164,1.3
1264,W255,3.0
3028,W346,1.9
2449,W144,3.1
3596,W447,3.3
3280,W6,4.5
314,W401,2.1
522,W181,4.0
3334,W349,2.5
606,W286,1.7
4224,W274,4.8
4997,W339,2.4
3360,W440,2.9
4714,W187,2.6
4885,W484,4.9
2026,W149,3.9
3097,W305,3.5
3623,W440,4.8
3215,W452,2.5
3640,W349,2.3
976,W94,3.7
2435,W435,3.6
1622,W4,1.7
1843,W288,2.7
3099,W382,1.6
4895,W493,1.6
259,W378,1.0
2265,W383,3.8
4754,W388,2.9
840,W299,3.5
1890,W337,1.8
2879,W23,2.4
1565,W7,3.1
3970,W116,4.9
3043,W465,2.5
2815,W162,2.9
4148,W433,4.0
259,W432,1.3
2042,W497,1.3
2509,W157,1.4
4208,W87,4.6
4187,W185,1.1
1797,W443,1.7
3775,W52,1.8
2201,W211,3.7
1264,W147,1.0
4719,W486,3.4
4186,W412,2.3
2916,W494,4.0
598,W447,1.4
2796,W29,4.1
3551,W405,1.5
4271,W77,1.8
126,W469,3.6
3292,W362,2.5
3236,W455,4.8
1576,W481,1.5
108,W362,4.6
1444,W359,3.6
4944,W214,3.1
4738,W200,2.8
3777,W376,2.5
265,W419,2.3
4425,W13,1.7
671,W396,1.3
4018,W376,2.9
4629,W122,2.8
925,W283,3.8
1722,W276,4.2
3636,W38,2.6
2642,W413,3.4
3008,W397,1.5
4082,W456,2.8
3822,W73,4.8
2697,W198,4.1
160,W46,2.4
3596,W307,4.8
4794,W400,4.4
4839,W327,3.1
3687,W340,3.9
953,W461,1.0
779,W274,2.7
2512,W315,2.0
134,W108,3.5
1116,W149,4.3
4929,W327,3.6
2882,W287,1.8
804,W113,4.1
2132,W231,1.0
295,W303,4.3
4546,W325,2.9
391,W380,3.7
2257,W274,4.5
4289,W322,4.6
2149,W428,3.4
3279,W200,3.2
4610,W494,1.5
4605,W317,4.9
532,W37,2.1
1125,W14,4.6
411,W356,1.3
1115,W15,4.5
4203,W2,3.1
521,W50,1.9
4643,W146,1.3
2687,W251,2.6
2101,W321,3.0
4202,W91,2.2
1413,W396,2.9
2863,W326,2.4
76,W91,1.9
837,W470,3.1
1139,W134,4.6
4670,W94,1.9
206,W424,2.0
2950,W67,2.7
3536,W86,1.8
3742,W349,2.9
4596,W249,2.0
3782,W153,2.5
3808,W258,4.3
3806,W213,3.7
7,W201,4.8
3212,W37,4.0
3163,W469,3.7
4132,W311,4.6
4555,W272,3.4
2437,W298,3.5
4297,W394,3.1
757,W89,4.4
3947,W440,4.0
15,W314,3.6
1551,W299,2.0
3276,W159,3.8
3297,W289,3.7
993,W316,1.6
3557,W228,1.2
3740,W378,4.3
3249,W432,3.1
2678,W85,1.4
822,W43,4.8
2698,W88,3.1
579,W40,1.7
1682,W421,1.6
1512,W423,3.1
1063,W109,1.5
2738,W220,3.6
2754,W255,4.5
1229,W175,4.3
3409,W99,4.7
3589,W445,2.3
2971,W171,3.3
1871,W349,2.0
3602,W494,1.4
3271,W377,3.0
2990,W261,4.1
2034,W422,1.4
4231,W494,1.1
2140,W367,4.3
1147,W268,3.1
2612,W310,1.2
2026,W329,1.8
4106,W405,1.1
3310,W345,4.5
3419,W499,3.5
4252,W381,3.6
3741,W375,4.9
1650,W61,4.6
2672,W195,3.4
4029,W18,2.3
2082,W378,3.1
2906,W481,3.2
1679,W345,1.1
294,W176,1.7
3821,W213,3.1
3342,W446,1.8
4073,W404,4.2
1723,W154,4.7
1587,W348,1.4
1487,W417,2.9
3512,W262,2.0
1278,W265,5.0
1317,W402,2.5
2692,W88,4.7
184,W221,2.3
4743,W462,3.4
1087,W475,3.7
4959,W347,2.3
3698,W191,4.5
3338,W372,3.2
4844,W338,3.5
2302,W481,2.0
4471,W410,3.6
530,W378,2.7
3909,W434,3.1
1801,W73,3.5
4355,W199,3.3
2107,W132,4.3
3217,W462,4.7
2759,W61,3.8
1772,W311,1.2
1895,W328,3.4
4111,W414,2.3
250,W333,2.6
4618,W12,2.7
4826,W18,2.9
915,W256,2.2
1907,W429,4.0
1871,W490,2.8
4028,W7,2.2
4792,W407,3.0
1034,W398,1.8
4130,W88,3.8
4306,W413,3.2
4176,W310,3.6
1694,W345,1.6
4085,W458,4.0
2031,W197,1.1
4472,W16,3.7
3071,W316,1.7
3822,W339,2.0
3817,W221,4.5
2578,W139,4.0
497,W292,2.1
2818,W323,3.3
4925,W179,3.0
1859,W55,4.1
4314,W208,2.8
1568,W478,4.2
3953,W356,1.4
3839,W143,3.8
1455,W134,1.2
4709,W162,2.9
4653,W194,3.6
3668,W125,4.5
2447,W138,4.8
921,W375,4.6
727,W353,1.7
1453,W55,4.1
4009,W25,1.8
4926,W467,2.0
2410,W169,2.7
4771,W293,2.1
2560,W66,4.2
4876,W4,2.4
3,W207,4.5
1864,W161,1.7
1193,W331,1.6
116,W460,3.1
1518,W282,2.9
2803,W309,2.9
3943,W169,1.8
3426,W465,1.5
2927,W375,1.6
1998,W357,3.1
2980,W120,4.1
900,W166,4.7
4736,W120,3.4
4116,W361,2.1
3354,W259,1.4
4926,W474,3.5
2311,W35,3.7
2599,W41,3.7
2585,W310,2.9
2036,W414,2.8
1184,W271,4.3
2738,W372,4.6
1034,W95,2.0
4498,W106,1.1
2939,W447,2.6
612,W416,2.8
3611,W212,1.2
2898,W459,1.9
3657,W230,2.7
2920,W111,3.7
490,W481,4.0
4193,W87,3.0
803,W50,2.8
2897,W285,4.9
41,W398,4.3
4234,W455,2.5
4386,W33,1.8
3552,W406,1.3
3066,W486,4.5
3540,W211,3.0
2593,W96,3.2
2222,W338,2.4
4953,W342,1.4
1597,W478,2.3
1353,W358,1.7
330,W138,1.5
3977,W112,2.0
3109,W126,2.2
1658,W233,4.6
4371,W432,2.8
4089,W198,2.8
2843,W428,4.5
2038,W284,2.8
1249,W25,4.9
1833,W192,4.8
897,W70,2.1
618,W131,4.2
3578,W266,4.5
1849,W408,4.2
2687,W470,1.6
4783,W358,1.4
3266,W42,4.8
3588,W310,3.4
1847,W96,2.9
1911,W7,1.9
4811,W375,4.6
1092,W262,1.8
4300,W3,3.8
4829,W325,1.6
949,W1,1.5
791,W163,1.4
2834,W491,4.1
188,W172,4.7
1418,W497,2.4
3797,W106,2.3
2828,W194,4.1
4889,W258,2.7
1040,W46,2.7
1311,W143,3.3
4445,W209,1.8
2567,W359,1.3
3556,W222,3.2
3855,W312,3.4
4229,W445,2.6
1514,W423,4.8
3975,W288,4.0
459,W165,3.9
2715,W185,4.2
586,W472,2.9
3924,W19,1.2
248,W491,3.6
3377,W225,1.1
655,W495,3.0
4642,W158,4.7
46,W478,4.9
3370,W65,2.3
782,W212,3.5
4649,W249,4.4
223,W89,3.9
32,W390,2.5
3610,W220,4.4
4956,W16,1.1
4504,W245,4.4
454,W216,2.9
10,W452,3.9
833,W472,1.7
3624,W207,3.0
842,W273,2.8
2053,W490,1.2
2616,W447,3.5
4365,W404,3.0
470,W171,4.3
2189,W408,4.4
43,W418,4.8
4673,W427,4.9
344,W414,2.9
1493,W7,2.6
4012,W201,3.6
1364,W49,3.6
2123,W8,2.9
791,W280,4.9
980,W272,3.7
3117,W374,2.7
4231,W239,1.2
1301,W5,3.3
2835,W44,2.5
1594,W212,3.9
78,W53,4.6
573,W63,2.2
4451,W410,1.4
904,W339,4.0
2091,W62,2.0
4665,W264,1.9
1811,W329,3.5
2652,W128,1.4
3091,W87,2.9
1295,W350,3.9
4844,W268,4.7
914,W47,3.1
1126,W61,2.3
538,W136,1.8
3039,W267,1.7
3909,W278,2.6
4988,W339,4.6
4457,W74,1.7
852,W315,1.3
3366,W380,2.3
2508,W2,4.0
4894,W133,3.0
3223,W469,1.8
406,W223,2.9
4815,W391,4.2
2684,W194,1.8
1982,W397,2.7
1885,W375,1.6
150,W103,4.1
2911,W102,3.8
582,W149,1.1
2104,W192,1.4
4846,W8,2.9
1342,W343,3.2
4603,W330,4.9
3376,W321,1.8
884,W135,1.4
2147,W231,1.4
3489,W488,4.6
3463,W7,1.8
4237,W276,4.8
3814,W252,4.5
3439,W106,2.3
2989,W380,1.2
4594,W500,2.4
3016,W154,2.3
223,W369,2.2
1715,W104,3.2
1574,W118,3.7
2135,W241,3.0
4087,W353,1.5
3486,W249,2.3
4110,W183,4.7
326,W174,2.8
2471,W266,2.4
3426,W186,3.3
32,W112,1.7
1699,W196,1.9
3771,W338,1.8
3383,W36,3.7
4023,W216,4.7
2020,W99,1.6
1452,W183,2.4
537,W437,4.4
3420,W475,4.0
2503,W296,1.5
3056,W331,3.5
4742,W454,3.4
1746,W55,2.3
840,W112,1.2
4727,W446,2.6
222,W44,3.4
4794,W230,5.0
1511,W328,3.2
4651,W1,1.0
1395,W249,2.3
3858,W10,4.7
3089,W368,2.4
3635,W448,2.2
3260,W464,2.9
647,W466,1.3
2364,W110,4.5
3212,W424,1.5
3367,W495,4.3
3683,W204,2.8
4854,W350,1.6
4020,W457,2.7
1947,W154,2.2
568,W21,1.8
232,W215,3.3
157,W39,4.6
1762,W472,2.4
695,W471,4.6
1066,W378,3.4
3594,W471,1.8
4495,W441,1.9
2850,W77,4.0
676,W125,1.5
3735,W133,2.8
348,W394,1.7
3688,W431,3.9
970,W240,4.9
2681,W428,1.7
4645,W44,4.2
2900,W50,1.2
1667,W397,3.4
3641,W133,1.3
4914,W219,4.3
3645,W76,2.7
583,W367,1.8
1392,W207,4.3
3486,W376,4.4
2158,W145,1.6
3531,W5,3.6
1763,W236,3.3
4666,W487,5.0
1798,W394,3.2
3655,W383,4.8
1447,W73,2.6
417,W69,1.9
3621,W292,2.6
3490,W429,4.9
3579,W108,1.2
909,W383,2.8
4421,W462,1.4
14,W144,1.7
952,W437,2.6
3019,W257,4.6
2870,W461,3.9
4379,W166,3.6
3809,W255,4.1
2611,W463,3.0
3021,W406,1.8
700,W173,3.5
2578,W436,4.3
762,W168,3.8
1911,W454,3.6
4181,W177,3.0
1542,W212,2.2
4483,W491,2.8
4947,W24,3.1
3861,W194,1.5
2058,W480,3.7
4493,W348,2.9
3942,W406,3.2
1362,W56,1.0
4143,W277,3.8
4622,W238,1.4
4275,W192,1.4
2205,W321,1.4
4464,W434,4.3
4739,W256,1.5
2136,W365,2.9
2855,W419,1.9
4959,W136,4.6
2041,W384,1.6
4764,W310,4.7
2776,W431,4.9
3899,W206,1.5
335,W185,3.2
645,W280,3.5
4817,W149,1.4
2185,W243,3.7
2743,W201,3.8
2789,W81,2.9
1866,W451,2.4
844,W39,2.2
817,W286,3.7
4142,W324,1.0
4377,W371,2.0
1509,W415,2.9
1034,W165,4.0
4157,W438,3.4
1975,W266,3.2
1512,W184,1.3
4954,W208,1.4
1524,W11,1.5
4334,W92,3.8
142,W167,1.7
4515,W95,3.8
430,W422,2.2
4354,W78,3.5
21,W128,1.4
3207,W84,3.9
3301,W419,2.0
2738,W213,3.4
3337,W26,1.3
2397,W70,2.1
199,W485,1.3
2249,W155,3.4
898,W324,1.6
266,W315,2.4
2141,W421,3.1
3846,W218,1.7
3716,W17,1.9
484,W172,1.5
1473,W37,1.8
2722,W33,1.9
1070,W396,2.4
2813,W19,4.8
2687,W257,4.8
1642,W102,3.5
1898,W106,2.7
4163,W404,4.2
3921,W306,2.4
348,W276,2.3
2722,W408,2.7
3555,W244,4.1
3630,W468,4.1
4033,W131,4.4
2892,W374,4.3
1273,W185,4.2
4319,W48,3.1
1074,W134,2.5
1700,W340,3.1
972,W24,2.8
572,W394,4.0
3260,W366,4.6
1928,W25,3.6
3274,W270,1.4
3965,W64,3.6
269,W320,4.1
1321,W186,4.0
4197,W20,4.2
4386,W267,2.0
3836,W452,4.2
1534,W469,4.8
146,W497,1.7
1849,W108,4.9
2370,W193,2.3
4794,W427,3.5
3641,W376,4.4
1861,W351,4.4
4088,W18,4.5
3876,W55,3.2
1450,W214,3.4
1236,W34,4.3
843,W322,3.0
1928,W185,2.4
3666,W278,1.3
406,W491,3.9
1041,W364,3.4
1507,W412,4.3
679,W23,3.2
994,W367,1.1
735,W207,1.6
856,W45,4.7
784,W420,4.8
193,W297,1.1
144,W277,3.5
3673,W125,1.6
4651,W42,4.6
3710,W500,1.3
1385,W241,4.5
4962,W92,3.0
3910,W151,4.6
2833,W124,2.3
3156,W198,4.7
3077,W182,4.0
573,W383,2.2
4053,W461,1.6
2510,W301,3.2
4709,W26,1.2
3930,W28,4.6
3762,W265,1.2
4469,W325,2.2
2039,W23,2.3
3909,W100,4.0
3022,W118,2.9
1946,W105,1.0
2576,W256,1.3
1941,W494,3.9
4855,W200,3.9
850,W323,1.9
4046,W149,3.1
1247,W334,1.6
719,W417,3.1
4042,W104,2.2
1676,W170,4.8
3912,W333,3.5
1827,W436,2.7
1427,W100,2.6
4188,W156,2.0
1492,W55,4.7
4746,W411,4.8
3602,W306,3.5
2332,W208,3.6
2782,W62,1.6
4640,W497,2.3
3744,W91,4.7
3405,W424,1.2
1740,W431,3.4
2030,W51,3.0
3340,W4,1.7
2797,W328,2.8
674,W3,4.2
2490,W376,4.1
3237,W290,3.7
3170,W362,1.1
3126,W153,4.6
4428,W3,2.9
1568,W90,3.9
1646,W363,1.6
2956,W354,3.6
3610,W60,1.6
2694,W322,2.3
2689,W73,2.8
725,W33,4.7
2910,W256,1.9
133,W457,2.7
855,W341,1.9
1408,W219,3.8
4995,W77,3.5
500,W134,1.9
504,W410,1.5
3810,W353,2.4
410,W218,5.0
3219,W86,1.7
4931,W443,2.7
3680,W264,4.7
3908,W351,1.9
62,W131,3.4
596,W151,1.5
1973,W396,1.7
1152,W45,1.8
1712,W490,1.8
2981,W388,2.7
735,W426,3.1
2448,W175,2.9
1434,W335,3.3
4625,W359,3.5
703,W137,3.1
2223,W300,4.6
4801,W131,1.3
2773,W323,5.0
3780,W112,3.4
1515,W271,2.1
2210,W298,2.2
881,W346,1.4
3410,W432,1.8
1797,W174,1.3
1541,W449,4.3
1168,W29,3.3
1912,W33,3.2
607,W153,4.8
3675,W57,3.4
3089,W349,1.8
2221,W277,1.3
206,W403,1.7
4388,W351,4.1
4662,W384,4.4
2558,W332,4.4
2856,W232,1.1
2895,W377,2.9
3732,W317,3.3
4265,W381,2.5
4074,W414,2.4
1466,W316,3.3
2753,W398,2.7
999,W89,4.3
4217,W254,1.7
681,W281,2.7
3507,W280,1.5
1774,W405,2.9
2007,W122,2.1
4105,W425,4.3
2145,W40,3.3
2408,W252,1.2
3692,W18,1.7
3638,W454,3.6
254,W494,4.3
2863,W196,2.4
2268,W26,2.0
522,W181,2.1
1231,W493,2.6
4443,W318,3.4
2771,W42,4.4
4218,W48,3.2
3340,W121,1.2
1082,W43,2.2
844,W133,1.6
2602,W255,4.1
776,W129,4.9
4537,W290,2.6
2150,W41,4.3
1199,W471,1.7
108,W328,2.3
2987,W499,3.5
3383,W67,1.3
4131,W468,4.2
1486,W221,2.4
1619,W71,4.1
2,W338,2.2
3087,W120,3.2
1860,W234,1.1
68,W301,4.5
1095,W206,4.2
3793,W105,2.2
3773,W337,3.4
3319,W420,1.9
710,W366,1.3
623,W359,1.9
343,W393,3.8
2692,W4,3.5
3507,W181,4.8
1631,W120,4.9
3152,W404,1.3
4436,W454,2.8
449,W378,4.8
750,W103,1.5
4854,W142,1.2
2216,W186,3.3
1680,W406,3.6
355,W33,2.1
3634,W441,1.5
878,W406,3.6
4879,W49,1.9
3878,W311,4.7
55,W231,4.3
2917,W382,1.3
1041,W210,4.8
3434,W354,1.2
3692,W236,2.1
4113,W80,4.2
4330,W91,4.9
4791,W122,4.2
935,W476,2.2
3542,W427,2.4
3322,W119,3.2
4215,W65,3.2
3829,W270,1.8
2796,W138,4.0
2983,W33,1.3
534,W97,3.2
2015,W332,4.3
3915,W139,1.9
1203,W106,1.7
2178,W24,1.8
2772,W371,1.1
4277,W484,1.0
4447,W486,3.0
1,W265,3.8
4239,W105,4.6
1618,W35,1.7
814,W47,2.4
4404,W219,1.4
822,W17,2.9
3762,W359,2.3
1854,W480,3.9
4720,W457,2.2
1546,W423,3.2
1628,W222,3.1
3443,W13,4.9
4325,W348,1.2
1872,W45,4.4
383,W240,4.6
4845,W251,3.7
2238,W71,1.3
309,W53,1.4
1228,W413,1.3
1777,W395,2.8
377,W423,3.8
3665,W332,1.5
442,W70,2.5
1293,W171,4.3
1110,W41,1.4
1661,W413,4.5
3713,W21,4.6
3528,W483,3.8
3882,W149,3.9
4722,W499,2.6
1172,W391,4.9
1032,W330,4.7
3276,W189,3.9
1651,W401,2.5
4867,W473,4.2
4863,W30,3.2
336,W136,2.1
3127,W442,2.5
1115,W116,4.3
3280,W435,1.9
4410,W360,4.4
2523,W247,3.4
1636,W290,3.3
4865,W35,2.9
1082,W70,4.1
3341,W295,2.1
2345,W441,4.3
4696,W445,4.1
4289,W254,4.5
3541,W459,4.2
2930,W426,1.4
3343,W385,2.3
978,W150,4.3
4907,W346,1.1
1567,W37,4.6
814,W363,4.2
1566,W386,3.9
3207,W58,3.7
4066,W133,1.8
2435,W314,2.0
3201,W296,2.1
1898,W88,1.1
4445,W29,1.9
438,W281,5.0
768,W152,4.8
4693,W128,2.9
1870,W224,2.9
3281,W251,3.3
2467,W70,1.5
1010,W276,3.1
3027,W92,1.8
2792,W132,2.3
4067,W218,3.2
2322,W469,2.0
1220,W334,1.5
3792,W205,4.7
3095,W293,1.7
3178,W310,3.6
2332,W441,4.3
3212,W48,2.8
909,W82,3.9
4909,W487,3.1
2971,W316,1.1
2869,W63,2.6
2257,W66,4.8
2234,W442,1.2
3269,W410,2.1
452,W428,4.7
2439,W473,4.7
4084,W373,3.2
4350,W132,4.1
131,W186,4.1
2430,W253,4.5
807,W394,2.1
4160,W392,1.7
2126,W345,3.8
4108,W284,4.4
658,W2,4.0
1053,W396,2.1
4889,W206,2.1
1318,W132,4.8
812,W434,4.1
172,W442,3.8
748,W45,2.6
761,W380,1.7
463,W296,1.2
2591,W453,3.5
2774,W322,1.2
4787,W76,4.0
1911,W254,3.0
3121,W462,2.3
3248,W403,4.7
856,W180,2.4
3974,W15,4.0
4328,W443,4.9
4604,W473,2.0
4982,W240,2.7
346,W34,4.6
1540,W117,4.4
432,W124,2.0
1597,W322,3.8
2389,W219,4.1
1406,W139,2.5
4733,W431,4.2
629,W293,1.4
410,W88,4.9
1910,W23,4.0
3644,W191,2.1
4994,W445,2.9
2177,W418,4.1
2909,W127,3.0
2498,W345,3.3
919,W283,2.6
4464,W479,1.7
513,W120,1.3
1375,W188,1.8
1036,W123,2.6
140,W473,3.8
797,W186,3.4
2823,W8,2.8
740,W252,1.9
4074,W171,4.9
4017,W317,1.9
3381,W150,3.2
4777,W290,1.5
1965,W111,2.6
1853,W367,3.8
3917,W284,3.3
4080,W103,2.0
4296,W162,3.2
2871,W140,2.6
4965,W466,2.0
2297,W390,3.9
2923,W302,1.3
2547,W131,3.2
973,W84,3.9
4918,W478,4.3
3055,W374,3.1
4044,W149,4.4
803,W355,3.2
4055,W388,2.7
3246,W108,3.2
4718,W440,2.3
1841,W148,2.7
1290,W244,2.1
4275,W470,1.9
1725,W109,4.5
2628,W401,4.6
1334,W75,1.7
4838,W371,3.6
3990,W134,1.4
505,W302,3.9
1425,W231,2.6
1652,W250,1.8
3506,W130,4.1
1922,W332,4.7
4278,W156,3.6
4739,W255,4.1
1013,W200,4.7
3717,W386,2.1
1074,W177,3.0
4420,W111,3.4
3348,W6,3.8
4382,W206,1.9
2915,W386,1.5
2694,W93,1.3
4016,W59,4.1
3002,W77,4.9
1030,W127,2.3
834,W221,1.9
1916,W180,1.0
3696,W152,2.0
501,W133,4.7
225,W39,3.4
4641,W192,3.9
4648,W288,3.5
3698,W423,1.8
3295,W117,2.2
1786,W209,1.9
3816,W462,1.9
2463,W419,4.4
3634,W126,3.9
2190,W423,2.4
1798,W131,4.3
2022,W123,4.3
2072,W19,4.0
1619,W140,1.7
1556,W43,2.0
2330,W75,4.3
343,W328,2.0
4830,W163,1.3
719,W137,4.7
2648,W192,1.3
4437,W159,3.7
3731,W38,2.9
3765,W111,1.6
2542,W120,2.8
3994,W337,2.0
1496,W247,1.2
3611,W198,4.5
4816,W453,3.5
1263,W354,5.0
1451,W326,3.2
3027,W338,3.2
654,W103,1.2
4102,W439,3.3
4075,W238,3.5
4928,W462,1.5
4776,W422,1.7
3371,W495,2.9
4732,W384,2.2
2941,W105,3.0
2881,W376,4.7
703,W165,2.2
1168,W23,1.6
509,W335,2.7
1360,W73,2.8
3073,W203,3.7
865,W104,2.2
4371,W75,3.4
3071,W83,3.0
3454,W397,1.1
956,W346,3.4
4595,W452,4.5
1379,W43,1.4
2378,W115,3.6
1315,W390,2.3
266,W470,1.9
3954,W34,1.4
2852,W63,2.1
153,W30,4.8
4572,W306,2.4
76,W480,3.9
276,W99,4.8
70,W212,4.0
1293,W227,2.4
2950,W302,2.4
3599,W158,3.1
4796,W461,4.8
2130,W406,4.3
1731,W295,4.3
1860,W331,4.2
3542,W294,3.3
631,W454,4.0
1251,W100,3.3
1705,W431,4.9
1978,W426,3.0
469,W266,2.2
615,W421,2.7
2957,W476,2.8
2126,W454,3.0
4435,W302,4.6
977,W332,1.1
4049,W175,3.9
2550,W90,2.6
88,W357,1.7
2991,W295,3.6
859,W277,2.0
2925,W491,4.2
1851,W227,1.4
4659,W42,4.5
4558,W152,1.1
2845,W153,2.9
3823,W437,1.9
2151,W355,3.5
4068,W91,2.0
2022,W241,1.8
2433,W390,1.7
961,W107,2.7
157,W149,4.0
4813,W179,2.7
4169,W415,4.7
2238,W289,3.1
1082,W418,2.4
3038,W102,2.6
783,W421,4.4
754,W125,1.3
1443,W248,2.9
809,W4,2.9
4627,W398,3.4
1711,W245,4.3
1061,W234,2.8
4152,W95,4.7
4085,W255,4.4
613,W407,3.9
4008,W478,3.3
2396,W373,1.1
1672,W486,1.8
2946,W424,4.8
1144,W337,2.3
3881,W497,2.7
826,W474,2.7
1728,W115,3.3
2416,W171,4.1
2896,W150,2.7
4866,W205,3.6
507,W61,2.6
2599,W279,1.2
1355,W430,2.4
2688,W71,1.0
4460,W374,4.3
1526,W116,4.9
2461,W348,1.2
86,W93,2.8
626,W403,4.7
3567,W71,1.4
1402,W402,1.2
4340,W75,3.8
1113,W199,1.3
3174,W244,4.1
1731,W312,2.4
2638,W324,1.2
3262,W337,4.7
3444,W130,4.6
4604,W377,3.9
1048,W413,2.3
874,W325,4.6
3434,W309,4.6
3384,W418,4.5
3673,W128,2.2
2363,W75,2.2
292,W344,3.2
1865,W494,2.7
25,W315,2.0
1512,W126,4.3
3341,W334,3.9
3377,W342,2.7
4186,W440,2.6
3702,W241,2.3
2582,W93,3.1
346,W235,1.6
3656,W296,4.7
3424,W409,4.7
269,W188,2.9
102,W479,4.8
3015,W171,1.1
1950,W200,3.9
3849,W264,4.0
1940,W202,1.6
3802,W319,1.1
2580,W482,2.7
1010,W187,4.3
40,W173,4.9
3216,W235,2.4
424,W93,3.3
3069,W384,4.8
4280,W107,4.1
1263,W340,3.9
4218,W287,2.4
3038,W119,3.8
1155,W403,3.6
3204,W289,5.0
4313,W396,1.4
277,W277,1.6
4690,W429,1.4
4439,W68,2.5
774,W60,2.2
2899,W378,4.5
4874,W356,4.9
510,W466,2.5
3244,W181,2.4
1842,W126,1.5
2042,W53,1.4
1325,W23,3.7
3734,W105,2.5
541,W48,2.7
228,W358,4.1
2368,W400,1.5
3728,W401,3.2
3217,W157,4.2
4494,W71,1.8
450,W301,1.4
4375,W456,2.3
2194,W216,2.8
1250,W339,1.2
1365,W144,1.0
546,W448,4.7
3720,W335,4.9
4399,W241,4.0
1150,W173,2.7
62,W441,4.4
1468,W47,3.7
2795,W355,1.3
1785,W395,1.7
4261,W6,2.0
933,W32,1.5
660,W418,3.2
3158,W256,2.4
2026,W485,3.6
2728,W131,4.8
843,W452,3.5
2625,W432,1.1
3303,W328,1.3
887,W407,4.7
3457,W26,3.7
4474,W404,4.5
1165,W391,3.7
4098,W375,4.2
853,W497,3.6
349,W279,4.1
3007,W359,2.0
127,W406,4.9
3181,W378,4.4
3805,W410,3.1
2268,W7,4.0
1310,W82,3.5
213,W255,3.8
3924,W22,4.2
2959,W34,2.8
53,W318,1.5
2013,W420,2.2
4357,W321,3.4
3070,W75,4.8
1134,W485,3.7
916,W387,4.7
1623,W25,4.2
4945,W82,1.6
4855,W398,1.1
2508,W283,1.7
4508,W127,2.4
4527,W287,4.1
1219,W250,3.9
2683,W434,3.0
2504,W108,1.4
1353,W183,4.0
891,W123,3.9
3586,W399,4.7
2031,W273,4.6
12,W210,2.2
4913,W10,4.3
2996,W298,1.8
596,W313,1.1
1628,W300,2.8
2952,W179,4.7
1185,W363,4.5
2108,W494,4.2
423,W449,1.2
3105,W242,1.6
713,W167,1.9
578,W110,2.2
2632,W52,1.4
2519,W397,2.0
4140,W215,3.1
607,W148,3.7
2409,W343,3.2
2409,W472,1.4
728,W265,2.9
1939,W206,1.9
3936,W4,4.3
2931,W256,2.6
3774,W483,4.9
3555,W244,3.5
187,W238,1.2
4011,W230,3.8
2936,W222,4.7
2608,W219,2.1
1773,W492,4.2
4343,W378,1.6
1334,W366,1.9
455,W415,1.6
2186,W414,1.0
2776,W188,2.1
2233,W16,4.7
475,W304,4.7
4938,W24,4.9
3057,W91,2.0
3768,W183,4.0
2068,W243,4.2
1591,W138,1.6
2623,W61,3.9
3551,W241,1.6
1111,W159,3.3
3869,W311,1.1
721,W95,4.4
1697,W339,2.2
378,W417,1.3
3146,W458,3.1
2600,W491,3.5
821,W11,2.5
1346,W361,3.9
181,W493,4.7
1679,W434,2.4
4627,W188,1.8
4811,W465,2.5
1197,W284,3.8
621,W381,4.8
4968,W227,1.8
379,W277,4.7
3128,W425,3.2
4985,W467,3.9
4611,W189,2.0
277,W21,3.7
4180,W470,1.0
3864,W495,2.2
2306,W415,1.6
1989,W298,4.0
3532,W464,1.0
330,W475,1.6
3865,W459,2.1
1407,W6,2.3
2452,W387,4.7
2140,W154,3.5
363,W141,4.7
4949,W30,3.8
2193,W203,3.8
2592,W402,3.7
4445,W458,1.2
929,W37,3.3
1017,W295,2.3
362,W361,4.8
3915,W141,2.2
4854,W26,4.1
4268,W172,3.1
3364,W203,4.5
3670,W329,2.4
687,W188,1.4
3397,W128,4.4
261,W311,4.7
3827,W286,3.6
1638,W471,4.9
84,W375,3.4
298,W328,1.0
4635,W359,2.1
2927,W226,3.7
2056,W79,4.0
641,W144,3.1
960,W120,4.2
4722,W438,1.6
2144,W235,4.8
4073,W216,2.4
1442,W47,3.5
728,W19,3.5
4395,W1,4.6
3760,W479,2.8
3172,W497,2.4
1022,W396,3.6
4511,W125,2.6
3058,W348,2.1
3109,W453,3.9
2835,W258,3.5
1660,W3,1.2
3250,W246,3.3
1608,W329,4.7
2402,W413,4.9
2636,W181,4.9
1933,W447,2.6
1721,W269,2.6
3257,W460,2.1
1843,W178,1.0
3843,W308,4.3
3485,W244,3.2
973,W321,1.9
1984,W328,4.0
1745,W469,2.6
3551,W255,3.8
2113,W472,2.1
3134,W168,2.2
2858,W158,4.0
1771,W107,2.7
1456,W294,4.9
1706,W204,2.6
3559,W470,3.3
3312,W172,1.6
2175,W311,2.5
3838,W23,1.7
206,W417,3.3
1714,W100,4.2
1564,W262,4.9
4583,W433,2.3
495,W463,3.9
3938,W371,2.6
3660,W431,2.1
127,W424,4.9
3791,W429,1.1
2984,W338,3.6
2161,W172,4.7
1686,W323,3.2
1289,W19,3.5
1852,W228,2.1
927,W331,4.1
4631,W183,2.6
1503,W337,4.6
753,W61,2.1
255,W2,2.0
481,W380,4.7
2778,W398,4.6
3894,W240,2.9
2530,W230,3.4
675,W267,1.1
1469,W52,2.2
355,W99,1.9
2504,W368,2.2
1556,W252,2.7
3888,W126,2.6
1332,W496,3.1
1119,W221,4.7
649,W35,1.6
2713,W217,2.7
1610,W189,4.3
3399,W405,1.7
1631,W460,2.9
1470,W156,2.4
3377,W152,4.9
3390,W489,1.5
4248,W246,2.3
3388,W165,2.2
4341,W46,1.6
1587,W85,2.2
2883,W252,3.2
1401,W39,3.0
658,W178,4.3
4837,W74,2.8
4119,W271,2.7
4029,W194,1.1
124,W455,1.2
365,W315,1.3
2307,W382,1.9
2213,W128,2.9
1650,W335,1.8
1998,W56,1.4
4936,W312,3.2
781,W331,2.3
1844,W164,3.9
4661,W499,2.3
625,W201,1.8
1417,W254,2.2
2896,W287,1.7
1940,W157,3.9
286,W389,3.2
430,W48,1.4
1411,W235,4.0
3930,W369,4.6
1931,W154,3.3
4650,W228,4.9
2307,W443,3.0
443,W340,1.6
4579,W376,4.8
910,W183,4.5
2264,W380,3.0
3240,W208,3.8
816,W343,1.5
4983,W427,3.1
1877,W74,1.9
3157,W436,1.3
4269,W20,2.8
2489,W276,4.2
2750,W475,2.0
1288,W470,2.4
1835,W462,1.9
200,W452,3.9
3882,W453,2.1
3291,W105,1.7
97,W292,1.0
3526,W120,4.2
948,W85,2.6
3679,W177,3.9
3172,W336,1.4
1433,W416,3.2
4723,W50,1.7
2138,W138,4.7
2046,W48,3.1
1931,W429,4.9
872,W481,1.3
2633,W16,2.6
3874,W479,3.4
2054,W46,2.9
2040,W250,2.3
4259,W198,3.7
2401,W40,3.2
2185,W377,1.2
549,W440,3.4
2817,W130,3.5
2622,W141,2.1
2742,W185,4.8
1286,W124,2.5
2164,W418,3.0
2897,W483,2.2
905,W298,3.0
603,W223,4.8
3592,W11,3.5
134,W210,4.5
1393,W377,4.5
2761,W356,3.3
3245,W282,2.2
2996,W291,5.0
4423,W490,2.7
3407,W112,1.5
3185,W365,4.9
4200,W213,3.6
1889,W482,1.1
2945,W369,3.1
4446,W45,4.4
4469,W155,4.0
693,W223,5.0
353,W345,1.3
3290,W180,1.7
1201,W318,1.4
545,W22,3.3
203,W408,4.3
4537,W452,3.9
1971,W438,1.8
999,W499,2.8
1207,W128,3.6
2447,W79,4.7
3987,W472,2.3
898,W48,1.7
1171,W117,1.6
2759,W16,3.1
1524,W476,3.8
3919,W129,3.8
1232,W310,4.2
1994,W51,2.8
4888,W421,4.9
268,W41,4.4
2908,W41,1.6
2297,W23,2.1
70,W212,3.4
2730,W95,4.9
2979,W452,1.6
4728,W290,2.6
890,W28,4.7
4162,W467,5.0
3980,W153,1.2
4844,W52,3.7
2125,W220,4.7
3999,W349,1.9
3062,W52,3.8
4490,W492,2.1
1945,W326,4.1
4680,W118,2.3
4100,W27,4.4
167,W148,4.7
3674,W139,4.5
2850,W108,1.0
2712,W244,3.0
3887,W401,4.2
3811,W129,1.4
4994,W88,2.9
1749,W321,3.9
3142,W34,3.5
4856,W388,3.4
1529,W367,3.0
2848,W374,3.6
2775,W158,3.9
2081,W241,4.3
3621,W264,4.7
2098,W152,1.3
1571,W69,3.8
648,W243,3.9
2424,W197,2.4
1298,W88,4.5
3902,W70,1.3
3510,W446,2.5
1598,W317,2.8
2161,W278,2.3
460,W484,2.0
3155,W68,4.5
1866,W437,3.4
61,W79,4.9
4410,W105,4.1
2418,W470,2.1
100,W17,1.2
4711,W263,3.1
3949,W232,3.8
1849,W266,1.3
2869,W249,4.6
3369,W217,1.0
4530,W52,3.5
124,W301,2.9
4882,W244,1.7
3899,W258,3.0
3504,W323,3.4
1667,W132,4.5
3416,W241,3.9
3119,W112,3.1
2265,W87,4.4
4172,W458,3.2
947,W198,4.9
3120,W398,4.0
264,W131,3.5
2192,W51,4.1
4874,W300,1.2
1078,W275,2.6
3406,W64,4.7
2382,W111,4.2
2316,W349,1.5
1548,W279,4.1
1296,W487,2.5
2698,W253,3.1
2224,W302,3.2
265,W193,1.5
3673,W177,3.2
2655,W388,3.3
2467,W398,4.1
1530,W339,2.9
518,W252,3.9
4989,W219,3.4
3027,W487,3.4
2096,W359,1.8
836,W39,2.6
2295,W199,3.4
2121,W140,4.7
781,W48,3.4
4636,W97,4.4
3451,W101,3.4
3683,W404,4.4
898,W452,4.5
3244,W148,1.9
2857,W407,3.9
3427,W291,3.8
4555,W378,2.7
4889,W326,2.9
1016,W434,1.6
3117,W56,3.0
53,W372,4.3
855,W220,2.1
3083,W340,1.5
210,W267,3.8
3840,W307,4.0
2692,W457,1.7
845,W355,1.6
4433,W360,1.1
4348,W110,2.7
3936,W404,3.9
4545,W300,3.2
4782,W209,3.4
4283,W417,4.9
4764,W29,4.4
2968,W266,1.1
3066,W120,1.1
903,W300,2.7
1573,W340,3.7
372,W123,2.5
219,W464,4.4
313,W288,1.4
4562,W261,4.2
3992,W155,3.3
469,W224,4.9
368,W97,3.0
4852,W199,1.7
2798,W297,2.7
4997,W272,1.5
4016,W121,3.2
3107,W171,4.9
3768,W114,1.7
4330,W181,1.7
1152,W37,4.6
2920,W26,3.5
3128,W446,3.4
3208,W400,4.9
1296,W185,4.1
2300,W469,2.7
4862,W486,3.6
4769,W49,2.6
3439,W86,1.2
608,W383,2.1
2381,W271,4.5
354,W211,1.9
3974,W342,4.8
2770,W280,4.1
1089,W301,4.0
3342,W400,3.2
2947,W9,2.4
1877,W146,2.7
2916,W380,2.4
4584,W234,2.2
3345,W80,4.1
3913,W98,1.1
44,W28,1.4
2359,W173,2.7
4642,W296,4.3
410,W240,3.5
4477,W329,2.0
4379,W372,1.5
1072,W123,2.8
2325,W244,3.3
682,W255,2.6
4955,W71,1.1
3157,W209,1.3
1039,W201,3.4
1448,W146,4.3
4393,W24,1.7
1711,W213,3.8
1219,W108,2.6
935,W81,3.3
3512,W270,1.4
4595,W446,3.1
4445,W443,1.9
2530,W53,3.8
3780,W146,1.8
4820,W478,3.1
4740,W413,3.1
3648,W105,2.3
864,W206,2.9
2669,W227,2.1
449,W23,2.1
4070,W243,1.4
1903,W106,1.0
3484,W248,3.7
1760,W288,2.9
2058,W373,4.3
814,W279,4.7
4386,W21,3.9
105,W343,3.0
105,W358,2.7
4928,W309,4.6
2221,W63,3.9
4788,W424,4.8
3341,W366,1.8
2680,W345,3.2
3924,W259,2.1
3155,W17,1.5
2887,W359,2.7
1132,W451,3.7
4693,W354,2.4
1988,W421,3.3
3669,W371,3.7
1320,W413,3.8
4335,W320,1.7
31,W34,2.9
4063,W268,1.9
2277,W271,4.1
649,W26,3.6
2160,W78,2.5
4839,W60,4.2
3107,W404,4.7
4750,W323,1.5
3888,W374,2.1
2672,W485,2.1
349,W344,3.8
2728,W444,3.5
3417,W144,1.8
2466,W65,3.7
206,W240,3.0
3782,W454,4.7
2001,W286,1.2
2140,W188,4.1
3694,W207,1.4
2043,W453,2.9
1762,W106,1.5
2646,W69,1.0
2706,W457,1.4
1073,W113,2.1
149,W427,3.0
4849,W374,1.4
2804,W430,1.4
200,W446,1.4
4623,W415,1.4
1348,W292,4.1
985,W85,4.7
2526,W469,4.9
2918,W127,2.0
693,W322,2.7
4747,W114,3.3
3310,W283,4.3
3737,W357,1.3
2873,W397,4.5
3525,W240,2.9
2981,W468,3.1
128,W369,2.8
3983,W214,2.4
2243,W197,4.2
699,W89,4.2
412,W129,1.8
3246,W57,2.0
4273,W388,4.3
4074,W478,1.5
2550,W145,3.0
169,W46,3.5
4637,W281,4.3
1006,W379,1.3
4099,W327,3.9
4950,W416,1.3
3548,W389,4.2
2940,W216,2.4
921,W448,3.9
4766,W181,3.1
4898,W58,4.6
1831,W52,1.6
405,W303,4.4
723,W287,1.9
492,W61,1.8
2497,W404,4.0
3382,W457,2.8
1523,W462,1.7
2269,W231,1.5
1237,W218,1.7
2669,W213,1.7
4649,W256,2.3
2072,W293,1.8
2278,W462,2.4
183,W239,4.5
1892,W333,3.7
1990,W291,4.3
1936,W239,3.9
1502,W312,3.6
4999,W458,4.2
1134,W343,1.4
4392,W236,2.9
279,W421,3.1
3194,W327,2.1
2928,W176,4.9
3450,W101,1.0
865,W465,3.7
513,W322,2.6
3739,W221,2.9
3653,W163,3.0
3286,W294,2.8
4014,W261,4.4
3410,W235,4.0
4636,W279,1.4
4766,W426,4.5
1603,W142,2.2
3543,W40,1.2
4286,W213,2.3
1210,W406,2.6
3249,W12,2.9
4943,W333,2.4
3625,W298,1.6
3473,W482,2.1
2029,W499,1.3
1931,W114,4.0
584,W469,4.3
2722,W97,4.4
3895,W64,3.7
1941,W385,1.2
152,W312,2.1
595,W241,2.5
4755,W118,2.6
3220,W287,3.1
3426,W329,3.2
4030,W241,3.6
4389,W419,3.0
3477,W112,1.1
3644,W67,1.7
1569,W315,2.8
3249,W342,3.4
2897,W427,1.9
1867,W386,2.9
3943,W135,3.3
1312,W254,2.3
1168,W77,3.5
892,W35,1.0
447,W248,2.0
2753,W67,2.0
518,W306,4.0
2385,W479,1.7
4105,W65,3.9
2602,W430,4.2
3996,W456,3.8
2250,W305,4.0
754,W372,1.7
903,W129,3.0
1302,W398,3.6
1514,W134,3.4
866,W175,4.1
3283,W333,3.8
3572,W93,4.3
1856,W241,2.5
552,W39,1.5
3958,W323,1.9
2891,W356,1.9
4763,W261,3.5
3170,W76,2.0
1009,W435,3.1
1107,W58,2.3
963,W485,3.6
2502,W204,4.1
3618,W38,4.2
711,W53,1.8
3611,W331,4.7
2890,W471,1.2
67,W353,4.3
3563,W24,3.9
3453,W186,4.6
4364,W380,2.7
2189,W33,2.8
2937,W176,2.8
3228,W341,4.1
1854,W40,4.7
1196,W500,1.6
4115,W348,1.1
4618,W402,1.5
1094,W180,2.5
3979,W102,1.3
520,W384,4.9
881,W305,2.2
3355,W405,3.4
2908,W222,1.4
3304,W233,4.8
2229,W236,3.6
278,W175,3.6
4738,W326,4.3
1378,W50,3.5
645,W107,4.7
1695,W471,2.4
1483,W146,3.3
652,W499,2.9
3588,W453,4.4
1522,W16,4.3
2212,W97,2.6
205,W422,4.7
4025,W435,1.2
1870,W489,4.0
4848,W24,4.9
4335,W335,4.8
9,W77,2.6
835,W27,3.3
6,W476,4.9
4309,W91,2.5
201,W297,1.7
4812,W346,3.4
3164,W13,1.3
740,W339,3.0
2678,W393,2.4
3736,W378,1.5
147,W81,1.4
3653,W357,1.2
2997,W498,3.4
3578,W477,4.4
3050,W207,4.8
2331,W117,3.3
3644,W247,3.2
1273,W224,1.8
4884,W452,1.3
431,W378,2.7
4641,W157,1.4
4079,W113,4.9
4622,W341,3.4
989,W80,4.2
3647,W269,2.2
630,W7,2.7
4890,W236,2.9
264,W339,3.9
3235,W187,1.6
4074,W73,3.5
1743,W465,3.8
4388,W66,4.4
1987,W318,1.3
882,W370,1.2
1376,W215,1.6
3900,W370,2.1
4364,W342,3.4
3180,W286,3.8
688,W486,4.5
2133,W417,2.8
2017,W118,2.1
1803,W461,4.6
1491,W78,3.0
3235,W455,3.9
4746,W87,1.9
4231,W42,1.2
807,W64,2.8
4560,W31,4.3
208,W35,2.8
2035,W329,4.8
3187,W485,4.1
3090,W384,4.7
4229,W466,3.2
1273,W132,4.9
4590,W401,2.4
1114,W294,1.3
2095,W170,1.1
962,W186,4.1
188,W134,1.4
1662,W52,3.6
905,W284,1.8
1857,W407,2.2
1189,W117,4.0
3616,W440,3.5
1535,W194,1.2
1277,W12,4.5
1382,W500,1.7
885,W48,4.1
1642,W282,3.9
3788,W306,4.8
1669,W269,2.5
4254,W179,3.1
3131,W185,2.6
3163,W324,1.9
911,W3,2.1
2485,W367,4.0
4025,W225,4.3
4389,W471,2.3
4555,W15,2.2
1401,W432,3.7
2973,W187,4.0
2608,W272,2.1
2534,W6,2.7
648,W63,4.0
28,W290,4.7
595,W334,4.0
648,W477,3.1
4459,W248,3.5
2211,W448,4.8
4869,W243,1.5
983,W169,1.8
3053,W1,4.6
1275,W77,3.0
4728,W303,3.4
4899,W21,2.6
383,W4,4.9
3715,W444,2.7
2402,W441,1.1
3317,W374,3.3
3379,W392,2.5
2471,W55,3.2
128,W413,3.0
4327,W96,1.1
3734,W377,3.7
2620,W127,4.5
2593,W65,3.4
397,W265,1.9
2539,W437,3.1
2778,W383,2.8
1420,W343,2.8
3947,W481,3.4
183,W214,1.3
720,W453,3.6
3649,W185,1.8
256,W35,2.7
2028,W120,4.9
2601,W185,4.0
1968,W10,4.4
1440,W27,4.0
4554,W374,1.4
1008,W246,2.1
4825,W351,4.4
4111,W405,4.4
441,W421,3.6
3085,W254,4.7
4827,W316,2.6
387,W11,1.4
1708,W226,1.6
304,W321,3.0
3366,W316,1.6
1594,W405,3.4
2021,W258,2.8
2992,W342,1.2
1420,W213,1.3
2735,W111,3.7
4524,W312,2.8
600,W119,3.2
2093,W355,3.1
2401,W409,3.5
2308,W126,4.6
1885,W52,4.9
69,W253,4.7
1227,W454,1.7
4988,W331,2.7
2667,W179,4.1
2156,W389,1.8
624,W428,1.4
4736,W446,1.6
2667,W311,3.6
4355,W239,3.9
3164,W375,4.1
68,W500,4.0
3156,W158,1.3
1550,W239,1.5
3037,W23,3.1
3958,W437,4.3
2954,W132,1.4
1392,W10,4.0
2495,W181,3.2
786,W217,4.7
2103,W229,2.1
2886,W453,2.2
3167,W73,1.2
2020,W259,3.4
2669,W88,2.2
4166,W487,3.3
472,W210,1.2
754,W202,3.4
2809,W109,2.3
711,W357,1.4
494,W346,4.0
697,W143,1.8
2849,W234,2.6
4105,W256,5.0
4169,W477,3.8
4739,W270,2.8
2937,W122,4.5
2151,W190,2.5
1101,W334,4.1
1690,W486,3.6
3313,W289,3.9
2144,W373,1.1
3561,W219,1.5
2308,W252,2.1
630,W446,4.4
653,W96,4.6
762,W15,2.3
4677,W186,2.4
2060,W389,2.3
2385,W226,3.0
2397,W464,4.5
503,W405,2.3
501,W303,1.6
2717,W435,2.4
2313,W118,4.0
3501,W361,3.7
2642,W459,3.7
2800,W237,2.8
4932,W258,3.5
4844,W463,1.5
790,W125,3.0
1414,W28,2.0
3962,W226,4.0
3580,W426,1.4
1650,W43,4.1
1865,W213,2.3
852,W2,3.9
4042,W61,3.8
4105,W131,3.3
3831,W417,2.2
4556,W326,4.5
2162,W10,2.8
4686,W81,4.9
4654,W71,3.7
4783,W31,3.3
2079,W250,4.0
837,W283,3.0
3999,W160,2.7
778,W156,2.3
3061,W90,2.7
467,W304,4.5
2262,W240,3.4
3803,W119,4.3
3108,W196,2.6
841,W308,4.6
2840,W343,2.1
4151,W336,3.8
3245,W109,2.5
2352,W476,1.6
4389,W117,4.4
4067,W268,4.7
4068,W121,1.7
392,W21,2.0
2638,W410,2.3
160,W94,2.9
3440,W271,4.5
169,W192,3.4
4832,W262,3.5
2085,W379,2.8
822,W427,2.3
2463,W244,2.8
3101,W180,3.4
4536,W227,2.6
3160,W53,1.9
1234,W418,1.5
3997,W364,1.0
328,W402,3.5
3994,W279,2.8
3079,W268,4.5
4364,W441,4.6
3353,W467,3.8
3735,W260,2.9
829,W47,1.4
854,W430,4.4
4241,W335,2.7
1565,W429,1.9
1441,W421,3.6
2546,W80,3.9
4352,W408,4.7
89,W316,3.5
4553,W273,4.6
1575,W264,3.5
944,W136,1.5
4681,W223,4.4
2388,W361,4.3
618,W389,4.3
2784,W38,1.7
2062,W260,4.9
266,W94,1.4
1881,W316,3.3
3323,W40,2.4
4350,W267,1.2
226,W474,2.4
3890,W184,1.3
2123,W84,1.6
1459,W250,1.8
2929,W281,4.0
4734,W203,1.1
4895,W297,2.9
827,W378,3.2
305,W468,4.3
1520,W451,3.1
928,W98,3.0
51,W29,1.2
968,W33,4.7
2555,W140,2.5
800,W346,2.3
797,W496,3.8
4551,W488,2.6
391,W18,4.2
2411,W190,2.1
532,W329,2.2
773,W392,5.0
3745,W371,4.6
1695,W264,2.5
4760,W272,4.5
2668,W187,3.3
1182,W414,4.5
1275,W198,3.1
2278,W121,3.8
1188,W419,2.7
3757,W451,2.7
1047,W142,1.0
3546,W148,2.4
3649,W38,4.0
1452,W483,2.4
324,W43,2.8
3538,W153,2.0
2420,W177,3.0
759,W371,1.7
3669,W101,3.0
3590,W322,4.3
3711,W124,1.5
1228,W493,4.8
936,W404,2.8
2935,W310,3.1
3813,W364,4.4
1468,W494,2.5
2175,W30,2.4
19,W465,4.5
562,W203,1.2
2574,W363,3.4
616,W168,2.7
826,W453,2.4
4290,W324,1.9
3182,W440,3.1
3405,W72,2.4
337,W433,3.5
1353,W280,4.0
2340,W471,1.2
304,W89,2.3
1585,W413,3.9
1018,W135,3.9
485,W468,3.1
1671,W66,4.4
3051,W425,3.8
4268,W136,3.3
4429,W7,4.8
4419,W184,1.5
2380,W339,1.5
729,W291,1.8
4366,W119,1.2
4867,W462,2.6
3621,W482,1.5
1256,W166,3.6
763,W461,4.7
2699,W46,4.8
830,W75,4.8
2599,W229,3.6
4933,W218,2.4
4277,W341,4.5
2513,W380,3.4
477,W120,2.5
4820,W294,4.9
340,W90,1.5
195,W300,1.9
2211,W105,5.0
2032,W347,2.4
4745,W111,2.1
995,W470,1.4
4094,W141,2.0
618,W403,4.4
2214,W74,3.5
563,W107,3.0
2303,W156,4.0
3820,W66,4.1
3731,W165,3.4
3801,W23,3.9
609,W260,3.1
4529,W451,3.2
3747,W212,2.8
177,W68,1.6
2322,W324,3.2
2854,W263,4.4
3060,W278,4.2
4499,W203,3.1
1562,W91,2.7
2243,W466,1.4
581,W133,2.5
2235,W296,4.2
2240,W259,2.2
1718,W497,3.3
74,W489,1.9
2386,W258,2.0
2713,W487,1.1
1601,W400,3.1
2390,W456,2.5
292,W33,2.2
4384,W321,1.2
185,W343,2.9
1061,W407,1.1
3967,W478,2.9
2806,W107,1.9
2356,W313,3.9
2119,W35,2.7
2879,W130,3.5
718,W281,2.6
2413,W111,2.8
287,W402,1.8
1683,W119,1.4
1231,W113,3.5
2666,W170,1.1
4283,W185,2.0
502,W172,1.0
1022,W215,3.3
4605,W243,2.2
4122,W366,2.4
2403,W258,2.9
925,W358,3.6
675,W91,3.7
2816,W446,1.9
2093,W451,4.9
3855,W53,3.6
2950,W29,3.0
281,W485,4.1
2029,W115,2.5
3441,W249,4.8
4901,W191,2.2
4,W72,1.1
310,W270,2.3
1528,W214,3.9
1944,W500,2.1
196,W297,3.8
2200,W41,3.6
4625,W392,2.6
2332,W287,2.0
1733,W475,4.2
2175,W182,3.2
406,W421,4.8
4173,W5,4.3
1776,W421,1.3
1677,W81,4.1
3390,W324,4.8
4352,W274,4.0
1874,W366,3.0
2782,W219,2.0
2768,W3,3.8
1225,W413,4.7
2204,W19,3.5
3662,W122,3.5
3980,W296,2.2
4929,W70,1.9
3915,W281,3.5
578,W47,3.6
473,W417,5.0
761,W181,2.5
855,W389,1.7
3079,W7,3.4
2982,W397,2.7
3215,W218,3.0
4612,W438,2.3
1816,W484,3.1
3836,W175,2.8
2023,W63,1.3
4948,W490,1.3
989,W300,2.4
1131,W336,3.8
4910,W390,2.6
1242,W411,4.3
3580,W411,3.3
3407,W295,3.7
2837,W418,1.6
4453,W422,1.5
4521,W484,2.5
3735,W187,1.3
1439,W338,4.1
285,W462,1.8
3837,W260,4.3
3546,W42,3.7
3357,W190,2.4
364,W415,3.8
1451,W222,3.8
1551,W155,1.6
1939,W333,3.7
657,W236,2.2
4329,W99,2.1
545,W173,3.9
2562,W162,1.0
4962,W304,2.5
1058,W413,4.2
1167,W30,3.7
32,W327,1.9
2256,W392,2.5
2280,W325,1.3
4935,W156,3.5
1158,W207,4.6
4147,W275,2.6
357,W340,1.9
4600,W198,2.0
4806,W267,3.2
2060,W301,3.1
99,W451,3.1
4173,W240,4.4
4558,W471,4.3
1187,W163,3.3
125,W48,4.4
1266,W84,2.8
1818,W329,3.1
459,W313,4.7
3026,W271,4.0
4778,W324,4.2
4557,W144,1.8
3421,W240,3.8
2724,W387,3.0
3350,W30,5.0
4665,W307,4.3
634,W81,1.8
3008,W459,1.2
323,W73,3.3
3970,W114,3.1
1059,W316,3.5
368,W26,1.6
2051,W326,2.1
1480,W140,2.8
958,W455,3.9
4098,W189,4.8
2198,W151,1.2
3012,W336,1.4
421,W276,4.7
1101,W478,1.0
1620,W63,2.1
712,W30,4.4
4632,W435,2.3
772,W62,1.5
3310,W224,1.3
4625,W110,2.7
3492,W448,5.0
4358,W347,1.6
358,W253,2.4
1207,W330,4.4
1649,W170,2.4
4795,W22,3.8
3562,W291,4.7
2447,W87,4.5
3020,W270,2.3
4260,W182,2.7
1541,W61,2.7
4511,W302,1.4
3250,W333,3.0
1293,W401,3.6
1320,W136,3.2
3261,W306,1.8
4595,W289,2.1
4816,W464,3.2
1684,W434,3.2
223,W124,1.0
2420,W343,1.3
77,W37,3.9
1512,W209,1.7
1310,W466,1.8
920,W200,4.1
2311,W138,3.8
4356,W16,4.5
4487,W305,3.8
4708,W294,1.4
767,W454,3.2
2425,W180,1.3
4661,W390,3.9
3843,W365,3.4
3525,W289,4.1
4880,W107,4.6
87,W310,2.5
3466,W356,3.1
1189,W342,4.6
2968,W454,4.4
2847,W362,1.7
1100,W226,3.0
4506,W325,2.6
696,W164,4.9
3754,W483,2.4
721,W427,2.1
3816,W80,1.7
2966,W491,3.8
4753,W487,1.9
2452,W392,1.3
3405,W95,4.0
4434,W468,2.9
2242,W437,4.4
1348,W330,4.7
4228,W211,3.0
4598,W147,1.9
1543,W296,4.3
3261,W185,3.7
3535,W331,3.1
1783,W54,4.2
3724,W365,2.5
1546,W413,2.8
3916,W413,2.3
1181,W315,5.0
3703,W110,4.1
1748,W112,2.5
2452,W399,2.7
547,W333,3.6
3187,W413,1.5
4186,W402,3.6
1805,W326,3.4
43,W183,3.0
3737,W143,1.2
4148,W114,1.8
2446,W278,2.4
526,W494,3.3
2885,W432,4.1
1390,W477,3.7
415,W170,2.8
4407,W166,1.3
3322,W51,3.3
3091,W444,2.7
4879,W30,4.3
3828,W322,4.0
312,W360,1.6
4826,W309,1.1
588,W437,3.3
626,W373,3.1
4498,W319,2.2
3694,W161,2.3
4940,W218,3.5
4757,W420,4.5
82,W204,4.4
4969,W394,4.5
1975,W441,1.3
3755,W57,1.8
474,W243,3.2
3814,W297,2.5
1146,W166,4.8
1396,W101,2.6
452,W403,4.8
4006,W229,1.4
1446,W268,4.0
54,W469,3.3
555,W178,2.6
3680,W352,1.9
1095,W17,2.6
3683,W315,3.8
3582,W69,4.7
3201,W432,3.4
165,W370,2.5
4847,W397,1.5
1088,W454,2.3
990,W48,2.8
1980,W388,3.5
4970,W415,4.5
720,W41,1.7
4566,W7,3.8
3424,W45,3.1
3821,W6,1.6
2781,W434,4.7
198,W79,2.4
2898,W114,4.5
3317,W191,2.5
406,W320,2.4
2526,W369,1.5
1805,W104,1.8
4086,W32,2.2
2616,W292,3.9
2053,W280,1.1
249,W473,1.8
1647,W238,3.3
3103,W367,4.3
1380,W455,2.1
2746,W471,3.4
3890,W211,4.2
2272,W414,2.7
3681,W354,4.7
3170,W228,4.1
4421,W109,2.2
4680,W198,4.5
846,W82,3.9
2489,W157,3.8
3343,W325,4.8
2904,W428,4.4
4019,W319,4.3
2991,W272,2.1
3489,W97,1.1
1906,W95,4.1
2821,W398,2.9
3079,W50,3.5
1914,W197,4.2
2347,W277,3.6
3337,W86,4.7
2606,W272,2.1
1039,W167,3.2
3870,W485,1.3
3859,W415,2.2
2139,W39,3.2
3319,W107,3.1
1736,W62,2.5
1059,W340,2.5
688,W334,4.1
3643,W161,3.2
4651,W312,4.6
558,W181,1.9
1864,W358,2.5
4142,W109,4.6
4683,W352,4.0
581,W102,2.3
2887,W360,1.3
4033,W35,4.2
44,W144,2.6
742,W81,2.9
2386,W120,1.4
2487,W262,3.0
2557,W401,3.4
967,W252,3.4
2427,W69,1.2
2285,W382,1.2
4510,W413,1.6
3997,W427,3.7
4919,W414,2.2
2073,W236,1.2
4463,W312,2.0
239,W103,4.0
2160,W47,3.8
2150,W391,4.6
3472,W124,1.4
783,W355,3.5
3940,W248,2.8
4427,W64,2.3
3561,W65,2.5
3067,W29,4.1
4963,W54,5.0
3841,W200,1.2
4624,W461,2.4
3658,W201,2.5
2363,W316,2.8
2566,W42,2.3
3216,W435,1.1
3402,W167,2.4
808,W105,2.5
269,W317,2.2
2765,W115,2.3
807,W386,3.2
3992,W257,3.6
395,W333,1.4
2755,W431,2.1
651,W36,3.4
4539,W216,3.6
4224,W390,4.2
228,W460,4.7
2424,W73,2.2
1489,W469,3.5
197,W449,4.4
1311,W406,1.8
4446,W372,1.6
4902,W187,1.3
166,W147,3.1
1338,W472,4.3
4118,W279,3.0
102,W311,3.4
3910,W11,3.5
2421,W38,3.1
1645,W178,1.6
3041,W304,1.5
4656,W448,3.8
691,W440,4.7
563,W172,1.7
4823,W181,2.3
3970,W366,4.8
390,W21,4.3
1303,W64,4.1
456,W386,1.6
123,W469,3.9
807,W259,3.0
2512,W61,2.9
1130,W358,4.1
3447,W330,4.1
9,W341,2.0
3157,W449,3.6
2919,W434,3.3
4129,W1,4.1
2571,W5,3.8
1576,W106,3.2
4656,W411,1.9
14,W383,2.2
1615,W7,3.4
369,W468,4.7
2300,W363,2.5
3776,W470,1.8
3269,W93,2.4
4082,W8,2.1
1185,W420,3.5
1604,W398,4.7
492,W342,4.0
1566,W479,2.3
2374,W439,1.2
3329,W63,1.4
4683,W369,1.5
3599,W331,4.8
4520,W410,2.6
4748,W74,5.0
3551,W61,4.2
2508,W82,2.0
4717,W265,1.7
1635,W51,4.7
4904,W493,3.2
2874,W201,1.5
3198,W287,3.8
35,W343,1.8
2990,W370,1.9
917,W407,3.6
4379,W164,1.0
648,W283,4.2
4794,W456,3.9
4027,W396,2.9
4353,W190,1.1
2667,W27,1.4
3618,W500,1.1
402,W298,4.2
3334,W306,1.3
4334,W359,3.3
1290,W285,1.2
4407,W484,4.8
345,W176,2.6
3758,W148,1.9
3515,W469,2.6
2198,W194,2.3
38,W99,3.3
4036,W372,1.8
4402,W400,4.6
3732,W63,3.1
1617,W304,4.9
2204,W102,1.3
4856,W149,1.1
2614,W285,2.4
4386,W410,5.0
3749,W389,2.6
1600,W248,4.2
2710,W222,2.9
1308,W227,2.8
921,W449,4.8
2889,W362,2.3
3079,W459,1.8
2692,W401,4.4
2976,W166,1.3
1120,W8,2.9
2040,W333,1.1
3393,W398,1.9
2758,W481,4.6
1958,W391,2.5
2715,W249,1.2
3682,W209,2.5
2702,W210,4.9
255,W44,3.5
2100,W270,2.3
4322,W189,2.2
4495,W63,1.4
1259,W154,1.5
2027,W472,3.8
4594,W72,4.0
3043,W221,2.1
3205,W449,2.0
75,W302,3.4
3291,W214,4.3
1701,W306,2.7
3986,W271,3.6
4646,W267,2.9
677,W170,2.3
949,W319,2.5
1964,W85,4.4
454,W92,1.5
2161,W259,4.7
2582,W196,4.6
2045,W488,5.0
4007,W31,4.2
4998,W146,5.0
325,W15,2.8
1506,W210,2.3
2577,W15,4.9
763,W171,1.4
2038,W8,2.8
4484,W413,1.2
3382,W98,1.9
4837,W128,3.6
658,W245,3.7
253,W265,3.5
3136,W483,4.3
2104,W465,1.3
2901,W100,1.7
1787,W375,3.7
1387,W409,3.3
625,W178,3.1
1863,W60,1.1
4667,W355,3.2
4336,W469,3.9
4024,W126,2.4
1327,W5,4.6
4439,W234,2.3
3596,W401,4.9
4323,W343,4.5
2125,W351,1.2
2195,W146,3.1
1394,W479,4.6
4916,W438,4.2
3392,W30,1.1
300,W73,1.3
2961,W428,1.3
3277,W79,4.2
3946,W249,4.9
4738,W109,4.4
3365,W124,4.5
1985,W421,1.3
2050,W355,3.2
1594,W231,3.7
1301,W91,2.3
1325,W276,2.5
3989,W386,4.2
3701,W380,1.5
1255,W97,1.6
487,W52,2.2
2169,W369,4.7
4604,W171,3.5
378,W31,3.4
1414,W402,2.8
379,W288,3.4
1038,W233,2.2
2644,W215,2.4
1270,W277,2.6
1847,W88,1.6
940,W447,3.8
1686,W348,1.3
1938,W281,3.3
334,W186,1.7
3562,W471,2.1
2475,W222,3.8
2410,W37,1.7
3935,W148,3.7
1045,W334,3.9
1820,W21,4.1
2100,W490,1.5
117,W256,3.7
8,W176,3.6
1702,W373,1.8
1210,W263,2.8
3836,W65,2.6
4341,W257,1.4
2055,W77,1.7
2339,W494,1.8
2461,W457,4.1
2506,W178,4.4
3424,W387,2.8
901,W70,2.5
3321,W492,4.7
2002,W464,1.4
3925,W207,1.3
2439,W109,1.5
247,W8,2.8
465,W31,2.9
218,W483,3.5
812,W80,2.0
4521,W225,4.2
2292,W242,1.9
1527,W437,2.9
537,W218,2.7
3996,W306,4.5
2634,W90,1.7
494,W230,2.7
2396,W481,1.2
4794,W185,2.6
4764,W490,3.2
4280,W123,2.1
1527,W260,2.4
3006,W181,4.8
4796,W208,2.1
2694,W361,1.7
4099,W113,1.0
1281,W117,1.9
897,W212,2.5
2121,W27,1.7
2224,W313,4.2
3155,W185,1.6
4058,W111,2.1
3429,W135,4.6
4725,W148,1.8
1377,W66,2.7
36,W15,1.2
749,W235,2.2
2048,W344,2.7
1385,W198,4.8
2219,W122,3.7
2527,W312,3.9
3015,W226,4.7
2359,W74,3.1
4973,W179,1.6
1761,W349,4.2
3896,W330,4.0
1125,W30,3.0
1845,W360,1.3
308,W219,1.9
3830,W243,3.6
2843,W204,2.5
4477,W98,1.3
514,W323,3.1
848,W400,3.0
4036,W489,1.2
1969,W393,1.9
2537,W108,4.2
4532,W354,3.5
904,W351,4.0
1598,W139,3.5
3299,W321,3.4
1252,W50,1.2
4601,W353,2.6
2507,W444,2.2
1052,W123,4.8
971,W157,3.5
2440,W482,2.6
4547,W477,4.5
2913,W267,1.3
2220,W95,4.6
1222,W185,4.2
4561,W94,4.5
3127,W27,4.6
2952,W421,1.1
4897,W299,2.5
3597,W239,4.7
3427,W148,1.7
557,W90,2.6
4678,W288,2.8
4234,W110,3.7
1694,W98,2.1
3700,W213,2.4
4924,W173,1.2
4826,W285,1.6
292,W322,1.8
1988,W121,3.4
3162,W157,5.0
2979,W255,2.4
3039,W317,1.6
2487,W165,3.7
258,W396,4.1
1407,W76,4.1
4384,W490,1.9
2165,W47,1.8
1260,W40,4.9
3739,W443,2.5
3133,W191,3.9
272,W216,2.3
4260,W483,1.3
524,W115,4.1
1268,W226,3.7
2347,W227,3.8
417,W220,2.7
2374,W234,4.3
3188,W384,3.0
1073,W55,3.5
2449,W341,1.2
3987,W489,2.3
2829,W74,1.9
2437,W213,3.3
693,W482,3.8
897,W281,1.5
1493,W310,3.7
4039,W354,3.7
2260,W135,3.9
3011,W408,3.5
4281,W232,1.9
3599,W324,3.1
2644,W67,4.3
4211,W233,1.5
4636,W337,3.3
1477,W364,1.3
4962,W439,4.0
2894,W29,1.6
2703,W220,2.0
3979,W228,3.3
1564,W240,1.6
3707,W31,1.9
3674,W359,2.0
1347,W173,3.9
4770,W224,1.1
4485,W25,3.1
106,W492,2.9
1124,W123,3.1
645,W453,3.1
1727,W283,3.5
544,W441,4.1
4916,W81,3.5
983,W448,2.9
2937,W36,3.7
3079,W56,4.9
72,W259,2.0
3791,W205,3.1
3951,W271,4.2
3470,W70,1.4
3582,W158,4.1
4502,W141,3.3
4618,W285,4.2
19,W251,2.6
2488,W40,2.2
2893,W17,3.5
3360,W220,5.0
2991,W159,3.5
1570,W483,1.7
1592,W454,3.7
3870,W312,2.8
1492,W331,2.4
666,W383,2.5
3650,W445,4.5
4381,W404,2.4
3575,W307,4.0
4052,W282,2.9
1778,W91,4.9
2002,W161,3.7
1091,W473,3.1
4219,W381,3.3
749,W350,2.4
1469,W413,1.2
4244,W110,4.7
4654,W373,5.0
4656,W479,4.3
825,W500,3.5
2425,W304,4.9
1354,W492,2.7
3335,W174,1.9
1722,W266,3.5
2098,W484,3.3
4004,W484,3.9
2173,W449,4.6
1699,W92,2.2
190,W485,4.2
1768,W317,4.6
3930,W484,1.0
3729,W283,1.3
3762,W233,2.9
1643,W470,2.8
4087,W198,4.1
4529,W492,4.5
4931,W414,4.2
1314,W81,4.3
4002,W223,2.4
87,W350,4.9
1728,W406,3.3
2129,W467,4.2
4818,W211,3.1
3569,W367,5.0
3524,W5,4.5
1830,W126,1.1
1801,W401,1.4
38,W368,2.9
4730,W80,2.2
4398,W360,4.1
3011,W487,4.4
4201,W231,4.8
3057,W479,3.6
2557,W193,2.7
2741,W339,3.2
842,W138,3.4
4344,W5,3.4
2005,W323,3.4
285,W97,4.3
3272,W298,4.9
4556,W192,1.1
487,W293,4.7
613,W155,3.2
4095,W381,2.7
4962,W184,1.1
4989,W8,3.3
738,W24,2.5
2664,W149,1.7
2362,W151,5.0
2867,W246,3.2
1304,W111,2.0
92,W185,4.3
3138,W267,3.1
406,W454,1.0
1343,W471,3.6
66,W93,2.5
2496,W264,1.3
4666,W190,4.8
2376,W86,4.2
3023,W125,3.3
364,W76,1.2
4258,W325,2.9
2871,W480,1.8
2863,W25,3.4
3824,W231,3.5
212,W272,4.9
4292,W76,2.7
4736,W480,2.9
3354,W43,3.6
4855,W299,3.0
1186,W5,4.1
1001,W214,3.1
940,W351,1.2
820,W447,3.5
4968,W220,4.5
1669,W226,2.6
4138,W286,4.1
344,W278,1.8
2198,W283,4.9
757,W92,4.1
2770,W192,2.7
4182,W313,4.5
2473,W448,4.1
1264,W317,4.9
4769,W70,4.1
2005,W274,3.1
3352,W108,2.6
1263,W451,4.4
4936,W424,3.3
78,W70,3.4
3839,W395,4.9
2785,W76,2.7
4022,W223,2.7
2279,W48,2.8
1662,W61,3.1
4145,W324,3.2
3999,W135,3.2
3707,W181,3.4
2286,W428,3.9
1409,W490,2.8
4064,W293,4.9
3770,W188,4.4
1467,W236,1.4
3951,W111,3.3
399,W28,3.4
3113,W268,4.5
3522,W114,3.9
3676,W101,1.3
4606,W264,2.7
352,W473,3.6
3513,W45,2.7
4237,W414,4.4
4655,W199,3.1
486,W450,4.6
2121,W169,4.2
2141,W102,3.7
4073,W101,2.6
3456,W388,4.1
4744,W374,2.6
1400,W57,3.4
3009,W309,2.9
3260,W231,3.1
1265,W315,1.5
2888,W314,2.8
2647,W48,2.2
3181,W402,4.0
2893,W81,4.8
4653,W477,1.1
572,W108,1.0
978,W395,2.1
2565,W67,1.9
2713,W135,1.9
3941,W92,2.2
1075,W249,3.3
2038,W491,1.3
750,W111,4.1
1695,W450,1.6
377,W192,4.4
4803,W171,1.9
3750,W130,1.8
4588,W442,3.4
1821,W414,4.2
4838,W71,2.7
2746,W158,2.0
2346,W448,2.5
2930,W234,3.0
26,W447,4.2
4722,W388,2.8
3006,W265,4.6
2689,W146,2.5
1010,W27,2.8
4137,W224,3.4
960,W143,3.2
57,W100,4.8
4897,W405,1.7
4435,W311,2.9
4774,W228,2.9
4250,W72,4.6
3438,W42,3.6
4931,W446,2.2
2972,W220,1.2
3786,W346,2.4
1462,W313,4.8
564,W378,3.4
1465,W272,3.7
4937,W77,1.3
3091,W488,1.4
3932,W360,4.4
1844,W96,3.5
4287,W421,2.9
2787,W49,4.8
4427,W20,4.5
1946,W9,3.1
145,W38,1.8
3112,W85,2.2
772,W332,2.1
2753,W212,3.4
1490,W352,2.2
4982,W401,4.0
2486,W430,3.7
390,W308,4.4
4034,W403,4.7
3788,W55,1.2
4411,W299,1.6
2212,W107,4.7
3184,W248,2.5
2238,W22,3.5
4005,W70,1.0
4520,W86,3.7
3460,W35,2.0
4714,W113,1.1
2265,W174,4.0
4196,W29,2.6
2195,W364,2.7
2632,W116,4.8
3727,W159,2.4
755,W82,3.5
3848,W201,4.8
1495,W360,1.2
4559,W328,4.7
1020,W466,3.5
793,W324,4.2
2886,W270,2.0
2803,W117,2.0
2119,W188,2.4
3765,W454,3.7
650,W19,1.4
3486,W135,1.4
4159,W449,4.7
775,W74,1.5
571,W431,3.5
2565,W159,2.8
1292,W77,4.1
3426,W237,1.4
2710,W281,3.4
757,W220,3.3
571,W89,2.5
2215,W155,2.8
1120,W408,1.0
4856,W492,2.9
3350,W437,3.9
2332,W11,1.6
554,W209,2.9
4243,W434,1.6
2649,W20,3.2
2703,W330,2.3
4428,W220,1.8
2686,W49,1.0
3547,W123,3.4
1423,W68,1.6
1450,W81,1.3
4206,W51,1.8
4748,W251,1.1
2074,W36,3.2
3891,W262,2.6
1337,W122,4.5
2335,W409,1.6
3839,W288,3.5
2449,W129,4.1
3382,W479,3.6
1342,W347,1.6
3128,W216,2.0
3491,W264,2.1
2155,W327,2.3
173,W467,3.6
4391,W29,3.9
2097,W72,3.0
4173,W431,1.3
3834,W141,1.8
2612,W78,2.1
2831,W96,2.9
1261,W107,1.8
2614,W381,3.0
2850,W153,4.2
345,W231,2.9
3305,W434,1.8
3111,W72,2.1
4014,W172,4.0
4025,W484,1.9
1176,W423,4.2
691,W180,1.4
3362,W497,2.7
1641,W434,4.2
2580,W499,4.9
23,W107,5.0
732,W338,2.7
3556,W86,3.7
1858,W363,2.0
3973,W429,1.0
4218,W417,1.0
3782,W392,4.1
3648,W172,4.9
215,W404,3.8
3559,W395,4.2
3907,W145,4.2
4503,W472,2.2
88,W30,3.0
2150,W65,4.5
3047,W184,3.2
766,W340,3.1
272,W267,3.7
3740,W318,2.8
4976,W311,1.0
4770,W45,4.4
1078,W13,2.1
2157,W154,4.3
117,W483,2.7
3348,W354,4.5
1412,W442,3.2
1799,W374,4.1
630,W215,3.2
3037,W320,3.8
2603,W316,3.2
3818,W142,4.1
4896,W322,2.3
3627,W481,4.4
3693,W463,4.5
2627,W483,2.0
135,W160,3.8
993,W459,4.4
653,W427,3.0
4037,W282,1.5
3312,W339,4.4
487,W175,2.1
2863,W495,1.6
4376,W269,3.4
255,W260,2.9
3643,W479,1.8
2232,W169,3.7
4843,W146,4.5
2358,W28,1.1
4737,W483,1.2
3198,W245,3.7
907,W497,4.0
4289,W311,4.7
3865,W392,1.9
4803,W325,2.9
430,W101,3.4
3371,W356,1.5
4461,W180,1.3
850,W4,4.5
3820,W385,2.2
270,W142,2.7
128,W142,2.5
2735,W336,1.4
2133,W110,4.3
1204,W33,4.8
750,W344,3.9
3596,W69,4.0
3891,W246,2.1
1448,W182,3.8
2612,W448,4.8
2293,W311,2.3
4218,W255,2.8
2718,W341,4.6
3367,W420,3.4
193,W446,2.0
138,W223,4.3
1526,W272,1.6
2752,W478,3.8
3138,W302,2.6
1553,W221,4.9
2392,W129,4.8
2237,W117,3.1
3815,W482,3.0
606,W326,1.6
1232,W361,4.5
4876,W490,2.3
1602,W166,1.6
2629,W110,2.4
3978,W23,1.2
4290,W148,2.9
89,W160,4.9
790,W381,1.3
63,W462,1.4
4748,W25,3.9
1136,W341,3.8
1679,W165,1.6
4354,W188,1.6
261,W18,1.5
2098,W272,3.6
2138,W222,3.5
54,W141,1.2
2211,W348,1.9
2378,W21,2.9
4057,W149,4.1
2675,W29,5.0
3878,W296,1.2
147,W328,1.9
1929,W462,4.8
3846,W456,4.0
1415,W34,1.6
1302,W482,3.1
3773,W374,4.7
2816,W38,4.5
3636,W352,3.1
654,W100,1.7
4281,W418,1.1
1451,W151,1.9
675,W495,3.8
3675,W250,2.5
680,W305,2.0
636,W315,1.8
573,W376,1.9
4677,W264,1.5
1946,W132,4.0
4753,W445,2.0
4056,W489,5.0
2016,W280,3.0
1894,W247,1.8
4767,W68,1.3
546,W488,4.4
4923,W47,1.9
2900,W465,2.5
4177,W277,4.0
477,W447,3.9
2883,W343,1.7
3025,W404,4.3
629,W248,2.0
2681,W42,4.1
552,W496,1.8
667,W308,4.2
2913,W323,3.5
4995,W183,2.2
4257,W162,3.9
46,W379,3.7
4260,W60,3.3
3110,W235,1.0
4716,W349,3.9
4250,W25,1.6
3572,W246,1.2
3693,W170,3.5
484,W241,3.4
4629,W432,2.2
2518,W432,2.5
4502,W411,5.0
2273,W442,1.4
2023,W235,2.1
8,W328,3.5
2751,W211,3.8
3041,W178,1.4
4964,W169,2.6
3223,W404,3.9
779,W486,1.6
769,W243,3.6
2669,W104,3.8
4098,W33,3.2
927,W373,2.6
4309,W337,4.6
4207,W186,1.5
3245,W206,4.5
2065,W107,4.6
68,W344,4.8
996,W314,1.4
3595,W224,1.8
3265,W406,4.3
3915,W357,3.2
2482,W54,3.6
3642,W238,4.3
3349,W366,3.4
4709,W41,4.0
4786,W172,4.2
1054,W64,2.6
2832,W226,1.1
286,W158,3.3
4248,W61,1.5
2006,W15,2.7
3148,W349,4.0
1298,W395,2.3
2645,W491,4.9
3074,W369,3.7
3659,W75,1.7
2969,W369,1.5
80,W104,4.2
387,W35,2.6
3499,W486,1.1
3605,W105,1.6
4833,W390,3.0
4294,W10,3.2
1056,W28,4.0
2459,W373,2.3
4481,W141,2.2
1623,W158,2.6
4413,W140,4.9
2619,W131,4.2
1171,W258,2.6
1945,W146,3.6
1287,W215,1.5
817,W100,4.7
3428,W87,2.9
1556,W428,3.0
2799,W366,1.1
2240,W280,4.0
4246,W220,3.3
339,W490,3.4
2055,W388,3.1
2267,W15,1.2
2172,W396,3.0
96,W60,3.7
1351,W103,2.5
2829,W256,1.9
69,W488,4.0
3473,W78,2.8
2780,W434,4.7
4491,W82,2.1
3808,W273,3.6
2396,W262,1.4
2550,W76,3.7
4672,W307,2.6
591,W143,3.9
4766,W117,4.7
2343,W126,4.2
3540,W365,1.0
4100,W42,4.4
822,W364,1.5
1551,W440,1.1
3665,W371,2.8
3025,W31,1.7
2980,W278,1.0
3613,W173,4.4
4869,W350,1.5
4761,W437,3.9
4055,W427,1.4
2286,W340,5.0
1095,W261,4.6
4887,W333,3.7
2214,W104,2.4
1628,W133,3.5
3474,W170,2.9
2007,W491,3.0
332,W285,4.0
1649,W192,4.9
1094,W414,3.0
934,W69,3.8
2089,W15,1.8
3062,W233,2.6
1299,W5,2.8
1150,W499,4.5
3096,W120,1.1
2303,W303,1.9
2106,W291,4.2
360,W12,1.3
4446,W295,2.2
2953,W463,2.3
4829,W36,3.7
4635,W486,4.8
3544,W252,3.5
3820,W488,1.3
3639,W171,4.5
4827,W456,3.0
2027,W175,3.9
125,W181,5.0
2793,W308,1.5
2509,W12,5.0
3455,W10,1.5
2636,W241,3.3
3006,W151,2.5
3068,W179,2.9
3497,W345,1.9
636,W336,2.1
3172,W212,4.5
1651,W324,3.2
223,W442,4.6
1661,W372,3.3
3651,W499,4.4
2623,W182,2.0
3566,W286,4.5
4432,W458,1.8
3276,W47,1.4
939,W175,3.7
782,W349,3.1
3309,W138,4.2
3991,W114,1.5
1188,W441,3.4
3556,W106,2.6
1836,W404,1.4
3508,W216,1.3
2633,W333,3.4
2280,W434,3.8
3233,W332,4.3
2398,W473,1.4
1182,W192,4.7
2989,W489,3.9
4348,W367,2.0
2811,W382,2.4
4529,W136,5.0
2552,W154,1.3
119,W292,4.7
819,W420,3.0
3173,W50,4.0
1583,W292,2.7
4824,W21,3.6
3211,W79,3.3
4058,W336,1.8
1269,W82,1.1
1068,W119,4.9
4325,W95,1.9
3698,W379,1.2
3215,W210,1.7
1698,W360,1.5
3253,W493,1.6
2548,W310,2.8
3888,W438,3.1
1174,W442,4.2
4925,W170,3.1
2224,W283,2.4
2198,W70,2.9
2895,W474,2.9
710,W348,3.9
829,W414,1.6
2820,W4,2.8
2523,W31,1.1
2247,W198,3.2
1257,W331,4.0
949,W290,1.0
3189,W20,1.4
3914,W70,1.3
1055,W234,1.8
2448,W50,4.9
3999,W224,3.5
3614,W241,1.1
4638,W274,4.6
1130,W28,3.6
4673,W152,2.2
3071,W41,4.3
637,W257,1.3
3300,W123,1.2
2574,W190,2.6
4101,W470,2.6
4013,W361,2.0
2171,W117,2.0
2782,W188,4.0
4001,W170,3.1
504,W419,2.2
2311,W447,1.0
2265,W303,1.9
104,W326,1.6
1421,W267,4.2
2741,W409,4.2
3690,W80,4.2
3653,W261,3.1
709,W228,3.1
657,W135,4.3
717,W215,4.4
960,W51,4.3
1915,W426,2.5
3568,W368,3.7
1023,W337,1.6
2688,W300,1.7
3654,W481,3.5
3625,W245,3.2
3503,W371,3.3
2292,W421,1.6
23,W252,2.6
2111,W388,4.0
4888,W149,3.2
4594,W459,2.3
2053,W296,2.4
3742,W368,1.3
1928,W165,3.4
3339,W126,4.9
2788,W363,2.9
3603,W374,2.0
2981,W27,1.1
347,W282,4.1
2223,W70,4.0
872,W146,2.4
4049,W342,5.0
371,W143,4.5
3593,W121,4.6
4633,W148,1.7
4552,W410,3.2
1104,W170,4.2
1792,W213,2.1
2553,W118,3.7
4113,W437,2.3
1536,W473,3.9
288,W145,3.0
3914,W499,4.5
1223,W42,1.7
4960,W168,4.1
2477,W275,4.6
4360,W107,4.4
651,W152,3.7
3343,W251,2.9
3114,W27,4.5
2410,W4,4.1
3906,W256,2.7
4684,W207,3.8
4927,W230,3.8
2954,W249,4.3
3421,W441,4.7
4008,W426,5.0
2991,W21,1.7
897,W365,1.5
432,W432,3.8
1903,W329,4.9
4004,W243,1.0
324,W131,2.7
307,W439,3.2
2059,W486,1.2
618,W388,1.9
1992,W469,4.7
507,W461,1.6
1366,W72,1.2
3096,W106,2.6
3884,W213,3.9
1550,W351,2.8
756,W382,1.1
2617,W438,4.8
3932,W24,2.3
4511,W430,1.5
2751,W489,4.2
4602,W61,4.8
2592,W383,1.3
3678,W288,3.5
150,W209,1.4
3960,W491,2.7
755,W210,3.6
1429,W437,4.3
1077,W144,2.1
2348,W109,1.6
3499,W28,1.8
799,W287,3.5
3778,W91,1.9
3970,W40,3.7
3277,W7,1.8
507,W302,4.1
1716,W13,1.4
3422,W479,4.8
4430,W303,2.3
369,W222,2.9
4675,W44,1.2
1679,W377,3.9
366,W191,3.1
4425,W269,1.5
2566,W299,3.7
1417,W276,1.1
3434,W304,1.7
2866,W381,4.1
3156,W109,1.6
1018,W189,3.3
3771,W45,4.6
4345,W471,4.6
3854,W179,4.8
2520,W178,1.7
4270,W78,1.7
30,W231,4.6
1891,W200,4.5
4465,W409,1.2
1448,W109,3.0
354,W48,3.0
4132,W260,3.7
2014,W405,3.0
252,W86,3.1
1222,W484,1.9
2871,W264,3.6
963,W152,1.6
3277,W16,2.7
3870,W420,3.2
1096,W80,1.2
2975,W136,4.6
2531,W160,1.8
4157,W361,4.7
3513,W330,3.6
2649,W318,3.6
3851,W210,3.1
3949,W500,3.8
331,W459,2.2
943,W134,1.5
16,W113,2.0
426,W375,2.7
1630,W152,4.6
417,W152,2.2
2075,W98,3.7
4005,W13,2.9
601,W391,4.1
3899,W274,2.3
2098,W152,4.1
555,W105,3.0
22,W210,2.0
239,W282,1.9
947,W126,3.0
1591,W90,4.5
3190,W262,4.5
1555,W409,3.8
4354,W233,2.1
985,W204,3.0
3110,W181,1.6
4659,W409,4.3
3583,W52,2.7
3453,W264,2.6
2675,W191,2.3
2720,W132,2.4
685,W1,4.1
2006,W345,1.5
4278,W346,4.8
2319,W457,2.8
4690,W5,2.4
3691,W281,4.4
429,W433,1.8
3297,W364,2.6
3064,W255,1.5
3732,W2,2.4
3181,W209,4.6
1175,W363,1.9
1877,W73,3.4
707,W161,4.4
2896,W8,4.3
4210,W163,4.4
2563,W487,1.4
78,W412,4.5
2835,W378,3.8
4473,W219,1.6
3653,W468,3.6
773,W51,2.2
1600,W450,2.4
2920,W397,3.0
2395,W485,2.2
3882,W84,3.7
550,W39,4.5
3319,W309,4.9
3840,W289,4.4
969,W308,4.6
775,W109,3.1
1739,W180,2.6
815,W63,3.0
4935,W344,2.3
624,W56,2.6
1268,W289,1.8
3696,W150,4.0
310,W346,4.6
3224,W68,4.5
1061,W492,3.6
4236,W196,4.8
171,W395,2.5
1034,W17,1.9
887,W97,4.0
716,W305,2.5
1371,W258,1.9
3601,W12,2.8
1171,W358,4.1
3104,W269,2.4
4810,W108,3.7
4776,W256,1.7
1928,W74,1.6
4481,W360,1.5
545,W491,1.9
975,W232,3.3
1837,W473,2.4
731,W164,4.5
3750,W346,2.7
47,W47,2.7
4037,W219,4.1
2660,W108,3.3
2809,W491,3.2
2385,W226,1.7
3499,W65,1.3
2046,W428,2.1
2241,W214,2.9
786,W471,1.6
1099,W167,1.5
455,W205,1.0
3475,W380,3.0
2556,W247,4.1
2362,W363,1.4
1650,W481,3.8
1878,W341,2.9
1101,W433,3.5
2310,W45,1.2
2291,W268,4.5
482,W226,4.0
4794,W347,3.5
4494,W391,1.5
1666,W17,3.6
263,W93,3.0
4115,W173,1.0
4027,W255,3.6
1522,W258,4.9
3917,W144,2.8
482,W485,2.6
3350,W96,2.4
2301,W414,3.3
2058,W322,3.5
2279,W144,3.4
588,W367,2.8
3962,W138,4.1
2655,W163,2.0
1449,W126,2.4
3163,W241,4.9
4580,W91,3.1
4296,W381,3.7
877,W176,3.2
3032,W484,1.5
521,W361,1.1
4046,W95,3.7
4054,W293,4.4
159,W393,3.2
4582,W430,3.4
4786,W486,3.4
3684,W249,2.2
3860,W459,2.8
3453,W424,3.7
952,W434,1.1
4746,W188,4.1
3503,W58,2.6
1294,W250,3.7
1968,W479,2.4
3351,W418,4.5
1001,W466,3.4
1593,W140,1.2
27,W310,4.7
3806,W401,2.8
3293,W261,3.1
1076,W283,1.1
2031,W190,1.2
1322,W89,3.5
4669,W244,2.4
4390,W18,3.0
3805,W333,4.6
2295,W488,3.5
4156,W254,4.8
4212,W20,1.5
2064,W168,3.8
3193,W35,4.1
4714,W306,1.6
2294,W423,3.8
1574,W52,3.1
3650,W106,3.8
1442,W64,4.9
3125,W22,3.7
4174,W256,2.6
2481,W497,2.6
1646,W300,3.4
3403,W59,3.8
3293,W433,3.7
2849,W239,1.4
2633,W35,2.9
3046,W200,4.8
1358,W295,3.5
653,W345,4.5
800,W222,4.9
2023,W73,4.0
2287,W313,2.9
1081,W391,2.9
201,W294,3.0
2833,W10,4.2
979,W93,4.4
1919,W359,2.5
1938,W362,3.3
3787,W263,3.3
1153,W162,4.7
248,W455,3.5
128,W465,2.3
182,W383,1.7
991,W363,2.9
975,W461,2.9
3442,W312,4.7
2233,W158,1.2
1482,W74,1.5
3256,W313,1.4
914,W372,4.5
780,W322,1.4
1753,W311,2.5
3984,W415,2.2
625,W171,4.0
2252,W465,2.9
2225,W396,1.9
3453,W307,2.0
3854,W468,4.0
1358,W463,2.8
4201,W159,2.5
3273,W253,4.0
2937,W328,2.1
1442,W173,4.2
3257,W23,3.0
2937,W174,3.7
4440,W388,2.0
1941,W405,3.7
469,W180,2.2
687,W151,1.1
2203,W334,2.1
4124,W73,4.4
4142,W224,2.5
2418,W171,3.5
2603,W202,4.1
4161,W457,1.4
4725,W425,1.7
2958,W284,2.9
1694,W343,2.1
2761,W235,2.1
521,W482,3.4
3615,W461,4.2
1464,W335,4.4
4491,W287,4.2
4090,W395,2.9
4744,W125,2.5
3378,W96,2.6
3846,W149,1.3
3748,W1,4.9
1932,W308,2.3
2656,W456,2.3
3508,W242,2.8
930,W55,3.6
831,W321,3.2
2900,W127,3.3
3300,W441,2.7
3506,W287,4.5
401,W169,2.4
3956,W425,1.1
3331,W291,4.9
2275,W315,3.1
385,W126,3.7
3205,W337,3.7
4280,W24,2.1
2063,W285,2.5
2249,W470,1.3
440,W407,4.3
629,W347,4.8
3937,W104,1.6
1009,W241,4.6
565,W500,3.2
486,W145,1.5
558,W435,2.1
3126,W171,1.0
4086,W142,2.1
664,W326,1.6
4213,W101,2.6
2468,W221,3.5
81,W432,4.4
3932,W31,1.3
4444,W178,4.4
756,W272,3.3
1568,W267,2.4
4562,W273,1.1
500,W59,3.3
4763,W474,3.9
2644,W357,2.8
4296,W20,3.1
960,W392,2.8
435,W89,1.4
1271,W187,1.7
2191,W326,2.3
2997,W110,2.3
1645,W378,3.8
3251,W150,4.7
1169,W12,3.4
2717,W374,3.2
3733,W95,2.8
568,W440,2.9
4279,W338,4.7
3383,W450,2.5
113,W426,4.6
3119,W378,2.3
2264,W471,4.3
334,W316,4.7
735,W88,1.9
1229,W132,2.4
1502,W230,3.3
959,W343,4.6
4674,W220,4.1
147,W245,2.3
3125,W306,3.7
4535,W234,3.6
4798,W472,2.4
1579,W139,4.1
2047,W161,1.1
3642,W426,4.1
274,W220,3.0
2590,W241,3.7
2595,W52,1.9
1387,W171,4.6
1983,W116,4.9
1697,W80,3.4
2292,W115,2.7
1100,W45,3.3
184,W300,1.6
4886,W9,3.3
2581,W247,2.6
249,W148,4.9
1642,W39,2.7
4956,W414,3.5
2476,W435,2.0
4239,W459,1.6
4007,W109,2.9
906,W267,3.6
654,W249,1.5
1901,W457,2.4
644,W175,4.1
1335,W278,2.3
775,W417,4.2
3429,W205,2.5
4188,W11,2.2
4821,W371,2.0
2264,W152,4.0
2418,W378,2.7
4238,W80,3.3
4943,W447,3.9
4156,W171,2.6
463,W406,1.7
1261,W140,4.9
3686,W151,3.4
913,W233,1.4
1719,W44,3.1
1292,W362,1.0
4493,W470,4.6
156,W187,3.0
448,W270,3.5
4676,W302,3.9
3463,W220,4.1
2386,W78,1.1
1472,W296,2.4
1992,W277,4.9
3105,W281,3.4
4989,W242,3.3
4238,W185,1.7
980,W417,1.1
909,W67,1.2
1144,W199,2.4
4556,W335,1.8
2831,W49,4.2
2983,W273,1.3
4074,W411,3.6
378,W332,1.1
1558,W394,2.3
712,W484,1.7
4754,W273,2.6
3132,W436,1.5
1705,W442,4.5
1294,W153,3.8
4733,W68,2.7
562,W120,1.6
4774,W78,3.9
974,W478,1.3
93,W135,4.5
4577,W208,1.7
4976,W97,1.1
2411,W298,3.2
4932,W97,1.7
840,W448,4.4
180,W151,4.9
1854,W348,4.4
1045,W31,2.9
2854,W381,1.8
1166,W299,4.9
4141,W257,4.7
1574,W133,4.7
4818,W50,4.7
4326,W221,1.4
3797,W419,2.6
4392,W494,1.6
4313,W135,1.1
1874,W475,2.2
3692,W166,2.8
1060,W485,1.4
591,W359,1.4
3227,W57,3.6
9,W308,4.3
1162,W45,4.3
1868,W382,1.9
3530,W249,4.5
4477,W214,4.6
4219,W437,4.2
846,W196,3.1
2778,W134,3.3
3399,W110,2.1
1462,W339,1.5
1241,W446,1.1
886,W494,2.1
3765,W158,2.9
4716,W345,3.0
1019,W268,4.7
1204,W29,1.4
1695,W286,4.0
3237,W200,1.1
4459,W320,3.2
2819,W90,3.8
4056,W252,4.8
2509,W6,2.1
3973,W230,3.8
3541,W82,4.0
3423,W342,3.1
1509,W431,3.1
2154,W385,4.3
141,W34,4.1
2694,W490,3.8
3451,W371,1.0
762,W331,3.5
1361,W327,1.5
3931,W227,1.3
2633,W306,1.3
1717,W349,4.5
1071,W52,3.9
2066,W377,3.4
4319,W212,4.1
371,W404,3.6
2802,W414,1.2
4859,W291,3.7
345,W153,1.9
3219,W308,3.1
3435,W101,2.5
4831,W409,5.0
4851,W316,1.2
2245,W271,1.2
3712,W84,4.4
1110,W152,4.5
21,W434,3.4
4545,W283,4.6
1925,W197,4.9
2525,W165,3.0
1174,W294,2.7
1056,W55,3.3
4453,W363,4.0
2819,W36,1.4
2145,W377,2.2
3310,W294,2.7
1464,W106,1.3
1519,W342,3.4
3886,W305,4.0
1718,W434,4.7
2996,W62,3.2
1115,W468,1.5
1391,W277,3.0
2663,W72,4.1
999,W300,1.0
1409,W43,3.7
3056,W300,1.1
3356,W35,4.8
4875,W481,2.4
3245,W491,3.6
3160,W113,2.4
1126,W500,2.3
3391,W407,3.2
3132,W109,3.2
4964,W447,1.1
876,W153,4.2
1932,W422,3.3
3399,W84,1.9
1894,W360,2.0
707,W340,2.4
3836,W279,4.3
1763,W187,4.2
3912,W150,4.2
19,W396,2.0
1955,W404,1.4
2919,W33,4.4
3130,W263,1.2
436,W455,3.6
2033,W3,3.1
4581,W79,4.2
2468,W266,1.8
4929,W259,2.9
3377,W348,3.5
4712,W275,2.2
1540,W43,3.5
1776,W211,2.2
4215,W440,1.6
869,W116,1.7
1607,W374,2.0
1414,W406,3.0
2459,W34,2.6
426,W449,1.5
4730,W103,4.5
1054,W185,4.4
291,W127,1.0
3823,W359,2.0
230,W119,4.9
1600,W381,2.0
1369,W159,3.2
1783,W484,2.7
2293,W420,4.1
3951,W16,4.8
1766,W372,3.6
1661,W235,1.7
3265,W102,4.3
3435,W464,4.0
2555,W232,2.7
596,W365,3.5
1623,W47,4.5
2488,W2,4.9
2909,W440,1.2
399,W169,2.2
1439,W170,4.8
850,W304,2.4
1957,W436,3.9
3812,W303,4.1
2249,W288,3.1
2781,W294,3.3
2715,W43,4.2
3899,W325,4.9
4984,W373,2.9
3980,W160,2.1
4586,W270,4.6
861,W450,2.8
244,W343,3.5
3967,W411,1.4
4148,W370,1.4
2757,W466,2.6
2224,W479,2.6
1691,W495,1.2
4116,W32,3.6
1025,W409,4.7
2958,W436,2.4
4083,W192,4.1
2407,W320,1.2
222,W127,2.6
4162,W109,4.8
1789,W101,4.5
2577,W335,2.6
592,W489,3.6
3005,W269,4.5
3229,W329,4.6
4623,W242,1.2
64,W429,3.3
258,W285,4.8
1792,W477,1.5
2595,W250,1.3
301,W175,3.6
1900,W78,1.0
2367,W340,1.5
2533,W445,2.4
4366,W481,4.8
4455,W167,3.6
307,W338,2.2
208,W187,1.5
3947,W149,2.2
4004,W386,3.9
2743,W74,4.7
3623,W98,2.1
3793,W280,3.2
336,W229,1.0
1084,W228,1.1
447,W483,2.6
4332,W425,1.2
3334,W214,1.6
1249,W426,3.1
1804,W332,4.4
1614,W127,1.2
929,W401,4.1
3672,W449,1.4
1707,W119,3.2
1147,W425,1.2
270,W128,4.0
4718,W90,4.2
219,W357,4.6
2460,W77,1.5
2597,W187,1.2
3356,W23,1.3
3667,W235,1.5
2722,W135,3.9
294,W434,3.3
1583,W228,3.4
1464,W345,2.4
4013,W391,1.1
3360,W258,1.2
1349,W53,4.3
107,W156,4.8
2822,W177,1.2
2417,W201,1.2
3056,W217,1.2
3745,W424,2.2
411,W483,5.0
184,W481,3.7
4836,W94,4.7
4148,W409,3.4
355,W86,4.5
514,W160,2.6
3890,W178,2.1
3112,W122,1.2
3147,W190,1.3
96,W268,1.8
4763,W194,4.4
2883,W401,1.1
4116,W4,4.8
4852,W205,2.4
209,W481,4.4
643,W402,3.2
2907,W203,3.8
4923,W21,1.3
4993,W78,2.1
524,W101,2.3
3667,W433,5.0
3743,W36,2.3
3937,W127,2.2
460,W237,1.3
1108,W249,1.5
69,W372,4.9
4075,W210,4.1
299,W112,1.1
1599,W322,3.3
4657,W427,3.0
1674,W220,2.0
4882,W415,1.4
874,W350,3.4
3818,W370,4.9
4333,W59,4.8
998,W110,1.4
858,W387,4.1
4949,W359,2.1
2627,W18,4.8
2678,W127,4.7
1026,W295,2.7
407,W487,4.2
3689,W374,3.9
4393,W290,1.6
2436,W231,3.8
1155,W356,2.5
763,W398,3.1
2408,W294,2.0
3955,W388,3.6
2320,W45,2.3
2461,W331,4.8
921,W17,1.5
2957,W37,4.1
4981,W92,2.3
3958,W31,4.3
4258,W299,2.5
2101,W293,3.6
4847,W294,4.9
1176,W305,3.4
4858,W497,1.2
4193,W473,2.6
38,W433,3.1
4878,W422,3.1
4974,W340,3.0
4535,W135,4.2
3189,W474,3.8
2818,W333,2.0
2234,W300,4.3
4008,W289,1.7
3558,W404,5.0
2350,W243,3.8
1285,W190,3.7
2307,W185,3.4
2225,W12,2.6
3791,W269,1.9
3842,W49,1.5
1213,W183,4.5
2938,W343,1.1
4454,W448,1.5
1419,W244,2.6
214,W173,3.7
4687,W488,4.9
4538,W357,2.0
4044,W227,2.7
2229,W116,3.3
4436,W165,3.5
1487,W205,1.4
181,W379,1.9
1654,W104,1.8
4041,W176,1.7
2146,W297,4.0
181,W125,1.4
1095,W187,1.6
2990,W160,3.9
1828,W107,3.4
4460,W413,2.6
3708,W488,2.4
2943,W138,4.7
1061,W349,1.2
1751,W294,1.8
4228,W473,4.2
2518,W20,3.5
2097,W383,3.1
1776,W153,3.9
3238,W14,2.9
3769,W338,2.8
1942,W403,3.4
2540,W188,1.4
2723,W124,4.0
3037,W232,2.4
1086,W438,2.3
2450,W225,3.0
249,W30,4.5
4189,W39,1.1
709,W5,3.6
2806,W273,1.4
4022,W245,3.8
12,W148,3.5
313,W70,4.0
1230,W413,2.1
4540,W162,1.2
4668,W435,1.4
364,W152,4.0
41,W92,4.7
2451,W103,2.5
3506,W397,4.7
2518,W465,2.4
1547,W483,3.8
2562,W289,1.3
114,W417,1.9
4890,W154,2.8
231,W132,1.4
1632,W250,2.6
317,W95,2.2
708,W190,3.6
1423,W237,4.4
4875,W87,3.8
663,W464,1.2
3804,W186,2.7
1627,W105,4.2
751,W361,4.0
2912,W173,3.9
4866,W300,1.6
4619,W433,1.2
1201,W16,1.2
3605,W33,2.9
3042,W260,3.7
698,W407,2.6
3401,W135,1.9
451,W109,5.0
2522,W130,3.2
1405,W34,4.1
4892,W260,4.7
3755,W406,1.6
4934,W258,2.0
1606,W270,3.9
1281,W153,1.0
4584,W13,2.0
3270,W341,4.9
3958,W106,4.1
4313,W11,3.4
3964,W193,5.0
1084,W448,4.1
3385,W461,3.3
4451,W431,2.2
2154,W164,1.7
3599,W434,2.8
1389,W161,4.9
4107,W44,1.2
728,W170,4.6
344,W103,4.3
3069,W390,1.2
769,W418,2.7
3674,W470,3.8
1165,W490,2.0
1678,W437,1.7
3153,W32,3.3
258,W397,3.1
718,W398,2.6
3800,W265,3.0
3705,W425,4.8
4517,W329,4.5
1067,W114,4.1
3912,W252,1.5
64,W102,1.1
774,W37,4.0
409,W293,3.0
159,W158,3.2
1117,W429,1.8
4305,W122,1.1
4200,W466,2.7
1733,W419,3.8
1748,W342,1.3
4637,W260,2.1
413,W262,3.7
3836,W15,4.9
2832,W329,4.2
4413,W407,3.8
144,W450,1.9
4863,W250,1.5
4670,W36,3.1
1494,W15,2.0
2795,W465,4.3
1019,W456,1.7
256,W279,3.9
3929,W305,1.2
2593,W137,2.7
3509,W339,2.1
3564,W393,4.3
1144,W109,3.8
1761,W330,2.2
2800,W9,2.3
5,W19,1.9
145,W499,2.1
916,W124,2.2
4364,W437,3.3
1313,W293,3.6
2160,W473,3.1
535,W479,1.5
2076,W101,1.6
3195,W252,4.8
2942,W470,1.6
4235,W385,2.1
678,W336,4.5
4164,W349,3.3
1202,W270,3.7
1132,W374,4.3
1007,W296,1.9
2987,W419,3.2
1507,W96,2.6
3525,W426,1.3
2076,W406,3.6
4821,W149,1.7
3831,W390,4.0
958,W86,4.6
664,W279,4.1
1222,W363,3.6
321,W312,2.5
2698,W290,3.5
4944,W3,3.3
1579,W374,2.2
2455,W476,4.9
1706,W415,1.8
1097,W40,1.4
2721,W163,5.0
46,W30,4.3
2149,W301,2.3
870,W330,4.8
3950,W32,3.8
1423,W141,1.1
631,W438,4.7
370,W499,1.4
2830,W489,3.1
262,W469,4.6
4060,W331,3.2
1876,W475,2.6
587,W303,2.7
3695,W27,1.2
1838,W166,3.8
92,W220,1.7
4447,W143,3.1
2512,W92,1.8
1883,W188,2.7
683,W341,3.4
4002,W101,4.6
2167,W224,2.7
461,W215,3.3
464,W196,3.9
4821,W305,2.3
3563,W432,1.8
1074,W397,1.3
4187,W421,3.9
1153,W458,2.0
1380,W214,2.1
4545,W218,4.5
4166,W332,2.8
1821,W112,2.5
2137,W354,4.7
2115,W125,2.6
1958,W75,4.9
1822,W28,3.8
900,W354,2.3
4945,W314,4.7
38,W43,2.1
1348,W191,4.8
29,W149,4.1
976,W249,4.5
2227,W204,3.3
3054,W127,2.2
3715,W487,3.5
1261,W344,2.2
4700,W172,2.7
1853,W373,3.3
4404,W204,2.9
1295,W206,5.0
4801,W461,2.3
4806,W368,1.3
4180,W101,4.2
1600,W81,3.7
418,W212,3.6
921,W323,1.2
3441,W247,1.9
3358,W115,3.8
3773,W338,2.3
2882,W346,1.4
4164,W240,3.1
1570,W340,1.1
4719,W152,2.6
4443,W235,4.0
4084,W125,3.9
3278,W16,3.9
3940,W17,4.7
118,W232,4.6
4455,W320,3.0
363,W400,1.8
4059,W191,1.3
83,W252,2.4
1041,W1,4.6
4762,W317,1.0
122,W179,2.6
3140,W194,4.5
467,W256,3.1
1423,W124,2.7
3041,W342,3.2
2830,W357,3.0
1602,W16,3.8
2033,W3,3.4
2736,W442,4.6
1162,W303,4.7
3507,W422,1.1
4580,W359,2.0
2811,W6,1.0
3589,W339,3.2
4497,W366,1.1
2937,W73,2.0
1920,W298,1.6
4515,W284,2.4
3523,W112,4.5
84,W202,2.5
3531,W467,4.3
4402,W20,3.2
1412,W246,3.1
4449,W77,3.7
2889,W251,1.7
4229,W329,4.9
1767,W223,1.9
1100,W458,2.3
4549,W25,1.4
1517,W196,2.8
4343,W474,3.3
2327,W410,2.5
3549,W112,4.1
1804,W468,4.3
2943,W459,4.1
757,W482,1.9
2568,W453,3.9
4074,W123,3.4
2231,W365,4.8
2910,W325,4.2
3455,W90,4.8
4335,W284,4.6
210,W409,2.3
3072,W343,4.0
4383,W492,2.3
2527,W85,1.6
638,W325,4.3
4926,W487,3.5
122,W58,2.4
4979,W41,1.5
2746,W497,2.0
3264,W248,3.1
930,W314,2.2
2822,W149,1.9
3747,W358,1.7
4304,W403,4.3
2394,W333,2.6
3154,W143,3.6
2494,W248,4.8
1214,W7,1.2
1812,W58,3.2
4913,W323,3.5
278,W136,4.6
4601,W398,2.4
2298,W135,3.8
3960,W322,2.6
3558,W233,2.9
2320,W371,1.6
2480,W251,3.4
1957,W400,4.8
3557,W347,2.7
2993,W247,1.0
914,W365,1.1
4679,W331,1.9
3460,W113,4.1
277,W93,2.6
3434,W449,1.6
4952,W131,1.1
3509,W186,1.1
2947,W409,1.1
943,W36,4.3
112,W496,3.4
797,W155,3.9
1688,W7,3.4
752,W58,3.5
331,W304,4.0
4664,W2,1.2
2719,W195,2.9
2655,W497,2.5
2486,W127,2.5
3065,W11,4.3
1699,W64,4.3
2746,W270,2.0
3607,W443,4.6
3352,W455,4.3
1959,W204,2.6
3925,W143,1.5
1123,W40,1.3
4328,W112,3.9
206,W197,1.3
4557,W293,2.6
4760,W498,4.7
4992,W211,1.3
1698,W253,2.9
3250,W156,1.1
4085,W123,1.3
3013,W90,3.6
1407,W201,3.1
2831,W405,3.4
2469,W94,3.0
1225,W55,2.4
110,W131,4.2
2368,W414,4.4
3,W374,4.0
1832,W111,1.9
4957,W105,1.8
2369,W203,4.8
16,W289,3.5
665,W51,3.4
2106,W169,2.2
3271,W316,2.3
1396,W483,4.5
1537,W497,1.2
377,W451,4.2
2539,W212,2.5
3301,W415,1.4
4558,W147,3.2
2003,W176,4.6
857,W17,1.9
4274,W306,3.1
4285,W350,2.2
4444,W86,2.1
775,W39,2.8
2006,W396,1.6
3347,W241,3.5
4624,W172,1.2
4796,W130,1.4
1146,W187,3.3
2627,W33,2.6
2430,W283,4.0
704,W118,1.4
4359,W338,2.9
1373,W491,4.0
501,W165,1.1
812,W124,1.3
1572,W136,4.9
3582,W275,2.2
2279,W226,4.0
456,W143,2.1
1646,W405,2.8
4635,W158,1.3
907,W10,1.2
4294,W481,4.0
1482,W457,2.7
634,W47,4.4
1708,W4,3.4
2929,W414,4.7
1691,W500,2.6
247,W55,4.5
3824,W449,1.8
2154,W184,2.9
1090,W413,2.5
2276,W212,3.1
1222,W400,4.8
2292,W374,3.3
1851,W175,2.5
1624,W227,4.2
2860,W47,1.2
1952,W402,3.2
4909,W308,4.6
1426,W71,2.8
4808,W428,3.3
1117,W346,4.3
4761,W165,3.3
1763,W155,3.8
1674,W325,4.6
4805,W258,4.8
1588,W168,2.4
2611,W300,3.2
4743,W59,4.8
2516,W401,1.5
1789,W137,1.0
565,W136,2.1
408,W154,2.9
1148,W69,1.4
2396,W477,4.1
4339,W79,4.9
3036,W450,1.8
4100,W185,1.7
4437,W338,4.1
2398,W277,2.7
2862,W233,2.5
3738,W99,5.0
1181,W324,3.8
320,W256,4.5
4562,W71,4.3
4808,W47,3.9
1249,W199,4.0
1902,W250,1.5
3,W61,1.4
3611,W398,2.4
1907,W36,4.8
4919,W421,4.7
1734,W226,1.6
1637,W329,4.8
2847,W480,4.3
3783,W292,1.0
5000,W300,3.8
1305,W475,1.3
4464,W419,1.4
3453,W385,1.3
4463,W208,2.6
3125,W38,1.2
4966,W243,1.7
208,W54,1.2
8,W309,5.0
2275,W89,4.1
2919,W153,3.5
2965,W244,1.9
4913,W290,1.1
2781,W258,3.1
3783,W278,4.6
4906,W206,2.4
468,W414,2.1
232,W104,3.6
4412,W434,2.9
4832,W28,4.4
4049,W249,4.0
194,W71,3.6
4736,W360,5.0
1611,W277,1.6
967,W340,4.7
2885,W140,2.7
3655,W396,1.9
2193,W118,1.6
220,W302,4.1
2093,W121,3.5
2415,W494,2.5
4987,W7,2.3
3128,W109,1.1
2395,W117,3.4
4998,W214,2.7
736,W485,3.1
1367,W318,1.5
2772,W148,2.6
448,W369,2.6
2363,W283,1.8
19,W54,4.2
555,W64,1.2
941,W96,2.8
1849,W360,2.7
1275,W490,2.6
2257,W86,3.6
2647,W427,1.4
1991,W293,4.0
2326,W211,4.3
3896,W8,4.3
3896,W152,5.0
3059,W178,4.3
2755,W252,1.4
211,W117,2.6
3027,W287,3.8
799,W51,3.6
4680,W191,4.6
141,W213,3.4
4636,W77,2.1
3785,W71,2.8
206,W131,4.8
1600,W168,1.9
1017,W417,2.7
2379,W365,2.6
3987,W215,2.4
4905,W207,4.2
4745,W377,4.6
2546,W319,3.9
2765,W396,1.7
2470,W261,4.6
424,W154,3.5
2470,W271,2.3
2212,W152,4.8
4931,W308,2.6
1683,W295,3.6
807,W5,4.4
2890,W360,4.7
3205,W202,2.8
227,W431,2.0
13,W112,1.5
3852,W47,4.0
4592,W59,4.7
127,W23,2.2
4993,W377,4.9
4192,W117,1.9
3441,W460,2.9
3953,W47,1.5
1312,W362,3.4
3918,W490,2.0
1600,W50,2.6
4719,W433,2.2
4862,W149,4.0
4242,W185,1.1
4893,W284,4.6
3778,W113,1.4
443,W219,1.1
1247,W396,3.9
305,W441,4.7
833,W154,4.4
1748,W368,4.1
4833,W94,2.5
2416,W180,1.2
507,W223,4.7
4507,W310,2.5
3621,W47,3.5
1212,W408,1.9
3917,W146,3.8
2117,W143,4.2
427,W56,3.6
2862,W400,4.6
3035,W432,1.2
3535,W99,3.5
3211,W221,3.3
2492,W287,3.1
3173,W257,1.9
4614,W20,3.1
769,W1,3.9
1597,W334,5.0
3272,W70,3.4
2520,W291,2.6
2558,W293,1.6
2456,W375,3.8
1543,W96,3.5
303,W311,1.8
3744,W68,1.8
3167,W477,2.0
2223,W238,4.1
4032,W314,1.4
207,W46,1.3
2869,W117,1.4
910,W347,4.8
2471,W364,4.3
665,W222,4.8
141,W443,1.9
231,W474,3.9
4978,W480,3.1
2833,W450,2.4
3488,W239,4.1
1504,W362,1.3
27,W381,3.1
3414,W431,3.4
2754,W90,3.6
492,W326,2.0
808,W378,2.5
4718,W475,2.2
4652,W199,1.1
872,W135,1.7
2532,W161,1.4
1257,W430,4.0
1615,W484,1.7
1260,W8,2.6
686,W44,2.0
1187,W55,4.4
2198,W497,3.1
2672,W470,4.6
4660,W471,3.3
1972,W181,2.9
3968,W431,1.9
1810,W235,4.4
3245,W241,1.8
987,W167,3.6
4709,W414,2.3
2991,W107,1.3
625,W436,2.2
1692,W24,3.9
2122,W356,3.9
4814,W446,3.4
32,W187,2.4
3861,W307,2.1
2127,W245,3.6
468,W202,2.4
1607,W391,4.3
1690,W168,2.7
1435,W450,2.5
4570,W143,1.9
4550,W500,4.4
2125,W450,3.1
3008,W136,3.2
3371,W197,1.9
201,W304,2.2
1483,W94,4.7
119,W48,1.3
3973,W13,1.8
684,W197,2.0
575,W359,3.4
951,W264,3.9
2939,W67,1.3
113,W33,2.5
1837,W433,3.8
4123,W30,2.5
1763,W461,1.1
1148,W317,1.7
2088,W41,4.3
2002,W466,1.5
3737,W274,4.9
529,W111,4.2
740,W304,4.9
1487,W7,3.9
3703,W332,3.6
2972,W395,2.5
2985,W416,4.2
2229,W461,3.8
3605,W349,4.9
1162,W54,3.7
2845,W341,3.6
3131,W484,1.9
1078,W323,2.7
342,W435,2.1
404,W402,2.6
4476,W216,3.0
3137,W207,3.2
1719,W47,1.3
585,W153,4.2
3811,W3,2.4
3958,W223,4.1
2241,W174,4.7
3389,W97,4.6
2907,W244,2.5
3944,W46,1.6
1940,W109,3.6
103,W11,3.3
885,W99,3.7
1752,W317,2.0
4953,W281,3.3
2906,W296,1.4
2033,W102,2.8
1483,W267,3.3
2739,W81,1.4
1123,W466,3.9
3820,W387,2.2
4594,W8,3.3
3318,W220,3.2
1482,W12,2.0
2330,W29,1.2
2869,W149,2.0
4021,W456,4.9
3338,W274,1.8
1272,W443,3.6
278,W144,3.0
159,W407,1.2
70,W339,1.8
4217,W54,1.9
4721,W374,2.3
1518,W260,3.1
1493,W42,3.5
4082,W437,3.9
181,W396,3.0
2412,W127,4.0
148,W3,2.0
686,W448,3.9
2555,W130,2.6
991,W463,4.8
3869,W169,1.7
2919,W490,4.5
1374,W178,4.8
2532,W48,1.4
4245,W335,4.7
682,W233,4.2
3090,W65,3.1
3996,W215,4.7
3251,W209,2.9
1872,W140,1.4
866,W457,1.8
453,W423,2.4
99,W489,3.9
4532,W98,5.0
2507,W115,4.4
788,W119,2.0
2336,W370,1.4
4525,W69,2.5
3866,W138,4.7
1035,W6,2.9
4976,W244,3.7
3374,W406,4.0
3608,W263,3.3
1755,W240,3.8
4543,W48,4.9
155,W410,4.1
1793,W312,4.3
4885,W99,2.0
643,W284,3.8
2076,W113,1.7
3618,W422,2.1
3320,W434,3.2
2935,W489,4.9
2513,W323,3.2
64,W328,1.3
3028,W446,1.3
1886,W349,1.5
676,W1,1.1
3120,W39,2.0
3411,W208,2.3
682,W473,2.0
3112,W328,2.4
2376,W237,1.7
3546,W379,3.8
2766,W267,4.2
4690,W434,4.0
861,W198,2.2
3473,W52,4.7
1043,W56,2.6
2841,W360,1.9
3282,W282,2.2
2786,W484,2.3
3307,W213,2.3
1306,W272,2.2
3612,W83,1.5
2648,W1,1.1
1810,W35,2.1
2920,W163,1.8
2701,W38,3.2
1800,W484,3.6
2673,W475,3.5
1058,W12,3.2
633,W325,1.8
3829,W433,3.8
2101,W133,2.0
3797,W17,1.4
4106,W279,4.1
3615,W239,3.4
2826,W212,3.8
581,W275,3.7
1260,W228,3.3
2270,W30,1.7
2013,W38,4.1
1490,W63,3.7
2088,W45,1.1
4656,W178,4.5
4135,W280,1.8
3108,W365,1.7
4129,W344,2.4
3593,W99,3.7
389,W480,2.4
2679,W276,1.5
4509,W220,1.6
1051,W67,4.2
4882,W434,1.9
2205,W96,2.2
3713,W203,2.5
4353,W223,4.8
1323,W246,3.6
4300,W261,1.4
2355,W352,4.5
4142,W425,1.2
3210,W91,4.7
1423,W228,4.6
4014,W272,1.7
1336,W402,3.8
1273,W72,1.5
1950,W33,3.7
3242,W343,1.6
1001,W306,2.3
1842,W422,1.9
2575,W109,3.4
1269,W309,4.4
1139,W259,4.9
279,W159,3.8
2003,W88,3.5
4941,W129,4.5
254,W69,4.2
3274,W381,4.0
4240,W93,4.8
913,W101,4.0
4808,W312,4.2
785,W180,2.2
1920,W487,1.6
665,W340,3.3
3506,W23,2.8
2249,W17,3.2
3742,W82,3.2
2672,W350,1.9
1449,W494,4.8
4044,W49,3.4
4244,W346,3.5
2445,W212,1.5
1435,W348,3.6
1367,W499,2.2
4020,W211,3.9
3610,W463,1.2
1614,W282,1.7
4788,W361,4.8
200,W435,2.5
3643,W4,3.6
1298,W222,2.5
3764,W309,1.0
3568,W386,1.5
3957,W316,1.2
2448,W20,2.0
2331,W282,2.9
1012,W1,1.5
2010,W373,2.0
3226,W44,2.6
3362,W42,2.8
1630,W60,3.2
4730,W281,1.0
3271,W410,3.1
471,W491,3.1
2516,W346,3.5
3420,W85,1.6
4970,W391,2.4
4633,W229,3.6
4053,W150,2.8
1119,W45,3.9
390,W17,2.9
2174,W133,1.2
3378,W411,3.2
2481,W63,1.1
162,W458,1.1
3243,W83,1.6
2257,W314,2.5
4049,W348,4.8
2786,W129,1.4
2348,W468,3.3
4947,W164,4.4
1612,W490,3.7
165,W298,3.9
3604,W295,3.4
726,W241,2.3
4258,W409,4.1
1889,W94,1.1
1015,W489,2.2
2036,W260,2.8
614,W463,1.5
3993,W316,3.8
4288,W197,4.8
551,W64,2.5
3724,W393,1.9
1027,W55,3.6
4787,W88,3.5
3965,W253,2.1
3088,W448,1.5
4393,W98,1.5
1102,W321,3.0
3731,W338,2.2
2473,W22,3.2
3816,W101,4.7
820,W360,1.0
2966,W400,4.0
4978,W473,2.1
4686,W63,3.1
2892,W459,3.2
4119,W490,3.7
1243,W48,1.6
2604,W192,3.3
3173,W407,3.2
4069,W471,4.9
2678,W467,4.0
4671,W357,4.3
2254,W353,4.4
1566,W443,3.2
3978,W319,4.7
2063,W241,4.3
1354,W23,4.0
977,W386,3.1
2935,W16,2.3
1609,W117,1.1
3414,W161,4.5
800,W29,4.0
1663,W56,3.2
3530,W143,4.3
4640,W110,2.8
1853,W143,2.8
4057,W104,4.9
592,W368,2.8
3753,W483,2.6
1935,W31,1.3
151,W111,2.4
1389,W115,4.0
2440,W296,3.2
4691,W170,4.6
2505,W414,4.5
2341,W378,1.1
1347,W42,2.8
804,W101,1.0
4377,W200,3.0
4205,W150,1.1
2498,W25,2.8
2360,W178,5.0
623,W297,2.9
3249,W24,3.2
3813,W295,1.4
1713,W140,2.0
177,W410,3.5
353,W344,4.7
4122,W54,3.9
3659,W363,2.8
1534,W310,1.3
4692,W449,1.6
740,W29,2.3
4319,W160,5.0
1924,W485,3.5
4738,W111,4.6
2238,W336,2.3
4723,W139,3.6
154,W65,2.6
3079,W276,2.3
95,W277,1.3
727,W423,1.8
2988,W432,2.5
2418,W200,1.7
93,W362,3.4
4037,W6,1.4
1092,W106,3.6
392,W443,4.4
2100,W169,1.0
77,W285,1.0
2277,W444,4.0
4056,W268,1.2
1914,W406,2.2
3928,W409,4.7
2786,W413,4.7
1012,W67,1.8
3870,W417,3.9
1249,W284,3.9
2756,W389,4.0
1421,W270,3.2
498,W268,2.3
3259,W62,2.8
2358,W83,4.8
2927,W490,2.0
1710,W118,1.4
2772,W199,1.9
1965,W373,4.1
3318,W453,3.5
2786,W212,3.6
4044,W272,4.9
1387,W394,2.3
1210,W194,4.1
930,W382,1.3
4301,W85,4.0
4759,W229,3.4
4267,W157,1.1
4826,W473,2.6
3329,W15,2.9
755,W387,2.9
215,W324,1.2
473,W463,1.4
4363,W183,4.6
3816,W106,3.6
1858,W436,4.4
3922,W380,4.6
2147,W44,1.0
397,W224,3.2
1728,W374,1.5
2557,W357,4.2
3104,W205,4.6
1648,W226,3.1
3066,W340,1.2
979,W228,2.5
595,W333,4.5
3326,W414,1.9
4079,W160,2.8
3771,W422,3.2
4979,W352,2.6
609,W305,3.1
2792,W229,1.0
4182,W52,4.0
2844,W238,2.6
4162,W258,2.9
621,W388,3.7
4476,W480,3.0
2672,W332,3.0
1422,W195,2.7
4739,W472,1.3
754,W435,1.1
3969,W232,1.9
2288,W167,1.9
1205,W6,1.1
3586,W203,2.3
1836,W328,1.1
4003,W282,3.0
4267,W243,3.9
4329,W191,4.9
1126,W325,2.2
585,W462,1.7
3666,W72,3.9
3903,W195,1.9
4129,W63,3.4
4245,W195,2.6
1586,W205,3.4
2417,W95,4.2
1570,W240,1.9
1788,W62,2.9
619,W45,2.5
609,W72,2.1
938,W215,3.4
2742,W457,3.0
2746,W80,3.7
4643,W360,3.9
3257,W256,3.8
4802,W216,1.4
4553,W189,3.7
3043,W352,1.7
1892,W482,3.8
2008,W223,3.3
2582,W280,4.2
2655,W200,3.2
898,W5,4.3
1688,W378,2.7
4000,W103,1.1
2219,W323,3.5
2825,W287,3.7
314,W460,4.9
3358,W326,4.6
3063,W92,4.6
2440,W178,1.8
2344,W264,2.7
3093,W94,4.8
4495,W452,1.4
1111,W60,4.0
1644,W456,1.4
4171,W120,3.6
2680,W433,3.1
255,W454,3.2
1554,W92,3.7
3645,W245,4.1
320,W408,1.8
1734,W357,2.1
2458,W182,2.8
4229,W184,1.9
89,W77,3.6
609,W183,4.0
310,W494,3.3
3558,W496,4.1
3428,W224,3.0
3898,W35,1.4
4264,W308,3.6
1663,W89,4.5
652,W473,4.8
1524,W177,4.8
11,W70,3.5
2977,W221,2.1
4475,W453,1.8
1100,W377,2.7
2897,W262,3.3
641,W245,1.7
3260,W228,1.6
1579,W48,3.3
1713,W479,3.0
4926,W282,3.0
4266,W379,4.9
272,W153,3.1
2140,W412,1.2
2106,W262,1.9
1707,W293,4.4
4338,W203,3.4
4290,W341,1.4
736,W346,3.0
3886,W340,1.4
3408,W442,1.0
3159,W159,2.7
4001,W484,4.6
3495,W133,1.6
4808,W351,1.9
1502,W169,2.1
490,W405,2.0
1535,W184,5.0
1556,W13,1.5
1743,W243,1.2
1283,W139,4.5
190,W336,1.2
4169,W386,4.7
3430,W103,4.3
1979,W250,3.2
3428,W496,3.9
1351,W420,1.2
600,W59,1.5
344,W2,2.5
2159,W327,3.4
3426,W278,2.2
359,W52,2.8
3855,W470,4.0
1108,W166,3.3
4245,W405,1.1
4257,W60,2.4
4341,W285,2.8
2473,W71,3.6
946,W397,3.7
3732,W256,2.1
1239,W168,2.5
3379,W343,4.6
3715,W219,3.1
1751,W244,2.0
4262,W15,1.7
4082,W168,2.5
4073,W292,4.7
3391,W481,3.9
3452,W440,4.0
2699,W42,1.8
1238,W440,1.9
3329,W8,3.6
1191,W224,2.3
3035,W179,4.7
2878,W357,4.1
344,W207,4.5
4099,W15,1.4
2582,W349,4.5
1387,W6,1.2
4895,W384,4.8
935,W29,3.8
1849,W15,2.4
2677,W278,4.4
738,W229,2.9
4245,W344,4.2
4285,W240,3.9
1871,W347,5.0
2459,W146,1.9
3942,W324,2.1
3628,W361,2.7
1954,W160,1.9
1062,W319,1.5
2424,W11,3.2
4259,W445,2.7
3653,W479,1.1
1218,W291,3.8
4233,W134,2.8
414,W380,2.9
1377,W385,2.3
3091,W166,4.0
4135,W266,3.6
3657,W317,3.5
245,W139,1.9
4301,W448,3.0
55,W212,2.5
366,W480,1.6
3494,W252,1.4
843,W445,2.7
2852,W437,4.4
3102,W216,2.3
342,W414,2.8
1974,W415,2.4
977,W453,5.0
2202,W149,2.6
1017,W304,1.6
1221,W267,2.1
2717,W361,4.8
3083,W51,3.9
1100,W39,2.7
523,W352,2.5
4827,W500,3.9
4980,W188,1.4
1141,W260,3.6
2906,W209,4.5
523,W396,2.4
4409,W455,3.7
3056,W151,1.9
1398,W262,2.2
1046,W329,2.1
2999,W73,4.5
3988,W111,2.2
4168,W368,1.5
1337,W263,1.8
3174,W226,2.8
2923,W379,3.6
2138,W339,2.6
823,W317,4.9
1588,W65,4.6
3606,W46,4.2
764,W131,1.6
4637,W102,4.2
3084,W360,4.0
2761,W231,2.3
4596,W440,2.0
4282,W352,1.5
3879,W477,2.6
1279,W153,1.2
2330,W482,4.9
2656,W75,3.0
263,W464,4.3
4344,W273,3.1
2876,W5,4.9
4669,W262,4.1
3129,W414,2.7
685,W494,1.0
395,W290,3.2
2375,W332,3.6
3212,W72,3.4
3653,W432,3.0
806,W263,1.7
1673,W6,4.3
2871,W470,3.6
297,W275,4.7
930,W62,3.8
3959,W147,4.1
661,W422,4.0
2634,W458,4.1
2031,W490,1.3
1751,W197,3.8
4339,W261,2.4
4912,W317,3.0
3644,W2,1.4
3021,W15,2.5
3275,W266,2.6
1323,W467,1.7
4871,W103,1.4
1375,W344,1.9
4516,W474,2.0
4984,W322,3.5
207,W330,2.7
3975,W274,2.3
2382,W396,1.3
4782,W109,4.8
4479,W309,2.6
1321,W358,3.0
2016,W286,3.2
116,W447,1.3
1664,W347,4.5
733,W473,1.1
319,W433,1.2
2934,W241,4.2
3930,W241,2.4
2779,W433,4.6
704,W309,1.1
4356,W488,3.6
3041,W326,4.6
3293,W50,2.2
1548,W300,2.7
230,W74,1.1
424,W234,3.7
1609,W410,1.1
1079,W251,3.2
3299,W323,3.1
3793,W52,2.2
3529,W471,2.9
208,W149,3.2
2923,W422,2.0
3212,W364,1.9
552,W319,4.5
1977,W15,1.4
3605,W2,1.0
3053,W362,4.5
2785,W63,2.1
4654,W458,3.0
917,W398,4.4
2263,W214,1.2
3242,W256,3.5
174,W88,2.1
230,W31,3.9
4719,W268,1.1
1491,W107,3.3
4747,W362,1.9
706,W500,4.7
1972,W117,3.9
4424,W85,2.4
4391,W497,4.6
526,W173,1.3
3727,W200,3.3
2968,W274,1.8
2184,W86,1.7
1181,W65,4.7
1453,W377,3.4
3605,W456,2.1
4492,W452,4.8
2370,W313,4.9
58,W270,2.4
4589,W463,2.3
2342,W222,1.0
2418,W356,3.2
1522,W178,4.2
3915,W233,2.1
3772,W82,2.4
4136,W82,4.0
469,W334,3.1
1625,W235,2.5
4485,W64,3.7
4300,W368,4.8
2543,W72,2.0
3583,W456,1.3
397,W147,3.0
1881,W57,1.6
1647,W259,1.9
421,W390,4.8
731,W278,3.5
942,W474,4.5
1422,W280,2.3
1163,W459,4.0
3589,W134,3.6
105,W160,1.7
965,W245,4.6
785,W392,4.9
1444,W62,2.5
384,W129,3.2
544,W108,3.1
3450,W101,4.0
2104,W314,4.2
1818,W317,2.8
2543,W286,3.9
850,W451,4.6
607,W177,1.7
1063,W164,2.0
4319,W139,5.0
4620,W111,5.0
4327,W346,1.0
1349,W239,2.1
425,W279,2.1
174,W474,4.6
3356,W300,4.1
400,W216,1.4
4340,W290,3.8
1177,W354,2.0
1264,W380,1.6
2846,W11,1.8
658,W19,4.8
3837,W97,4.0
1677,W361,3.3
1963,W496,3.0
3547,W71,1.8
3662,W219,2.5
4482,W182,3.3
4845,W343,4.6
411,W415,3.0
1334,W451,1.3
4409,W333,4.2
2484,W7,1.6
3633,W358,3.0
461,W203,4.4
908,W339,4.8
619,W132,1.2
2828,W21,3.9
3319,W128,4.0
2576,W364,3.7
53,W469,3.1
1766,W345,4.3
1879,W135,4.9
2762,W289,2.5
2005,W283,3.0
1198,W461,1.4
3015,W245,4.8
2080,W434,3.7
3321,W181,4.7
3022,W49,1.5
2637,W166,3.1
1785,W99,2.4
498,W122,4.3
1610,W412,2.1
2771,W58,2.9
3633,W400,4.3
449,W247,1.9
3509,W339,3.9
3221,W192,4.9
4835,W143,4.7
3178,W235,2.1
45,W174,3.1
231,W169,4.9
451,W455,2.2
2049,W416,3.9
2003,W15,1.2
725,W498,3.0
534,W19,2.4
871,W458,3.2
2320,W81,4.4
2175,W4,2.9
2847,W215,3.8
983,W283,3.5
3806,W41,1.2
341,W161,3.4
1884,W397,5.0
2249,W56,4.5
4951,W228,2.9
2778,W76,3.0
2565,W105,3.2
3859,W86,4.0
3338,W248,2.3
3760,W318,4.7
1266,W69,3.7
4729,W499,4.1
3839,W211,1.6
3447,W289,1.7
4530,W402,1.3
1959,W341,1.3
4182,W402,3.1
2952,W216,3.4
1541,W245,1.8
1898,W118,4.1
1824,W130,2.6
1646,W336,3.0
3828,W402,4.5
3975,W286,3.3
612,W439,3.6
3986,W425,4.0
2335,W189,3.9
3780,W141,1.8
3784,W500,2.2
1681,W433,3.2
799,W354,3.0
1878,W447,1.1
777,W382,1.8
2829,W380,2.0
1758,W104,1.2
3665,W283,2.3
1674,W101,3.3
3107,W418,3.4
4908,W52,3.6
2808,W369,2.7
4768,W122,3.2
1488,W359,2.0
2010,W168,2.9
3141,W49,1.4
577,W159,2.9
2560,W103,4.6
4698,W311,3.2
2350,W358,4.9
3650,W499,3.0
3759,W89,1.3
4076,W450,2.4
1859,W358,2.6
1484,W98,2.2
1206,W389,4.4
475,W437,1.5
1711,W357,2.7
3306,W250,2.2
4671,W12,1.2
4007,W242,3.8
920,W16,3.6
3599,W159,2.1
1057,W271,3.6
2874,W383,3.0
4699,W212,1.3
152,W491,4.6
746,W251,2.3
418,W468,4.2
1975,W427,4.3
2086,W297,2.0
296,W370,2.3
417,W265,2.8
1181,W421,3.4
2513,W216,2.9
2172,W68,5.0
2255,W500,2.7
4613,W66,1.7
3752,W106,2.2
1799,W42,3.3
2645,W328,2.0
1791,W15,3.8
4141,W99,4.3
60,W344,3.6
3630,W310,1.9
536,W39,1.4
767,W363,1.6
3588,W14,3.4
4487,W95,4.8
551,W143,3.5
598,W288,3.3
1548,W218,3.7
868,W404,4.1
4042,W127,4.6
746,W316,3.3
2562,W158,3.4
1747,W442,3.4
1327,W131,1.7
4046,W218,2.3
783,W51,3.9
3854,W68,4.8
2489,W306,4.2
2960,W498,1.6
2259,W2,4.7
3838,W496,2.9
2292,W197,1.7
145,W357,1.7
3678,W352,3.8
2106,W329,1.5
4352,W375,2.4
302,W249,3.1
3910,W143,3.8
27,W76,2.4
2892,W142,3.6
4177,W127,3.1
2827,W155,3.3
4269,W165,1.7
1176,W230,2.5
3298,W439,4.3
2943,W242,1.9
3795,W419,4.7
3320,W177,3.5
2193,W455,3.3
2740,W17,4.6
854,W42,4.4
4957,W157,1.2
1188,W149,4.3
2404,W275,3.4
231,W430,3.8
1976,W353,4.5
4996,W74,2.0
4595,W154,2.9
1432,W280,3.1
1452,W180,3.7
3668,W111,1.8
4465,W289,3.0
3185,W42,2.7
1936,W172,4.1
4704,W158,2.8
1348,W289,2.2
4477,W66,3.3
4144,W204,4.4
1846,W205,4.0
3950,W401,3.6
4836,W306,2.0
3247,W482,3.4
1953,W454,3.2
2407,W246,3.7
2098,W174,3.3
4132,W500,1.7
4490,W467,3.2
2358,W454,4.1
4878,W117,2.1
1534,W58,2.6
3982,W164,3.3
897,W364,4.3
3056,W163,3.5
1039,W232,3.6
726,W67,3.2
1827,W43,4.6
2228,W96,1.4
4804,W423,3.8
3381,W357,3.2
3351,W14,4.8
4336,W279,3.9
4947,W42,1.7
819,W282,1.3
910,W387,2.8
1283,W482,3.5
1568,W489,3.0
3359,W301,2.6
791,W243,2.9
4385,W170,1.7
3758,W143,4.7
2836,W377,4.0
2175,W453,1.0
3107,W34,1.6
1428,W59,3.8
2647,W363,3.7
923,W152,4.0
4175,W295,4.2
4147,W260,3.0
4325,W447,1.7
4326,W143,3.5
2625,W318,4.3
4266,W169,1.1
4377,W99,1.1
3879,W156,1.3
4073,W236,1.9
2787,W438,2.1
2026,W153,4.2
4348,W448,1.0
4167,W370,5.0
4711,W211,3.6
114,W466,3.1
3846,W174,3.9
4944,W5,1.1
4004,W209,4.9
202,W495,3.3
2344,W83,2.1
1881,W314,1.3
4686,W306,1.8
3843,W1,3.8
4064,W472,4.4
1424,W405,4.7
2965,W348,4.4
2650,W156,2.5
4421,W104,2.4
1169,W57,1.0
376,W22,1.6
3324,W114,1.2
3780,W402,4.7
456,W67,4.9
2950,W417,4.3
4041,W487,2.8
2394,W444,2.9
488,W206,2.8
11,W220,1.6
4528,W231,3.6
2522,W135,3.0
2303,W234,3.2
2918,W35,3.1
4964,W191,4.1
1916,W122,1.5
748,W485,2.0
1819,W100,3.2
2575,W160,4.8
4589,W306,4.5
3705,W203,4.2
3734,W334,2.3
4924,W17,3.1
4440,W222,1.7
4927,W17,3.8
592,W214,3.2
3938,W211,4.7
2411,W419,1.9
4688,W484,3.7
1163,W182,4.9
2588,W449,1.4
1202,W494,3.7
4147,W54,4.4
4736,W329,3.5
4817,W183,2.9
4571,W256,4.0
1580,W153,3.4
1792,W316,1.9
4250,W317,2.4
3118,W215,1.8
1744,W38,2.7
4635,W27,1.9
2418,W6,1.0
4775,W91,2.6
3474,W243,3.3
867,W323,1.7
731,W249,2.7
2489,W491,3.0
4199,W490,1.1
823,W498,3.3
4166,W326,4.5
1224,W281,1.7
720,W241,3.0
3476,W102,3.1
3069,W214,3.9
126,W37,1.3
1546,W182,2.6
1885,W277,2.4
883,W362,4.0
4217,W446,1.4
397,W163,3.0
1385,W33,1.9
1322,W207,1.1
3739,W301,1.8
3324,W346,4.8
1943,W289,2.7
3395,W400,4.3
1981,W85,1.2
2479,W440,3.2
503,W492,5.0
2073,W63,1.3
4176,W389,4.5
3489,W113,2.4
2251,W358,2.4
13,W104,4.8
3752,W90,1.5
2357,W2,4.1
4159,W354,3.1
3373,W397,2.6
691,W18,3.2
4424,W315,1.2
3041,W274,4.5
1651,W321,1.4
2310,W230,2.5
2439,W172,2.4
1476,W174,2.7
4821,W403,2.9
1595,W154,2.9
1426,W325,1.5
4551,W357,2.3
3591,W294,1.8
877,W383,3.1
3001,W367,1.8
3528,W219,1.4
907,W318,4.5
1834,W118,3.5
4605,W494,2.4
507,W468,2.9
2868,W139,1.8
567,W239,4.8
481,W442,1.5
1834,W490,2.2
756,W323,1.6
1519,W250,4.3
1407,W217,2.4
4046,W414,4.5
84,W244,2.5
2958,W437,3.3
2626,W278,1.3
4826,W197,2.2
1338,W171,1.0
3958,W257,1.7
952,W298,4.9
2038,W117,2.8
4676,W439,4.8
865,W28,4.5
3101,W128,1.0
4839,W433,3.6
3745,W458,2.3
3456,W415,2.7
4274,W242,2.0
1068,W281,1.4
3286,W56,1.7
2618,W315,1.2
4901,W92,2.3
4063,W21,1.6
2357,W118,2.1
1213,W275,2.8
4587,W188,2.8
2281,W207,2.1
1350,W214,1.4
1074,W395,3.4
2014,W172,1.6
4598,W122,3.5
137,W436,1.2
4959,W39,4.6
1038,W307,1.8
1652,W302,3.0
1266,W29,1.9
1079,W329,4.0
2526,W202,3.9
4768,W466,4.6
37,W299,1.5
1795,W119,4.9
2655,W187,1.0
2554,W222,1.6
266,W460,4.6
2165,W200,4.8
1914,W468,2.4
914,W402,3.0
3906,W37,4.0
451,W444,2.2
3972,W397,3.7
2989,W388,2.0
3234,W257,4.2
3110,W78,5.0
4836,W245,1.8
3966,W147,3.4
1342,W255,1.5
994,W66,1.2
2181,W242,2.3
457,W137,4.0
2498,W52,3.4
2984,W155,3.8
902,W476,4.3
2373,W405,3.4
4988,W442,4.5
1439,W322,4.7
2517,W250,1.2
3901,W331,2.9
4737,W103,3.9
1300,W268,4.9
1699,W381,2.8
4080,W104,3.4
4160,W91,4.1
4052,W407,4.1
837,W78,1.6
4226,W83,3.7
4381,W261,3.8
3704,W155,1.8
2063,W489,2.4
791,W350,4.7
4369,W491,3.9
3225,W56,2.1
4192,W292,1.1
4011,W236,4.5
1949,W44,5.0
3861,W455,1.4
4564,W4,3.8
97,W403,1.9
3738,W224,4.1
238,W51,3.9
4060,W91,1.1
782,W327,2.0
4049,W207,4.9
4242,W308,3.2
4588,W132,3.7
4882,W114,3.4
4755,W86,3.9
4908,W139,3.2
2799,W153,4.5
1050,W351,5.0
3913,W47,2.0
2460,W472,2.4
810,W346,1.9
3183,W380,2.7
212,W209,4.3
1616,W167,2.9
2517,W71,1.4
4363,W110,2.7
1977,W103,2.0
1180,W8,1.0
318,W41,1.0
4515,W308,4.6
1007,W432,4.8
1158,W368,2.0
2236,W14,3.8
2420,W89,2.4
2101,W404,1.0
1700,W138,1.2
2191,W240,4.1
573,W255,2.2
2013,W270,1.8
2312,W296,4.2
3516,W386,4.4
4159,W296,3.2
468,W161,3.9
3829,W147,2.1
1403,W284,4.1
485,W440,4.0
2689,W158,1.6
515,W82,3.5
3834,W397,1.0
324,W278,2.1
66,W427,2.2
4418,W465,2.3
2901,W247,3.7
2095,W236,4.1
4434,W51,1.2
3120,W427,4.7
2837,W293,1.0
4803,W90,3.8
2420,W390,3.0
3939,W123,1.3
4173,W236,2.4
4503,W309,1.3
2807,W50,5.0
4848,W450,1.2
2607,W113,2.4
3217,W257,2.7
2002,W3,3.4
4593,W482,4.2
1878,W167,3.8
1638,W474,2.0
1509,W391,4.8
1053,W130,1.5
3465,W76,3.8
3710,W53,2.4
645,W100,2.9
637,W153,3.9
826,W109,4.5
4797,W170,5.0
416,W106,1.3
2173,W494,2.2
281,W428,1.4
1937,W305,1.0
3209,W373,1.8
2264,W189,1.6
2283,W338,2.5
765,W476,3.0
1221,W364,1.7
1874,W25,2.3
531,W78,3.0
2225,W25,2.1
4034,W230,4.4
348,W332,4.4
3193,W311,1.3
219,W467,4.1
2050,W478,2.3
1973,W405,4.6
2683,W430,3.4
3877,W207,2.7
3486,W87,1.3
4215,W335,4.5
667,W351,3.6
4722,W449,4.2
783,W227,1.7
2363,W247,1.2
2619,W322,1.9
3631,W62,4.5
4740,W4,2.7
3543,W388,3.3
3213,W266,1.8
2105,W34,3.2
301,W279,1.1
1894,W160,4.2
3947,W389,1.6
3946,W283,2.7
859,W131,2.9
2681,W174,3.6
1598,W186,4.0
4986,W257,5.0
1172,W38,4.0
1824,W29,1.2
3432,W215,5.0
4349,W113,4.0
3749,W150,3.6
4903,W435,1.9
4090,W99,2.9
3130,W246,1.9
2134,W48,2.5
1341,W413,4.8
2809,W304,1.8
4730,W231,4.0
4979,W433,3.8
1408,W289,3.5
92,W91,4.5
3498,W186,1.5
2778,W19,3.3
1929,W374,3.5
2290,W379,2.0
1126,W148,2.9
3818,W193,3.9
1042,W169,1.8
3238,W40,4.7
1069,W304,2.3
2183,W289,3.0
1338,W466,1.7
894,W215,2.4
1985,W45,3.9
4550,W303,3.8
448,W479,1.7
4198,W221,4.6
1829,W439,4.0
3431,W348,4.2
1990,W406,3.2
4067,W293,3.5
2721,W304,3.1
4078,W142,2.5
1464,W180,2.5
3555,W407,3.9
8,W313,1.6
2801,W389,3.1
1353,W132,1.1
324,W189,4.6
3584,W146,4.3
996,W253,4.2
4512,W491,3.5
4580,W10,1.9
3837,W85,4.4
1567,W465,4.4
1972,W373,2.9
842,W227,2.4
2436,W258,1.7
3217,W114,2.2
2808,W352,1.7
1436,W402,1.9
2907,W330,3.2
4798,W474,1.6
3933,W322,4.9
4228,W467,4.1
1112,W147,1.6
4556,W409,2.7
576,W403,3.8
313,W405,2.0
4853,W94,4.3
3045,W208,4.1
147,W315,3.9
3564,W456,4.2
2763,W293,1.6
1687,W483,1.8
3786,W222,2.4
1243,W350,3.9
4965,W137,4.9
1067,W133,3.3
3799,W429,4.8
4550,W282,1.1
1273,W62,1.1
4739,W331,2.4
2086,W216,3.6
4744,W111,4.3
418,W216,4.0
2812,W332,3.0
2553,W217,1.7
2099,W373,1.3
4808,W40,2.7
1016,W2,1.5
2952,W82,1.4
3111,W11,2.3
1918,W36,3.0
4944,W149,1.4
3340,W75,1.2
700,W210,1.6
642,W366,1.8
282,W409,3.2
1748,W249,2.3
4336,W205,1.9
1278,W279,3.1
4460,W271,2.2
4077,W237,2.4
4370,W52,3.9
4771,W379,1.1
3307,W101,1.6
1354,W213,3.3
2207,W278,3.2
1013,W184,3.2
313,W292,4.3
3082,W5,3.5
3849,W297,4.3
4670,W315,3.4
3504,W311,3.1
919,W36,3.5
1775,W138,2.9
2249,W398,3.9
583,W243,3.9
4403,W437,4.3
950,W236,1.5
3940,W95,3.5
2216,W38,4.8
725,W324,1.2
1424,W251,3.7
1861,W301,4.8
3994,W444,4.6
3933,W299,4.7
1848,W434,1.8
2149,W192,3.5
135,W199,1.0
3618,W400,2.4
4317,W492,2.0
3017,W9,2.6
2467,W79,4.2
3293,W471,2.8
4187,W52,3.2
4881,W110,4.6
4043,W151,3.0
4226,W63,1.4
1970,W177,3.8
1970,W327,2.9
1473,W2,1.0
3663,W351,5.0
2067,W44,4.7
2947,W351,3.1
3837,W135,4.9
201,W448,1.6
54,W357,2.9
543,W376,3.5
2183,W71,3.1
2680,W3,4.5
3431,W205,2.8
4612,W247,1.2
4079,W10,4.3
849,W404,3.7
873,W464,3.0
260,W275,3.5
3986,W205,4.0
522,W480,3.5
2872,W6,1.0
3734,W39,2.9
1301,W207,2.4
2164,W373,2.1
1234,W424,4.4
4127,W370,1.8
318,W102,2.4
3289,W144,4.7
2042,W158,5.0
899,W40,4.8
166,W340,2.3
4544,W157,2.8
3130,W104,3.9
4158,W318,2.4
2925,W177,4.7
2408,W321,2.0
3900,W13,3.5
616,W96,3.1
3700,W435,4.5
2346,W320,1.2
3912,W445,2.5
35,W77,3.7
4463,W364,3.3
4636,W138,3.6
2782,W432,3.5
3032,W456,4.3
730,W93,4.4
3677,W423,3.3
3450,W432,3.0
2299,W139,3.8
41,W293,3.9
4955,W398,1.3
2496,W230,1.4
2616,W247,2.9
2043,W384,3.2
4615,W172,1.2
2509,W301,4.9
2851,W240,3.2
2542,W8,1.0
4162,W288,1.7
2033,W428,4.3
67,W248,1.2
176,W353,3.9
2082,W122,3.5
2690,W176,2.4
2760,W207,4.8
4715,W306,4.6
1597,W441,1.9
170,W225,3.8
4938,W308,1.6
1029,W321,3.1
4228,W444,3.1
1084,W95,1.5
1096,W208,4.4
606,W205,3.0
1988,W96,2.6
1749,W74,1.9
44,W38,2.1
2831,W162,1.2
305,W302,1.2
1460,W485,3.5
1346,W193,3.8
3770,W463,2.2
3789,W420,1.2
481,W41,1.8
524,W248,2.3
1662,W183,1.4
4886,W448,1.5
409,W476,4.7
1312,W269,1.5
2625,W149,3.3
4210,W29,2.8
704,W39,3.3
188,W35,1.1
264,W377,1.9
2947,W452,2.9
234,W115,3.0
300,W168,2.9
2614,W467,3.9
3729,W47,1.5
1211,W131,4.4
916,W269,1.0
3731,W214,4.4
4179,W399,1.2
2988,W180,1.7
327,W230,4.3
3203,W210,4.8
642,W159,1.7
1606,W281,4.5
1103,W343,1.3
1594,W404,2.7
4559,W387,3.8
1415,W139,2.4
2308,W267,2.6
2604,W482,1.7
4995,W143,1.5
3278,W175,3.9
777,W134,2.8
3764,W67,3.6
4441,W96,1.6
738,W107,2.7
771,W356,4.5
287,W424,4.9
2048,W268,3.6
1894,W432,4.6
4371,W384,3.6
1147,W18,2.5
2775,W261,2.9
2449,W137,4.0
665,W420,2.6
2155,W54,1.8
4346,W154,2.5
4584,W110,3.7
1060,W450,4.9
2117,W91,2.6
1223,W19,1.9
2651,W288,3.2
2832,W133,2.6
3433,W46,2.4
781,W8,3.6
2943,W264,4.1
2452,W121,1.8
1833,W214,2.6
1280,W303,3.8
1437,W176,4.2
485,W330,4.5
1199,W485,4.2
318,W197,2.6
423,W289,2.2
867,W428,4.8
2381,W456,3.3
2160,W173,1.5
3016,W174,1.4
1050,W379,2.2
4986,W202,3.3
2476,W341,4.6
4661,W129,3.7
20,W299,2.9
1104,W411,3.8
3391,W383,4.1
2378,W469,2.8
2710,W226,1.4
2570,W274,2.6
840,W493,1.8
1498,W226,4.9
4655,W211,3.0
1038,W78,2.4
3895,W334,1.1
4910,W375,3.0
537,W5,2.2
2047,W177,3.4
1503,W22,2.9
1592,W171,1.2
4091,W4,2.2
2532,W106,2.6
4096,W49,4.4
3591,W334,2.3
3966,W84,1.1
2666,W32,4.0
4224,W475,2.9
418,W454,1.7
859,W452,2.7
1795,W428,4.3
2554,W484,1.4
2098,W123,1.0
2851,W490,4.4
4302,W12,4.2
4309,W394,2.8
3166,W480,1.1
4684,W15,3.9
3412,W212,4.3
2923,W129,4.4
515,W121,2.1
2332,W275,4.7
2199,W284,2.7
152,W233,3.9
800,W273,1.5
2124,W241,3.9
2779,W206,1.6
1787,W212,1.9
2767,W416,1.7
3077,W396,1.6
1554,W97,3.3
108,W458,2.4
4169,W263,2.2
1732,W295,2.8
732,W278,4.9
3474,W434,4.3
994,W393,4.7
41,W105,1.3
2242,W54,2.9
3847,W254,4.0
1330,W167,3.9
4437,W183,4.8
4681,W243,3.2
1914,W315,3.3
681,W293,3.3
223,W56,3.7
4336,W28,2.4
4617,W198,4.1
1726,W395,2.2
3659,W318,1.4
273,W397,5.0
2968,W488,4.7
128,W120,1.3
1552,W199,1.1
3937,W445,4.3
745,W215,3.9
1402,W319,4.4
4236,W12,2.0
1545,W281,2.2
2903,W117,4.5
742,W437,3.8
44,W486,2.8
2139,W234,2.7
3922,W204,2.7
976,W10,2.8
836,W236,1.5
16,W487,3.5
43,W85,1.9
2055,W417,3.9
887,W404,2.1
2972,W24,4.9
913,W8,4.4
3463,W115,4.4
2274,W53,3.3
4457,W290,4.8
1018,W280,1.5
2080,W301,3.6
3262,W129,1.1
2441,W94,4.5
4435,W149,2.9
1133,W181,1.5
4209,W420,3.5
3673,W77,4.7
4613,W428,1.4
3852,W133,1.8
4034,W210,2.7
4058,W382,4.5
1985,W176,3.3
3721,W103,4.3
4884,W334,4.5
4857,W39,1.1
3960,W195,3.1
1553,W1,2.1
3211,W483,3.7
2282,W473,1.8
3092,W87,2.0
1144,W128,4.7
4011,W14,2.8
2358,W11,3.2
4579,W312,1.7
4737,W205,3.0
3680,W497,4.0
2782,W412,1.1
2614,W408,3.9
760,W121,3.2
3321,W56,3.4
4616,W209,4.9
3759,W138,3.4
72,W407,3.4
4760,W334,4.7
1773,W182,4.4
4843,W488,3.9
3594,W98,1.9
415,W342,2.8
4220,W365,2.4
319,W235,1.8
4617,W463,2.0
394,W240,4.3
3828,W74,3.1
3015,W85,3.3
2179,W305,3.4
3618,W321,3.3
3481,W459,2.8
1917,W139,4.6
1908,W190,3.8
4558,W253,4.1
3559,W68,2.3
1716,W423,2.8
1214,W195,3.1
4632,W451,1.4
4176,W91,1.3
3687,W450,3.8
4015,W437,3.8
4597,W138,2.8
4424,W274,4.3
759,W78,2.9
1278,W282,3.0
3610,W96,1.1
317,W309,1.7
3685,W80,4.8
1257,W52,4.2
1910,W218,2.1
2855,W262,2.2
75,W202,4.2
2197,W355,3.8
1453,W66,4.5
2633,W298,1.7
1421,W405,2.5
2108,W348,1.1
1645,W224,1.2
1553,W291,1.4
661,W256,5.0
4612,W299,2.4
918,W189,2.0
4308,W41,3.7
9,W173,1.8
2311,W135,2.7
236,W251,2.3
2613,W109,2.5
3701,W100,3.9
1397,W23,2.6
3000,W19,2.3
1467,W301,3.3
3487,W264,4.4
4470,W76,2.5
225,W376,4.6
2880,W135,4.0
1881,W188,2.5
2109,W493,3.8
157,W394,4.3
229,W274,1.1
426,W177,1.7
374,W421,2.2
3762,W263,3.1
1435,W431,1.0
3481,W154,3.4
4888,W199,2.6
335,W399,4.1
3659,W485,3.3
1838,W422,2.5
506,W47,2.4
3542,W486,2.2
3085,W137,4.3
3991,W54,2.2
1542,W386,4.4
4796,W120,4.5
2083,W420,1.5
2747,W481,3.6
3083,W342,1.5
789,W271,4.0
4801,W436,3.7
4938,W399,3.1
1276,W71,1.0
3852,W495,4.8
2077,W44,1.5
530,W475,2.6
4519,W392,2.3
3725,W169,3.7
4713,W219,4.6
3263,W116,4.0
139,W299,2.1
71,W79,2.5
2373,W379,1.5
654,W494,3.4
3729,W388,3.4
275,W447,2.5
1531,W462,2.4
1775,W385,2.7
3506,W160,2.1
2051,W226,2.6
4951,W288,4.6
3814,W170,3.0
3634,W243,2.4
4800,W333,4.1
1473,W146,3.9
3521,W181,4.4
2864,W270,4.1
4525,W196,1.9
4021,W482,1.8
1144,W346,1.4
964,W198,4.4
898,W23,2.7
3428,W223,2.2
1211,W231,1.6
4988,W253,1.0
2567,W294,4.0
200,W62,4.0
1971,W163,4.3
2235,W167,2.7
3466,W278,5.0
2773,W397,3.5
4061,W185,3.3
3854,W458,3.3
932,W274,3.4
4689,W327,1.1
1891,W447,4.3
2249,W191,4.4
480,W101,1.9
956,W21,3.3
3595,W197,2.9
2221,W188,4.2
2394,W500,4.0
3830,W364,3.5
4504,W65,1.2
125,W277,3.5
683,W247,1.3
3153,W296,3.0
2400,W409,1.1
3374,W460,1.4
783,W48,4.8
1660,W332,4.5
3511,W483,4.1
2482,W58,3.4
2129,W339,4.5
1726,W78,3.7
3233,W410,2.3
1572,W205,4.8
2128,W328,1.5
1358,W447,2.5
4170,W371,3.3
2169,W334,2.2
4827,W154,4.8
469,W192,2.9
1000,W467,3.2
3205,W164,2.5
762,W423,1.1
323,W179,2.2
4008,W130,2.4
527,W250,4.7
583,W469,2.4
2518,W421,1.6
2541,W380,2.0
4922,W426,3.7
1238,W52,4.7
70,W296,1.5
1662,W28,3.1
499,W48,1.2
980,W242,3.8
4029,W144,1.6
2682,W333,2.1
2205,W397,4.9
4560,W140,3.7
4417,W149,3.7
382,W249,4.8
2514,W71,2.3
2849,W208,3.1
4689,W70,4.8
1691,W463,3.0
1601,W156,1.2
4684,W127,5.0
3899,W123,2.4
1214,W230,3.9
3541,W23,4.1
2565,W466,4.4
378,W169,2.7
4104,W185,1.1
4181,W189,2.7
4560,W332,3.6
701,W367,2.5
2968,W342,2.6
4936,W104,2.2
1766,W304,4.8
1578,W143,2.7
3903,W220,3.7
877,W117,2.4
182,W359,2.0
1017,W346,3.7
3813,W253,4.6
4365,W440,3.6
3392,W223,2.7
4989,W246,2.5
3220,W338,2.6
2190,W370,2.7
3450,W471,3.9
4056,W350,1.3
13,W381,2.4
1120,W374,1.7
3682,W65,4.9
4448,W395,4.5
2854,W238,3.7
1767,W153,3.0
3407,W402,4.8
4057,W298,3.7
135,W457,2.1
196,W203,4.9
1188,W386,2.9
890,W82,4.3
755,W312,2.0
4061,W281,3.7
4219,W420,2.1
1990,W98,1.6
2853,W144,2.9
3063,W141,3.7
646,W376,2.7
4354,W143,4.9
4735,W348,2.9
278,W360,1.1
854,W80,4.2
1695,W149,3.6
4953,W499,2.7
1884,W197,4.5
4102,W306,4.4
1627,W246,3.5
1610,W113,4.1
2234,W73,2.3
613,W38,1.1
1944,W293,4.0
1125,W369,1.5
3415,W29,2.0
2451,W387,2.3
2391,W411,3.7
102,W442,4.8
2939,W430,1.5
3234,W481,1.2
2704,W95,2.2
2170,W162,5.0
684,W97,3.3
4135,W248,4.5
1696,W81,3.7
1458,W403,3.4
4964,W404,4.8
4584,W337,3.6
3848,W255,3.3
2217,W100,3.4
2423,W268,3.6
3744,W57,4.3
233,W378,1.2
1974,W221,3.3
4679,W69,3.8
1243,W262,1.4
4565,W451,4.3
2890,W77,3.9
449,W350,4.9
1335,W91,2.8
3176,W316,1.9
343,W32,4.6
4853,W364,1.9
4362,W354,1.8
2602,W266,2.0
4170,W169,4.1
3952,W216,2.8
1099,W227,2.4
3092,W26,3.8
2653,W88,4.3
1197,W485,2.1
379,W61,4.3
2023,W329,2.0
1590,W219,2.4
3363,W249,2.8
3029,W34,1.3
2937,W275,1.2
4576,W362,1.9
746,W135,2.1
4831,W3,4.1
3838,W325,2.7
3993,W136,1.1
3516,W180,5.0
3487,W296,1.4
2473,W142,2.7
171,W235,3.3
371,W487,3.7
4922,W263,2.5
2453,W258,3.8
1726,W404,4.7
2673,W25,2.2
360,W464,1.2
852,W65,1.2
4291,W88,1.0
1310,W170,4.6
1865,W94,3.9
3706,W499,4.2
68,W127,1.2
1001,W337,2.3
3803,W181,1.7
1866,W63,3.2
557,W135,1.7
845,W378,3.1
3235,W37,1.9
40,W35,4.3
4990,W237,2.5
2502,W40,3.0
4789,W276,2.5
2212,W13,4.7
3485,W268,2.5
1086,W344,2.2
923,W451,1.1
1063,W440,1.8
3061,W318,1.3
3441,W447,2.5
2015,W165,2.8
4518,W157,4.9
4472,W139,2.6
4557,W389,2.0
2275,W112,1.3
1951,W213,4.4
517,W51,4.1
37,W454,1.7
4104,W483,2.2
2561,W216,2.7
925,W281,3.0
34,W34,4.4
4007,W400,3.6
3966,W295,2.8
4563,W64,4.1
4589,W318,3.4
2539,W429,4.8
2829,W19,4.2
4921,W102,1.4
3743,W13,1.1
3350,W377,2.7
2975,W54,3.2
3615,W468,3.9
4824,W179,3.0
211,W183,3.3
1135,W69,3.1
3516,W343,4.0
3231,W141,3.6
4318,W263,4.1
1774,W234,3.9
2698,W385,1.7
4579,W135,2.0
165,W418,4.8
4232,W309,1.8
3585,W92,2.2
29,W14,3.3
342,W147,2.4
1411,W54,1.1
1274,W129,2.1
669,W388,4.9
3669,W132,3.8
1276,W491,2.4
2546,W9,4.3
1186,W292,1.8
1939,W272,3.2
2663,W374,3.2
1178,W109,2.8
2595,W78,2.4
3790,W262,5.0
3678,W253,3.0
3778,W209,1.8
502,W157,4.6
559,W141,3.4
3611,W382,3.3
3638,W31,4.9
4428,W270,2.0
4791,W259,1.8
871,W339,4.3
4041,W49,1.4
1604,W396,2.0
4102,W328,1.1
3136,W427,4.9
2954,W344,1.9
906,W275,5.0
2086,W446,3.9
1936,W302,4.0
1431,W73,1.1
1976,W38,4.1
3581,W27,3.5
1637,W445,2.6
2944,W223,4.0
4529,W176,1.7
3161,W317,1.4
1623,W332,2.2
2207,W208,1.5
1122,W199,3.8
1642,W164,2.4
2670,W59,3.3
961,W476,1.5
4633,W164,4.0
1046,W114,5.0
2527,W166,2.1
530,W118,4.2
2982,W189,2.4
4795,W320,4.0
1128,W7,1.8
4852,W451,3.4
547,W433,3.2
3765,W161,4.5
2809,W332,4.1
3480,W468,1.5
3751,W74,4.2
1051,W340,4.8
1473,W443,2.7
1395,W192,2.6
44,W76,1.6
1891,W371,2.6
383,W500,1.3
1703,W229,1.8
2495,W103,2.1
3093,W96,3.3
2615,W438,4.0
253,W134,3.0
6,W73,2.3
3857,W64,1.3
2784,W5,4.2
511,W495,2.1
4832,W138,4.6
290,W198,1.3
3765,W302,3.5
1637,W479,4.7
1233,W256,1.9
2387,W414,3.2
1946,W71,1.0
4923,W12,2.2
4191,W175,2.5
2359,W292,2.2
3341,W239,3.3
1132,W238,2.0
4541,W80,4.0
3123,W247,3.4
2529,W86,1.4
3291,W457,1.1
1940,W118,4.2
1156,W231,1.2
4944,W229,2.4
190,W129,2.0
63,W104,2.7
1545,W462,3.7
4086,W436,3.9
1335,W107,1.4
1680,W347,4.1
2013,W72,4.2
4060,W462,1.6
3631,W340,1.6
2445,W49,5.0
99,W26,4.9
2872,W74,3.1
1217,W226,1.6
4458,W155,3.0
2372,W395,2.8
3226,W161,2.5
4580,W275,1.1
3522,W132,1.5
3896,W333,2.2
1546,W160,4.0
4545,W89,1.7
112,W98,5.0
3007,W279,3.9
554,W235,1.7
1430,W317,1.5
1217,W96,2.7
2970,W21,1.4
2493,W476,2.5
2363,W209,3.0
4990,W12,3.2
2747,W22,4.4
515,W373,1.7
2015,W402,4.2
1613,W231,2.4
250,W156,1.3
1203,W278,4.3
2423,W99,1.5
1260,W156,2.9
4599,W431,2.5
2452,W297,1.2
4714,W33,3.1
1113,W197,3.5
1052,W490,4.7
3336,W353,4.1
471,W29,1.7
4442,W280,1.8
3649,W3,1.0
1573,W410,1.9
1175,W9,1.8
3755,W132,2.0
1430,W237,3.2
3093,W373,2.2
1746,W350,4.8
1466,W357,4.5
4298,W262,2.8
1983,W415,4.6
421,W196,4.8
2412,W214,1.4
2345,W85,1.2
3933,W315,1.8
3422,W454,3.6
1552,W218,3.6
1304,W434,4.1
104,W44,2.9
2729,W372,3.0
883,W84,4.1
730,W388,1.1
4855,W80,3.5
3951,W218,3.2
724,W11,3.7
781,W94,4.6
4708,W247,3.1
3261,W399,3.2
86,W368,4.1
1293,W360,1.7
3291,W261,4.8
350,W31,4.6
3597,W276,2.2
4188,W247,2.6
4652,W162,4.6
1220,W166,3.8
4280,W468,2.6
523,W75,3.5
3875,W70,3.6
4054,W359,3.2
2221,W337,2.2
1566,W92,3.0
3368,W68,4.3
882,W289,2.6
4310,W141,2.6
1515,W100,3.5
951,W339,3.8
3789,W222,3.7
1475,W104,3.0
4553,W215,1.2
1647,W187,3.5
728,W148,4.8
1733,W109,2.1
3093,W262,4.3
1619,W92,1.2
1841,W247,1.6
89,W217,2.8
2397,W468,3.4
3265,W193,1.5
2630,W461,3.0
1965,W231,2.6
557,W100,4.0
1791,W240,1.4
1571,W203,3.0
711,W311,4.6
4783,W341,2.0
4145,W67,2.4
2782,W500,4.3
999,W113,1.9
2749,W115,3.9
3306,W409,2.6
3704,W193,1.3
3278,W118,3.8
2706,W186,4.8
3221,W233,1.1
4975,W245,3.2
3728,W76,1.5
1688,W387,2.9
1364,W353,3.8
2850,W440,4.5
520,W210,1.1
702,W485,2.0
3667,W62,1.3
116,W237,3.5
1478,W135,4.0
1885,W20,1.6
2787,W56,4.3
5,W355,2.1
4170,W406,3.4
178,W229,1.1
4061,W108,1.4
2178,W484,4.1
4959,W289,2.3
1522,W221,4.1
3055,W261,3.1
3260,W436,4.3
1278,W295,2.7
4332,W463,4.0
673,W302,4.6
157,W214,2.1
436,W257,2.0
2220,W338,4.4
3396,W114,1.6
2605,W264,4.8
1242,W449,2.5
1193,W439,3.8
534,W88,3.0
2886,W239,2.8
1634,W215,1.9
4246,W37,4.0
4493,W108,1.5
3767,W129,4.4
326,W143,2.7
20,W435,2.5
4689,W375,3.1
2078,W152,3.2
1288,W370,4.1
3203,W292,3.2
923,W449,4.0
687,W201,2.3
2021,W207,2.8
2693,W442,3.8
4043,W319,2.0
2877,W86,3.1
4470,W67,4.1
1990,W414,4.0
2139,W63,3.5
4557,W174,4.0
1692,W11,1.8
3355,W260,2.1
1402,W143,3.2
2406,W263,3.2
7,W53,4.8
1504,W355,4.4
2589,W479,4.5
1034,W344,3.5
3202,W232,4.5
257,W24,1.7
1851,W330,4.2
4383,W41,4.3
1574,W352,2.1
4853,W81,3.6
1909,W273,3.7
3609,W426,2.6
4539,W407,1.7
1480,W286,4.2
2040,W200,3.5
2982,W460,3.8
2656,W353,4.5
3061,W392,2.0
2412,W118,2.7
2380,W353,1.9
1052,W51,4.6
1186,W204,3.6
1254,W266,2.3
519,W298,2.5
4270,W435,3.7
1831,W478,1.7
2665,W379,4.2
3157,W242,2.1
228,W177,1.0
388,W312,5.0
3130,W200,3.4
3611,W272,1.1
2004,W54,1.7
2842,W164,4.2
832,W485,2.6
4638,W312,4.7
4380,W397,2.4
4352,W66,3.2
4320,W41,4.5
3931,W264,2.9
3007,W202,3.2
3251,W377,4.8
4389,W52,3.8
1798,W241,2.2
1544,W312,4.1
4769,W270,1.5
222,W358,3.5
1266,W133,4.6
2379,W472,3.0
4210,W386,3.5
2325,W104,2.6
2353,W128,2.3
3205,W285,1.1
4825,W335,2.8
3745,W358,1.8
4465,W424,1.1
1517,W243,2.6
3171,W428,2.8
437,W73,3.4
2660,W314,2.9
1016,W138,1.8
3858,W261,4.8
4641,W413,1.5
2775,W241,2.7
2872,W282,2.2
3656,W277,3.0
1552,W105,2.2
4284,W113,2.2
155,W222,4.4
939,W281,4.7
4282,W349,2.4
3667,W53,3.6
174,W127,1.5
3430,W110,2.0
3157,W90,4.9
4458,W308,2.6
4310,W448,4.0
197,W281,1.5
3711,W168,1.8
98,W61,1.8
1120,W310,3.0
3041,W353,1.0
418,W331,3.8
4047,W325,4.6
2459,W104,4.0
303,W310,4.2
573,W197,4.0
4692,W491,2.5
3162,W498,2.2
1991,W254,3.7
2144,W397,1.9
3121,W248,4.4
2427,W463,1.2
497,W487,1.1
406,W220,4.5
3286,W170,3.5
3660,W276,2.0
254,W475,4.1
4503,W87,1.9
4062,W307,4.6
1974,W446,1.8
4018,W333,2.1
2272,W315,2.3
1276,W168,4.1
3967,W153,3.3
2591,W186,1.1
3219,W460,3.5
3771,W44,3.7
529,W243,2.0
587,W454,3.1
3599,W307,2.8
2936,W192,1.4
3409,W35,4.1
3158,W429,4.2
2888,W383,1.6
2484,W428,5.0
1572,W187,1.9
4739,W123,3.3
3048,W489,1.3
3037,W306,3.2
111,W417,3.1
4088,W12,4.2
696,W177,4.4
1376,W484,4.7
3641,W365,3.5
2027,W172,1.8
3129,W164,4.0
26,W246,4.0
3878,W225,4.3
3592,W285,3.6
741,W13,4.7
1293,W27,1.7
2069,W119,4.7
928,W273,2.0
1499,W458,4.0
1064,W463,2.5
2409,W286,3.4
1216,W149,2.0
74,W425,2.9
1436,W156,4.0
4506,W500,4.3
2404,W88,2.5
1250,W122,4.8
267,W53,2.3
2446,W360,4.6
4930,W296,4.7
332,W319,1.4
4934,W59,1.5
865,W378,2.5
3827,W500,4.7
3756,W118,1.8
1359,W319,4.5
97,W61,3.3
2482,W475,1.1
1533,W53,1.2
3582,W343,5.0
1227,W415,2.2
2569,W81,2.3
1089,W41,2.3
4868,W18,4.8
4432,W443,2.0
2264,W9,3.8
4575,W334,1.1
863,W50,1.4
4328,W136,2.7
4125,W56,4.9
1339,W314,4.3
1206,W109,3.4
1015,W442,2.4
1856,W382,4.6
3989,W337,4.5
2309,W459,3.0
1818,W471,3.6
2796,W177,4.3
1069,W249,2.0
859,W113,2.8
1605,W104,3.7
4011,W325,2.3
2767,W338,2.0
2966,W125,4.3
925,W253,3.7
2606,W488,4.6
23,W113,1.8
4248,W129,2.7
3337,W42,1.1
1950,W284,4.0
200,W498,4.5
3136,W388,1.3
1207,W199,1.2
3852,W430,3.4
1557,W91,4.5
4111,W82,1.5
2179,W193,1.6
3836,W474,1.9
3162,W285,3.2
4033,W291,3.6
1062,W122,1.9
3629,W385,3.1
1440,W141,1.6
1700,W472,2.4
4437,W12,3.3
586,W500,1.3
3395,W166,3.5
915,W77,4.2
2974,W304,3.2
2898,W373,1.9
2047,W180,5.0
3181,W254,2.2
1401,W31,2.0
3017,W15,1.5
4714,W277,2.5
4715,W349,1.6
90,W378,4.8
812,W488,1.3
2416,W181,4.7
823,W364,3.5
417,W109,2.5
829,W479,3.5
1860,W470,4.4
4069,W323,2.2
823,W167,2.4
1368,W220,1.4
3133,W324,1.6
2848,W95,4.8
3620,W293,3.8
1581,W424,1.4
2156,W49,1.1
219,W460,4.5
3754,W115,2.2
4857,W170,1.5
2317,W309,1.3
4804,W447,4.7
97,W416,4.7
1844,W22,3.6
3124,W424,3.9
733,W38,3.6
4957,W445,1.5
971,W349,1.9
3249,W231,1.0
2026,W2,3.0
1051,W128,1.0
4053,W158,4.1
4822,W150,1.0
2648,W367,1.7
3552,W372,4.6
1359,W273,4.1
4471,W23,1.6
4711,W450,2.0
2822,W459,4.0
4861,W442,3.3
1592,W279,4.4
2608,W195,4.9
2374,W164,1.5
563,W73,1.7
4658,W392,2.1
2777,W287,4.6
606,W385,2.5
1038,W463,3.6
3120,W316,3.2
2488,W4,4.4
3867,W182,4.9
3510,W329,3.0
3629,W16,4.1
3868,W374,1.9
1373,W61,3.2
4142,W414,2.4
194,W442,2.5
1715,W363,1.2
2080,W60,4.8
1951,W83,2.8
3629,W326,4.5
2395,W495,2.7
786,W194,2.2
2885,W55,2.6
350,W204,2.9
4228,W227,1.2
4660,W196,4.9
2896,W437,1.5
702,W61,2.5
1030,W77,2.6
708,W263,1.6
3980,W258,4.0
3721,W424,3.4
4639,W337,1.7
1163,W25,4.7
4658,W414,1.2
4816,W117,2.7
4095,W165,4.4
2561,W479,2.2
4772,W257,3.3
4366,W211,4.8
1591,W416,4.9
1709,W43,2.7
1284,W257,4.6
741,W222,4.4
425,W207,1.9
4918,W279,4.8
1260,W20,1.9
4537,W27,1.8
4639,W457,2.4
597,W72,3.1
1196,W435,4.6
4115,W445,1.3
3838,W324,4.2
1365,W221,3.5
908,W146,4.3
1866,W163,1.3
3978,W192,3.5
157,W193,1.3
4523,W427,2.6
4784,W367,4.5
2375,W48,4.3
3578,W96,4.1
2096,W199,4.0
2195,W117,4.1
1900,W204,4.4
801,W487,1.9
2958,W203,1.2
1900,W403,3.2
2267,W361,4.4
1720,W257,5.0
2858,W202,4.5
545,W250,2.4
4880,W222,1.1
1370,W465,4.2
4667,W220,2.2
4151,W46,2.1
2666,W213,3.0
237,W312,2.9
3492,W467,3.2
1521,W430,1.6
3193,W392,4.6
2766,W112,4.5
1181,W115,3.1
2804,W82,4.8
4639,W308,4.6
3419,W54,2.7
4061,W164,3.2
186,W118,4.7
4430,W193,1.6
1302,W130,3.0
214,W210,2.0
2576,W436,1.4
4213,W62,4.5
3191,W260,4.8
2226,W39,3.4
3704,W325,3.4
4604,W194,2.6
3062,W399,4.1
2727,W78,2.8
4033,W116,2.5
4508,W387,4.2
2303,W234,1.6
3650,W68,4.1
4209,W346,1.3
862,W459,2.7
3252,W488,3.7
2544,W213,1.3
17,W74,3.5
4761,W362,4.8
842,W473,2.9
768,W348,4.5
1315,W315,5.0
2943,W275,3.0
1355,W230,1.8
2998,W313,4.6
2620,W52,4.1
906,W83,4.3
3106,W389,3.7
4309,W262,4.7
3703,W420,3.1
3690,W138,3.4
2810,W322,1.9
4473,W199,1.2
2870,W153,2.5
4128,W447,2.5
3700,W462,1.6
1640,W459,1.5
4130,W402,4.2
1676,W76,2.1
1686,W311,4.1
4601,W475,2.5
2439,W389,4.9
1699,W439,4.7
3038,W498,4.3
4313,W4,1.0
2775,W378,4.6
1249,W312,4.5
3395,W159,4.9
3197,W214,4.9
2766,W247,1.1
1079,W27,4.3
570,W433,3.7
1757,W375,1.4
2135,W454,3.1
1830,W318,4.2
1780,W477,3.1
937,W317,4.6
3774,W119,2.3
1053,W95,4.9
2633,W397,2.9
4356,W358,3.0
936,W79,2.8
4999,W433,2.6
1458,W168,3.1
2493,W214,2.4
1622,W102,4.3
4201,W245,4.4
4925,W169,5.0
2474,W283,1.4
4097,W328,5.0
3960,W464,3.5
3374,W32,2.5
1531,W496,3.8
4763,W138,1.5
1735,W285,5.0
1961,W137,2.9
846,W451,4.8
1068,W10,4.9
3921,W331,4.9
2691,W448,4.9
2278,W356,2.7
2477,W449,3.3
4743,W416,1.9
2960,W379,2.6
3198,W146,4.1
4075,W201,2.4
3360,W376,1.2
2991,W173,2.2
3062,W245,1.0
4213,W316,2.0
330,W469,1.2
4263,W499,1.5
1304,W64,3.5
4314,W410,1.6
187,W362,1.2
3895,W474,4.7
3320,W7,4.3
2178,W14,3.4
4342,W298,1.0
3020,W453,4.5
43,W224,4.6
4930,W222,1.9
1787,W453,2.2
1060,W462,2.8
1433,W146,1.7
4594,W348,1.5
3803,W30,4.4
256,W407,3.2
2990,W163,4.6
4561,W291,3.4
1699,W374,4.5
2005,W310,3.2
2774,W118,2.1
1497,W70,3.4
4900,W325,4.8
1410,W151,5.0
3199,W381,4.5
3783,W8,2.5
2509,W307,2.7
4462,W225,2.6
3739,W61,4.5
3903,W309,1.3
2873,W453,3.0
1691,W40,4.0
2843,W343,3.2
3460,W422,4.3
115,W300,2.3
3550,W405,3.9
2814,W219,4.1
2393,W222,3.8
632,W290,2.0
4343,W283,2.4
1732,W229,2.5
109,W414,1.5
126,W60,4.4
4584,W370,4.9
2988,W462,3.1
4518,W54,1.1
962,W192,1.2
2665,W7,3.8
2192,W354,2.6
4602,W430,4.0
2777,W335,1.0
4630,W464,3.4
421,W12,1.2
4185,W232,2.6
919,W121,1.6
4930,W359,1.7
3112,W254,2.1
2812,W41,4.9
138,W214,1.9
1059,W211,3.9
4498,W132,2.8
53,W289,3.2
240,W392,1.1
1411,W357,3.5
663,W489,3.4
504,W131,3.9
1761,W128,4.3
3892,W323,3.5
3148,W85,3.0
3774,W31,2.9
1817,W436,4.6
431,W457,2.2
1373,W279,2.5
952,W352,3.8
682,W263,3.0
1175,W171,1.3
3201,W431,4.8
2210,W41,5.0
3522,W329,4.1
2572,W484,3.3
3213,W146,1.4
915,W131,2.1
3325,W268,1.5
3290,W27,1.0
3249,W415,3.7
532,W245,1.1
2158,W112,1.6
2551,W54,4.4
4511,W458,3.1
21,W16,2.7
4799,W340,2.1
3089,W226,3.2
3989,W389,2.0
1007,W361,4.5
830,W386,4.1
477,W54,3.6
681,W492,2.2
1751,W242,4.3
1977,W220,1.2
3291,W480,2.3
2831,W486,3.0
2041,W496,1.3
426,W380,3.5
3601,W1,3.1
3191,W163,1.2
4676,W99,4.3
2947,W470,3.5
2559,W343,1.1
209,W426,2.0
4631,W49,4.0
4894,W126,3.7
2705,W499,2.5
477,W364,2.9
4538,W39,1.7
4322,W110,1.7
3803,W213,2.4
3805,W425,4.5
1437,W135,3.2
3042,W68,3.7
4142,W399,4.6
1512,W490,4.4
4202,W188,4.3
313,W321,2.2
273,W408,1.8
2853,W408,4.7
2115,W141,1.1
1823,W451,3.0
2328,W316,3.9
3611,W350,1.3
833,W80,2.5
711,W14,1.9
1703,W429,1.4
1455,W227,4.9
1163,W68,1.7
3989,W447,3.3
2357,W477,4.4
3745,W259,1.7
201,W115,3.3
100,W354,4.2
319,W211,3.2
3885,W394,1.1
4264,W277,3.8
2368,W493,2.5
4373,W146,4.4
2780,W313,1.5
2317,W342,2.7
3047,W10,1.6
332,W356,2.5
2547,W108,3.8
4953,W82,3.9
3779,W230,2.5
1883,W113,1.9
1520,W219,1.5
2353,W71,2.1
449,W256,2.7
516,W43,3.0
1364,W276,1.7
2087,W398,2.0
4563,W247,3.6
4506,W131,2.9
132,W352,1.8
4252,W472,5.0
4479,W33,4.0
2241,W172,1.8
4535,W24,2.0
2276,W286,2.5
4261,W102,3.2
2290,W25,1.5
4133,W129,2.5
500,W358,2.2
1376,W311,4.4
2361,W124,3.9
4711,W23,4.9
926,W455,1.1
2680,W46,2.9
4427,W108,2.1
664,W251,5.0
2400,W472,2.9
4774,W305,4.6
2162,W142,1.3
20,W273,4.6
2773,W28,1.4
2863,W122,2.8
2500,W389,1.6
401,W492,4.9
826,W268,2.3
3811,W49,5.0
711,W451,4.3
1366,W87,4.9
2082,W356,3.6
4853,W329,1.5
3015,W449,2.3
3446,W109,1.1
1363,W55,2.1
2808,W59,2.9
1827,W420,4.0
19,W480,1.3
736,W421,4.6
1515,W177,4.0
3563,W29,1.7
2464,W128,3.9
2330,W467,2.2
2951,W333,2.2
1602,W495,2.7
1476,W317,1.7
1413,W40,2.5
2838,W73,1.7
2173,W144,2.8
4504,W314,3.8
2417,W149,4.6
4376,W357,3.0
4164,W477,1.0
1739,W61,2.0
1701,W84,4.9
188,W54,2.9
474,W320,1.9
4392,W494,1.6
913,W118,3.6
4751,W172,1.8
2587,W431,2.9
1718,W58,1.1
3749,W101,4.8
1541,W216,2.9
4455,W99,4.7
2590,W327,2.9
3928,W166,2.2
3460,W355,3.4
4927,W285,2.4
3561,W114,1.0
3534,W117,2.0
4012,W426,4.4
2295,W481,1.4
3826,W124,1.8
116,W166,1.6
972,W244,3.4
4369,W381,2.1
613,W195,2.4
1303,W481,1.7
3663,W139,1.9
2642,W319,4.1
485,W13,2.9
1628,W46,2.8
3713,W237,1.6
457,W16,3.0
61,W332,1.1
1244,W212,3.8
2557,W136,3.1
4855,W481,3.7
523,W346,3.9
982,W177,3.5
2142,W1,4.1
1655,W151,1.4
4074,W20,1.6
770,W307,1.3
3116,W474,3.1
1248,W175,1.0
1146,W235,3.7
1990,W116,2.4
370,W381,4.1
4738,W448,3.6
34,W127,4.3
625,W95,4.1
1897,W4,4.0
3943,W468,1.7
2444,W71,4.0
1025,W232,2.5
2724,W122,1.4
1019,W324,2.6
1413,W293,2.7
2870,W192,2.7
37,W207,4.1
2494,W91,1.4
2435,W310,2.9
1282,W63,4.8
2139,W62,3.3
207,W304,2.9
3120,W420,1.0
1567,W75,5.0
1150,W441,2.8
2684,W38,2.1
3762,W251,1.6
2244,W291,2.4
3864,W243,3.2
2088,W481,2.5
2173,W402,1.9
887,W163,4.9
3487,W327,4.9
1976,W177,1.1
1468,W485,1.2
675,W179,3.8
764,W148,4.9
4435,W136,4.6
1008,W65,1.0
4865,W184,4.6
4146,W8,4.2
1583,W486,4.3
3912,W461,3.4
803,W154,3.0
3501,W247,4.8
1395,W62,4.0
2086,W229,4.7
4688,W407,2.4
2697,W215,1.4
1035,W244,5.0
3467,W74,1.6
1379,W17,3.8
3077,W326,2.7
4494,W407,2.4
640,W39,3.4
1758,W453,3.9
3821,W281,3.8
4566,W386,1.8
4088,W259,1.2
2154,W399,4.0
2728,W491,1.7
1722,W381,2.8
4093,W219,3.6
1566,W28,2.6
1221,W154,4.8
4879,W190,3.6
3237,W429,1.7
121,W365,1.5
2689,W101,3.7
2548,W416,3.1
266,W497,3.6
4919,W246,1.1
1386,W120,3.5
831,W115,4.5
356,W138,1.2
1664,W478,2.0
3959,W38,3.3
3787,W251,1.8
179,W300,1.4
2731,W13,3.9
2456,W435,3.4
896,W301,1.8
3135,W242,2.1
1086,W410,2.3
1678,W415,4.8
583,W181,4.1
1715,W131,3.3
4473,W329,2.3
3274,W284,2.1
4553,W185,3.6
279,W494,4.3
3,W353,1.2
1134,W217,4.1
1477,W121,1.7
3433,W145,4.4
3715,W49,3.9
3196,W147,4.6
4308,W475,3.2
3109,W4,1.7
3315,W361,4.6
2286,W159,4.9
335,W476,2.3
1444,W171,4.0
1519,W376,5.0
607,W294,2.6
3455,W15,2.0
3102,W189,4.2
4839,W483,2.8
2759,W471,2.5
2918,W60,2.0
218,W490,3.2
499,W107,1.2
583,W73,3.2
3814,W332,4.7
2823,W191,2.7
709,W89,2.9
989,W320,2.0
4947,W284,2.4
1115,W479,2.3
4909,W54,2.4
1516,W189,1.1
766,W306,4.5
879,W41,1.7
2900,W252,2.0
2328,W43,2.4
3835,W381,2.6
1995,W234,2.5
2219,W337,2.5
1534,W270,4.8
919,W177,1.4
2801,W484,3.1
1217,W28,1.2
1365,W371,1.3
4295,W410,2.8
1357,W484,2.6
1166,W455,2.8
3733,W163,2.2
4570,W452,3.2
734,W494,4.4
756,W498,2.1
277,W33,2.3
4122,W444,1.8
273,W208,4.3
2461,W472,4.6
1325,W28,3.3
3669,W450,4.1
2274,W302,4.6
1236,W185,4.5
4269,W172,2.9
70,W359,1.6
1043,W281,3.4
4710,W71,4.8
2004,W92,4.6
2914,W320,4.2
617,W272,4.5
4192,W226,1.5
4028,W22,3.7
3384,W359,1.9
2214,W210,1.1
1908,W297,3.5
3575,W209,1.1
2324,W112,2.3
1429,W212,4.4
2494,W126,1.0
3059,W58,3.4
2116,W214,4.2
2266,W20,4.9
3051,W70,2.1
122,W398,3.3
301,W321,3.6
1524,W160,2.3
2253,W435,1.5
3742,W329,2.8
493,W160,1.5
227,W308,1.6
424,W451,2.8
4650,W459,2.9
3230,W242,2.4
947,W307,5.0
3533,W304,4.7
68,W58,2.2
641,W360,4.3
1783,W105,3.4
2913,W167,3.5
2136,W18,1.8
611,W148,4.9
4300,W288,4.7
1300,W137,4.0
4184,W256,3.4
2464,W101,3.3
3883,W29,4.5
844,W13,2.0
3462,W85,3.9
2706,W121,1.9
1453,W239,2.3
1463,W458,2.9
3455,W125,3.1
1364,W461,3.6
1019,W292,2.1
4722,W229,1.3
76,W326,2.9
3272,W471,4.8
3694,W66,1.6
2169,W109,3.2
1280,W161,1.0
4235,W231,4.3
3675,W468,1.3
3900,W301,3.9
2644,W130,3.5
3649,W320,3.0
4992,W84,3.2
3833,W122,1.9
595,W198,3.7
4515,W356,1.9
1314,W125,1.7
4108,W282,1.4
3224,W186,3.2
357,W437,4.3
1569,W337,2.5
3343,W81,4.2
2334,W489,2.3
2239,W201,4.0
2377,W53,2.0
2283,W92,4.7
4075,W226,1.1
2769,W410,3.6
712,W476,4.1
4186,W497,1.1
961,W322,3.7
1290,W43,2.7
970,W38,3.2
2928,W82,1.8
669,W465,5.0
341,W261,2.7
4951,W270,3.2
3617,W54,1.6
1504,W139,1.2
1566,W347,1.6
4036,W80,3.0
301,W144,4.5
666,W37,2.3
2489,W47,3.9
3196,W337,4.6
2154,W326,1.6
2402,W291,2.8
997,W479,5.0
1528,W341,3.8
4269,W409,3.5
3011,W77,4.7
1616,W394,2.4
1686,W440,4.9
3422,W420,2.2
2111,W271,2.3
3804,W220,4.6
3753,W130,2.9
2512,W455,4.2
2524,W337,1.8
4313,W427,3.0
2095,W375,3.1
2445,W351,4.6
4866,W496,4.0
2785,W274,2.9
3135,W136,2.6
2331,W278,3.4
2668,W52,2.2
103,W295,2.9
623,W369,1.0
3299,W291,4.9
2608,W140,2.9
1116,W29,2.1
4748,W311,2.5
3200,W484,1.5
518,W98,3.5
344,W33,1.1
1998,W417,1.7
1200,W351,1.7
491,W123,4.4
1685,W13,3.9
3332,W246,2.8
1839,W493,1.8
2913,W128,3.6
385,W194,4.3
1163,W176,3.6
2651,W238,4.1
345,W41,3.3
101,W73,4.1
2327,W384,4.8
3082,W138,3.5
2883,W395,4.6
2437,W70,4.0
409,W281,4.3
3713,W228,5.0
3881,W320,1.1
4725,W38,3.2
732,W339,3.7
4827,W317,1.6
2603,W179,4.7
4427,W359,2.3
4350,W383,1.5
4243,W223,1.8
571,W434,3.8
3101,W225,2.8
4097,W345,3.2
3173,W228,2.2
4300,W69,4.9
1214,W350,1.3
641,W238,3.9
28,W224,1.1
994,W481,1.3
1894,W121,2.1
2351,W88,4.4
906,W249,4.4
1177,W339,1.3
1504,W227,2.9
4158,W348,1.7
1656,W50,3.6
313,W270,2.8
3871,W241,1.1
1428,W144,1.8
2317,W442,2.1
4918,W289,3.7
2047,W206,2.0
4137,W186,3.4
1458,W443,2.5
1891,W77,4.8
3846,W70,1.7
4301,W300,2.0
1289,W9,2.6
2571,W387,4.0
855,W443,4.6
4090,W53,4.0
2870,W253,2.2
3200,W410,3.9
2615,W400,2.9
4958,W173,2.7
4510,W17,4.1
3454,W210,3.5
4815,W156,3.0
4663,W114,3.3
1400,W236,1.8
610,W395,1.5
3146,W340,4.9
159,W38,2.1
433,W240,2.3
4598,W29,4.6
1355,W317,3.5
76,W491,2.5
3981,W146,3.7
3325,W384,2.6
264,W159,4.1
3538,W135,4.7
1296,W394,2.4
3872,W163,1.5
2174,W234,4.8
4943,W218,2.0
3985,W248,3.8
4303,W397,1.6
2409,W384,2.8
790,W145,4.9
770,W65,5.0
3525,W169,3.8
272,W486,3.8
1900,W233,1.6
3825,W119,3.1
549,W193,4.3
4286,W39,2.6
3688,W277,2.0
1095,W53,4.5
4274,W291,3.6
2815,W422,3.5
3985,W436,3.1
4342,W169,4.2
2006,W485,3.8
408,W425,2.9
3828,W439,4.9
3344,W7,4.1
1154,W472,2.1
2942,W39,1.4
4794,W94,4.7
4824,W23,1.3
857,W328,4.4
1171,W90,4.5
994,W36,3.1
3535,W283,1.3
1432,W345,4.6
2436,W419,4.3
2450,W451,3.4
3985,W364,3.1
2024,W138,4.8
2001,W313,4.7
4280,W262,1.4
2564,W404,2.7
4522,W228,4.9
1206,W77,1.2
965,W334,4.6
4469,W297,4.2
2866,W280,3.3
3440,W443,3.3
3197,W303,1.2
1919,W227,4.1
957,W157,5.0
2793,W452,1.2
4370,W168,4.6
4361,W270,2.9
3134,W194,4.2
411,W32,4.9
4772,W362,1.9
2310,W144,3.1
2937,W125,3.9
4266,W315,2.3
1854,W483,4.0
4363,W43,2.6
4152,W229,1.7
823,W16,4.1
1016,W317,4.9
2696,W351,1.2
312,W499,1.4
1963,W453,4.3
3276,W441,2.6
1875,W484,4.8
4207,W148,3.7
1821,W377,2.6
4511,W92,3.7
2709,W473,2.1
1571,W104,4.5
4835,W273,3.1
983,W145,2.3
729,W326,2.4
3938,W127,3.7
645,W213,2.7
3624,W86,1.7
1351,W316,3.8
2127,W257,3.9
3371,W153,2.3
868,W434,2.7
1346,W98,4.8
1842,W328,2.5
4040,W156,2.2
2445,W110,4.7
4997,W475,2.6
4993,W382,3.2
605,W219,2.7
1348,W428,4.5
444,W184,3.7
1653,W50,2.2
4857,W290,1.7
1047,W320,1.2
3690,W154,3.8
1612,W129,2.9
4001,W258,4.3
2195,W62,3.3
2215,W101,4.9
2800,W272,3.9
2618,W65,3.9
1353,W221,2.5
2529,W383,4.7
423,W104,2.8
4986,W157,4.7
635,W434,1.1
844,W413,4.9
181,W299,4.1
2695,W293,3.3
1293,W43,3.7
831,W414,2.9
2472,W493,1.1
92,W101,3.0
4454,W60,2.1
2267,W423,3.7
716,W167,5.0
233,W123,2.7
1485,W369,2.5
4703,W466,4.7
4203,W487,1.0
550,W417,2.0
3872,W274,4.6
2919,W109,4.3
1267,W362,1.8
2887,W298,4.6
4811,W394,2.5
2573,W498,1.5
4688,W362,3.5
2102,W93,3.6
703,W215,3.1
3401,W370,3.1
461,W273,3.0
378,W256,1.4
2046,W98,1.9
3422,W39,2.8
346,W127,1.4
3606,W135,1.8
4554,W135,1.4
2537,W428,1.5
1599,W72,3.8
3579,W379,1.6
2666,W377,3.6
761,W240,2.8
2489,W360,3.7
3835,W70,5.0
3029,W365,2.9
2620,W240,1.9
1818,W92,4.4
1965,W418,2.9
2771,W179,2.5
4254,W45,1.2
3220,W115,4.2
1922,W70,4.6
2554,W172,1.3
1502,W320,4.4
4963,W379,2.1
1818,W452,2.9
2436,W380,3.1
400,W322,4.6
1381,W228,4.5
3373,W43,2.8
3176,W26,4.1
4764,W150,4.7
61,W295,4.5
878,W116,4.7
712,W462,2.0
1997,W42,4.3
3939,W135,3.7
4033,W407,3.7
4369,W306,1.1
3545,W189,3.4
4515,W217,2.5
451,W419,1.5
1116,W117,1.4
2682,W40,2.2
2428,W70,2.5
2030,W478,3.0
2902,W34,2.5
335,W424,3.9
660,W210,1.2
2125,W485,1.7
2952,W274,4.0
2027,W166,4.9
4284,W415,4.7
3046,W85,3.3
2230,W61,2.8
661,W436,1.6
106,W225,3.8
3419,W497,3.2
61,W486,4.3
3281,W184,1.1
366,W42,1.2
3485,W242,4.7
4083,W385,3.1
4747,W328,2.3
61,W158,1.5
4674,W85,3.9
3856,W256,1.6
897,W432,4.5
924,W240,2.0
2329,W174,2.9
1832,W323,4.7
518,W224,2.0
1668,W156,3.6
3964,W156,2.1
4942,W456,1.9
2611,W257,4.6
3203,W324,3.3
1579,W98,1.0
4435,W82,5.0
4029,W116,1.3
149,W165,4.1
2680,W324,2.4
1564,W134,1.7
3298,W110,1.4
191,W466,4.5
3992,W376,2.3
4452,W408,3.0
4662,W298,1.2
3028,W465,3.3
3975,W255,3.2
4058,W114,3.3
4793,W65,2.2
2731,W342,1.3
3829,W474,1.0
2569,W231,3.5
3838,W404,4.8
1159,W58,4.2
1920,W297,3.0
16,W275,2.6
1736,W252,4.7
3202,W96,4.0
788,W42,4.0
2343,W451,4.8
2742,W132,3.6
1290,W252,3.3
2886,W248,2.6
4813,W215,1.3
1778,W409,1.8
206,W242,3.6
3490,W440,1.7
4127,W440,1.6
317,W86,2.5
674,W247,2.5
2980,W79,2.0
896,W448,1.1
3301,W58,3.2
2542,W138,3.5
4014,W41,1.7
34,W499,2.8
4254,W413,2.9
1829,W151,3.2
1987,W73,4.2
1185,W303,1.5
371,W51,2.8
2373,W99,3.0
1841,W85,3.7
3990,W474,4.4
912,W8,3.3
788,W5,2.8
31,W468,4.7
118,W274,3.5
2944,W233,3.0
4380,W119,4.1
4525,W382,4.6
1853,W185,2.8
3642,W198,1.8
2335,W100,3.3
3589,W449,3.3
1450,W60,4.0
2193,W80,2.2
549,W372,4.7
2505,W188,3.4
2623,W153,3.9
543,W109,4.6
1525,W47,3.3
2038,W282,4.1
3705,W309,4.7
1674,W245,4.4
1352,W126,4.1
1355,W213,2.1
4779,W237,3.6
2962,W303,3.4
3512,W98,3.0
4770,W37,1.1
1495,W68,3.4
256,W311,3.9
1603,W430,3.6
412,W183,4.4
2184,W69,2.5
1151,W68,3.8
3957,W291,2.1
2281,W359,2.5
2841,W340,4.1
4742,W253,3.9
3689,W303,2.3
4228,W182,4.4
3080,W295,2.5
1404,W276,1.4
2648,W497,2.6
333,W59,3.1
2686,W138,3.4
1184,W88,1.2
1493,W262,2.8
1483,W185,3.3
560,W254,2.3
126,W86,1.8
663,W12,4.5
425,W367,1.7
1109,W220,1.9
147,W209,3.8
2492,W86,4.7
1366,W326,3.6
3213,W362,4.5
2818,W46,2.0
2601,W147,4.6
4954,W161,1.0
2419,W373,1.1
1190,W356,3.8
3853,W384,2.5
2925,W216,2.4
2741,W239,4.9
1156,W475,2.9
2407,W239,1.8
2647,W33,1.9
4684,W245,3.9
4624,W316,2.6
202,W124,1.9
823,W176,4.5
4187,W290,3.1
4731,W466,3.2
1563,W363,2.5
4994,W263,1.8
3680,W103,1.7
1369,W431,2.0
2857,W135,2.2
2165,W79,1.4
3421,W403,2.4
1105,W141,1.1
445,W292,1.0
3161,W61,1.6
3072,W452,1.6
526,W116,2.9
3813,W201,4.6
24,W182,4.5
2645,W378,4.2
1707,W192,4.0
168,W473,3.7
3761,W444,4.8
3928,W180,1.9
937,W499,3.8
2273,W404,4.1
3924,W67,2.6
525,W63,1.0
2715,W145,4.3
3752,W307,4.8
3992,W104,3.9
2843,W201,3.3
1431,W114,3.9
1605,W175,5.0
4320,W136,1.5
1678,W60,3.2
390,W109,3.0
4362,W435,2.1
3571,W450,3.9
2362,W359,2.4
4291,W412,1.3
899,W173,3.1
4761,W55,3.9
3959,W30,2.3
876,W273,3.7
212,W50,1.7
1061,W373,2.6
211,W343,4.3
3684,W166,3.2
65,W494,4.0
1775,W144,2.8
4623,W169,2.1
1571,W296,4.2
3517,W200,4.7
2648,W321,1.6
1664,W356,2.2
1633,W348,4.1
2631,W35,4.4
1655,W378,3.8
2598,W463,1.5
1416,W38,2.5
1272,W222,1.4
3716,W183,4.2
3913,W230,3.1
2354,W400,2.1
1075,W159,1.9
760,W500,3.1
2642,W260,1.4
4076,W361,2.7
4995,W492,3.6
3256,W14,3.0
2786,W69,1.5
1857,W222,4.7
3536,W303,4.7
604,W100,3.5
1423,W286,3.5
1,W243,1.8
586,W474,4.4
1406,W214,3.4
3775,W26,3.0
2305,W399,2.4
1403,W409,4.8
2465,W230,3.3
4926,W285,2.1
2198,W57,4.4
4342,W13,4.6
4202,W44,1.5
3646,W368,2.4
3553,W440,2.7
970,W124,4.5
1263,W376,2.3
2552,W43,2.1
3563,W302,2.6
1823,W422,4.7
4022,W128,3.9
1719,W153,4.6
4101,W15,3.2
993,W426,1.0
3431,W45,1.7
765,W77,4.0
4982,W344,4.0
4965,W351,4.5
2849,W187,2.0
4309,W457,4.0
1755,W259,2.0
1345,W75,2.3
2384,W189,2.5
3292,W260,3.2
4082,W304,4.0
450,W187,3.7
2151,W9,2.8
4421,W483,1.3
4110,W278,1.3
3001,W344,2.5
1846,W212,2.7
2235,W49,2.4
1224,W17,3.2
4914,W252,2.0
4575,W265,2.5
3930,W497,2.2
4769,W449,4.0
4297,W12,4.4
92,W398,4.4
4656,W319,1.0
4526,W257,4.1
253,W2,1.8
2590,W293,3.6
96,W353,1.3
3336,W341,3.6
4978,W472,1.2
1136,W380,3.3
2904,W313,4.7
2236,W357,2.1
4335,W307,4.6
3030,W424,3.3
2618,W54,2.8
4100,W239,1.6
2714,W194,4.5
3739,W105,2.3
2340,W424,4.7
1782,W281,2.0
4139,W79,2.1
980,W2,1.9
1644,W120,4.9
3831,W457,3.9
2524,W285,3.5
4947,W178,4.7
4899,W236,3.7
1552,W27,1.6
2317,W51,2.4
4288,W22,1.1
1704,W401,3.0
2057,W119,3.8
3570,W206,2.5
4854,W347,2.6
1334,W403,3.0
831,W454,2.3
1418,W401,2.1
1188,W487,2.4
1406,W41,4.8
3794,W265,4.4
3945,W172,4.6
2623,W75,4.2
3097,W86,3.8
976,W324,4.5
1933,W216,1.2
233,W300,4.5
1378,W49,1.7
345,W97,4.0
336,W48,1.3
4631,W208,3.2
4717,W217,4.5
4444,W297,2.2
1068,W429,5.0
4309,W500,3.5
536,W397,2.5
3886,W366,2.1
4708,W129,3.6
2404,W159,2.9
1465,W375,1.5
3645,W106,4.6
2993,W179,2.5
35,W358,3.4
4854,W482,2.4
3075,W238,3.7
2942,W429,2.9
1557,W262,2.6
4559,W137,3.0
2075,W442,4.2
4537,W179,2.1
1958,W443,2.6
860,W361,3.3
4483,W354,4.0
3585,W257,4.6
2911,W242,1.5
4663,W437,4.8
587,W180,4.9
4137,W253,3.5
3098,W409,4.0
3751,W4,2.5
2181,W466,1.9
1067,W421,2.6
2664,W90,4.5
3009,W391,1.3
3312,W360,2.9
3788,W123,2.6
402,W206,2.6
1728,W482,2.2
184,W498,4.4
3198,W53,2.9
2079,W418,4.7
3374,W210,3.9
4378,W292,4.1
4099,W22,1.6
2169,W30,4.4
2302,W36,3.4
2366,W325,3.3
3724,W83,1.5
3685,W387,2.8
1992,W52,5.0
4761,W181,3.4
2035,W318,3.8
2083,W4,2.7
724,W398,3.8
793,W311,1.5
1829,W1,3.9
2190,W166,1.9
4475,W19,3.5
2061,W267,2.5
4698,W54,4.4
1219,W14,3.6
1394,W483,2.0
4539,W233,2.5
2528,W258,4.1
561,W278,3.6
1289,W331,3.2
176,W12,4.1
3357,W78,5.0
2883,W381,3.3
3765,W8,1.2
2276,W217,1.2
1072,W146,2.1
3458,W476,3.2
3949,W103,4.2
2215,W408,2.6
813,W454,4.2
1903,W169,3.7
96,W98,3.7
4390,W45,3.2
1011,W279,3.6
3790,W470,2.0
1186,W90,3.3
526,W327,2.9
3231,W407,2.5
3911,W378,4.5
1023,W449,4.0
2755,W33,4.9
944,W370,3.8
3544,W258,1.5
2197,W459,2.2
2263,W112,2.0
987,W234,4.0
4952,W257,1.0
3506,W126,1.4
2871,W347,3.1
4541,W381,1.3
4141,W275,1.6
2718,W460,1.3
2894,W58,2.0
2648,W189,3.0
3148,W309,1.4
4190,W279,4.9
91,W403,3.7
2626,W377,4.3
1976,W302,3.3
1215,W326,3.5
1878,W263,4.2
3909,W16,1.7
3245,W331,2.2
3208,W28,3.6
3078,W109,4.3
1988,W260,4.8
4719,W312,1.4
4666,W239,4.1
1161,W320,2.3
886,W47,4.6
2061,W27,1.1
1922,W184,1.9
2393,W351,2.4
4180,W77,3.3
2525,W116,1.7
467,W208,3.1
444,W76,2.7
2403,W47,3.7
3480,W349,4.9
2891,W148,1.6
346,W170,2.1
1642,W34,3.2
1912,W165,3.2
3305,W314,3.1
36,W272,2.6
3942,W364,3.0
2502,W487,3.0
1782,W339,2.9
4074,W293,2.5
3510,W208,2.2
4711,W341,4.1
863,W344,4.9
1342,W308,2.5
1256,W21,4.4
3847,W211,2.9
3738,W289,4.3
146,W20,3.3
3621,W50,2.2
3293,W404,2.9
2108,W142,3.1
63,W47,3.7
4541,W120,2.5
3546,W411,2.6
1615,W116,2.1
3124,W359,2.5
4077,W19,3.3
1726,W85,4.3
1743,W26,1.5
4756,W26,3.2
1305,W411,4.8
404,W388,1.4
3429,W414,4.3
664,W280,3.6
588,W347,4.4
1143,W174,4.6
3572,W427,3.2
1401,W201,3.7
797,W205,1.9
1979,W74,2.7
127,W6,3.6
803,W174,2.1
4955,W468,3.4
854,W220,4.2
2233,W311,2.6
32,W421,2.5
2767,W226,1.7
4265,W432,3.5
264,W389,1.0
454,W113,3.4
1190,W474,1.7
3880,W91,4.1
1355,W168,2.4
312,W228,4.2
1751,W126,4.4
2323,W121,2.8
1892,W398,1.6
3058,W420,4.2
956,W227,3.3
1915,W281,3.3
4994,W456,1.4
1953,W268,3.5
852,W385,2.8
908,W217,2.5
4522,W374,2.3
3400,W149,2.2
2544,W335,2.7
1465,W413,2.0
3261,W314,3.2
4350,W266,2.2
3323,W383,3.6
4160,W125,4.4
24,W248,2.3
3983,W43,4.5
2732,W355,1.3
3790,W398,5.0
198,W411,3.1
4628,W63,2.3
418,W356,3.2
1535,W372,2.7
1076,W342,4.5
4298,W61,1.1
118,W176,4.6
1052,W71,4.0
2021,W339,3.5
4484,W493,1.4
2366,W54,2.3
784,W142,3.5
351,W93,3.2
1131,W235,4.3
3580,W173,3.9
1312,W177,4.4
1688,W10,3.5
540,W341,2.5
1740,W30,4.8
4880,W159,3.4
3225,W427,2.3
2248,W8,4.4
1760,W232,2.3
2317,W432,4.8
4238,W274,2.3
883,W10,1.6
3775,W60,1.2
2132,W310,1.5
3551,W211,2.3
217,W8,3.5
1163,W338,1.5
1490,W261,1.6
2139,W264,2.6
1396,W198,2.9
4555,W201,4.0
1856,W244,1.6
4180,W194,3.5
4538,W410,1.8
732,W491,3.3
1424,W205,2.6
996,W327,1.5
2985,W193,1.9
484,W246,1.8
646,W89,3.6
1225,W205,1.1
2265,W99,2.6
984,W489,4.5
4274,W312,4.9
4455,W36,1.8
901,W296,3.2
554,W150,1.2
2389,W117,2.7
464,W69,4.2
424,W304,2.3
927,W30,3.1
2350,W328,3.0
3596,W46,3.5
2498,W5,1.7
1944,W111,1.4
1324,W233,3.2
3471,W271,4.2
1226,W90,1.1
3864,W382,1.0
1864,W466,2.7
4241,W76,1.2
1476,W104,4.4
3257,W413,3.5
621,W367,1.2
38,W222,4.4
3989,W317,2.4
2167,W88,1.4
4004,W121,1.1
4301,W16,2.8
2245,W280,3.4
2475,W241,1.9
1933,W14,2.1
2560,W271,3.4
3062,W241,2.5
108,W121,1.2
4340,W317,2.1
4546,W90,1.4
4034,W336,4.1
4287,W94,3.8
1580,W145,2.6
4134,W304,2.6
1243,W177,1.9
4421,W173,2.0
958,W53,3.1
2604,W118,1.6
4486,W41,2.7
3107,W259,4.9
384,W35,2.0
1123,W255,1.7
362,W425,3.5
3921,W256,3.3
4509,W182,1.7
2798,W23,3.6
2964,W276,2.7
1190,W467,4.7
3720,W244,3.5
249,W79,2.8
2745,W125,4.5
817,W57,1.3
4497,W384,2.8
1544,W384,3.7
3176,W338,1.9
2479,W72,3.2
4442,W246,2.0
2118,W175,3.4
1386,W51,3.7
4067,W251,4.1
116,W185,3.7
590,W319,4.7
4671,W126,3.9
1795,W416,2.4
3037,W304,1.8
519,W322,1.7
1334,W71,4.8
1100,W319,4.0
2688,W384,1.8
1780,W411,1.4
3409,W391,4.0
2404,W227,3.4
3678,W131,1.1
1279,W162,3.9
347,W253,3.2
2992,W19,2.5
3197,W299,4.8
4248,W366,3.3
1156,W482,2.8
3646,W280,2.2
650,W302,2.7
1519,W184,1.2
3647,W57,4.7
1146,W125,4.0
3679,W108,2.2
3809,W216,3.5
211,W455,3.2
1471,W344,3.1
1195,W99,3.0
553,W69,4.4
2155,W274,1.4
4162,W356,4.0
58,W21,3.7
2130,W218,2.7
3047,W315,1.1
3157,W420,3.4
3096,W20,3.3
2132,W348,1.9
3896,W459,3.9
4786,W2,3.7
3813,W73,4.6
4349,W373,3.5
3545,W222,2.9
300,W82,3.8
2998,W389,2.0
559,W182,4.0
1299,W147,4.9
2986,W286,3.0
964,W277,3.4
3421,W62,2.6
3949,W254,4.9
2709,W12,2.8
1989,W126,2.0
4828,W384,4.8
3888,W487,4.0
4597,W198,3.5
4763,W61,3.6
2052,W383,4.0
4359,W493,3.0
1113,W447,3.6
764,W324,3.6
4830,W173,1.9
4011,W386,4.7
3752,W426,4.4
2191,W311,1.8
4961,W159,1.1
1686,W466,4.2
1948,W185,1.8
1599,W307,4.6
704,W54,4.3
1486,W308,4.1
1653,W115,1.7
1084,W222,4.6
543,W241,4.9
2550,W48,3.2
773,W88,3.5
1708,W436,3.2
1387,W315,3.4
127,W476,4.9
3810,W311,1.5
1172,W144,4.0
92,W1,4.8
4129,W250,2.0
3755,W176,1.2
4327,W116,3.0
3015,W84,4.1
975,W486,2.6
4550,W451,1.7
3936,W414,4.6
1923,W168,1.7
3424,W141,3.6
413,W223,2.5
1140,W186,1.4
832,W122,5.0
2497,W34,3.6
1556,W143,4.5
2626,W330,3.7
548,W289,1.6
1560,W397,3.8
3377,W465,1.1
2030,W111,1.0
4525,W7,4.5
4936,W17,4.2
3949,W215,3.1
444,W106,4.9
2510,W304,4.8
649,W290,1.9
2845,W69,1.5
3967,W22,1.5
2444,W126,1.9
4383,W167,1.3
1796,W316,1.5
1950,W21,2.3
1244,W487,2.8
4057,W63,3.7
4349,W90,4.8
783,W434,3.9
1157,W3,2.8
1493,W103,1.0
831,W275,4.1
3931,W303,2.7
1285,W69,3.0
1539,W290,1.6
1183,W400,2.3
4040,W192,1.7
2422,W487,4.2
4872,W408,1.2
177,W381,3.0
843,W448,3.8
2567,W87,4.6
3189,W154,3.7
224,W377,4.9
2446,W78,2.4
4546,W462,2.1
4225,W73,4.9
2021,W137,1.6
2660,W306,3.1
3423,W140,2.6
3424,W263,4.4
2989,W218,1.3
2363,W347,1.9
2096,W126,3.8
1224,W388,4.4
279,W211,3.1
2297,W183,3.9
1411,W213,2.5
4557,W323,2.6
4470,W261,2.1
814,W490,4.9
1453,W97,3.4
4078,W199,2.8
3062,W462,3.6
2490,W213,4.6
401,W119,3.3
3267,W139,3.4
3758,W386,3.0
4441,W280,3.7
4485,W407,4.4
2810,W7,4.9
520,W336,4.2
3963,W358,3.1
1849,W396,2.7
1595,W393,2.7
3019,W37,1.4
3137,W351,4.8
1618,W464,4.0
4543,W159,2.1
146,W467,4.2
3102,W216,4.3
325,W122,4.8
2897,W278,4.8
1242,W426,4.4
1607,W406,1.9
3987,W58,3.3
4601,W472,2.5
1071,W445,4.0
1926,W29,3.0
2205,W32,2.8
3767,W104,3.6
715,W234,2.8
2902,W393,4.4
2990,W69,4.0
777,W218,3.8
2805,W47,4.3
4077,W431,3.0
494,W45,3.8
2083,W344,1.8
2142,W373,5.0
1831,W484,2.9
3887,W306,2.0
252,W372,4.2
2804,W61,1.7
3106,W412,2.5
5,W282,3.2
2289,W115,1.0
4067,W449,2.9
1764,W327,4.1
4746,W263,4.0
1243,W7,2.3
254,W421,4.9
1095,W363,3.5
3594,W377,3.1
4780,W229,1.2
672,W84,2.3
1102,W383,1.4
1879,W89,2.8
534,W259,5.0
37,W103,4.8
1051,W425,1.2
2194,W302,4.8
3233,W149,1.5
3184,W404,4.2
313,W309,2.5
2977,W337,4.6
3641,W197,3.0
4140,W237,3.8
4396,W374,2.4
102,W284,2.0
3765,W253,4.5
3708,W339,4.0
280,W359,4.9
2481,W27,3.5
984,W263,2.0
2836,W359,3.9
351,W138,2.3
1501,W296,3.4
2128,W127,3.6
4929,W78,2.7
1441,W44,2.3
1901,W155,1.4
1376,W40,4.8
3549,W294,2.2
1183,W196,2.9
4467,W142,4.2
1204,W457,4.3
606,W492,3.1
3998,W190,1.5
857,W103,4.9
2742,W34,4.9
383,W240,1.6
653,W72,1.2
1292,W414,3.7
1900,W475,2.4
2088,W152,3.9
2995,W114,3.7
616,W340,4.6
3914,W457,2.6
654,W432,3.3
798,W429,4.3
4545,W32,3.2
3336,W451,3.8
2434,W60,1.5
3336,W359,3.2
3896,W467,2.2
1525,W484,3.1
1029,W194,4.2
2840,W349,4.4
4098,W181,3.0
423,W53,1.8
1758,W198,2.0
1339,W384,4.5
2820,W419,4.7
2410,W42,2.2
3641,W25,4.2
1005,W13,4.3
1894,W139,2.5
965,W74,3.7
2363,W421,2.5
3330,W339,2.3
224,W318,4.2
4121,W81,2.3
275,W491,2.9
4885,W66,5.0
4339,W319,2.7
2426,W326,2.4
969,W448,1.6
1549,W447,1.6
1960,W360,3.1
2126,W213,1.2
1561,W3,1.3
158,W390,1.3
648,W361,3.4
1988,W33,1.6
60,W345,4.5
699,W261,3.7
850,W428,1.1
4136,W309,2.3
3149,W483,4.4
2749,W197,4.1
2284,W467,4.1
3071,W129,2.1
4920,W188,4.4
3343,W99,2.1
126,W222,2.1
772,W207,2.1
887,W288,2.5
3405,W146,4.5
2609,W42,3.7
4553,W491,3.3
552,W180,2.1
3060,W180,4.2
1636,W127,4.3
3519,W135,1.9
3160,W115,4.8
1575,W409,3.3
2749,W73,4.9
4554,W497,4.4
4987,W85,3.6
4137,W142,5.0
1906,W139,4.3
1330,W385,4.3
743,W292,4.7
3792,W321,4.0
200,W259,3.9
176,W218,2.0
3769,W26,1.5
1678,W149,1.2
235,W225,4.0
1379,W324,4.1
3357,W453,4.2
2025,W58,2.2
3472,W285,2.7
4611,W180,1.9
144,W156,2.7
922,W207,3.3
4200,W454,2.5
4651,W499,1.0
3290,W315,1.5
4116,W154,1.4
694,W346,4.4
4866,W129,2.9
1283,W290,1.8
981,W329,3.0
3685,W263,3.6
1772,W168,1.8
1236,W199,3.5
1971,W51,1.4
541,W141,2.3
3008,W177,3.3
4258,W132,4.6
114,W200,3.7
3222,W21,2.1
1877,W101,3.5
3164,W236,3.7
2861,W153,2.6
2943,W450,1.3
2660,W398,2.4
4423,W420,4.3
2364,W418,3.3
2358,W475,3.7
3831,W426,1.4
1273,W413,4.5
3165,W456,2.3
4575,W491,1.9
4300,W155,4.2
323,W405,1.4
4601,W338,2.1
486,W24,1.4
4529,W240,3.3
3566,W69,4.9
3279,W434,4.2
1316,W385,3.1
3398,W420,2.2
3938,W445,1.8
2653,W143,4.7
697,W249,4.3
420,W96,2.5
3323,W264,3.1
435,W401,3.1
4970,W75,3.1
1138,W169,3.6
1344,W160,2.6
124,W13,2.4
2728,W96,3.4
75,W71,3.0
2133,W482,4.1
1111,W9,3.0
637,W151,1.6
3530,W168,4.0
1514,W162,2.5
4396,W93,3.5
3362,W465,1.1
161,W494,2.6
3627,W50,4.2
954,W53,1.7
3576,W256,1.9
3314,W31,1.3
1346,W12,4.5
4046,W122,2.5
2070,W130,1.4
3373,W146,2.8
3264,W6,2.7
170,W285,4.1
4302,W174,1.1
1071,W240,1.0
2801,W89,3.5
3625,W52,3.5
2413,W172,2.9
725,W157,4.4
1599,W483,4.4
542,W401,4.3
900,W384,1.0
1473,W86,2.1
1331,W388,4.6
1102,W60,2.2
2287,W176,4.6
2518,W149,3.0
1410,W155,4.3
2327,W71,2.4
3139,W3,4.6
3194,W2,3.0
96,W36,4.9
1783,W257,2.7
4413,W438,1.1
504,W222,3.6
1364,W160,3.0
1423,W372,4.6
88,W132,2.1
239,W103,1.0
1251,W420,2.2
3499,W151,1.1
2130,W93,2.2
2915,W412,4.8
1484,W239,1.5
4654,W99,4.6
2987,W390,2.6
4919,W82,1.0
3391,W278,2.6
1199,W381,1.6
788,W236,3.5
4156,W11,2.0
189,W326,3.7
4052,W318,3.9
1506,W348,3.9
3928,W436,4.3
2828,W49,3.8
1433,W111,4.2
2925,W128,4.7
2195,W106,3.5
4923,W53,1.9
2967,W424,1.9
2925,W468,2.9
722,W433,1.7
157,W177,2.1
1108,W286,1.7
1237,W92,2.1
2165,W177,3.1
2613,W101,2.8
2244,W108,3.0
3233,W418,2.0
3240,W19,3.5
3248,W401,2.9
4937,W99,1.2
1925,W81,3.1
385,W67,2.7
2702,W158,2.9
1092,W123,1.8
805,W49,1.7
2766,W449,4.0
830,W218,4.6
349,W91,1.7
4703,W366,1.7
4401,W345,3.1
3492,W489,3.8
361,W24,1.1
3830,W425,3.7
4425,W247,1.5
2110,W420,4.6
3107,W249,4.3
1987,W150,1.8
3928,W275,3.3
1231,W327,1.5
1056,W454,2.1
2829,W223,1.1
3476,W90,2.0
2038,W433,3.5
4003,W172,2.4
2898,W250,2.0
2688,W349,3.3
2699,W52,2.3
75,W485,4.1
4260,W263,3.9
3695,W110,2.7
2255,W53,2.5
4297,W486,4.1
4515,W123,2.6
2322,W130,4.1
3601,W370,5.0
36,W263,1.5
3948,W57,1.7
2946,W181,2.1
4034,W468,3.1
980,W185,4.7
448,W140,3.1
3932,W282,2.5
3740,W117,4.6
2162,W499,2.6
4015,W205,4.1
4738,W374,4.8
4482,W358,4.6
2622,W267,3.6
3732,W44,1.6
2418,W345,1.9
1995,W17,4.5
483,W104,3.3
4653,W45,2.4
2752,W488,2.4
4876,W86,1.4
714,W246,4.7
503,W63,4.4
3146,W8,4.6
2879,W462,4.4
4654,W347,4.1
1776,W201,3.1
962,W377,3.8
2371,W153,1.6
1823,W219,2.6
3235,W221,1.0
4282,W321,2.2
1932,W266,3.1
1337,W381,3.2
4723,W305,2.8
1083,W254,2.7
2877,W243,2.1
4483,W183,4.0
3063,W436,3.6
3268,W263,2.4
2593,W272,4.6
3029,W201,2.7
1956,W276,3.8
2481,W440,3.4
2027,W363,2.7
900,W435,2.8
272,W408,2.1
1187,W88,2.1
3586,W455,1.8
4952,W253,1.4
957,W271,3.5
1929,W420,3.1
956,W61,2.3
4724,W159,4.1
121,W2,3.4
609,W84,1.7
2867,W210,4.8
4403,W350,1.8
4655,W71,3.3
1972,W276,3.7
2764,W58,4.1
741,W219,1.7
1317,W139,2.8
298,W376,1.8
3777,W14,2.3
1719,W123,2.9
173,W62,4.4
705,W359,3.9
803,W138,4.0
641,W95,1.1
2749,W500,3.5
1967,W181,4.7
1211,W186,2.7
3178,W450,2.8
3900,W298,1.6
13,W70,4.4
3094,W16,3.3
376,W40,2.8
2959,W133,4.8
1078,W253,4.8
2706,W250,2.4
3556,W443,4.7
292,W195,1.0
88,W66,4.3
1070,W46,4.3
2965,W113,3.3
2186,W497,2.5
1902,W41,3.7
1764,W103,4.7
124,W215,4.0
794,W248,4.2
3150,W422,3.5
4521,W406,3.5
526,W386,4.5
287,W241,1.5
3154,W217,1.9
948,W290,2.5
3631,W462,1.8
1402,W440,1.3
2069,W177,4.0
4339,W355,3.0
3657,W40,3.6
1018,W95,2.4
4671,W374,3.1
999,W422,3.3
4675,W279,1.4
3843,W464,1.2
1325,W351,1.2
273,W250,1.8
3600,W356,3.3
3415,W140,5.0
1811,W436,2.4
533,W439,3.6
4685,W221,3.6
4126,W332,4.9
1827,W410,4.8
771,W274,2.0
1216,W421,3.2
3830,W473,4.0
3892,W198,4.6
1591,W46,4.2
576,W26,3.2
2451,W29,2.9
4287,W455,2.0
4426,W242,2.3
1404,W114,1.6
993,W147,2.9
472,W135,3.6
4685,W56,1.4
4793,W2,2.1
34,W34,2.7
4715,W208,4.2
898,W499,2.3
4595,W391,2.5
1042,W434,4.8
3111,W74,4.0
3143,W123,3.1
474,W98,4.3
1612,W332,1.9
3820,W22,4.6
2235,W383,1.8
4359,W368,3.3
3350,W320,1.4
4400,W116,2.4
4279,W479,1.2
3878,W60,1.3
3039,W237,1.7
2725,W221,1.2
3705,W271,4.2
710,W170,1.6
1216,W106,1.7
4316,W128,4.1
4686,W318,1.5
4771,W5,4.6
3186,W322,4.2
3819,W469,1.1
3107,W434,3.0
3306,W141,2.6
2592,W42,1.9
1227,W421,1.4
1460,W27,1.2
4293,W202,1.5
2761,W262,2.6
1196,W476,4.7
1686,W243,3.5
2437,W5,3.8
934,W174,1.8
1612,W181,1.6
1637,W366,1.2
556,W21,3.0
1506,W473,4.7
4005,W483,4.6
2605,W70,4.1
396,W381,4.1
1504,W167,2.7
2931,W429,2.4
1863,W96,2.4
1830,W91,4.9
2796,W190,3.7
2655,W83,3.8
945,W27,3.0
3958,W10,4.0
4918,W423,4.2
3130,W464,4.2
1140,W223,4.6
1797,W291,3.8
493,W258,3.3
1309,W375,3.7
966,W149,3.6
4222,W474,1.6
4384,W18,4.4
1853,W148,2.2
2804,W146,3.9
2785,W153,2.3
2028,W401,1.9
11,W461,2.5
3966,W447,2.4
4073,W154,2.9
4845,W70,1.3
2427,W439,3.6
2116,W441,2.5
4652,W261,4.5
756,W360,3.6
1990,W299,2.1
732,W111,1.8
4107,W263,1.9
3130,W370,4.5
4050,W458,1.7
1783,W141,3.1
3981,W100,3.6
1432,W256,3.8
1293,W97,1.8
124,W186,4.4
3568,W164,4.6
1424,W443,1.4
740,W282,3.2
2314,W390,1.9
3271,W152,4.6
3959,W435,1.6
4664,W395,3.5
1505,W82,3.3
107,W362,2.1
2110,W377,3.5
3292,W77,3.7
152,W341,3.4
2784,W401,2.0
970,W173,2.6
939,W221,2.2
230,W405,4.0
3193,W45,1.8
3253,W374,4.4
2390,W362,4.6
3434,W170,2.4
3057,W187,1.3
1255,W223,3.3
4036,W1,5.0
4997,W188,3.6
4969,W329,1.0
1155,W199,1.7
2109,W423,3.7
3886,W292,1.3
3647,W131,1.5
1552,W76,4.5
780,W434,3.5
1570,W143,3.7
4667,W266,1.5
47,W233,4.4
4575,W149,1.8
3154,W493,1.8
1328,W223,1.2
1816,W309,1.2
320,W29,1.2
819,W85,2.6
4526,W300,3.8
2587,W217,4.6
2023,W10,2.3
1655,W19,3.9
2806,W139,3.1
3728,W176,2.1
1801,W464,2.5
1731,W37,4.9
628,W421,4.9
1157,W404,2.2
2512,W337,4.4
3102,W226,1.8
4330,W376,4.8
4478,W318,4.1
2563,W241,2.2
1692,W476,3.8
3484,W263,3.8
3797,W221,2.5
2900,W422,2.2
3423,W118,2.1
1787,W152,1.6
432,W272,1.7
2328,W224,1.3
459,W137,3.2
4568,W206,3.3
2855,W397,1.9
4470,W85,1.3
2028,W407,4.2
2381,W130,2.9
1612,W320,3.4
3964,W130,1.8
444,W495,3.8
3541,W365,4.0
3862,W381,1.2
2796,W5,1.8
2952,W286,2.1
891,W349,1.6
1649,W37,1.1
4031,W209,3.0
1190,W41,4.6
4726,W166,1.3
4704,W391,3.9
2658,W28,2.3
2820,W275,2.4
387,W65,1.9
4341,W416,3.4
127,W4,1.0
61,W326,1.2
2268,W240,2.7
3297,W437,2.2
4251,W273,4.3
3007,W368,4.2
992,W253,5.0
2574,W366,2.6
1791,W115,2.1
967,W299,3.4
844,W105,2.6
4089,W267,2.2
4950,W7,5.0
4171,W275,1.9
2493,W185,4.3
2484,W164,3.4
3965,W366,4.7
3444,W213,1.9
148,W142,1.7
1767,W306,1.4
3446,W35,4.1
1310,W187,1.8
2016,W227,2.6
1778,W435,3.7
476,W346,2.3
1006,W98,1.7
1124,W237,2.2
527,W21,2.6
1291,W438,2.1
4576,W425,1.3
2791,W102,2.4
1356,W483,3.7
4039,W186,1.2
4886,W81,4.6
1557,W108,1.2
1053,W67,4.9
1879,W492,4.2
1453,W354,2.7
1983,W118,3.4
1067,W61,1.0
1784,W368,4.8
2855,W214,2.8
1675,W21,2.7
1353,W30,1.1
1110,W215,2.8
2664,W466,3.7
3047,W470,1.9
4959,W139,2.6
1414,W246,3.6
4462,W445,3.1
499,W404,1.4
1172,W354,4.3
688,W47,2.8
207,W220,4.7
2431,W56,4.0
3830,W416,3.0
1195,W20,2.9
3149,W290,4.2
3194,W161,4.8
1135,W16,3.1
4718,W88,1.5
810,W238,3.8
1258,W19,4.8
638,W111,1.2
1789,W191,2.0
3568,W131,3.4
581,W424,1.4
3730,W156,2.2
3989,W407,4.2
619,W439,4.1
2362,W363,3.5
25,W14,3.2
2613,W172,2.1
4811,W37,3.0
4623,W456,4.0
2055,W415,3.3
4328,W61,4.0
1319,W114,3.6
2465,W21,4.9
1881,W263,4.1
193,W211,2.6
4919,W53,4.8
170,W202,1.4
2693,W418,2.8
3433,W331,2.0
26,W199,1.7
3266,W453,4.8
615,W262,2.9
2134,W239,2.6
1515,W84,2.2
3719,W165,3.0
3222,W369,1.5
4143,W81,2.8
4042,W110,1.7
3598,W393,3.4
4760,W399,2.2
3897,W312,3.8
2259,W493,1.5
4237,W343,1.9
3540,W379,3.7
4851,W109,4.7
486,W187,4.6
4264,W183,1.5
3517,W40,1.9
4891,W31,4.7
1047,W114,4.2
4771,W414,4.1
506,W303,3.0
3646,W113,4.2
4854,W420,1.9
1980,W66,3.7
134,W169,1.3
1956,W386,1.8
2976,W10,3.5
4900,W323,3.4
716,W64,4.7
2321,W199,1.9
261,W229,1.1
3205,W260,1.3
4886,W217,2.3
3927,W100,4.8
4165,W3,4.1
4406,W484,1.8
4871,W347,3.7
2679,W64,1.4
4430,W442,2.5
1028,W341,3.2
4617,W405,4.8
2260,W497,4.0
2831,W336,4.4
2305,W109,4.8
3446,W57,2.2
1449,W20,1.3
1916,W181,3.3
4576,W61,3.9
3135,W352,1.3
1334,W489,3.6
4124,W481,4.2
323,W85,4.8
1408,W353,4.6
4665,W331,2.2
2023,W105,3.3
640,W255,1.9
1027,W193,3.2
4671,W427,4.5
3900,W69,2.7
335,W143,4.9
4833,W498,4.4
3965,W185,1.6
333,W330,2.1
1105,W399,4.0
4617,W351,1.5
3705,W247,3.0
1919,W164,3.5
1514,W77,3.5
918,W372,2.3
1519,W202,3.7
1502,W242,3.2
4143,W402,3.1
3684,W414,4.1
1548,W214,3.8
2642,W207,1.7
3229,W157,3.9
4800,W219,1.3
4663,W407,1.3
2254,W150,1.1
2067,W100,2.7
370,W194,4.0
3037,W235,1.1
2460,W172,1.1
846,W472,1.4
2696,W60,1.7
1195,W40,2.8
2029,W151,1.0
4282,W120,1.7
4091,W187,4.8
851,W329,4.8
1379,W273,3.0
4920,W471,3.2
4844,W418,4.6
4894,W483,3.1
4006,W90,4.2
4753,W323,4.7
4955,W117,3.0
724,W45,4.1
4466,W280,2.2
2715,W361,4.1
4394,W88,2.9
2202,W152,2.4
4708,W30,3.9
1840,W5,1.2
3096,W103,2.2
2909,W327,3.7
486,W333,2.6
3925,W146,2.1
1181,W153,4.9
1785,W69,3.1
1277,W483,4.9
3332,W334,2.5
519,W29,1.2
3767,W171,2.9
391,W120,1.7
2318,W106,2.6
2576,W54,1.8
1116,W203,1.1
4783,W259,4.1
2666,W261,3.3
2617,W190,3.0
1400,W317,4.5
3238,W46,2.6
236,W113,2.9
672,W120,4.8
4931,W184,2.6
3345,W327,2.1
2426,W337,1.3
3925,W226,1.0
1211,W74,2.2
227,W160,2.8
2975,W151,4.2
1733,W151,4.7
1631,W151,2.4
3590,W208,2.0
3377,W414,3.9
2098,W294,4.5
3250,W492,2.5
4840,W485,4.9
2359,W248,4.0
4255,W338,3.5
1833,W420,1.6
883,W258,4.3
3277,W114,3.1
1398,W17,1.5
170,W290,4.7
4668,W17,1.6
3100,W221,4.5
3952,W99,2.3
3530,W27,4.1
3119,W303,1.5
1932,W488,1.9
3010,W61,3.0
2575,W256,5.0
3315,W494,2.3
1046,W428,1.1
3301,W17,4.0
2797,W143,2.6
1789,W457,4.5
4165,W484,4.6
1661,W314,4.2
420,W363,3.3
4964,W377,3.3
1155,W427,2.0
2126,W124,3.8
97,W39,2.9
2415,W416,4.8
3690,W471,2.7
2980,W466,3.0
4157,W267,5.0
1599,W439,1.6
159,W399,1.1
3723,W275,1.5
4338,W205,1.0
3522,W192,1.1
122,W177,2.2
973,W391,4.2
727,W15,2.4
3528,W416,4.3
3319,W78,1.9
3678,W129,4.4
3508,W145,2.4
990,W77,4.5
2611,W443,3.0
1040,W181,3.7
4311,W166,2.5
4216,W52,4.3
374,W418,3.1
2458,W132,4.2
2086,W323,1.1
3636,W218,3.9
2087,W28,2.9
3438,W461,3.3
3505,W85,4.5
3721,W158,2.8
2493,W139,2.2
4073,W390,3.0
1207,W78,2.8
2827,W129,3.3
4500,W67,4.0
81,W470,4.5
2765,W254,2.9
1880,W325,3.1
1489,W376,2.0
1042,W340,2.1
4694,W432,1.2
4130,W474,1.8
280,W302,3.0
1994,W456,1.9
4684,W43,2.4
3875,W85,4.7
724,W475,2.6
2160,W423,2.8
3098,W426,2.7
741,W482,4.7
4554,W175,1.5
3342,W181,4.6
4295,W307,2.3
1197,W95,4.6
2711,W180,4.8
2514,W24,1.2
537,W337,1.7
2186,W174,4.7
1103,W210,1.8
1540,W263,2.2
2003,W436,3.7
3379,W496,2.0
535,W193,4.9
2689,W491,4.5
3376,W114,3.8
1794,W166,3.8
3548,W442,2.0
3605,W150,1.0
751,W446,2.2
3415,W255,2.5
3336,W82,2.8
4522,W491,2.5
3127,W454,3.6
4265,W129,3.5
1655,W389,4.5
1547,W238,3.9
746,W225,4.3
969,W6,3.4
948,W254,1.8
4837,W376,3.5
1298,W464,2.4
4213,W373,1.0
3426,W45,2.8
2005,W252,1.8
523,W344,4.9
1796,W352,1.8
2463,W444,3.7
981,W391,3.2
1385,W33,1.3
150,W214,2.6
379,W496,4.8
979,W194,2.0
1955,W346,4.8
581,W161,4.0
3211,W94,1.2
4100,W37,1.1
2420,W177,4.9
4754,W335,2.2
1112,W60,3.1
4117,W96,3.5
3637,W134,2.4
1378,W236,2.3
4300,W141,1.4
1362,W470,3.5
471,W67,2.1
2808,W217,4.6
4611,W271,1.9
3494,W476,2.6
2989,W164,4.5
1707,W172,3.5
2505,W246,1.8
1576,W304,5.0
4881,W371,4.2
4605,W446,1.4
3125,W374,2.6
2722,W218,4.2
3978,W154,4.1
2356,W383,1.3
2646,W2,2.7
1430,W390,3.8
1150,W488,2.2
2859,W3,2.3
4886,W12,1.7
4285,W307,4.3
3968,W296,3.3
3305,W198,1.8
3888,W61,2.8
3239,W20,2.5
4013,W346,1.0
542,W447,4.6
417,W491,4.0
2243,W218,1.0
4973,W350,2.5
4144,W411,1.5
979,W156,1.9
3429,W36,2.3
3139,W120,4.0
4244,W140,2.7
4390,W284,1.5
3481,W167,4.1
2027,W101,2.7
1849,W99,4.9
381,W457,1.4
4247,W237,1.0
2553,W322,3.6
1787,W17,4.2
2262,W499,1.6
1290,W190,3.4
3388,W351,1.4
159,W336,2.0
2043,W388,4.4
3616,W470,2.5
4053,W212,2.0
4030,W264,2.9
1673,W219,5.0
4553,W366,4.6
2782,W179,1.4
888,W155,2.3
2521,W366,3.5
3154,W357,3.9
1167,W83,2.2
3363,W236,1.5
4112,W493,4.2
1963,W68,1.3
1297,W401,1.9
2064,W147,3.6
693,W369,3.0
4569,W74,1.1
3254,W267,1.4
1850,W428,2.6
2301,W32,2.3
1872,W276,1.6
3963,W124,4.3
2734,W355,1.7
667,W213,1.8
2296,W295,2.4
2022,W118,2.7
4121,W167,1.4
4176,W54,1.7
3607,W305,4.2
2387,W186,2.7
1644,W452,4.5
1789,W132,3.7
3221,W252,1.1
632,W67,2.5
2481,W92,4.3
1354,W241,1.7
1119,W155,2.1
531,W110,1.9
4597,W308,4.7
1981,W365,3.2
1198,W399,2.0
3503,W202,1.6
2734,W130,3.7
2608,W236,2.6
937,W276,2.4
4566,W310,2.8
2450,W214,3.3
3242,W331,4.0
455,W68,3.8
3818,W470,2.0
1665,W206,3.3
2039,W55,4.6
2552,W455,1.8
686,W221,4.9
3634,W406,4.6
3633,W207,3.9
751,W429,1.9
283,W426,3.3
3924,W461,2.8
759,W294,5.0
4674,W419,1.4
4643,W329,4.1
2488,W135,2.4
989,W482,3.1
294,W458,1.4
527,W365,3.3
3232,W403,2.6
30,W82,2.0
4739,W429,2.9
3000,W362,3.6
3001,W358,2.1
3514,W322,4.9
2787,W89,1.3
52,W76,4.6
2151,W288,1.8
4827,W293,1.0
4035,W292,4.3
2701,W18,2.3
3438,W116,2.6
2903,W424,4.1
3723,W427,4.3
942,W121,3.7
4109,W390,3.7
4359,W167,3.5
1166,W156,4.6
1396,W120,1.1
1711,W160,3.7
894,W350,4.2
4677,W296,3.0
1652,W274,3.9
4275,W440,2.4
776,W461,1.8
2844,W362,2.9
2715,W193,2.4
4505,W333,3.3
1841,W214,1.0
3682,W419,3.5
658,W36,2.3
641,W88,1.1
1883,W216,2.7
2713,W124,2.1
211,W399,3.5
3810,W18,1.2
4374,W20,1.9
198,W126,4.6
1951,W431,2.8
2295,W312,3.2
2864,W343,1.3
3164,W348,1.6
4879,W336,2.5
3478,W462,4.5
4972,W253,4.9
4285,W170,2.4
4877,W453,1.3
2612,W375,3.3
4071,W126,1.2
2979,W409,2.6
1060,W34,4.4
4726,W324,5.0
2583,W154,4.0
2811,W248,3.6
315,W458,4.5
2943,W489,3.2
3319,W425,4.9
2182,W494,2.9
1844,W260,2.1
372,W168,4.6
612,W73,3.1
1878,W125,3.2
294,W183,3.0
56,W288,1.3
1881,W150,1.1
4857,W194,3.4
1766,W32,4.9
1500,W260,1.1
4448,W333,3.9
1407,W241,4.4
3652,W469,1.1
1110,W391,1.6
2699,W185,1.2
274,W323,2.1
4567,W51,2.8
417,W472,2.8
3633,W100,3.6
4036,W130,1.4
3802,W160,3.3
653,W286,1.2
4086,W485,3.0
1226,W38,4.9
957,W150,3.6
2226,W172,4.1
4219,W475,1.8
1760,W223,4.7
194,W307,4.8
2571,W4,4.4
4860,W181,4.0
1665,W105,4.6
4008,W482,4.4
1283,W102,1.3
63,W387,2.8
3942,W423,3.0
131,W220,2.0
2084,W252,1.2
3508,W119,3.8
850,W276,2.3
4096,W294,4.4
367,W345,4.6
2003,W46,2.6
1166,W495,2.4
4696,W51,2.2
2327,W454,3.3
865,W253,3.3
620,W226,4.4
3819,W120,4.7
3440,W405,3.9
3903,W27,1.2
4140,W476,2.0
969,W69,1.3
1416,W499,4.7
4345,W86,4.3
3994,W278,4.9
4298,W475,3.3
378,W245,1.5
4433,W460,2.2
1741,W33,4.9
4772,W104,1.2
4646,W484,4.9
4200,W293,2.6
242,W473,3.0
3676,W443,1.8
1806,W53,2.9
1351,W446,1.7
4801,W136,2.6
3980,W317,2.1
1005,W33,4.6
1919,W198,2.3
1790,W457,3.5
3798,W215,1.1
2282,W178,2.8
4413,W439,3.0
347,W377,1.0
868,W498,2.6
3643,W327,3.1
1185,W262,2.1
3721,W399,2.1
4341,W123,3.8
3992,W266,3.5
868,W395,1.6
1896,W389,1.9
2979,W128,2.7
4860,W299,3.2
288,W376,2.7
3262,W357,4.9
2591,W6,1.5
1343,W7,2.6
2277,W5,3.8
1375,W274,2.6
3487,W420,4.8
1503,W478,2.7
4132,W279,3.0
4420,W367,4.2
1923,W299,2.5
2828,W450,1.6
336,W338,1.9
1199,W391,2.4
4632,W491,3.2
4216,W267,3.3
2013,W359,1.8
2936,W246,3.4
1071,W488,2.4
2142,W50,1.7
3636,W120,3.1
2370,W344,3.8
3045,W226,2.8
2861,W472,1.6
1913,W58,3.9
4330,W132,2.1
617,W354,1.9
1202,W189,3.4
3004,W79,2.8
144,W143,4.7
1643,W410,1.7
1981,W69,4.2
503,W286,2.3
26,W47,1.8
4841,W283,3.2
1613,W18,3.2
2741,W35,3.6
1336,W462,4.8
3262,W311,2.6
4653,W297,4.1
726,W408,3.4
4666,W139,4.4
422,W285,3.2
3284,W109,3.8
4740,W122,1.9
4695,W415,3.2
2802,W196,2.1
4026,W310,4.2
1821,W175,4.2
375,W381,3.1
3747,W314,4.9
1835,W449,1.3
3162,W405,4.5
3852,W347,1.2
4682,W398,3.4
731,W289,4.4
2566,W393,3.0
1277,W196,4.5
126,W139,3.7
4313,W404,2.1
3625,W84,2.7
706,W215,3.1
2285,W323,3.9
2905,W297,2.2
3431,W159,3.6
1036,W495,1.5
2805,W85,4.7
3470,W332,4.3
595,W164,1.4
1578,W138,2.3
533,W52,1.3
3833,W492,3.2
185,W478,3.7
4912,W136,2.1
4665,W342,2.8
1934,W400,1.1
3405,W10,3.8
33,W120,1.1
1708,W153,1.2
712,W241,4.3
1764,W243,3.4
1327,W46,4.5
1173,W497,2.9
3304,W317,2.5
4503,W12,4.7
4792,W237,4.5
4491,W280,4.7
331,W247,1.9
411,W456,2.4
4790,W400,2.7
2980,W474,1.8
2201,W354,3.9
1790,W38,4.2
687,W204,3.1
3099,W121,1.2
136,W268,4.5
958,W159,3.6
4736,W418,2.2
300,W347,4.1
1674,W429,1.6
585,W181,1.5
1719,W293,1.4
2969,W320,1.9
234,W5,4.0
3590,W252,4.7
423,W24,1.5
1572,W142,4.6
1353,W68,3.1
801,W405,3.0
3276,W403,2.9
4428,W243,1.5
3697,W11,2.0
2397,W476,2.5
2722,W306,3.4
1008,W108,1.1
524,W421,2.5
4231,W254,4.7
1630,W295,3.6
585,W154,4.0
3310,W175,3.8
3781,W400,1.6
2934,W255,1.9
1397,W387,1.9
2986,W113,2.2
2924,W37,4.3
1435,W222,3.4
3962,W453,4.4
1667,W436,4.2
1625,W359,3.9
3608,W224,4.0
3656,W96,3.1
2913,W437,4.3
783,W426,1.6
3254,W149,4.9
2132,W54,3.3
1776,W151,1.9
3328,W188,2.0
4706,W272,3.7
4708,W243,3.1
4301,W53,1.6
1638,W304,4.8
4614,W338,4.1
4012,W485,1.5
2134,W114,4.7
4894,W258,4.9
3282,W137,2.5
395,W23,4.2
1766,W209,2.6
79,W329,4.2
2381,W299,4.6
1348,W313,3.7
4748,W244,3.6
388,W263,5.0
2146,W207,4.8
501,W468,3.0
3871,W46,4.0
2768,W398,2.9
877,W237,1.5
4208,W420,3.6
391,W357,4.2
830,W214,1.9
4651,W68,4.2
3050,W374,1.7
4227,W194,1.2
4898,W454,2.5
284,W438,4.1
4958,W124,4.2
1547,W469,3.4
4298,W72,3.5
4555,W386,4.9
3562,W264,1.6
3840,W248,2.1
2331,W304,4.4
4962,W17,3.1
890,W423,2.2
2250,W447,2.1
4708,W354,3.5
1625,W203,2.2
682,W145,2.4
336,W315,2.8
3246,W404,3.4
1123,W446,1.5
3506,W246,2.9
3708,W290,3.4
4280,W223,4.0
1013,W372,1.9
4207,W66,2.7
1886,W123,1.6
1773,W108,4.5
1172,W446,2.3
738,W423,1.3
3323,W444,1.3
3166,W2,4.4
1721,W427,3.3
1211,W172,3.4
4511,W435,3.8
3241,W457,4.5
187,W210,1.3
1545,W60,2.9
4029,W86,2.3
3476,W328,2.5
2786,W485,1.2
1988,W30,2.9
2964,W383,2.3
4149,W18,3.8
3369,W83,4.2
3471,W149,1.9
3129,W157,3.0
4496,W132,4.6
4461,W295,1.4
4678,W257,1.6
4013,W5,3.4
4989,W154,1.9
2283,W257,3.0
917,W461,2.2
4307,W1,3.3
1661,W73,3.5
4696,W472,2.2
577,W244,2.2
2842,W158,1.8
3842,W235,2.3
4902,W424,4.0
385,W145,2.9
4633,W469,2.0
4574,W374,3.0
4868,W142,3.4
4858,W402,3.2
2725,W445,4.8
2211,W318,2.1
1645,W491,1.1
1368,W423,2.3
4712,W293,2.2
4381,W358,1.8
65,W39,2.2
3678,W486,2.1
2829,W151,2.4
2513,W232,4.7
1519,W108,3.7
528,W207,4.2
1763,W85,4.5
1018,W248,4.6
545,W262,2.1
2090,W348,2.8
4171,W482,2.5
2250,W368,4.2
4369,W415,3.1
4922,W240,2.2
640,W86,1.1
4121,W52,4.0
3540,W171,4.3
2880,W19,3.7
1997,W76,1.8
1368,W348,2.5
2517,W14,4.3
1792,W386,1.1
1703,W286,2.0
3747,W467,4.7
1539,W374,1.8
258,W263,4.1
2874,W339,1.9
4779,W109,2.9
2333,W99,2.9
2718,W327,1.5
5000,W251,4.7
1714,W78,2.4
2328,W46,1.7
2329,W500,3.2
3380,W120,2.5
3814,W347,2.5
237,W30,1.7
3060,W57,3.4
1838,W490,2.0
1049,W97,1.7
1114,W275,1.5
1138,W412,1.9
3492,W144,4.4
571,W138,1.7
4390,W461,1.3
3790,W33,4.0
217,W124,2.8
4973,W24,2.7
4539,W210,4.9
1299,W94,1.9
287,W338,3.7
1019,W62,3.3
4333,W454,2.4
3649,W240,4.0
2943,W58,3.8
677,W182,3.9
3281,W237,4.8
324,W382,1.5
3774,W480,2.1
3277,W74,4.3
3948,W326,4.2
887,W105,1.9
3359,W444,3.8
724,W26,3.5
580,W263,1.6
25,W174,3.2
3755,W55,2.1
2322,W112,3.1
931,W454,4.8
1069,W495,1.7
2365,W467,3.7
705,W375,4.6
1921,W146,3.0
3147,W113,2.5
634,W76,1.2
2732,W357,4.2
41,W22,1.6
1863,W469,3.5
4658,W431,3.3
3760,W129,1.3
2369,W191,2.1
4961,W286,3.3
116,W44,1.6
4684,W115,4.1
262,W256,3.6
4231,W42,3.2
1106,W2,3.9
2861,W282,1.3
430,W415,2.8
2251,W399,4.8
1549,W157,1.1
1005,W499,3.4
4880,W220,2.9
3764,W497,4.0
1293,W371,1.6
2649,W262,3.4
2550,W13,3.0
2108,W357,4.5
1673,W325,3.9
525,W397,3.3
3441,W71,4.7
4133,W227,4.1
3661,W431,2.4
344,W204,3.2
4199,W440,1.1
758,W33,1.9
4706,W369,4.8
1208,W252,2.3
3066,W21,2.1
917,W386,2.2
2548,W343,1.3
2743,W181,2.2
4858,W51,4.0
4496,W3,4.9
1247,W296,4.6
3100,W209,2.1
1653,W295,2.5
681,W453,4.8
2154,W241,3.9
4179,W454,3.7
662,W50,4.1
489,W136,4.3
340,W395,4.4
4375,W406,2.9
4699,W14,4.4
1321,W348,1.6
1652,W330,3.0
3418,W94,3.0
1094,W127,2.7
3669,W135,4.0
1150,W414,3.2
3259,W479,3.3
4532,W378,1.3
3113,W412,2.3
2723,W137,4.4
399,W134,4.9
2552,W151,2.5
39,W298,3.3
1769,W414,4.3
1115,W156,3.9
4737,W292,3.3
1038,W462,1.5
4448,W436,4.0
2434,W403,3.5
1841,W343,3.2
275,W107,4.5
4890,W416,2.1
4474,W464,4.7
3132,W371,3.1
3612,W460,1.8
4042,W124,2.2
52,W320,1.4
4138,W75,2.1
1705,W362,1.7
33,W269,1.9
3788,W133,3.9
1160,W66,1.9
539,W477,1.8
1488,W392,3.9
82,W92,2.1
828,W487,2.0
3183,W432,2.5
2410,W189,1.6
4203,W336,1.9
258,W365,2.8
4699,W437,1.9
1523,W95,4.9
1767,W236,4.2
21,W143,1.6
4569,W240,2.8
436,W46,3.9
4769,W352,2.6
2167,W293,4.9
1316,W140,3.9
795,W106,1.3
1252,W53,2.8
681,W313,2.7
1845,W7,3.5
1910,W39,4.0
2507,W345,1.9
4847,W409,1.0
1721,W192,4.2
556,W204,2.7
1279,W355,3.6
3653,W64,2.7
1405,W122,3.4
2873,W3,3.8
1035,W238,4.0
1452,W441,1.3
603,W435,4.1
2502,W267,3.4
4456,W488,1.2
3312,W376,2.0
4497,W195,4.7
3597,W83,3.6
3864,W99,1.9
1824,W100,4.1
3390,W474,4.2
65,W122,4.7
2675,W356,1.7
2525,W18,2.1
4999,W408,2.2
2841,W161,3.9
2026,W57,3.0
2960,W290,3.0
2654,W219,3.2
1925,W264,1.3
2431,W87,3.5
2216,W289,2.8
3033,W212,3.1
2506,W207,3.1
2990,W280,1.2
1945,W459,3.1
1497,W354,4.0
1819,W447,4.7
2073,W266,4.9
1310,W78,4.1
2958,W176,2.7
2925,W497,1.7
1010,W472,3.5
953,W61,4.9
448,W420,1.4
1701,W124,4.5
2242,W352,2.1
2966,W76,2.9
3899,W500,2.5
3213,W89,1.5
3708,W197,4.8
136,W385,4.0
3781,W114,1.8
1917,W373,3.9
1025,W464,1.7
4070,W100,3.3
2700,W263,1.7
3497,W351,3.0
3758,W43,2.3
3498,W144,3.0
4718,W254,3.4
4538,W8,3.4
3755,W162,1.1
2200,W64,3.7
440,W9,3.8
4799,W109,1.2
678,W406,2.8
3684,W141,1.7
636,W280,4.8
372,W462,2.6
4106,W327,2.6
201,W252,3.2
3760,W166,3.0
729,W247,4.4
3648,W388,3.4
3297,W138,3.2
3838,W39,2.8
1182,W119,3.5
2456,W380,2.7
3486,W146,4.0
3308,W367,3.2
4944,W5,2.8
2659,W414,3.3
2891,W301,1.3
3036,W236,4.3
2458,W443,2.1
2509,W431,1.6
1880,W63,3.6
1364,W179,3.8
74,W463,4.2
1116,W153,4.2
1262,W423,5.0
3393,W391,2.7
1825,W319,1.3
2614,W256,4.6
3630,W433,2.1
2649,W206,2.0
1030,W211,1.4
3514,W19,4.0
3872,W411,2.3
2116,W347,2.6
3361,W58,3.0
3363,W270,2.7
578,W314,2.4
1775,W107,3.5
1059,W85,4.2
85,W90,2.6
3005,W180,1.7
1057,W420,3.5
3389,W394,2.5
2402,W344,2.4
3568,W370,3.7
2541,W367,3.5
1241,W222,1.4
962,W114,2.5
4937,W398,3.4
4087,W398,2.1
617,W243,4.5
1449,W283,4.3
2869,W485,4.9
3035,W304,1.5
1584,W388,2.5
2852,W391,3.3
1159,W370,1.0
2174,W167,1.0
884,W291,2.3
504,W447,4.8
2964,W177,2.0
354,W168,3.5
4675,W280,4.8
305,W56,2.2
2468,W129,1.0
1870,W244,2.3
4078,W225,1.6
2626,W46,3.1
1145,W157,2.1
2774,W63,3.4
2772,W54,2.9
3068,W276,3.8
3199,W131,2.2
2859,W377,2.2
2086,W145,1.0
2913,W36,3.3
3782,W449,3.0
2658,W210,1.3
2551,W404,1.8
82,W86,2.4
4963,W498,1.5
4227,W198,1.0
2836,W490,1.7
3629,W124,3.4
1069,W19,3.6
4663,W262,1.5
2483,W83,1.5
308,W109,4.3
3331,W88,3.5
1189,W24,4.7
1811,W306,3.0
3128,W26,1.1
4996,W291,2.2
23,W413,3.3
3178,W267,1.5
1009,W149,3.9
270,W296,1.8
4773,W393,3.4
572,W378,4.5
4060,W429,2.1
893,W453,3.5
4456,W97,3.7
4446,W110,1.5
890,W366,4.0
4354,W287,3.9
2913,W282,1.4
712,W390,4.5
1710,W419,2.3
770,W340,3.3
3646,W142,1.9
4146,W231,1.4
142,W482,1.3
3702,W451,4.6
3117,W404,4.5
2466,W423,2.5
870,W447,2.9
2836,W9,3.9
1548,W257,1.7
3715,W469,3.7
3740,W192,3.8
2298,W250,3.2
1422,W166,1.8
53,W46,2.1
905,W155,2.9
1382,W389,3.3
2158,W197,4.1
4011,W83,4.2
4563,W170,2.4
9,W261,1.3
1654,W483,2.5
4353,W361,2.1
3308,W383,3.1
4762,W462,4.8
1994,W182,4.2
4552,W143,3.5
1533,W433,2.0
3129,W42,2.8
4151,W332,2.0
1962,W350,1.7
3144,W317,4.2
2171,W472,1.5
1016,W445,3.4
85,W446,5.0
4600,W24,2.9
4896,W146,2.0
4832,W146,2.5
124,W432,4.8
1849,W32,2.7
414,W422,3.2
2951,W413,4.1
4116,W333,3.1
984,W276,4.4
2685,W458,2.0
742,W207,4.7
1674,W433,1.3
3488,W223,1.0
1127,W30,4.1
3309,W159,4.9
1697,W481,1.1
4001,W295,2.2
4777,W280,3.0
4830,W153,2.2
21,W180,1.5
735,W128,2.0
140,W274,1.9
1173,W312,2.1
415,W420,4.9
689,W318,3.2
4208,W97,4.7
2511,W86,1.9
3781,W253,3.9
2165,W487,3.1
651,W140,4.7
1912,W394,2.8
1834,W289,4.6
4478,W344,1.1
4804,W455,4.9
3326,W215,4.4
2567,W466,2.4
4680,W145,2.7
1322,W244,4.4
318,W430,2.7
4243,W95,3.6
4684,W444,3.0
1791,W397,1.2
2806,W49,4.4
791,W441,1.1
3356,W406,4.5
4234,W148,2.7
1065,W358,4.4
1784,W480,1.2
3227,W371,4.0
4823,W497,3.4
2859,W69,1.3
1436,W59,3.7
733,W453,2.9
4663,W93,2.3
1409,W301,2.2
4467,W129,3.9
1285,W193,4.6
3672,W34,2.3
1968,W305,3.7
3599,W345,3.1
4609,W85,3.5
3669,W119,2.2
4920,W75,2.8
2629,W481,4.1
644,W223,1.6
1772,W46,2.7
4012,W439,2.6
2373,W297,2.4
1087,W292,4.4
951,W20,4.9
3065,W119,3.6
2277,W96,2.3
4661,W326,2.6
3574,W333,4.7
820,W113,4.7
4180,W130,3.0
4806,W106,4.1
492,W155,4.6
189,W406,4.8
1086,W449,3.5
2246,W79,3.4
3361,W80,2.0
745,W233,5.0
2392,W256,1.7
2874,W3,1.1
1589,W333,1.7
3136,W136,4.1
1750,W106,3.3
2545,W178,2.2
2095,W86,4.1
898,W167,4.3
2286,W325,2.0
352,W65,3.0
338,W198,1.3
946,W337,3.1
2592,W233,2.3
3391,W355,1.8
3345,W316,1.7
2853,W104,3.9
4250,W394,4.0
1048,W305,3.8
4987,W432,4.9
2876,W248,1.8
3851,W317,3.6
920,W482,4.8
2186,W325,2.4
1838,W293,4.7
1314,W413,2.8
3805,W201,1.5
4957,W392,2.1
3067,W303,2.4
2633,W209,4.3
1178,W414,1.7
4458,W376,2.3
2252,W297,2.7
3505,W305,1.5
4981,W272,2.8
2335,W464,3.2
1150,W284,3.2
1516,W21,4.4
1508,W9,2.4
3685,W148,3.7
2060,W484,4.6
1462,W56,2.9
4696,W86,1.6
1779,W156,2.5
390,W266,1.9
2892,W209,4.7
4998,W477,2.0
4478,W386,1.2
662,W465,1.6
1545,W155,4.4
3761,W112,5.0
2883,W147,3.6
2985,W419,1.0
1634,W202,2.4
2594,W46,3.9
4433,W364,1.9
1379,W449,4.3
1398,W422,2.7
1682,W165,1.5
2163,W377,3.8
2443,W21,1.1
2763,W3,1.7
4624,W303,2.1
2084,W439,4.3
701,W194,1.2
4227,W259,1.7
1964,W18,2.9
4591,W404,1.6
3950,W36,4.0
3422,W106,1.6
3636,W264,4.0
3016,W25,4.3
3174,W78,1.5
1556,W182,2.2
3125,W4,4.4
4275,W171,1.0
2048,W94,3.5
323,W76,2.8
2418,W162,1.2
1604,W125,3.0
978,W377,2.5
1058,W34,3.2
3778,W485,4.4
449,W228,4.2
1891,W149,2.9
4392,W125,1.4
4574,W298,2.6
3943,W365,1.6
3769,W65,3.0
4777,W372,4.9
473,W194,2.6
505,W37,4.7
4228,W285,1.6
4116,W165,1.8
1846,W48,2.3
3476,W453,2.2
2327,W60,1.3
3056,W484,2.3
3916,W26,4.5
3233,W179,4.9
4453,W341,1.5
2321,W449,2.9
2944,W406,4.4
4719,W444,1.3
3453,W103,4.7
3891,W148,1.5
1639,W497,2.8
4060,W229,2.4
2707,W316,1.8
1986,W72,3.4
2887,W215,2.4
1913,W330,3.5
3328,W70,2.3
3949,W14,1.5
4637,W101,4.5
4615,W465,4.3
1571,W346,2.8
3337,W43,1.1
4393,W202,2.6
3117,W470,4.8
2307,W295,4.0
1539,W91,2.1
709,W309,1.3
1865,W492,4.4
1743,W15,1.6
4728,W421,3.1
1747,W452,2.2
199,W375,2.4
3612,W241,3.3
4259,W152,3.3
3202,W34,2.6
3791,W145,4.1
3195,W214,3.9
1484,W175,4.5
811,W190,4.8
3215,W427,1.5
154,W105,2.1
475,W156,4.5
634,W421,2.6
4950,W166,3.1
1096,W268,2.3
4240,W279,1.0
3398,W261,1.4
480,W159,4.3
1536,W418,2.5
3051,W148,4.4
3228,W108,2.8
1137,W316,4.3
555,W49,4.6
1939,W178,3.3
3697,W106,4.0
4289,W160,2.1
296,W437,2.9
1552,W9,4.8
540,W231,1.4
877,W62,2.1
3078,W152,1.6
256,W192,2.5
1522,W385,3.8
2545,W236,4.1
636,W290,1.0
931,W12,2.0
2760,W363,2.1
3366,W479,3.5
1273,W250,1.3
3463,W263,3.9
736,W264,3.0
4940,W80,4.2
4700,W42,4.0
3448,W212,2.6
983,W112,3.3
2796,W474,1.6
883,W411,4.2
4084,W405,1.3
837,W84,3.3
842,W383,2.5
2144,W172,2.2
1210,W343,4.5
2069,W484,1.1
4003,W487,3.0
20,W142,2.5
212,W277,1.4
3439,W197,2.3
536,W70,3.5
3016,W130,4.1
300,W117,1.1
3013,W200,2.0
3266,W460,3.8
2718,W211,2.8
3112,W231,1.7
1047,W86,1.1
3706,W138,4.6
1359,W35,4.4
2614,W408,2.9
3418,W490,4.9
1993,W136,4.5
3504,W441,1.4
1347,W240,1.6
1224,W268,4.4
1948,W271,1.5
478,W339,4.8
3386,W382,1.9
3931,W339,4.7
241,W196,2.6
528,W318,1.0
525,W52,3.9
3928,W344,4.6
3289,W463,4.9
2423,W81,4.3
4736,W100,2.4
929,W268,2.5
4857,W307,2.8
1507,W140,4.9
1701,W298,1.6
3242,W66,3.3
857,W144,3.6
4744,W65,3.0
4047,W312,4.6
2667,W404,2.7
1178,W361,3.6
38,W430,2.5
2512,W183,4.0
294,W356,4.1
102,W115,3.4
4880,W246,2.9
4168,W167,4.8
4847,W174,5.0
4054,W407,3.5
2221,W431,1.4
4154,W295,1.6
3662,W289,4.7
214,W139,2.8
2975,W304,2.7
2062,W242,4.9
3851,W255,5.0
435,W459,4.0
3642,W373,2.6
3713,W144,2.4
2656,W399,1.9
1606,W33,1.5
4826,W217,1.4
2532,W407,2.5
2808,W277,3.1
3242,W49,1.8
1035,W253,3.8
3020,W228,2.3
3801,W54,1.4
2807,W446,4.1
1969,W484,1.6
2377,W8,4.8
121,W25,2.1
3169,W189,2.0
4998,W217,2.9
3428,W496,2.3
4512,W464,3.3
1868,W372,2.4
1348,W7,2.0
3341,W366,2.4
1826,W270,2.2
4845,W153,4.4
2041,W267,3.5
4759,W54,1.3
2941,W219,4.2
1421,W415,2.1
402,W474,1.4
720,W103,2.6
1927,W99,3.9
2847,W335,3.7
2168,W355,2.5
1877,W456,2.9
130,W289,2.0
2006,W8,2.9
3421,W384,4.9
1040,W57,2.3
3382,W43,4.8
1178,W184,2.6
1593,W414,2.5
3637,W222,4.7
2880,W480,2.7
44,W486,4.4
2947,W391,2.9
1483,W94,1.3
1773,W348,1.5
4692,W127,1.8
2596,W235,4.3
2967,W305,1.5
283,W253,2.8
107,W483,4.7
593,W9,4.5
4348,W460,2.0
2283,W169,1.5
4131,W88,1.4
1543,W350,4.6
4982,W293,2.5
1913,W236,4.8
893,W343,1.1
3289,W318,1.3
3917,W267,3.9
4255,W89,4.5
3907,W16,2.5
1525,W285,3.4
1068,W212,5.0
2369,W424,1.6
3786,W146,3.6
1211,W205,3.7
3220,W365,2.6
146,W414,3.2
811,W332,1.9
627,W168,2.6
1866,W192,4.2
3734,W61,3.8
2537,W469,4.2
2855,W16,2.9
4234,W294,4.8
1368,W5,2.7
3481,W263,4.9
3352,W266,1.2
4992,W51,1.6
2500,W222,1.8
2612,W241,2.6
3059,W189,4.2
1835,W214,2.3
2673,W156,1.8
51,W352,1.6
133,W455,2.1
1739,W200,3.8
1452,W443,3.5
826,W36,4.1
2736,W101,4.1
2125,W418,3.9
147,W278,2.4
3972,W58,2.2
781,W19,1.7
4998,W59,1.4
1614,W181,4.3
1983,W394,4.7
3108,W38,2.6
1321,W293,1.1
2299,W6,3.6
700,W40,3.0
4447,W380,2.2
664,W259,4.5
1039,W86,4.7
4582,W364,3.5
636,W38,3.1
3476,W286,2.5
1362,W305,4.3
1851,W58,3.0
1920,W62,1.2
3219,W235,1.6
1223,W394,4.0
3168,W301,4.9
4232,W30,4.7
1580,W113,4.6
1176,W254,3.9
1377,W260,4.6
1763,W73,3.3
3384,W373,2.1
1092,W390,2.7
4255,W279,4.3
3628,W1,1.3
4966,W219,4.7
1725,W273,1.0
4803,W346,4.2
3562,W269,1.8
2687,W396,4.8
316,W429,3.8
1278,W287,3.2
1938,W88,4.8
4649,W22,4.5
2398,W485,4.8
931,W393,4.5
1676,W18,4.4
312,W392,1.2
1073,W109,4.6
486,W480,4.8
1349,W432,1.4
1672,W79,1.2
1718,W141,4.1
92,W481,1.1
4695,W291,3.8
3126,W128,3.4
1821,W64,1.5
4666,W480,3.2
2112,W63,2.9
352,W152,3.4
2876,W55,4.6
3881,W224,3.3
3099,W380,2.3
1588,W166,4.0
1268,W231,2.1
2971,W382,3.9
4122,W436,2.6
1648,W162,2.3
4045,W88,4.3
2752,W286,3.8
4944,W361,1.9
4797,W355,3.3
2803,W337,4.3
1569,W437,4.5
1125,W311,4.9
2250,W208,4.7
4000,W70,1.9
3428,W60,4.3
1123,W266,3.1
1170,W337,4.1
3021,W440,2.4
4268,W147,4.9
1532,W478,4.9
2967,W145,3.8
852,W297,2.5
3784,W75,1.1
955,W348,4.5
3469,W176,3.8
4495,W116,3.3
2680,W411,4.6
4923,W344,2.6
280,W17,3.0
1812,W61,4.5
4492,W298,4.5
241,W39,1.5
4330,W392,4.9
4571,W466,3.9
2900,W161,4.9
2781,W201,4.1
3744,W185,3.8
4645,W291,2.9
2687,W336,3.2
4366,W19,1.3
40,W228,3.1
437,W400,1.6
1923,W481,2.4
4665,W290,4.8
3501,W188,3.8
3141,W200,1.1
3876,W166,2.1
3548,W110,2.9
76,W343,3.9
3640,W159,2.6
2973,W277,4.2
1348,W185,4.6
1744,W17,2.7
3500,W278,2.9
4687,W488,4.4
1536,W280,4.6
3723,W229,2.6
4875,W216,4.8
1497,W239,2.6
4656,W345,3.9
1533,W461,1.5
4925,W362,3.9
551,W41,5.0
1383,W465,2.6
1816,W337,2.6
4673,W416,2.0
4058,W486,4.3
1108,W122,3.1
174,W2,1.9
2948,W465,2.8
729,W6,2.9
4313,W100,4.9
762,W277,3.0
2945,W156,3.3
3865,W452,2.2
2079,W358,2.7
1525,W122,1.2
1948,W51,4.5
4641,W91,2.7
3032,W57,4.7
316,W197,1.0
3209,W317,2.3
3804,W309,1.1
897,W178,1.1
3102,W439,1.2
2397,W283,2.7
1094,W142,2.8
3403,W3,1.6
3849,W83,4.5
931,W439,3.0
1795,W326,4.7
2308,W181,3.6
2681,W248,1.1
3386,W336,2.8
1346,W351,3.4
2726,W256,2.2
1680,W15,3.6
611,W355,2.0
3883,W250,2.4
1261,W351,4.1
4345,W145,1.2
152,W379,2.3
523,W489,3.0
3006,W459,3.5
978,W9,1.4
944,W202,2.5
2315,W479,1.8
1027,W425,2.1
21,W293,3.1
1732,W41,4.1
265,W500,2.1
1202,W498,2.3
391,W465,4.1
222,W230,2.8
481,W185,4.4
1179,W173,1.1
3709,W291,3.1
270,W116,1.8
757,W472,1.7
37,W352,3.7
4033,W76,2.8
1154,W366,4.0
1340,W430,1.9
3399,W401,4.6
1696,W148,1.0
1740,W285,2.3
4424,W317,1.1
4109,W148,4.8
702,W457,4.6
2514,W270,4.0
321,W201,3.1
2802,W443,4.3
1377,W305,4.8
1882,W336,4.5
4699,W218,1.2
239,W444,4.6
537,W462,4.2
2442,W251,1.7
2371,W72,4.2
2523,W253,1.1
4426,W310,2.5
4243,W12,1.0
621,W277,2.2
2841,W65,3.4
2755,W326,1.6
2007,W76,4.9
3581,W49,5.0
1756,W480,4.1
1322,W128,4.5
806,W414,1.7
1531,W353,3.8
4938,W338,2.7
4761,W471,1.4
1822,W167,4.8
2041,W257,1.4
3404,W255,1.8
391,W298,4.6
3618,W149,3.0
1874,W67,3.6
3999,W359,4.9
735,W350,2.6
1155,W244,4.1
2655,W381,4.8
18,W362,3.7
864,W141,2.1
2320,W157,4.0
280,W105,2.1
4339,W201,4.7
1310,W170,1.2
3815,W151,2.2
4322,W161,4.4
4404,W370,2.3
2440,W340,1.1
78,W48,3.5
4326,W128,3.7
3666,W353,2.2
851,W333,2.9
4133,W422,1.5
4809,W497,3.8
161,W482,1.3
3320,W364,1.6
3455,W412,2.1
2115,W263,5.0
613,W452,4.7
1697,W67,4.5
4871,W166,2.9
3107,W431,4.0
1442,W331,5.0
4319,W335,4.8
789,W298,1.5
1512,W292,3.3
342,W321,4.8
2256,W170,3.6
264,W342,2.3
3563,W440,3.3
4888,W4,2.7
2517,W278,1.6
1802,W310,3.3
3450,W73,3.4
1157,W59,4.2
1214,W265,2.7
71,W414,3.4
338,W416,3.7
707,W100,3.1
3009,W273,4.7
1203,W80,4.7
3524,W172,3.2
650,W227,2.8
2499,W55,2.7
1919,W395,2.9
409,W143,2.4
1798,W364,2.4
3670,W487,4.1
1283,W463,1.8
4520,W105,3.5
1173,W443,4.9
750,W304,3.6
1985,W384,3.0
1315,W118,3.0
769,W264,2.1
3797,W40,2.4
1881,W199,4.5
1423,W407,4.2
3496,W467,1.9
4950,W60,4.9
2691,W405,1.8
1780,W390,4.5
954,W190,3.5
828,W420,3.1
2235,W1,3.3
4743,W486,4.6
840,W104,1.5
2817,W246,2.3
2779,W148,4.5
149,W229,3.2
2628,W103,2.3
4278,W368,1.3
1618,W30,4.0
4298,W435,3.3
59,W402,4.2
624,W253,3.5
3334,W334,3.6
2546,W191,2.0
4766,W338,2.1
3270,W434,2.3
3482,W471,1.3
1391,W123,3.5
662,W84,2.1
2830,W230,2.4
274,W348,3.0
486,W211,5.0
2708,W233,1.3
2271,W50,4.1
826,W324,1.1
3763,W31,1.4
3641,W460,4.4
4878,W47,1.5
3238,W152,3.9
2830,W277,1.9
2732,W80,4.8
2889,W465,4.8
126,W110,1.8
2567,W277,1.5
4012,W166,3.6
2842,W420,1.8
673,W316,2.0
1297,W188,2.5
2810,W271,3.7
1535,W382,1.8
2056,W70,2.0
2061,W246,4.3
2776,W369,2.2
901,W103,1.1
2118,W80,4.9
1931,W245,2.8
2343,W380,4.9
3298,W377,3.0
4146,W62,2.2
1885,W228,3.4
1126,W355,4.8
506,W390,2.8
2923,W472,1.0
3119,W419,3.9
3506,W245,3.0
2391,W244,3.0
2923,W356,3.2
256,W432,2.3
4659,W252,4.8
374,W119,1.8
3184,W370,2.9
4578,W165,1.3
2736,W124,3.3
2468,W435,1.2
4531,W11,1.4
1221,W439,2.0
3870,W402,4.1
274,W382,3.3
2916,W409,1.2
495,W12,4.0
3278,W275,2.0
1948,W57,2.7
2962,W490,4.6
3439,W334,3.4
4691,W109,1.8
1243,W68,3.5
4821,W219,2.4
1596,W399,4.4
2235,W322,4.4
2946,W254,2.3
2135,W67,4.8
2147,W218,3.5
1197,W83,3.9
2500,W249,3.0
4454,W159,3.3
657,W395,2.5
1438,W366,4.1
4132,W308,4.9
4336,W253,3.8
1283,W156,4.3
1220,W377,1.0
3416,W295,4.7
1043,W96,3.8
390,W304,1.4
426,W330,1.6
4724,W12,1.9
638,W14,4.2
1994,W466,3.4
4243,W468,4.2
1868,W492,3.6
820,W366,4.0
558,W95,2.8
1609,W462,4.7
4522,W468,4.7
3449,W426,3.5
4350,W298,3.2
4962,W118,4.5
463,W144,2.3
3727,W81,1.8
3053,W3,1.5
3235,W337,2.6
4135,W16,2.8
4392,W74,3.4
334,W316,4.7
953,W418,4.1
3719,W160,1.3
3096,W100,2.9
2219,W253,2.0
1900,W353,4.7
3959,W118,1.6
888,W376,4.0
3867,W38,4.4
723,W180,3.6
3837,W465,4.9
701,W495,2.4
3673,W484,2.7
2794,W437,2.5
3557,W249,4.7
3177,W325,4.1
1028,W114,2.5
1506,W382,3.6
4555,W469,4.7
4121,W371,1.5
138,W400,4.1
2375,W149,3.0
1407,W41,1.0
3789,W412,4.7
2376,W225,2.3
454,W282,1.4
1733,W337,4.4
3981,W441,3.8
1696,W267,2.2
2650,W498,2.5
1184,W178,4.6
1985,W193,4.8
1233,W109,3.6
907,W411,3.8
2319,W51,3.1
547,W200,4.2
2906,W211,3.0
4680,W133,2.4
4134,W296,4.8
4329,W35,1.8
285,W465,4.5
2548,W261,3.8
2210,W142,4.4
4296,W429,2.5
4197,W72,1.7
182,W210,3.5
4456,W55,4.2
857,W187,1.8
450,W155,2.9
2128,W80,2.9
1100,W277,4.3
1602,W125,3.9
880,W110,5.0
1673,W320,4.2
4839,W149,1.0
3827,W42,2.7
910,W50,4.8
1059,W380,4.2
4881,W247,2.0
461,W359,4.4
4184,W235,4.9
2998,W311,2.0
478,W253,2.9
1284,W140,3.0
656,W304,4.0
4892,W102,4.1
2351,W18,2.3
2975,W195,2.1
4577,W2,1.5
2615,W454,3.2
2191,W231,2.1
338,W381,1.2
4921,W110,5.0
3730,W152,1.5
1427,W270,4.7
3641,W498,4.4
1000,W83,4.2
5000,W350,2.0
4072,W18,1.1
3231,W288,4.1
3760,W429,4.8
4234,W373,4.3
1302,W240,3.4
4585,W485,4.0
4790,W86,1.1
4820,W155,3.7
3589,W398,4.2
1439,W337,1.2
915,W457,4.8
4711,W360,2.1
2759,W448,2.2
4390,W87,4.5
347,W157,4.4
4912,W9,4.1
2609,W211,1.7
4387,W468,2.9
3924,W500,1.5
1402,W28,1.2
1829,W277,3.7
2517,W314,4.2
1745,W332,4.8
4744,W1,3.3
426,W133,4.3
4531,W89,3.5
4262,W94,4.7
1727,W291,4.6
4513,W185,4.2
3014,W264,1.7
4322,W365,2.9
1237,W429,2.0
4675,W130,3.5
1410,W80,3.9
87,W84,2.6
4417,W38,3.5
375,W27,3.5
1718,W2,1.7
1055,W211,2.1
480,W259,1.5
339,W480,1.6
3440,W273,1.4
66,W403,3.9
4299,W409,1.0
4138,W24,4.5
1787,W367,2.3
1027,W393,3.4
1453,W209,2.3
960,W463,2.5
1617,W225,3.0
416,W415,2.9
3009,W282,3.6
4636,W351,3.2
3431,W15,3.4
1317,W107,1.9
1805,W408,3.7
110,W109,2.9
2031,W266,2.7
1323,W347,3.9
2458,W436,2.3
1993,W273,3.9
1321,W341,3.5
2900,W390,2.3
4156,W435,1.8
4539,W224,1.7
1790,W256,4.4
1539,W121,1.5
2393,W279,4.5
1340,W429,3.3
2803,W117,2.0
3390,W205,1.3
1442,W229,3.4
4106,W294,2.4
3354,W416,4.6
4895,W200,3.5
778,W11,2.3
1416,W277,2.6
2141,W254,4.3
4787,W279,4.8
3857,W457,4.2
88,W421,2.5
4255,W431,3.2
82,W482,4.3
593,W390,2.9
2050,W427,1.7
3601,W70,4.1
1655,W186,2.8
2978,W232,3.4
685,W236,3.3
205,W213,1.0
3131,W209,4.8
184,W136,2.0
4875,W269,2.5
2514,W116,2.6
1666,W285,3.3
3454,W382,3.9
881,W242,1.8
3212,W467,4.1
3455,W284,4.2
4835,W7,1.8
2301,W62,3.8
2902,W494,2.5
1461,W378,3.6
3363,W196,1.7
3582,W120,2.9
1550,W404,1.0
3678,W299,3.0
1461,W309,2.5
3392,W312,4.1
3436,W20,1.2
463,W201,1.3
1919,W126,3.7
2313,W40,3.1
4305,W495,1.8
1438,W341,3.3
3263,W332,1.2
2752,W61,1.2
3127,W400,3.8
2662,W436,4.5
1174,W314,5.0
3559,W392,3.2
1029,W153,1.9
1343,W361,3.1
4124,W329,2.6
3878,W256,3.5
3556,W417,2.4
4332,W425,1.1
4425,W24,1.8
4525,W495,3.4
2121,W204,4.0
4929,W96,2.6
335,W73,2.6
3527,W317,3.1
2248,W411,2.6
2107,W250,3.1
1428,W259,2.3
3531,W346,1.8
2546,W270,1.2
540,W429,4.5
2481,W488,2.4
3158,W390,4.9
1335,W359,2.4
2813,W310,2.0
3290,W185,1.4
1203,W163,3.5
1561,W53,4.9
3059,W235,3.7
4943,W472,4.2
4855,W69,2.9
4377,W79,2.0
2974,W399,1.4
4040,W3,2.3
3997,W175,1.7
4072,W435,4.3
3408,W369,4.7
2218,W411,4.9
833,W142,2.9
4870,W32,4.1
4627,W63,3.7
4599,W59,4.3
3059,W441,3.5
1,W449,3.4
2772,W491,1.9
1915,W428,2.0
4450,W499,2.6
2879,W44,4.9
3403,W69,3.7
2700,W430,3.2
1129,W310,4.3
4256,W40,3.2
14,W219,1.5
1179,W128,2.6
4521,W124,3.1
337,W241,1.4
1118,W396,3.7
3036,W264,3.4
1764,W365,1.3
4871,W391,1.2
3060,W326,2.8
4228,W290,2.1
4508,W25,4.2
2398,W193,2.8
2824,W132,4.4
282,W72,2.7
2847,W130,2.2
4303,W130,1.9
3036,W29,2.7
2265,W472,2.2
1396,W18,1.3
4793,W379,3.8
471,W162,1.1
2142,W395,1.3
2797,W306,4.9
2448,W318,4.2
3667,W421,3.6
1245,W441,3.4
2096,W119,3.6
4140,W393,1.7
4222,W172,2.4
1186,W93,2.0
375,W264,2.7
174,W268,4.0
1166,W299,1.1
2367,W201,3.7
4093,W270,3.2
2045,W495,3.0
1818,W48,2.0
4668,W462,1.1
4828,W150,2.0
3156,W5,3.2
1043,W361,4.6
2739,W221,4.5
1411,W114,2.0
2013,W188,4.2
417,W201,2.1
3510,W354,4.2
382,W275,4.4
1649,W458,1.6
4562,W185,3.5
2882,W91,2.8
1296,W287,2.0
3661,W407,4.3
4560,W455,3.0
2709,W88,1.9
245,W136,2.5
1232,W318,1.3
289,W319,1.2
3816,W156,1.9
74,W82,2.1
2211,W272,1.4
357,W317,4.8
2117,W55,2.2
3636,W237,4.1
3772,W473,2.3
2771,W488,4.2
1432,W488,3.6
4206,W193,2.7
2176,W311,3.4
802,W238,4.4
4109,W238,1.9
606,W12,2.4
4833,W283,2.6
3900,W307,2.6
4708,W353,3.8
1133,W490,4.1
4810,W407,4.9
1984,W449,4.1
4653,W118,2.2
2674,W105,4.4
3995,W153,3.6
1530,W253,4.3
2814,W482,3.2
2321,W480,2.2
1644,W343,1.3
96,W292,4.5
2885,W341,1.2
1766,W81,1.3
2015,W221,1.9
2104,W253,4.4
2763,W235,2.9
3438,W444,2.9
2471,W403,3.1
3312,W362,1.6
609,W299,3.8
901,W45,3.0
2164,W107,3.8
4568,W402,4.9
4319,W317,3.5
3866,W499,4.4
184,W485,2.3
3045,W90,1.3
4297,W311,4.0
2460,W46,1.4
370,W384,4.6
976,W52,1.0
163,W319,4.8
3301,W247,1.5
1110,W183,3.1
1718,W222,3.8
2122,W429,3.6
193,W15,2.4
1794,W252,5.0
2493,W77,3.8
2622,W328,4.5
3902,W135,4.6
4286,W254,3.1
997,W49,2.6
3399,W476,2.1
3701,W253,2.5
1790,W447,3.0
3228,W228,2.7
2630,W326,3.0
4523,W477,4.8
3764,W333,1.6
2173,W475,4.9
2435,W434,2.9
3951,W287,4.1
4788,W221,2.8
625,W231,4.6
212,W275,1.9
3436,W49,4.1
749,W31,2.5
1615,W171,4.5
53,W4,2.9
3342,W223,3.0
207,W375,2.8
3372,W266,2.3
1864,W13,4.3
54,W61,3.5
2917,W200,3.1
4409,W99,3.0
3683,W101,4.9
2521,W256,3.8
1558,W238,4.2
4481,W215,5.0
459,W99,4.6
3459,W395,1.9
1816,W115,2.0
3256,W329,1.6
2848,W290,2.5
392,W350,2.4
221,W368,1.1
1407,W159,1.3
4889,W209,3.8
4134,W347,3.7
1417,W391,1.9
1449,W418,2.2
2421,W457,4.9
3205,W498,3.8
264,W238,1.7
1855,W158,2.2
2513,W156,3.7
2621,W99,2.1
3155,W440,3.7
156,W200,2.5
3090,W401,2.1
2681,W24,4.8
1420,W239,4.5
3903,W374,2.0
428,W264,1.3
4865,W252,2.6
1965,W207,1.0
4027,W375,4.1
4678,W253,4.5
1816,W495,3.1
3448,W445,2.2
4102,W75,3.0
2175,W361,2.4
563,W434,2.4
1160,W396,1.0
3112,W129,4.1
2378,W225,3.0
12,W255,4.1
485,W402,4.2
1253,W353,2.0
383,W173,4.5
2157,W248,1.7
1415,W42,1.9
130,W144,4.3
1597,W431,2.9
1564,W407,4.5
2509,W461,4.7
4655,W418,1.8
3002,W424,3.7
3653,W395,3.9
3692,W271,4.1
2140,W430,1.4
3692,W311,2.6
4429,W301,1.7
723,W55,4.4
1043,W42,4.5
428,W119,3.8
1432,W124,1.1
4975,W135,3.6
3491,W485,3.3
1461,W10,1.6
2175,W334,2.3
431,W370,1.4
530,W266,3.6
4665,W387,3.0
4739,W420,1.1
4826,W146,3.8
273,W46,1.9
3703,W12,2.4
3383,W98,4.0
2991,W345,1.3
2097,W295,4.2
2583,W158,2.3
1971,W9,3.3
3522,W60,2.0
2797,W432,1.4
731,W166,4.6
1316,W319,2.6
3174,W454,1.9
95,W96,3.2
2124,W150,2.5
4372,W9,1.5
1087,W395,4.1
4966,W410,2.6
1228,W423,1.7
1648,W96,4.9
1963,W168,3.8
4538,W186,1.2
1261,W56,3.7
707,W335,3.6
3230,W132,3.5
1818,W139,2.6
1609,W20,1.6
4436,W481,3.4
345,W66,2.7
4939,W450,3.1
2913,W148,1.2
2695,W72,1.5
3270,W232,1.9
3787,W202,3.2
2337,W497,2.2
3402,W54,2.2
1987,W410,4.6
3429,W394,1.5
4395,W264,3.6
4453,W55,1.1
795,W209,2.3
2919,W236,2.9
1272,W113,2.1
1348,W454,1.1
3193,W34,4.7
3606,W469,4.8
4575,W42,2.9
4473,W92,4.5
2513,W42,3.5
4908,W404,1.2
3900,W375,4.5
1888,W437,1.8
1957,W475,4.7
3633,W209,3.9
3736,W331,3.4
2476,W327,3.4
2995,W172,4.9
4662,W372,4.8
4861,W493,1.2
4380,W398,3.7
2483,W328,4.1
1074,W62,4.6
1697,W344,3.4
3077,W209,2.8
1906,W123,1.6
4400,W456,3.9
500,W458,2.6
1674,W483,4.2
2588,W271,3.8
1460,W323,4.2
180,W457,2.9
4767,W3,2.7
621,W49,1.5
2281,W30,3.2
3926,W361,3.9
141,W347,4.1
1910,W309,2.9
3654,W128,1.6
2733,W473,2.0
1429,W271,4.3
3996,W411,3.7
3912,W310,3.1
3349,W5,3.2
2902,W346,1.9
1775,W96,1.2
2969,W217,2.7
2356,W439,3.8
2582,W379,4.5
387,W269,1.6
1937,W146,4.7
4738,W437,2.2
1003,W400,2.1
2941,W246,4.3
4776,W226,3.4
2306,W407,3.2
4301,W82,4.4
3239,W247,3.7
1783,W490,4.8
1611,W99,2.0
4148,W239,4.9
3591,W447,4.5
1464,W72,3.0
2813,W455,1.1
3455,W109,2.7
2700,W122,2.2
20,W53,2.1
1791,W114,3.5
3669,W113,2.4
4432,W272,2.4
2499,W90,4.8
3158,W417,4.6
1556,W303,2.0
2665,W470,4.7
1253,W487,3.4
147,W212,2.6
2804,W191,2.9
4070,W286,2.9
465,W341,4.6
3696,W311,4.8
4204,W347,1.6
4352,W471,3.8
4690,W406,1.9
843,W218,1.4
2271,W151,3.4
1805,W344,4.3
1212,W269,2.8
1627,W98,3.7
1517,W99,2.3
4559,W267,4.8
4517,W278,4.5
4369,W320,4.0
56,W92,2.6
752,W232,3.1
1251,W73,2.5
3089,W294,2.8
4668,W383,3.3
3698,W123,3.3
4716,W413,2.2
3118,W146,4.4
3086,W442,4.9
1703,W229,1.5
4057,W343,4.0
4851,W489,3.9
4878,W215,3.6
2848,W390,2.7
4755,W429,2.6
4875,W280,4.4
532,W418,4.8
680,W73,4.0
1069,W283,3.6
3885,W480,3.2
928,W314,3.3
4407,W464,1.4
3214,W129,1.7
3490,W47,1.2
4910,W360,1.0
1883,W149,4.1
170,W31,3.1
4224,W44,3.5
4043,W175,1.8
1025,W16,4.9
2605,W18,2.4
1672,W447,4.4
1168,W360,1.3
1991,W297,1.8
4367,W97,3.5
1616,W303,2.7
587,W127,2.6
4924,W315,4.8
3035,W284,1.7
3818,W397,2.4
946,W277,5.0
1512,W338,4.0
1241,W445,2.8
1812,W325,1.7
1219,W19,4.9
3400,W138,3.0
2627,W394,4.4
4406,W136,4.9
3072,W307,1.9
1945,W202,1.4
373,W455,3.9
2779,W223,4.8
4054,W434,4.2
3745,W227,1.8
4593,W158,3.0
745,W17,4.9
4477,W352,4.9
4840,W218,2.7
3353,W474,4.4
2321,W428,1.5
1327,W273,3.0
1866,W192,4.3
3223,W184,3.8
4874,W24,2.4
148,W37,3.0
1370,W375,4.1
4601,W305,4.0
4259,W293,3.6
1926,W88,2.6
1107,W36,1.3
820,W353,2.1
2791,W331,3.9
4547,W345,4.0
3887,W444,3.6
1198,W224,3.7
1181,W252,4.8
3692,W26,4.3
4707,W297,3.4
2848,W5,1.2
822,W375,3.4
3208,W113,3.2
1632,W94,2.5
4536,W247,3.7
4496,W247,4.7
4903,W188,2.2
663,W375,3.2
3761,W277,3.3
3908,W197,3.0
3323,W483,2.8
4308,W409,1.1
3186,W438,3.4
2732,W166,3.4
2756,W199,3.1
3773,W372,4.2
3420,W368,1.3
1994,W331,1.1
3184,W175,4.3
4574,W282,3.2
4986,W163,2.0
1746,W340,2.3
3003,W156,4.7
3731,W33,2.9
1970,W157,1.9
401,W369,5.0
905,W112,1.5
3705,W236,4.2
1210,W107,3.2
15,W290,3.4
4586,W389,1.4
3970,W19,2.7
2915,W282,3.9
1488,W263,1.7
290,W84,2.1
282,W483,2.9
2397,W472,4.2
4143,W71,3.8
72,W71,4.6
4649,W78,4.3
1497,W230,2.1
2774,W398,1.7
1087,W57,2.9
1606,W269,1.9
293,W84,1.4
2493,W109,3.5
4013,W357,4.5
1873,W460,2.9
1788,W326,2.6
2927,W282,3.8
4036,W209,3.2
2784,W309,1.5
1492,W107,2.9
78,W208,1.9
2367,W250,2.1
4294,W235,2.0
2572,W443,3.4
904,W140,2.9
432,W195,3.8
1351,W57,4.4
2627,W350,2.7
3969,W60,3.0
3736,W52,3.1
1227,W291,1.4
10,W78,3.0
3291,W52,2.3
4916,W37,2.6
4133,W94,2.0
2286,W32,1.0
2494,W321,3.0
3147,W72,3.2
4327,W90,3.7
409,W169,4.6
3616,W169,2.8
4018,W441,3.7
2084,W16,3.7
3336,W376,2.8
2778,W366,4.4
689,W447,3.5
2747,W259,1.2
3130,W201,2.1
3651,W338,1.1
2892,W380,2.6
1745,W310,3.1
2998,W175,2.2
2035,W67,3.0
2460,W134,2.9
3458,W103,3.4
844,W413,2.8
1090,W103,3.7
762,W397,1.5
1049,W98,3.3
1148,W226,4.3
4143,W6,3.7
3086,W288,2.9
379,W1,3.4
2177,W264,2.8
1239,W405,2.0
3276,W393,3.1
199,W444,3.5
3531,W393,1.6
1416,W491,3.5
650,W280,3.9
1225,W359,4.3
1457,W472,2.7
4444,W82,1.4
495,W247,2.6
4813,W340,3.2
1775,W92,2.8
213,W437,1.5
1946,W63,3.9
434,W75,4.4
2658,W468,3.9
4144,W172,3.5
1402,W17,2.4
710,W197,1.3
3373,W298,3.3
917,W76,1.8
2994,W117,2.5
1425,W342,1.1
3790,W473,1.9
2540,W88,1.7
808,W299,3.1
1162,W19,4.1
4113,W122,4.8
2820,W21,3.9
3563,W336,2.7
3061,W189,2.9
101,W246,1.5
3710,W500,3.8
651,W248,4.7
3734,W93,3.5
4804,W141,3.9
278,W200,4.0
1928,W478,1.7
2395,W306,1.5
1424,W301,4.3
3593,W370,1.1
1057,W306,4.5
285,W464,3.6
333,W376,3.2
6,W3,1.4
3037,W486,3.1
859,W392,3.9
3662,W53,2.5
1398,W39,2.4
985,W484,4.2
1615,W7,2.3
752,W378,2.3
534,W248,2.1
3930,W480,3.3
1890,W324,1.8
239,W115,3.6
796,W44,1.5
4107,W320,4.2
2517,W454,3.8
365,W22,4.1
2319,W466,4.6
759,W152,1.1
2233,W377,4.4
3490,W379,4.2
3985,W29,2.7
4192,W102,1.6
4190,W184,3.1
569,W232,3.4
2784,W13,1.7
3588,W362,4.4
1151,W430,4.9
4607,W362,1.8
1323,W135,4.9
2167,W277,4.8
4755,W469,3.4
2483,W358,2.0
1186,W119,3.0
2001,W71,4.9
1242,W69,2.7
1070,W496,2.2
2812,W55,3.7
2585,W108,4.5
3379,W420,1.3
1458,W127,2.0
177,W153,4.3
1743,W72,1.5
4642,W280,3.0
3466,W385,2.5
1159,W171,3.9
1029,W181,1.5
1648,W446,1.6
1996,W139,1.8
212,W304,4.7
903,W90,2.7
1464,W286,1.8
2026,W348,3.7
4020,W202,3.9
354,W220,3.4
4352,W179,1.2
4950,W335,5.0
4147,W55,2.5
107,W316,4.7
2575,W274,4.2
2911,W309,1.0
725,W70,1.2
4806,W391,4.5
1185,W30,2.8
3755,W59,1.6
1865,W429,2.7
3662,W134,3.9
2384,W235,1.3
2754,W202,4.6
2939,W79,1.5
4092,W383,1.5
4186,W171,2.9
1808,W208,3.3
4277,W128,3.9
1337,W30,4.4
3869,W486,4.6
3211,W488,2.4
3648,W437,1.5
1189,W143,4.3
2052,W378,4.7
2489,W298,2.5
2910,W227,2.8
1658,W218,4.9
1729,W329,3.9
3485,W492,1.1
4144,W286,2.9
4366,W357,2.1
3679,W255,3.2
1795,W362,4.5
120,W54,3.0
4028,W406,1.4
2132,W63,4.3
4771,W67,4.7
4588,W416,3.4
526,W216,4.8
1967,W442,3.7
3189,W481,2.2
3763,W96,3.8
710,W178,2.6
598,W50,3.2
4196,W56,4.2
4953,W404,2.1
4811,W253,4.7
3489,W73,1.8
594,W251,4.6
2308,W406,2.5
3187,W176,3.6
563,W355,1.3
4773,W397,3.8
4756,W105,3.3
4516,W383,3.7
2141,W150,1.4
1579,W389,4.1
4541,W7,3.2
596,W148,4.2
2024,W122,3.7
4267,W482,2.0
1841,W291,3.4
98,W190,3.9
794,W86,3.8
1227,W391,2.0
1957,W213,2.5
1676,W416,1.7
2868,W399,2.3
2165,W122,4.7
147,W184,4.7
722,W177,3.8
1066,W34,4.2
2119,W288,3.4
2658,W402,2.2
2171,W149,4.4
2571,W102,4.6
1092,W17,2.3
491,W166,3.1
3155,W252,2.2
807,W379,3.9
651,W155,2.1
1269,W127,1.4
4065,W255,4.1
1251,W149,1.0
3721,W361,4.2
3957,W160,2.0
2923,W211,1.9
760,W56,4.9
334,W329,3.2
3253,W327,4.2
4329,W91,2.0
4307,W440,1.9
4969,W366,4.7
3377,W3,2.4
3234,W464,4.6
4710,W146,1.6
1048,W351,4.9
2614,W131,4.1
3896,W37,3.5
435,W152,3.1
662,W394,4.3
1472,W129,3.6
2719,W151,1.1
4589,W283,4.6
3069,W195,2.8
3678,W499,4.7
6,W51,4.7
4054,W155,3.2
4529,W446,2.7
4128,W235,4.1
451,W183,3.1
3415,W289,2.0
744,W101,4.1
4590,W136,3.5
432,W103,2.5
1713,W300,3.6
2829,W316,3.0
1997,W84,3.4
1723,W26,4.3
1433,W36,2.4
1717,W304,3.7
2853,W455,3.7
3203,W123,1.4
1331,W24,4.2
301,W384,2.6
1995,W477,4.5
114,W22,2.2
946,W67,3.8
3503,W228,3.9
902,W439,2.5
3052,W159,2.7
3510,W40,3.6
1877,W362,4.9
3424,W127,2.0
273,W354,1.9
4072,W122,1.1
2785,W233,4.8
10,W470,4.2
3469,W204,1.7
2386,W111,3.9
3958,W88,3.8
515,W320,1.5
3317,W95,4.2
127,W447,2.6
370,W161,1.9
3442,W188,2.2
3707,W93,2.4
4725,W360,2.7
446,W385,4.3
2075,W413,5.0
4542,W494,2.2
36,W260,3.7
3962,W116,2.8
1341,W392,5.0
4049,W197,2.7
330,W335,4.0
653,W255,3.8
4580,W201,4.6
4099,W431,2.0
937,W359,1.9
2476,W380,2.6
1298,W413,3.0
1407,W443,2.8
2002,W213,1.5
4760,W253,2.9
16,W195,2.5
1015,W225,4.6
1471,W469,3.2
2768,W388,3.5
1791,W283,2.9
104,W363,2.4
893,W34,2.4
2330,W319,3.9
4373,W253,2.0
749,W151,1.6
4801,W147,3.6
1654,W221,2.9
3242,W23,2.1
3840,W192,2.5
3477,W159,3.2
1781,W343,5.0
4997,W410,1.9
1904,W146,4.8
3761,W130,3.8
4808,W71,2.2
1579,W62,4.8
4134,W324,1.6
3131,W209,5.0
3502,W146,4.2
3498,W375,4.0
377,W334,4.7
2096,W9,1.8
446,W335,2.9
1290,W398,1.0
2627,W130,2.1
4600,W30,4.1
4729,W132,2.3
2941,W422,3.7
4368,W104,1.5
1533,W404,4.4
4273,W75,2.9
2793,W329,2.0
4370,W411,4.2
1657,W17,1.7
2541,W101,4.3
2199,W249,1.0
4576,W285,4.6
2724,W267,1.4
554,W438,2.3
2634,W376,4.8
3083,W98,1.1
4456,W304,1.7
3972,W395,1.1
4470,W109,4.3
3427,W396,1.5
4751,W67,4.2
3508,W407,2.6
820,W450,3.9
2306,W239,4.7
2496,W285,1.7
3893,W148,3.1
3840,W361,4.9
3749,W100,2.2
4184,W373,1.9
2863,W3,2.5
2300,W250,4.9
3682,W310,3.9
1361,W100,4.4
4910,W89,3.9
355,W348,4.4
3658,W82,2.2
4228,W251,3.8
4291,W340,2.2
4182,W320,2.4
1053,W25,3.6
3647,W23,2.2
3544,W425,2.8
3607,W116,2.3
2051,W340,2.1
468,W305,1.6
3314,W310,1.6
4779,W108,3.5
4035,W317,1.7
2294,W441,1.7
611,W8,2.8
4529,W145,1.1
2759,W98,3.7
4464,W324,2.9
3096,W319,4.9
544,W440,1.9
2350,W203,3.4
3853,W447,3.8
2485,W175,3.8
3679,W380,3.8
390,W297,2.1
469,W163,2.8
779,W261,2.5
4155,W411,3.9
1497,W27,2.0
1443,W264,4.9
4102,W259,1.2
847,W246,1.5
3573,W331,4.4
1973,W445,3.3
1051,W76,4.8
4999,W65,3.6
3733,W343,2.3
454,W425,3.9
3769,W328,1.7
7,W393,1.2
2649,W363,2.1
1901,W169,2.8
4592,W286,3.6
1644,W240,4.5
2248,W243,4.9
362,W199,3.1
4424,W222,3.4
4990,W27,4.7
3976,W174,1.3
2015,W439,3.3
1683,W101,2.1
3369,W495,2.0
1618,W379,4.0
979,W201,3.0
3265,W357,1.5
2509,W342,1.1
395,W314,1.6
279,W111,4.2
1423,W429,4.6
430,W498,2.6
1184,W3,2.3
2914,W115,4.5
27,W449,1.2
3080,W310,2.6
3585,W84,3.3
2272,W10,2.3
3280,W199,4.3
1002,W243,4.3
4547,W358,2.9
3523,W19,3.9
2851,W86,3.6
4176,W452,4.9
1381,W10,3.3
4029,W250,1.4
1160,W88,4.1
844,W55,1.0
3603,W150,4.1
2964,W353,1.9
3286,W204,2.3
2420,W232,3.7
882,W6,2.1
3999,W21,3.9
996,W311,1.6
1903,W142,3.5
2703,W223,4.9
4021,W169,3.7
4965,W433,1.1
4970,W260,4.6
1056,W300,4.3
2671,W45,4.7
361,W333,3.8
3124,W480,1.5
3932,W2,4.5
427,W484,3.8
2178,W401,3.6
1971,W486,1.0
2544,W480,1.4
4480,W346,3.9
4001,W157,1.8
2540,W351,1.6
3966,W479,2.6
2286,W206,3.0
100,W183,4.5
4943,W15,3.5
2599,W77,2.7
2737,W141,1.2
2223,W159,4.3
3602,W373,4.8
4580,W375,4.2
1941,W437,1.8
1852,W185,2.2
1404,W37,1.6
3947,W178,4.6
179,W440,4.0
1336,W216,2.4
842,W268,3.3
2569,W480,1.5
2585,W6,2.0
1853,W170,3.3
4342,W229,4.3
2850,W242,1.8
1241,W427,1.3
3491,W131,4.3
3016,W9,4.7
3172,W414,2.7
173,W410,1.6
4933,W142,4.6
3342,W34,2.2
2398,W94,4.8
1863,W130,1.2
1039,W355,1.9
88,W451,3.8
2517,W331,1.7
3956,W318,2.4
3428,W278,3.0
949,W341,3.7
4681,W165,3.2
3957,W364,3.4
374,W276,3.7
269,W272,3.7
1397,W137,2.8
3960,W307,2.1
3737,W378,3.6
3301,W326,2.0
465,W281,1.3
4135,W417,3.8
813,W121,3.7
3831,W56,4.3
4135,W274,1.4
3470,W58,4.5
663,W40,3.0
3300,W367,3.9
2204,W400,1.1
3109,W277,2.5
1336,W446,3.8
3274,W244,4.7
4630,W425,1.3
4716,W85,1.3
2498,W59,2.6
3190,W245,3.6
1957,W347,3.1
521,W288,2.4
4154,W180,2.0
1229,W455,3.7
2038,W452,3.4
905,W315,1.3
393,W78,2.5
3435,W280,4.6
3573,W2,4.8
3119,W47,4.1
1593,W278,2.2
3379,W430,4.4
631,W86,4.0
1831,W86,1.6
3339,W51,1.7
77,W150,4.6
816,W324,1.8
3958,W355,2.5
69,W85,3.3
4188,W392,1.4
957,W425,3.9
2325,W83,2.5
266,W286,2.8
2877,W22,4.6
859,W158,3.1
689,W289,2.9
4524,W320,3.0
677,W196,2.4
2590,W177,1.2
2552,W159,5.0
3068,W176,4.9
3331,W434,4.1
958,W496,2.6
4590,W480,2.6
2508,W148,3.5
4432,W240,1.2
7,W153,4.1
4057,W391,4.3
4195,W128,1.9
2071,W445,4.5
4167,W429,1.1
721,W152,4.7
957,W307,1.2
229,W248,1.1
4251,W268,2.2
1297,W438,4.6
4907,W305,4.5
343,W92,1.5
3146,W293,1.4
3935,W172,2.2
342,W269,1.3
2039,W2,4.0
2059,W207,1.3
336,W462,4.2
2413,W66,2.5
2228,W288,2.5
3415,W455,2.3
497,W324,2.4
818,W337,3.3
2392,W420,3.7
2442,W29,3.5
2585,W298,2.6
4092,W492,4.8
2169,W451,3.2
4627,W242,2.5
4025,W321,3.3
1275,W385,4.8
1420,W84,2.6
3023,W292,2.1
4441,W298,4.7
4574,W455,4.0
1630,W189,2.7
341,W303,1.6
414,W260,4.9
4469,W249,2.2
4106,W167,4.0
3522,W451,2.0
4672,W30,3.8
4085,W442,4.6
1718,W65,2.8
2902,W7,2.3
1876,W461,3.0
285,W235,5.0
892,W296,3.5
3414,W155,1.8
3958,W377,1.5
4773,W180,1.4
2174,W224,1.8
2320,W175,3.5
1023,W338,3.8
4726,W186,4.3
4281,W377,2.1
9,W493,2.3
1467,W410,4.7
4416,W314,3.4
3771,W350,3.3
3947,W188,1.1
3956,W436,3.3
1421,W262,3.5
2081,W105,2.2
4711,W472,4.5
1762,W116,3.9
3542,W490,1.1
4570,W175,2.4
1914,W181,3.8
2118,W440,4.6
3280,W333,1.7
693,W379,1.4
3903,W83,1.4
4802,W173,3.6
959,W96,3.8
4542,W207,4.5
2964,W399,2.7
1376,W53,2.0
28,W487,1.2
1850,W40,1.7
3703,W159,4.0
965,W156,1.6
630,W2,4.0
2508,W460,2.7
3485,W74,3.7
3821,W439,4.7
3340,W434,2.1
86,W463,3.2
2758,W491,3.6
4655,W228,4.7
2231,W143,2.4
4085,W194,2.4
2999,W184,1.9
4178,W474,2.3
3039,W491,3.5
300,W249,3.5
2290,W13,4.3
2703,W193,4.7
4538,W134,1.1
1264,W382,4.5
326,W372,2.2
4348,W418,1.1
1691,W170,3.2
402,W147,2.1
2509,W27,4.8
2696,W148,1.6
2871,W244,4.2
80,W309,4.5
1500,W420,1.1
3875,W176,4.7
3275,W498,3.6
2539,W439,3.7
661,W304,2.7
2459,W401,2.7
4329,W403,4.8
1268,W423,2.9
2829,W219,2.5
4943,W148,2.3
3327,W35,3.3
1834,W307,3.9
4731,W200,1.0
2094,W265,1.8
349,W365,1.1
1616,W471,3.8
3506,W55,1.2
1974,W42,3.5
2674,W428,4.0
2402,W212,4.2
81,W327,1.8
2766,W396,2.5
1512,W416,2.5
1721,W381,2.9
3451,W444,2.7
3340,W438,3.2
1432,W26,3.9
4159,W394,1.7
1363,W63,1.4
3989,W45,2.4
1189,W138,3.7
2083,W428,4.3
3001,W287,2.0
139,W341,2.9
2190,W205,3.8
2730,W337,4.9
2797,W264,2.2
2894,W137,4.8
1360,W475,2.3
45,W16,4.6
855,W369,1.2
3722,W384,4.9
87,W456,2.8
3657,W230,1.1
284,W488,4.1
235,W208,1.0
2051,W310,4.6
3895,W267,2.6
190,W433,3.1
904,W424,2.8
4519,W72,1.4
1641,W276,1.1
4699,W26,4.6
4668,W384,3.0
4924,W182,2.4
168,W61,1.4
1112,W325,1.5
2002,W244,2.8
3404,W261,4.7
3830,W69,4.9
2571,W170,2.5
4666,W190,4.8
4797,W133,1.8
279,W290,4.6
2417,W438,1.2
4788,W180,3.2
1399,W314,1.1
668,W289,2.1
2299,W255,4.4
2323,W352,1.6
3780,W220,4.6
1739,W284,2.1
2163,W70,2.6
3376,W162,2.4
2362,W282,4.0
4664,W345,1.1
2092,W341,4.7
4219,W42,3.3
3122,W388,1.8
2253,W385,2.0
200,W355,1.8
2482,W449,1.7
2064,W298,1.9
1944,W343,2.2
732,W357,3.4
326,W40,1.2
2774,W150,3.5
4451,W387,4.1
4863,W357,1.4
417,W272,4.7
1142,W25,1.2
1515,W48,4.9
3865,W458,4.2
3609,W378,3.2
3861,W356,4.8
4398,W422,2.8
2850,W304,1.1
275,W259,2.0
3358,W257,2.7
1578,W1,3.5
1680,W357,2.8
3482,W334,4.0
4737,W229,3.3
3400,W470,1.2
4018,W66,2.2
244,W493,2.3
3493,W278,2.8
4877,W22,4.8
4938,W237,3.2
1285,W89,1.0
3507,W199,3.4
183,W185,4.3
1596,W454,4.5
1241,W119,4.9
1431,W29,2.3
221,W478,4.8
4645,W273,4.7
4764,W126,1.4
976,W83,4.7
1583,W317,4.8
71,W315,4.1
2419,W137,3.5
215,W381,1.9
1465,W148,4.1
1144,W290,2.8
715,W55,3.3
913,W347,1.0
2417,W464,4.7
4577,W328,2.6
814,W484,3.3
224,W273,4.2
1415,W308,4.5
4404,W472,2.2
2581,W449,3.6
4018,W461,3.6
586,W98,3.4
2419,W99,2.0
2265,W260,2.2
3254,W27,2.8
1906,W89,2.2
1950,W337,4.0
3016,W41,2.8
1563,W163,1.2
1755,W236,1.2
3233,W231,3.1
160,W65,1.3
1192,W489,4.0
4979,W383,3.4
1150,W437,2.0
1803,W451,2.1
1758,W10,4.1
3619,W460,3.0
3288,W94,4.9
4367,W41,2.7
2047,W271,3.2
4950,W471,2.3
531,W94,1.2
4319,W49,1.6
2272,W144,4.3
1945,W221,3.6
959,W230,2.5
4926,W367,3.4
2278,W46,4.9
4518,W74,1.2
4416,W397,2.3
1862,W106,1.7
4202,W209,4.6
1982,W244,3.1
4327,W377,3.6
1062,W156,3.5
2661,W334,4.4
332,W99,3.7
3498,W471,1.4
670,W465,4.5
4387,W213,3.3
1288,W259,4.6
4264,W73,1.3
767,W398,3.2
2772,W425,4.6
1633,W447,1.4
473,W7,4.8
3769,W420,5.0
4441,W455,3.3
3148,W73,4.1
1007,W157,2.4
1422,W315,3.4
1472,W449,3.9
185,W11,5.0
4693,W117,3.1
2036,W341,2.8
2733,W231,2.5
4367,W290,2.4
1488,W19,3.8
3974,W400,1.3
1477,W47,1.5
3874,W265,3.1
128,W183,4.3
2121,W95,3.8
4260,W267,4.6
1485,W72,4.1
3799,W339,2.1
419,W198,4.0
2717,W387,4.3
791,W344,4.6
2185,W236,4.3
1408,W399,2.9
4605,W121,1.8
349,W101,2.2
1253,W240,3.8
3501,W210,1.8
1368,W350,3.2
3949,W347,2.6
3973,W298,2.0
810,W36,1.1
3494,W332,1.3
3944,W350,2.1
3243,W119,2.5
3091,W462,4.9
1067,W367,2.3
680,W210,2.0
3490,W164,3.0
1838,W83,2.3
3664,W447,3.8
3738,W174,1.2
2701,W299,1.2
1932,W374,4.6
4604,W391,3.0
1790,W17,3.7
98,W362,2.9
241,W444,4.9
439,W317,3.0
4060,W292,2.0
749,W41,4.5
4876,W331,2.0
232,W344,3.9
2951,W448,1.7
4164,W235,1.5
3473,W351,1.1
1937,W369,3.3
3604,W201,1.1
87,W216,4.2
2894,W468,1.6
1225,W62,3.5
3324,W71,1.4
306,W262,4.7
2703,W203,3.6
1816,W198,4.9
3713,W165,2.5
311,W59,2.0
2827,W113,2.4
1073,W385,3.5
2154,W141,2.0
3756,W500,4.7
4277,W77,4.3
4268,W263,4.7
1013,W479,4.3
1233,W77,5.0
1080,W273,4.3
1833,W342,4.0
3052,W460,2.8
1083,W282,2.1
4874,W420,1.9
588,W431,3.5
3820,W69,4.8
2326,W238,2.5
1162,W471,2.7
4027,W76,4.6
4423,W126,2.6
1334,W113,3.2
50,W337,3.9
1810,W219,2.6
1402,W302,1.7
1923,W277,3.7
1498,W409,4.7
1455,W408,2.4
1622,W462,1.0
3169,W380,1.9
4397,W44,3.9
2016,W76,4.2
4694,W31,4.6
3140,W319,4.1
2512,W345,4.8
4571,W138,2.4
4470,W55,3.3
3104,W181,3.0
3866,W325,4.6
2398,W467,1.3
1066,W413,4.5
2734,W166,3.9
131,W422,2.5
3019,W170,1.7
843,W12,4.6
2194,W319,4.5
846,W162,3.9
755,W144,2.5
1050,W494,2.8
3349,W273,3.6
2265,W209,4.7
3461,W217,4.5
3223,W405,3.7
2442,W489,4.5
3244,W141,2.2
1936,W139,2.0
1530,W198,3.2
2289,W239,4.7
1038,W339,3.1
4690,W375,1.7
1082,W17,3.0
3975,W335,1.7
3943,W238,4.7
2891,W158,3.8
47,W10,1.8
4107,W290,4.8
2643,W362,1.7
1700,W419,3.9
3682,W214,2.4
1334,W346,1.3
1058,W261,3.9
3143,W368,4.1
2795,W475,2.1
2954,W260,1.9
1578,W411,2.8
3550,W147,3.1
2195,W123,4.6
3275,W72,4.0
2501,W447,2.9
4041,W100,1.4
3868,W239,3.9
2835,W187,4.4
2051,W311,1.5
2749,W331,4.2
2748,W124,4.6
2543,W383,1.4
2169,W159,2.4
3566,W16,3.6
3813,W174,3.4
1023,W60,3.5
3929,W499,1.6
428,W327,2.2
476,W409,2.5
921,W124,3.7
1296,W428,3.3
1527,W321,1.0
4003,W87,4.5
1167,W454,2.6
169,W240,1.8
1961,W286,1.5
3142,W486,1.8
543,W463,3.7
4458,W97,2.0
1069,W50,1.6
4711,W237,3.8
1112,W492,3.7
134,W171,3.6
2749,W384,2.3
4780,W110,1.6
12,W497,1.6
2302,W289,3.1
4054,W344,2.4
2302,W62,3.9
980,W453,3.2
968,W297,3.0
499,W207,4.8
4324,W360,1.4
2883,W76,4.5
3069,W462,5.0
2130,W281,1.1
2237,W207,2.8
977,W31,1.6
4341,W205,4.7
2941,W125,2.3
1593,W96,4.4
31,W157,1.3
1790,W351,3.3
989,W226,3.8
1125,W60,4.6
3221,W246,2.7
4674,W313,1.4
4858,W138,4.1
3760,W313,4.2
1173,W21,3.0
1050,W431,1.9
3378,W199,4.0
62,W407,3.6
1724,W149,3.1
1770,W310,1.4
1329,W412,2.0
1461,W431,2.3
3997,W191,2.8
574,W181,2.5
3747,W144,3.9
3976,W376,2.8
3905,W420,3.1
4685,W21,2.7
4962,W473,2.2
58,W125,2.2
3370,W479,4.7
3218,W460,4.9
23,W136,2.3
2408,W401,4.9
3295,W227,2.7
4470,W134,3.2
3233,W499,1.9
4278,W342,2.6
4439,W15,3.1
1816,W387,1.1
4199,W329,3.1
3809,W110,5.0
291,W156,1.9
2020,W430,2.9
2103,W478,2.6
4043,W235,3.2
652,W447,2.6
1902,W113,1.9
2658,W412,4.1
370,W408,5.0
3234,W72,1.2
1350,W500,3.8
4586,W429,1.5
899,W360,4.7
4412,W350,3.1
3334,W68,2.1
4954,W386,1.6
1597,W436,1.8
4436,W462,1.4
4616,W120,3.2
2017,W189,2.2
2156,W162,4.1
1131,W148,2.3
4419,W440,2.3
2394,W393,4.5
2695,W155,3.1
2070,W362,2.5
4676,W470,4.2
4640,W111,3.7
3769,W41,1.6
61,W378,2.7
3967,W302,4.6
2750,W280,2.0
1299,W177,2.2
4350,W71,1.2
1074,W282,2.4
2691,W97,1.9
135,W267,2.1
3379,W489,3.2
719,W483,3.9
4938,W364,1.7
672,W207,2.9
2731,W184,1.1
2587,W401,3.5
2858,W108,2.2
2516,W7,2.3
3375,W385,3.1
59,W285,3.2
434,W385,3.5
4853,W419,1.1
3669,W140,1.7
1202,W141,3.8
4427,W43,4.4
2368,W114,2.4
2749,W285,3.8
4785,W174,1.3
511,W167,2.8
28,W467,1.0
4077,W185,2.6
3010,W485,1.6
2233,W421,3.3
3840,W490,4.1
2200,W238,3.5
3562,W441,3.7
444,W83,3.9
3258,W21,3.5
1447,W290,2.2
1683,W124,2.7
3946,W169,3.1
2098,W32,4.5
1180,W122,1.3
4677,W33,2.7
1795,W158,3.2
207,W66,4.9
2636,W309,4.1
623,W373,3.3
3937,W8,4.9
3929,W437,3.8
1711,W217,1.6
3544,W482,3.0
2984,W246,4.1
523,W138,4.2
4653,W380,1.2
2555,W363,4.2
4903,W341,4.5
4012,W148,2.6
4223,W192,2.8
1835,W422,2.8
4596,W87,4.5
453,W499,3.1
2213,W473,2.3
4077,W200,1.9
257,W458,4.3
4042,W167,4.0
1277,W468,3.7
3487,W239,3.2
1514,W427,1.6
1247,W287,3.7
1184,W110,1.3
3084,W86,4.5
1419,W201,4.8
3951,W416,4.4
4801,W286,1.1
198,W134,4.4
2244,W116,1.6
129,W223,1.6
345,W448,3.4
2272,W122,2.8
191,W324,4.6
733,W388,4.5
1116,W16,2.3
4658,W193,2.2
648,W376,2.8
4857,W251,1.3
3798,W282,3.7
1567,W9,3.9
3188,W54,1.7
1112,W31,4.2
2281,W296,1.6
2262,W436,3.0
3737,W473,3.9
4446,W42,4.5
3110,W377,1.6
4225,W437,4.1
758,W37,1.2
1505,W285,4.9
2198,W484,4.2
1729,W344,4.5
384,W249,2.2
3677,W24,4.5
3489,W317,1.9
4447,W149,2.0
4629,W478,1.6
2088,W4,1.4
2778,W120,2.7
1100,W68,5.0
3536,W24,4.2
1090,W153,2.5
817,W406,1.4
2537,W307,2.3
4553,W176,1.1
4187,W67,4.8
2898,W413,2.4
1240,W196,1.2
4123,W136,3.2
4263,W205,2.5
4186,W465,2.3
1657,W159,4.6
1812,W424,3.2
3771,W274,4.4
2384,W451,4.6
4027,W180,2.1
2607,W132,1.7
1097,W268,3.4
3515,W165,1.4
3205,W344,3.8
4671,W8,1.5
3663,W94,4.9
2435,W284,4.5
503,W455,1.2
4132,W84,2.7
3372,W10,3.9
4861,W69,1.2
3734,W423,3.8
4941,W131,2.6
4037,W30,2.0
3524,W308,1.5
3383,W23,2.3
1068,W272,2.9
3033,W220,1.4
1931,W52,1.5
277,W373,4.1
1763,W243,3.0
1355,W490,2.9
1576,W180,1.6
678,W436,2.6
1807,W170,3.5
2829,W190,4.1
1643,W170,4.1
2159,W182,2.5
4255,W340,3.4
771,W278,2.5
1095,W41,3.8
4060,W18,1.8
3071,W47,4.6
2335,W48,2.4
1253,W230,3.2
4343,W190,3.4
1782,W28,1.4
3388,W346,4.2
4541,W148,1.2
3512,W93,1.5
3915,W437,3.2
3062,W236,2.0
2580,W250,4.0
2952,W385,1.7
1820,W353,3.6
2533,W25,1.8
2759,W259,3.1
2466,W425,4.9
3012,W221,4.5
1951,W340,2.0
11,W367,2.6
1434,W71,1.0
1185,W153,4.7
2172,W494,1.8
283,W495,1.2
646,W91,4.6
236,W273,3.0
2406,W315,3.5
4391,W425,2.8
2369,W298,3.6
4991,W106,2.7
1406,W263,2.0
4204,W355,4.7
672,W403,3.0
4999,W158,3.3
1621,W331,2.5
141,W413,2.9
1674,W40,1.1
3046,W326,2.0
1009,W169,2.5
1868,W486,4.2
1231,W6,4.2
4419,W372,3.5
1283,W417,2.8
4825,W176,4.5
4051,W437,3.6
3221,W143,1.5
1997,W458,2.3
4162,W230,3.1
4603,W130,1.3
3710,W499,2.3
4152,W430,4.9
1496,W80,2.1
1993,W347,4.8
2074,W362,3.5
2010,W69,3.5
1379,W71,1.6
4492,W235,4.9
4056,W335,3.1
1282,W380,2.8
2163,W61,2.3
2282,W258,3.3
1947,W331,1.4
3615,W82,4.7
1480,W154,1.2
827,W218,3.7
4325,W462,2.9
4989,W252,2.8
1841,W484,1.7
1898,W130,1.2
3689,W1,2.1
51,W330,1.1
4653,W83,2.9
3189,W196,4.1
1583,W277,3.3
3652,W245,1.6
1955,W126,1.6
3032,W244,2.2
1429,W216,4.0
1161,W57,1.9
3099,W364,3.6
1121,W22,2.6
3926,W186,4.3
740,W33,4.1
2527,W383,2.5
968,W323,2.2
3749,W114,3.5
3238,W44,1.8
550,W443,2.9
4576,W216,3.0
1037,W498,3.4
4659,W153,1.4
4094,W38,4.8
635,W322,4.8
1405,W323,1.9
539,W110,1.1
1474,W27,1.4
1114,W292,1.6
672,W384,4.3
1766,W229,1.7
1437,W486,3.2
4835,W171,2.4
1826,W334,2.0
1208,W116,1.0
3505,W89,3.3
35,W450,4.9
1854,W33,2.6
472,W199,4.3
2201,W123,4.7
4850,W58,3.2
4340,W420,4.2
1142,W418,3.3
234,W413,2.8
1703,W343,1.2
4309,W211,3.9
3375,W408,2.5
385,W68,4.0
68,W437,2.1
4156,W278,3.3
277,W498,2.1
2217,W128,1.5
602,W473,3.7
898,W66,4.8
3135,W436,4.7
892,W448,1.4
1584,W454,3.8
3610,W99,2.7
4445,W414,2.7
398,W20,2.8
4923,W272,3.1
1300,W464,3.1
1472,W285,3.8
167,W377,2.1
2576,W102,2.1
2423,W11,5.0
2296,W23,3.0
1090,W237,2.8
4245,W195,3.8
2680,W407,2.1
742,W390,1.4
3025,W51,4.4
916,W159,4.1
1385,W318,2.0
4564,W369,4.2
4057,W28,4.3
2855,W464,3.5
525,W289,2.4
3025,W323,1.8
853,W411,1.0
2508,W126,1.4
1291,W322,3.1
2617,W124,4.3
4001,W321,4.2
1701,W202,2.8
897,W500,1.5
1684,W426,1.9
4887,W445,1.9
1224,W389,1.6
3649,W149,2.9
4364,W334,3.3
3264,W75,2.3
2437,W211,3.6
3427,W457,3.4
663,W270,3.1
1578,W399,2.4
1774,W175,4.7
492,W285,3.9
3779,W202,1.5
688,W86,3.2
3070,W467,4.9
2360,W405,1.2
4622,W58,2.6
290,W183,3.7
2730,W154,4.5
313,W161,4.0
3919,W299,1.0
3810,W3,4.1
833,W428,2.7
1107,W180,4.5
3893,W392,1.1
4030,W125,1.6
4479,W63,4.1
101,W130,1.8
1669,W45,3.6
4591,W256,1.4
2870,W187,4.9
3305,W444,2.3
1607,W335,1.7
3614,W397,3.7
3358,W169,4.6
2861,W102,2.6
1427,W18,3.4
4598,W464,2.4
1832,W372,3.2
1151,W64,4.3
3572,W229,2.1
68,W56,2.7
4362,W268,3.6
4108,W178,1.6
3710,W223,4.6
314,W383,1.4
150,W393,3.1
2585,W90,2.1
4279,W33,1.2
510,W133,4.1
546,W252,3.5
1688,W312,1.2
1928,W203,3.9
1079,W151,1.1
1137,W120,4.8
3800,W100,4.4
3703,W416,1.4
2743,W155,4.2
75,W118,2.4
4699,W321,4.6
3613,W148,4.6
2972,W464,2.0
4432,W334,4.3
816,W144,2.5
402,W263,1.3
1336,W404,4.6
210,W214,2.4
66,W268,3.1
1312,W340,3.7
241,W84,1.1
2949,W426,1.3
1713,W361,3.5
3166,W491,2.0
208,W379,3.2
2646,W234,1.9
200,W110,4.3
1987,W453,4.2
358,W426,3.4
4056,W158,1.3
4650,W167,1.9
1634,W8,3.4
2501,W128,3.0
2700,W281,4.9
3750,W248,4.3
1590,W106,3.2
2834,W238,3.6
856,W10,3.8
4366,W461,3.6
2543,W266,4.0
1710,W311,2.9
2529,W487,2.0
3947,W343,2.2
4740,W491,3.5
2491,W292,4.5
832,W80,4.4
4531,W133,4.4
78,W456,3.3
2278,W242,3.7
108,W490,1.0
4820,W307,3.5
4849,W243,2.7
2225,W332,4.1
3828,W32,4.0
395,W334,2.6
593,W158,3.4
4187,W242,3.6
4616,W278,3.6
2765,W354,3.2
84,W93,3.5
4066,W497,3.9
2914,W127,1.6
870,W323,4.4
507,W76,1.7
3586,W450,1.8
2088,W187,5.0
3891,W300,2.6
1384,W104,2.0
3613,W386,4.5
4089,W335,4.1
1615,W308,3.8
3476,W148,4.4
1943,W342,3.4
1003,W296,2.5
3495,W238,3.4
3287,W284,2.1
1349,W203,1.6
4859,W49,4.6
3260,W471,2.3
111,W377,2.6
4531,W434,3.1
1995,W252,1.0
959,W181,3.6
4609,W450,3.9
718,W86,4.9
1934,W144,1.8
3980,W394,2.5
4623,W454,2.9
1205,W120,2.3
3688,W485,2.1
2059,W476,1.6
4551,W317,4.8
3393,W6,2.9
2871,W278,2.0
4546,W308,4.3
1600,W410,2.2
2975,W413,1.8
3871,W334,3.3
4563,W76,3.0
593,W112,1.2
4780,W382,2.1
2001,W151,2.0
1976,W111,1.9
4254,W281,1.9
2135,W84,2.5
4600,W112,2.4
4461,W124,3.0
3620,W124,3.6
1627,W264,3.8
2905,W58,2.5
4409,W119,2.5
152,W443,1.5
3205,W90,1.5
2904,W324,1.7
476,W183,2.0
3465,W405,2.7
1375,W80,1.4
4873,W168,2.0
1095,W456,2.6
2219,W198,4.2
1349,W475,3.8
270,W245,4.8
760,W24,1.7
371,W113,1.2
2151,W18,4.0
3928,W114,1.4
3780,W173,3.4
3061,W225,4.0
2073,W379,4.9
1858,W309,4.5
3232,W262,1.3
215,W452,2.3
2405,W275,2.1
4770,W337,2.1
3111,W310,2.0
3667,W340,1.8
192,W81,1.5
3783,W368,4.1
3679,W457,2.3
331,W68,4.6
1680,W292,4.8
2508,W12,2.5
594,W61,1.2
2740,W407,3.3
4450,W47,1.5
4382,W47,1.7
3014,W235,4.7
3430,W55,3.2
1889,W365,4.2
3778,W299,2.9
4852,W118,1.8
2139,W31,1.6
1823,W182,4.6
2627,W319,2.8
4409,W341,2.2
3133,W413,4.3
2667,W486,3.9
3646,W88,3.1
3141,W14,3.5
3635,W486,4.3
1748,W456,4.1
1687,W240,1.4
509,W403,2.3
3806,W61,3.6
331,W490,3.2
4860,W376,3.6
292,W252,4.0
4769,W402,1.1
4580,W435,4.0
2950,W428,1.2
770,W386,3.6
3400,W250,2.2
1933,W410,2.9
3887,W378,4.1
4249,W147,2.7
4459,W115,4.6
288,W450,4.3
2418,W280,3.0
3305,W126,1.6
2229,W212,2.5
3855,W497,4.1
213,W54,5.0
2290,W271,2.4
794,W284,4.6
2627,W39,3.2
4645,W498,4.4
1834,W279,3.9
3681,W396,3.2
4176,W482,4.3
4325,W29,3.9
406,W351,1.2
3940,W458,3.8
1359,W278,1.0
2170,W344,3.0
3475,W413,4.5
3560,W227,1.8
3854,W65,1.6
2097,W434,3.9
2985,W125,4.4
3690,W315,4.2
4076,W315,2.6
4270,W254,3.4
2911,W407,4.5
1637,W270,4.0
4117,W484,1.6
3493,W425,1.9
138,W71,2.7
2099,W131,2.4
4337,W358,2.4
2749,W424,2.7
1029,W455,4.3
4274,W40,1.3
3542,W457,1.9
557,W417,3.2
2761,W49,2.3
810,W358,3.8
2698,W182,4.3
233,W127,2.2
2594,W148,1.7
206,W85,4.3
4241,W185,3.3
2617,W425,1.8
2360,W108,3.2
4796,W454,1.1
4822,W38,3.4
871,W181,3.7
4083,W7,2.4
3265,W141,4.2
966,W402,4.9
1999,W342,4.6
3646,W309,3.0
4350,W190,2.8
3289,W376,4.8
2566,W366,1.2
1352,W395,4.8
710,W497,2.1
4314,W239,1.5
1017,W172,3.5
4758,W380,4.4
4188,W197,3.3
1592,W56,4.0
2362,W391,1.4
104,W337,3.6
3620,W488,3.7
3479,W186,2.3
2535,W1,4.0
1615,W362,1.6
4780,W186,3.2
710,W497,4.4
3971,W148,3.4
1021,W302,2.2
153,W139,4.6
774,W464,4.9
3296,W262,4.0
1139,W427,2.5
4,W210,1.4
4294,W72,3.9
1018,W62,1.5
4290,W312,3.5
2688,W2,1.4
2708,W289,3.6
2530,W186,1.3
2664,W72,1.8
3154,W202,3.5
1927,W304,3.5
3861,W246,2.8
2874,W238,3.6
142,W388,3.3
1852,W54,2.9
2844,W28,4.6
2360,W310,1.2
3569,W478,2.6
687,W371,1.3
1478,W239,1.7
715,W416,4.7
3429,W456,2.2
3365,W180,3.1
1901,W294,4.8
402,W270,2.4
449,W306,2.8
4490,W414,3.4
98,W34,1.3
2493,W166,4.6
2594,W12,4.8
4932,W40,3.7
4607,W200,1.5
1145,W104,1.4
4424,W62,4.3
1192,W361,1.8
317,W407,4.6
2104,W442,4.8
2704,W155,4.4
3717,W492,3.8
4940,W463,2.9
4945,W170,1.3
2029,W233,4.3
4436,W141,1.2
2457,W143,1.5
1113,W139,4.1
835,W233,1.7
4231,W171,4.7
2702,W458,1.0
179,W270,1.4
672,W75,3.4
2960,W464,4.5
270,W245,1.3
1882,W192,3.2
3625,W394,5.0
883,W375,1.7
4799,W31,2.4
1505,W212,2.8
2126,W126,2.8
2382,W465,2.2
1512,W289,2.5
838,W147,3.4
873,W8,1.7
2984,W439,4.3
4704,W318,2.4
3188,W436,3.8
864,W355,1.5
4120,W246,4.0
4704,W243,1.6
4959,W493,3.0
4743,W69,2.6
4298,W338,4.7
1838,W294,2.5
3365,W365,2.4
1981,W378,1.9
377,W330,1.7
4304,W73,3.6
2289,W122,4.8
3637,W475,2.3
4837,W24,1.1
4620,W418,3.8
1047,W54,3.1
3733,W358,4.0
4230,W304,4.1
2294,W334,4.2
3818,W141,2.5
3950,W460,1.5
3097,W61,2.5
2399,W143,1.6
3842,W179,2.1
698,W435,1.8
144,W418,1.4
4187,W123,3.0
2960,W271,3.9
2687,W46,2.2
4748,W249,2.1
2057,W203,3.2
4277,W231,4.9
2063,W220,4.2
4857,W378,4.3
715,W466,3.2
3235,W272,1.6
1740,W314,4.4
641,W45,3.9
1438,W299,1.0
4454,W175,1.6
4050,W445,1.3
2234,W270,3.0
3116,W52,2.2
3220,W358,2.1
1260,W147,4.4
4618,W216,2.9
2799,W183,1.7
4177,W105,1.3
1883,W498,2.9
4513,W406,1.2
2886,W371,3.1
3445,W474,2.4
1450,W60,2.7
843,W131,2.0
601,W487,1.5
975,W305,4.3
2697,W304,1.7
4527,W73,4.3
3187,W214,2.6
4208,W412,3.0
2096,W188,4.1
1797,W331,1.3
3550,W252,1.4
154,W433,4.0
213,W422,3.2
1316,W44,2.8
4812,W294,4.6
171,W67,3.2
1850,W14,3.8
931,W471,3.9
1133,W47,1.7
164,W487,2.1
3088,W104,2.1
316,W458,2.8
3420,W435,1.5
4670,W378,3.6
195,W414,3.1
2059,W116,3.9
95,W92,1.2
1308,W411,3.2
3595,W160,1.6
1477,W293,1.6
2677,W463,3.4
4829,W256,2.6
1825,W420,4.6
4741,W469,4.6
1524,W265,2.2
3455,W73,4.5
553,W46,4.6
3955,W62,4.1
1245,W92,2.9
1001,W308,4.3
1087,W84,2.9
3083,W99,1.7
419,W100,3.7
3253,W398,2.8
2385,W3,1.4
3093,W329,2.3
2128,W257,2.3
1323,W304,4.2
1289,W388,4.8
2613,W280,3.0
11,W15,2.0
1673,W54,3.2
340,W198,2.3
3242,W207,1.7
144,W249,2.5
4687,W432,2.9
2247,W407,4.1
1196,W487,3.7
1324,W43,2.6
3953,W131,2.5
3074,W266,1.3
2835,W276,4.3
2635,W343,1.9
4532,W115,2.4
1690,W368,1.3
2472,W136,1.7
1230,W330,2.0
4311,W139,3.2
1393,W418,2.2
4142,W480,1.6
2351,W322,2.0
739,W59,2.9
3911,W462,3.2
3369,W292,1.3
678,W248,1.2
4491,W182,3.4
1830,W343,2.9
3978,W127,2.6
3551,W426,2.8
3669,W324,3.0
3736,W120,2.9
4447,W382,2.3
3947,W425,4.2
895,W154,4.7
653,W19,4.5
4125,W351,1.3
1437,W200,1.1
4628,W82,3.1
985,W403,2.9
4844,W353,2.2
4867,W396,1.9
3544,W323,2.6
3355,W174,2.9
2735,W174,3.1
2265,W215,3.2
1496,W46,3.6
149,W205,3.9
3036,W393,4.5
4054,W295,2.3
706,W296,1.2
3370,W211,3.2
2874,W340,1.1
630,W400,4.9
643,W297,4.8
3493,W56,2.9
4190,W61,1.2
991,W473,2.5
3156,W492,3.2
741,W476,1.6
4117,W171,4.9
258,W378,2.7
1343,W255,1.9
1627,W393,3.9
2085,W385,2.8
3206,W471,3.3
2411,W430,2.6
3647,W421,1.4
2705,W276,4.0
2260,W225,2.6
3391,W462,2.7
4280,W471,2.7
3427,W5,2.1
4718,W373,2.6
1968,W364,2.9
4543,W421,4.0
4277,W173,3.5
658,W451,1.9
590,W240,4.1
3347,W154,1.0
1053,W59,1.6
3732,W213,1.2
172,W268,4.6
2020,W135,5.0
1310,W115,3.2
3706,W407,4.3
710,W28,1.3
3337,W6,2.5
1388,W293,2.3
1644,W70,5.0
438,W41,4.8
2847,W43,2.7
915,W340,2.5
1713,W2,2.6
2600,W411,4.3
3522,W170,2.3
2409,W303,4.5
3729,W269,3.4
3669,W73,1.1
3623,W262,2.8
505,W186,3.5
4258,W386,4.2
3498,W370,4.6
1477,W436,2.2
2817,W472,3.9
4385,W89,4.3
2938,W144,3.6
2239,W156,2.9
263,W311,5.0
4186,W207,3.9
488,W336,4.6
1244,W40,3.0
1698,W485,1.1
556,W166,4.7
4398,W19,4.1
2286,W3,4.2
738,W65,2.3
401,W222,1.6
189,W245,4.5
4049,W490,3.2
243,W22,1.3
1159,W233,3.1
1780,W469,1.2
2306,W264,3.3
399,W168,3.0
4785,W419,1.5
4631,W63,2.9
4649,W141,3.2
4779,W16,1.5
291,W133,4.1
1937,W134,3.0
282,W135,4.9
2148,W247,5.0
2974,W16,4.5
2287,W340,3.1
1002,W353,3.5
1263,W177,1.1
1290,W276,4.2
56,W485,1.6
1310,W239,4.5
1784,W92,4.7
4552,W411,4.7
3843,W417,1.2
4308,W464,2.3
2072,W70,4.5
4705,W33,3.9
778,W278,3.8
3135,W255,2.5
503,W386,4.5
2311,W500,3.5
100,W291,3.4
68,W268,4.7
615,W19,2.0
4275,W31,4.7
4529,W217,1.4
2392,W156,4.2
4678,W54,1.1
3212,W189,1.4
2453,W164,4.7
2946,W321,4.7
3557,W169,3.7
1650,W9,2.5
3316,W343,3.2
4276,W111,3.7
2497,W388,3.3
3851,W258,4.8
3168,W33,2.9
3429,W364,4.0
3975,W452,3.0
3915,W101,4.3
3216,W145,4.7
2216,W229,3.0
4894,W170,4.9
4581,W476,2.5
3987,W420,3.7
4109,W118,3.6
3308,W308,1.7
1043,W22,3.8
4361,W115,2.8
357,W455,2.2
1216,W308,2.9
3601,W350,4.7
263,W431,1.9
3989,W263,4.3
4134,W91,1.3
4226,W455,3.8
1430,W467,4.1
3092,W55,2.9
4499,W43,3.0
2298,W270,4.7
163,W237,3.2
601,W460,2.4
1055,W351,2.5
762,W471,4.0
4984,W463,1.8
4131,W18,2.5
574,W397,3.5
856,W17,2.2
758,W406,1.1
2425,W436,2.0
36,W81,1.3
1605,W140,2.8
3320,W351,2.7
2767,W365,3.4
313,W56,2.3
32,W184,2.3
352,W334,4.5
996,W484,1.6
3274,W365,1.1
2697,W63,3.4
4912,W11,1.7
4774,W207,4.9
2758,W349,1.2
3520,W67,1.9
3532,W473,2.3
3212,W70,1.7
3214,W56,2.8
1670,W41,1.8
1873,W441,4.2
426,W448,2.3
1050,W328,1.9
63,W329,2.0
3996,W132,3.1
2182,W399,3.7
4594,W333,3.9
2813,W457,3.8
4795,W139,4.6
4865,W447,1.2
4761,W416,3.7
3891,W6,3.1
617,W66,3.4
642,W315,1.2
1829,W257,3.9
109,W263,2.7
1319,W447,3.0
4506,W308,1.3
3249,W456,1.8
2897,W167,3.8
3912,W135,4.7
4608,W18,3.6
1182,W14,1.7
1655,W413,4.3
617,W179,4.4
1193,W236,5.0
4675,W197,1.0
3094,W64,1.8
634,W242,3.6
4239,W222,2.4
3783,W187,2.1
996,W420,1.2
3642,W134,1.5
19,W36,3.2
3842,W397,4.8
3410,W368,3.5
1241,W199,1.0
246,W7,2.6
3232,W167,3.9
677,W66,3.5
2878,W206,1.1
3814,W85,4.2
4143,W18,1.2
4090,W408,4.7
2624,W485,2.4
1605,W132,1.6
4553,W65,2.8
1928,W438,2.5
1831,W125,2.2
2144,W376,1.1
4325,W62,3.2
651,W259,1.5
1231,W368,1.1
1741,W312,4.1
2535,W220,3.2
3010,W327,5.0
1771,W94,1.4
2490,W397,4.8
993,W175,3.5
155,W249,3.9
971,W159,3.6
4063,W499,2.4
2146,W392,1.1
2039,W15,2.2
3608,W254,4.5
10,W450,3.6
4139,W268,4.2
4004,W198,2.1
1266,W485,4.0
3547,W32,2.7
4038,W65,1.4
1371,W487,2.1
530,W316,1.4
3737,W359,4.8
1702,W79,4.4
434,W371,3.1
4342,W347,2.3
4584,W303,3.3
2161,W481,4.6
3822,W123,4.0
991,W184,3.6
4888,W152,4.2
4775,W408,3.2
1134,W428,4.7
4097,W206,3.2
1634,W5,4.4
2460,W137,1.2
4810,W41,1.2
1312,W106,1.0
1323,W277,1.6
1845,W43,1.7
4322,W56,4.1
3649,W200,4.4
987,W380,4.6
4011,W126,1.4
4736,W153,2.3
130,W201,1.1
3945,W352,2.5
3674,W236,1.4
1639,W372,2.6
2128,W336,3.1
2921,W202,4.0
2855,W296,3.3
3420,W244,3.1
4511,W284,3.5
4863,W225,4.6
4929,W494,3.9
2873,W154,3.8
4735,W225,3.6
3499,W23,4.6
1081,W105,3.8
3637,W68,5.0
4293,W129,4.4
3925,W421,2.1
3265,W87,1.0
4049,W236,4.9
1341,W166,1.5
4999,W459,2.1
2694,W80,2.7
4968,W253,2.3
805,W236,1.7
302,W13,2.1
1731,W137,4.9
164,W223,4.6
1481,W381,4.3
3254,W422,1.5
4661,W243,3.9
1659,W408,5.0
3845,W437,4.9
2689,W499,3.6
530,W158,3.0
2790,W122,2.1
813,W363,3.0
1151,W133,2.0
2813,W189,1.5
928,W406,2.8
1678,W139,3.9
369,W46,4.9
1120,W285,3.8
2411,W9,4.3
1114,W118,2.3
922,W449,3.9
3354,W142,4.7
3563,W128,2.0
4949,W324,3.0
837,W480,1.1
2105,W95,4.1
2847,W71,1.3
4208,W413,3.2
3178,W487,2.8
1885,W370,4.5
3479,W493,4.2
790,W246,4.5
3473,W333,2.9
3923,W363,1.8
2591,W417,3.6
3651,W205,1.8
1797,W487,4.6
4611,W52,3.4
3941,W10,4.4
4677,W465,4.7
2081,W283,1.6
4512,W68,4.0
2835,W192,2.6
199,W459,2.2
4452,W243,3.5
1525,W370,3.0
1905,W404,3.5
910,W422,4.5
2147,W367,2.5
958,W475,2.4
3490,W159,3.7
3279,W422,2.3
2726,W465,4.1
2557,W404,1.1
1497,W394,3.1
2143,W289,1.6
730,W447,2.0
4776,W166,2.5
2376,W250,4.0
3915,W209,3.9
1972,W49,2.7
4293,W164,3.0
3324,W443,2.5
4002,W53,2.7
3123,W152,4.4
2339,W103,1.7
2765,W172,1.9
3369,W426,2.7
1894,W452,3.9
4844,W230,1.5
2726,W68,4.2
4158,W20,2.2
635,W30,4.6
3857,W97,3.6
3467,W25,2.3
2137,W15,3.5
4374,W286,1.3
3301,W299,4.4
3151,W263,4.7
3528,W225,3.9
1335,W299,2.6
4730,W216,4.1
3096,W476,3.9
2649,W266,1.3
3790,W24,3.3
1211,W353,2.6
2160,W9,1.5
1526,W449,3.7
3323,W19,3.5
1359,W265,1.9
4662,W315,3.9
1020,W159,2.9
3282,W175,2.4
3410,W142,4.1
2868,W111,3.3
2210,W20,3.4
4392,W307,3.2
4351,W13,2.9
4621,W438,2.3
846,W499,1.5
2372,W356,2.2
859,W165,4.1
2162,W62,2.7
3737,W78,4.3
4878,W456,1.8
2129,W14,4.6
4313,W39,1.7
4789,W454,4.2
1239,W23,1.1
1767,W337,3.3
629,W422,3.8
4008,W112,3.6
4241,W247,3.7
2535,W479,1.8
4020,W36,1.8
4811,W355,3.2
1162,W200,4.2
668,W101,1.6
2511,W6,1.2
204,W214,1.7
2637,W450,2.3
3436,W392,4.2
3614,W205,1.9
4916,W131,2.8
1115,W369,3.9
4190,W359,1.2
3660,W195,3.7
2007,W396,4.1
4336,W160,3.5
555,W455,1.1
1279,W398,3.4
4851,W1,1.2
4621,W152,1.1
3154,W292,2.0
2709,W311,4.2
1398,W491,4.4
2624,W380,3.0
164,W348,1.1
4295,W475,3.2
101,W62,2.9
2804,W20,4.6
3778,W473,3.3
4007,W434,1.2
1614,W219,1.4
4471,W300,4.6
3789,W307,1.7
3696,W312,3.0
2074,W496,3.5
3592,W112,1.5
1049,W151,4.6
4210,W299,2.9
584,W156,2.3
18,W269,4.0
3447,W134,1.8
4578,W431,1.1
1445,W343,2.5
1719,W80,2.4
1496,W356,1.2
162,W429,4.5
1677,W238,2.3
4467,W79,4.9
143,W254,3.2
2267,W145,1.8
3306,W239,2.8
1565,W196,1.1
3799,W292,3.3
9,W351,2.9
2220,W137,1.2
1188,W122,3.6
682,W89,1.4
3867,W191,4.3
859,W411,4.3
3384,W292,4.4
585,W310,3.6
3155,W317,2.4
2343,W263,1.4
486,W234,3.0
3000,W186,2.3
3066,W212,3.3
1668,W90,3.7
4268,W21,1.3
3279,W293,1.2
4100,W33,3.7
3239,W89,1.2
2251,W229,1.7
4716,W74,3.8
4014,W251,1.6
1757,W93,2.3
645,W110,3.2
459,W179,4.4
4729,W38,1.9
6,W478,3.1
368,W148,1.4
2277,W498,2.9
2651,W398,4.3
1662,W22,2.6
3302,W434,3.1
1047,W301,2.9
1849,W139,2.1
875,W119,1.7
3435,W452,4.0
1867,W109,1.7
3192,W296,3.9
2527,W355,1.1
4145,W241,3.7
1280,W79,4.7
2410,W494,4.2
1228,W147,4.2
3299,W59,3.3
931,W466,2.1
2465,W420,4.2
2743,W223,4.6
2006,W25,3.8
4163,W20,4.4
710,W389,4.5
886,W429,2.8
4641,W68,3.8
4666,W119,1.9
4955,W103,4.5
3589,W159,1.5
4192,W106,1.9
4561,W232,2.5
4343,W189,2.8
3615,W207,2.4
4875,W21,5.0
2860,W119,4.3
3444,W15,3.4
3581,W487,4.6
1024,W232,2.7
4816,W48,2.4
3633,W438,3.5
4578,W372,4.9
2032,W474,3.5
1417,W278,2.6
4206,W274,4.3
746,W432,4.1
4238,W88,2.0
4834,W87,4.3
1722,W15,4.4
1076,W129,3.8
4744,W16,5.0
1695,W249,4.3
3425,W198,2.6
1262,W270,2.7
4170,W250,4.1
372,W305,4.5
4831,W1,2.6
4733,W471,2.4
3388,W395,4.2
4629,W107,4.6
2295,W27,3.0
751,W299,4.3
3264,W139,3.0
2550,W230,4.8
2457,W206,4.1
928,W436,3.6
1778,W298,2.1
4061,W204,2.5
1834,W101,4.1
870,W96,4.6
1708,W135,2.6
4583,W225,1.9
652,W12,4.0
3982,W493,3.2
2365,W91,3.3
1824,W237,3.4
2451,W461,2.0
826,W494,3.4
2779,W338,4.0
1848,W360,4.2
2220,W350,1.2
2701,W269,3.5
1254,W376,2.8
468,W249,1.1
4809,W319,2.4
1166,W230,1.1
3101,W226,3.1
1029,W249,3.8
1927,W204,4.8
1083,W91,3.1
4236,W179,2.3
2803,W202,2.5
3670,W8,2.4
1031,W207,3.2
3486,W191,4.2
750,W397,1.8
2048,W500,4.8
2287,W2,2.7
1934,W163,2.6
4661,W50,2.4
1338,W486,3.6
109,W85,2.1
434,W238,1.7
4438,W180,3.6
715,W145,1.4
3445,W364,1.9
4873,W323,2.6
3540,W309,4.8
2738,W297,3.3
71,W296,3.9
4178,W34,4.6
60,W258,1.6
380,W256,1.3
914,W269,1.3
98,W479,1.1
3772,W42,4.3
203,W39,2.3
4236,W132,1.4
1589,W377,3.3
408,W16,2.1
4852,W454,4.3
447,W78,2.5
3422,W234,3.8
3939,W10,1.8
2175,W296,4.8
2729,W37,4.3
954,W493,4.5
1399,W316,2.8
142,W50,2.2
936,W32,1.2
3627,W447,1.5
4723,W6,2.3
1778,W11,2.7
4128,W417,4.9
758,W298,1.5
4822,W225,1.8
1834,W256,3.8
1363,W98,2.6
4625,W454,3.9
826,W214,3.6
709,W290,4.6
4104,W51,3.3
3998,W339,2.3
4486,W198,3.6
3428,W434,3.0
4054,W257,4.5
1148,W38,3.2
1872,W257,3.5
114,W463,3.1
3191,W436,4.3
3553,W350,3.2
3108,W51,1.7
4117,W364,2.7
2918,W393,4.8
3775,W368,4.0
4472,W410,1.4
1552,W161,3.9
863,W401,1.8
2223,W160,4.7
1390,W435,3.6
3770,W228,3.5
3414,W139,4.6
584,W210,2.4
4480,W309,4.1
1017,W294,3.1
4093,W10,1.3
102,W138,2.4
3209,W146,4.6
269,W31,1.2
1780,W130,2.1
4354,W444,4.8
3950,W19,3.0
4833,W257,1.2
4060,W405,4.2
1471,W351,3.7
3829,W404,3.6
1810,W340,1.7
1288,W82,4.8
4197,W224,2.2
3397,W35,4.2
602,W449,5.0
3840,W385,1.5
728,W378,2.4
1436,W68,3.9
1239,W242,2.1
247,W224,4.1
1629,W273,3.4
2397,W16,2.0
514,W302,2.7
573,W468,3.0
1170,W400,2.4
3786,W76,4.1
3917,W237,3.1
3243,W313,3.8
2550,W138,4.1
524,W378,3.9
1779,W439,2.8
2215,W107,1.2
4333,W432,1.6
2843,W350,2.7
2797,W369,3.0
4051,W299,4.7
2333,W477,3.5
4244,W175,1.6
3798,W66,1.0
3586,W125,2.6
687,W376,1.7
716,W442,2.6
1816,W480,1.7
944,W311,1.4
1885,W255,3.8
3957,W452,3.2
4730,W325,1.8
4979,W167,4.4
2832,W162,1.0
4214,W422,3.7
3794,W244,2.6
832,W466,2.4
3876,W362,3.6
1778,W144,4.6
3324,W323,3.2
3064,W323,1.8
3222,W253,2.9
4727,W243,4.0
3164,W195,1.0
4517,W168,1.8
3627,W409,2.7
3249,W66,4.0
4841,W461,1.0
4632,W372,2.1
1459,W394,3.5
2899,W423,3.8
3978,W261,2.7
796,W105,4.6
2214,W218,3.4
17,W301,3.6
1303,W116,3.9
4288,W69,3.9
324,W266,3.4
637,W442,4.2
171,W57,3.0
306,W134,1.7
4686,W284,2.6
2606,W483,3.4
430,W242,3.4
4470,W17,1.1
3723,W290,4.1
1590,W311,4.9
621,W345,2.1
3631,W90,4.5
3990,W224,3.7
3026,W21,1.7
2795,W262,3.9
4716,W330,1.7
3988,W36,1.1
4419,W452,1.1
3554,W433,4.6
2825,W1,1.4
156,W245,2.7
2885,W388,1.7
1895,W315,2.2
3661,W182,4.1
1221,W433,3.4
3177,W293,2.8
3806,W99,3.8
3714,W213,1.7
4875,W329,2.3
1041,W420,4.8
131,W154,2.8
4112,W262,3.8
420,W332,2.4
3904,W30,3.6
4640,W51,4.5
2974,W323,4.4
1100,W188,3.5
4732,W138,3.5
4988,W297,2.6
1114,W38,1.8
1762,W434,2.8
1261,W113,4.4
2660,W99,3.1
2976,W71,4.5
273,W292,3.8
4159,W297,1.2
4483,W429,2.8
2652,W242,3.9
3566,W405,3.0
2637,W276,3.5
1899,W135,1.1
4375,W217,1.1
2231,W299,1.3
4427,W335,1.9
4640,W381,4.4
440,W81,2.4
4779,W71,4.6
3327,W406,2.9
3644,W344,1.7
15,W448,2.4
4363,W142,3.1
4242,W312,2.9
3361,W347,1.2
4320,W246,3.1
4049,W71,1.6
1011,W372,4.2
3303,W145,1.7
4937,W424,2.5
461,W36,1.2
659,W113,2.3
2367,W350,4.3
4312,W130,4.9
3948,W20,1.8
3531,W368,3.3
3377,W172,3.2
2820,W312,4.9
3636,W469,3.7
3539,W373,3.7
2577,W426,2.2
4323,W177,2.4
1721,W207,2.5
586,W380,3.4
2226,W162,2.1
1494,W62,3.7
284,W144,3.0
1754,W377,1.4
4912,W462,3.8
579,W13,1.9
3169,W405,1.9
183,W50,1.5
1810,W337,3.0
979,W104,4.6
3106,W499,1.2
2682,W307,1.3
1847,W277,3.2
419,W363,3.5
905,W63,3.0
454,W110,2.3
2823,W415,3.9
572,W27,2.8
1047,W398,1.1
3186,W330,3.5
1687,W23,3.4
4197,W423,4.1
3072,W488,4.4
397,W376,4.3
335,W129,1.9
3992,W449,2.5
371,W297,2.4
3771,W204,4.0
4173,W137,3.1
159,W145,4.2
2601,W391,2.8
3883,W471,4.4
3776,W244,2.2
2326,W105,3.0
1163,W105,1.9
1518,W320,3.7
1303,W372,2.0
4177,W128,2.0
3647,W217,1.4
3391,W304,4.0
4896,W99,4.3
4782,W123,3.4
2419,W450,4.2
3754,W143,1.2
965,W272,4.5
979,W398,3.5
4360,W293,4.3
2877,W164,4.7
1312,W119,4.5
384,W179,4.9
2461,W210,4.8
2685,W19,1.4
3959,W181,2.7
3221,W134,2.5
2379,W171,1.2
3692,W306,3.8
2811,W222,4.9
4434,W100,4.3
2357,W283,4.8
2009,W207,3.3
435,W27,1.5
306,W364,4.9
1977,W58,2.7
3439,W341,4.3
2310,W436,1.8
1266,W305,3.9
509,W44,3.6
1396,W411,2.0
1875,W453,4.4
4857,W82,3.4
3922,W271,1.3
1854,W415,2.4
898,W465,3.7
1710,W154,3.4
1685,W167,3.4
4516,W381,4.4
2212,W262,3.9
1628,W159,4.0
689,W153,1.5
522,W220,1.4
1998,W133,5.0
4808,W405,4.5
2276,W4,2.6
1715,W359,2.2
3875,W165,2.1
3560,W216,1.9
3603,W406,1.1
3379,W220,5.0
3160,W136,1.5
1630,W213,3.1
222,W498,3.3
1442,W224,3.6
462,W426,2.1
1123,W487,5.0
307,W158,5.0
2292,W478,2.1
2342,W490,3.4
1301,W248,4.7
3309,W422,3.5
3348,W344,2.3
1284,W164,1.6
3213,W477,3.3
949,W266,1.5
4470,W202,2.5
2270,W162,4.6
2760,W278,3.4
1925,W296,3.9
3136,W74,4.3
3932,W15,3.8
3801,W367,4.2
568,W89,4.8
3245,W393,1.2
3990,W299,3.1
4158,W323,4.5
552,W440,1.3
4554,W491,4.3
1956,W49,3.2
4128,W361,3.8
60,W261,3.0
3488,W88,1.1
4196,W58,3.9
2507,W215,4.4
2380,W85,2.2
4182,W368,4.6
647,W358,4.1
3998,W62,2.2
4012,W37,2.0
1927,W11,3.3
1504,W122,3.3
2372,W261,4.5
2746,W298,1.1
1943,W264,2.2
639,W447,2.3
372,W10,1.3
2171,W57,2.9
877,W147,4.4
1316,W307,4.1
4735,W62,1.6
3695,W217,2.6
2286,W87,5.0
96,W309,3.2
4639,W118,1.3
1099,W136,1.8
3211,W359,3.7
3183,W197,3.0
1472,W270,3.0
1869,W328,1.7
617,W411,2.2
1785,W179,4.4
1081,W157,3.4
3882,W440,3.6
925,W160,2.0
3460,W106,3.3
14,W250,4.3
3994,W306,4.7
924,W227,3.6
4440,W211,3.7
1554,W285,1.2
2322,W135,4.9
4281,W290,3.4
3885,W400,3.4
2168,W82,4.3
4473,W476,2.7
3330,W414,4.4
1144,W133,2.7
2963,W252,2.9
2588,W97,2.8
696,W398,3.7
3583,W87,5.0
1237,W91,3.2
2629,W349,3.1
3684,W49,2.7
2816,W90,3.5
378,W194,4.2
4009,W220,1.7
1448,W110,1.1
3159,W197,1.2
3634,W447,4.7
3623,W192,4.0
4297,W348,1.8
2172,W447,3.0
169,W313,2.9
3208,W245,2.1
2344,W262,2.8
3303,W122,2.5
3212,W484,2.4
4096,W325,1.7
3387,W427,4.7
1913,W310,4.5
3011,W84,3.6
3333,W229,3.2
2578,W28,1.4
678,W100,1.3
246,W491,1.2
4878,W255,3.5
2001,W431,3.9
4041,W341,2.8
4693,W392,2.7
4271,W137,1.1
1740,W146,3.8
4598,W285,1.1
506,W143,2.8
4500,W199,1.4
2529,W471,3.4
4727,W393,4.4
2258,W101,3.4
1390,W366,1.4
802,W192,2.5
4357,W440,4.0
3206,W58,3.8
3784,W235,3.8
3193,W192,1.9
3402,W495,3.2
2737,W363,3.2
3937,W251,2.1
827,W99,4.3
289,W117,2.3
1819,W367,3.7
3642,W327,1.1
1324,W358,3.6
4469,W213,2.7
4451,W408,4.7
3353,W2,3.1
2414,W449,1.3
4008,W71,1.9
1106,W403,4.3
4025,W178,3.7
3568,W303,4.6
2504,W425,3.8
661,W78,2.2
807,W190,3.9
3915,W268,1.8
1033,W422,1.3
1378,W118,3.3
1685,W353,2.0
1293,W123,4.5
3333,W225,3.9
774,W198,3.4
4280,W177,1.3
1198,W246,1.1
3387,W364,3.4
3451,W292,2.2
489,W316,1.4
3974,W61,4.5
2733,W430,2.1
3959,W173,3.7
2055,W400,4.0
3347,W143,2.1
1874,W111,3.6
498,W159,1.1
1202,W143,2.2
3352,W56,2.6
3627,W312,1.4
2425,W408,1.9
2812,W153,2.3
2895,W155,4.2
3925,W73,2.9
4953,W351,1.5
720,W122,1.6
667,W282,2.0
1890,W461,3.9
2594,W180,4.3
2942,W291,4.1
79,W172,3.3
1636,W304,2.2
167,W204,2.6
4194,W146,3.9
3698,W54,2.5
4063,W235,4.0
754,W5,1.3
611,W103,2.9
52,W208,1.1
3832,W324,4.4
1486,W233,2.2
2917,W97,2.6
4858,W162,2.5
1281,W256,3.8
4601,W383,4.3
250,W406,4.9
3870,W134,4.5
3989,W398,2.9
2521,W448,3.8
1927,W17,3.8
3707,W245,2.1
4474,W366,3.4
2210,W497,2.3
1713,W229,1.3
2535,W410,3.6
1453,W473,3.6
1060,W362,3.1
210,W33,2.8
3375,W346,4.5
2543,W383,3.6
320,W308,4.4
3137,W215,2.1
4142,W10,1.3
1199,W423,3.7
4067,W208,1.8
31,W66,2.2
2953,W297,3.4
1019,W24,1.3
732,W480,2.8
829,W94,2.8
4723,W332,1.5
2737,W228,3.8
1077,W445,4.4
3485,W468,3.0
997,W357,2.4
80,W236,1.7
2130,W58,2.8
4759,W425,2.8
4693,W303,3.3
381,W158,2.9
2160,W293,4.0
3003,W224,2.5
4399,W268,1.7
4595,W149,2.2
683,W225,4.5
4530,W344,4.7
2974,W30,3.7
4574,W237,3.6
4183,W390,1.4
1197,W427,3.8
125,W45,2.2
3368,W325,4.4
1521,W498,1.9
579,W444,4.2
2380,W112,4.1
3028,W22,2.4
2668,W283,4.9
417,W467,1.4
1259,W290,4.6
3927,W117,4.5
3490,W264,3.0
4144,W198,3.4
3465,W496,1.9
2556,W99,3.2
3590,W157,4.0
4704,W459,3.1
4746,W267,4.0
716,W56,1.5
3377,W231,3.5
4347,W121,3.2
406,W13,2.5
3905,W275,1.7
1714,W79,4.6
1550,W384,1.3
3446,W429,3.7
1488,W209,4.8
4993,W319,4.1
3168,W412,3.2
2249,W308,4.9
3298,W279,2.9
1683,W167,2.4
3257,W207,2.4
845,W199,3.9
4438,W363,4.9
59,W360,4.0
4952,W456,4.6
2664,W429,4.6
3560,W131,3.9
3631,W413,1.0
353,W482,2.1
236,W141,2.6
1577,W478,3.2
2099,W221,1.1
2433,W336,4.2
700,W356,4.0
2799,W429,3.6
2118,W213,2.9
2376,W348,3.0
2613,W3,4.5
1566,W172,3.8
2590,W132,1.9
4273,W114,2.6
3270,W462,4.7
1231,W357,4.3
3197,W1,4.3
4966,W344,2.7
293,W179,2.5
2100,W181,2.5
3630,W172,3.7
1897,W437,4.3
1967,W318,3.0
3239,W450,2.2
3413,W202,3.5
3589,W415,2.8
1169,W447,1.8
1232,W132,3.4
773,W393,4.8
1450,W63,2.1
1938,W173,1.8
3630,W471,1.1
4461,W455,1.5
3778,W305,4.6
2689,W355,3.2
3338,W278,1.0
4425,W291,4.9
2524,W238,4.4
756,W108,4.6
3032,W389,1.3
4653,W453,2.5
2388,W272,2.0
1276,W89,2.3
3875,W5,4.6
4321,W1,1.5
3071,W24,4.7
3701,W384,2.9
4082,W221,1.6
1904,W215,1.9
3284,W18,3.1
1742,W228,4.0
513,W6,3.1
3544,W439,4.5
1261,W343,2.2
4439,W301,4.2
2119,W212,3.2
2108,W464,4.5
168,W420,1.7
2926,W291,1.1
4015,W49,1.9
2419,W92,4.3
2326,W294,4.6
1425,W48,3.6
1705,W131,4.6
743,W292,2.6
1002,W213,1.4
1686,W411,3.0
3930,W65,4.7
489,W372,3.4
3786,W227,2.3
99,W199,4.9
774,W126,1.9
2344,W103,2.8
323,W335,3.3
709,W379,3.4
348,W129,1.9
3051,W489,3.3
2485,W276,1.8
4346,W406,4.4
4564,W367,4.2
3294,W222,4.0
3805,W260,4.2
1312,W216,4.9
4258,W221,4.2
3547,W423,4.8
2330,W396,3.1
3712,W400,1.7
967,W235,4.1
3481,W234,1.1
4155,W24,4.0
3225,W282,2.7
4276,W220,4.8
1758,W112,4.5
1641,W491,4.5
1906,W498,4.5
16,W43,2.0
4512,W278,1.7
1616,W105,1.1
3327,W431,4.0
3713,W369,4.5
34,W431,3.3
4302,W325,3.0
3623,W493,1.5
2128,W386,4.5
2612,W473,1.1
2439,W63,2.4
3908,W384,5.0
3934,W83,3.7
93,W363,4.8
1180,W147,3.8
1153,W17,2.1
3418,W362,4.9
861,W495,1.2
3070,W186,4.0
238,W243,2.1
2623,W272,2.0
332,W58,1.8
640,W55,4.0
2485,W34,2.8
4511,W396,4.9
1572,W457,5.0
192,W121,4.9
3618,W346,2.8
113,W473,2.2
1972,W379,1.2
632,W152,2.4
1740,W306,3.1
1604,W484,2.4
2143,W248,1.2
2067,W232,4.5
3612,W454,2.2
4005,W447,3.3
4114,W1,2.6
1908,W191,4.2
4376,W226,3.7
3988,W331,1.3
1037,W308,1.2
1113,W159,4.5
29,W62,2.3
324,W262,3.6
3896,W456,3.9
1726,W57,4.1
1163,W34,2.3
1726,W50,2.2
4540,W384,2.8
2167,W458,1.2
3531,W184,1.1
3469,W208,2.6
756,W10,1.8
3462,W208,1.8
2348,W185,3.5
3682,W230,1.5
3556,W267,2.8
4940,W140,1.5
2272,W2,1.6
4439,W403,4.1
3178,W77,3.2
2860,W361,4.0
3949,W73,4.0
599,W106,4.2
261,W137,1.7
3515,W466,2.0
2128,W19,1.4
390,W323,1.1
3069,W27,2.4
1862,W196,1.5
4792,W129,1.6
2993,W455,4.0
483,W263,1.8
3911,W75,2.7
1935,W408,4.7
412,W351,1.0
3639,W392,2.4
1486,W84,3.9
4374,W101,3.4
4874,W302,3.0
3084,W63,2.0
3789,W434,1.1
2101,W2,3.2
4571,W146,1.8
4785,W156,3.4
4382,W28,4.6
4398,W260,1.2
1144,W379,3.8
439,W244,2.2
3457,W29,4.7
2287,W77,4.9
876,W155,3.9
2691,W368,3.9
964,W35,4.2
1725,W75,2.1
3835,W132,3.9
1022,W322,2.7
4686,W53,1.4
1583,W157,3.8
2728,W331,4.6
540,W87,3.4
886,W441,2.7
