user_id,age,gender,height_cm,weight_kg,goal,experience_level
1,62,Female,170.95319598884998,76.59034706744379,cardio,intermediate
2,19,Female,184.02287076230633,60.72965289881971,muscle_gain,beginner
3,61,Female,156.59392487270702,66.30595003018816,muscle_gain,intermediate
4,29,Male,172.85322449613042,80.65986894772612,cardio,beginner
5,69,Female,162.1162427058309,72.12075339516669,cardio,advanced
6,28,Male,162.25492100865978,45.29826495545446,muscle_gain,advanced
7,43,Male,154.52747594747177,71.81654219411516,cardio,beginner
8,18,Female,172.76395979356835,53.78029335030807,weight_loss,beginner
9,66,Female,171.23975643441915,55.77183749814381,muscle_gain,beginner
10,67,Male,174.1660141836058,65.17270499522216,muscle_gain,beginner
11,26,Male,172.46866314458646,67.69932216565802,muscle_gain,intermediate
12,44,Female,184.22853618081146,48.920185756123004,muscle_gain,beginner
13,27,Male,160.94535305028333,102.22013668543396,muscle_gain,beginner
14,53,Female,184.88042632594286,68.14023611792251,weight_loss,advanced
15,46,Female,166.7963435002099,55.96988486285365,cardio,advanced
16,27,Female,154.89656053396098,108.12245609914366,weight_loss,intermediate
17,17,Female,152.32839093127913,64.84592250145575,cardio,advanced
18,53,Female,171.61185620075304,72.45874065641264,cardio,intermediate
19,66,Male,177.2911450609726,40.0,weight_loss,beginner
20,21,Male,169.47551757886734,80.10244316692322,weight_loss,advanced
21,16,Male,158.53789065299785,70.91857413478574,muscle_gain,advanced
22,49,Female,148.48553331397844,51.461999676167125,muscle_gain,intermediate
23,60,Female,162.46750015345387,47.324380742828495,muscle_gain,beginner
24,37,Female,168.02559578795828,91.004466336134,muscle_gain,beginner
25,35,Female,158.6211316854936,59.54270948826366,cardio,advanced
26,29,Female,171.10254293057528,53.71607198232823,muscle_gain,beginner
27,62,Female,185.02352345800642,40.0,weight_loss,beginner
28,49,Female,168.13088059556486,62.2645183685847,weight_loss,advanced
29,47,Female,167.14693310647013,62.88769666243373,weight_loss,intermediate
30,21,Male,158.1844246105268,102.53721639373697,muscle_gain,intermediate
31,18,Female,168.4604799806863,87.25234388584691,weight_loss,intermediate
32,35,Female,161.88797747767137,52.012081146870756,cardio,advanced
33,21,Male,176.42746605723568,66.19051204438121,weight_loss,intermediate
34,45,Female,167.0083422623311,59.44802987260794,cardio,advanced
35,45,Male,172.50116467847002,93.25679225434202,cardio,advanced
36,33,Female,153.91806974814102,68.98086965756801,cardio,advanced
37,23,Male,171.47083970642123,57.22652509974189,muscle_gain,advanced
38,64,Female,178.36059335521094,60.720338085443075,muscle_gain,advanced
39,66,Female,158.89790317044728,76.9375512821528,weight_loss,intermediate
40,66,Female,173.20958692605717,53.95444262016979,cardio,beginner
41,56,Male,167.2414287994178,55.01961370971845,weight_loss,advanced
42,26,Male,170.0490412680756,88.30595438425925,muscle_gain,beginner
43,41,Female,183.3990478961474,64.59962666581453,weight_loss,advanced
44,34,Female,177.77642152746262,56.998465199772355,muscle_gain,advanced
45,20,Female,175.94919344770668,68.00347858650548,weight_loss,beginner
46,33,Female,146.7406366108121,58.69722931172557,weight_loss,intermediate
47,43,Male,155.53468268381386,70.4598416347359,muscle_gain,beginner
48,72,Female,171.38654652634602,74.13942693381507,cardio,advanced
49,53,Male,182.47724767353614,54.30929495949679,weight_loss,advanced
50,73,Male,159.53019850655357,76.87243355147433,weight_loss,advanced
51,42,Female,173.49558663943543,86.82070236327954,weight_loss,intermediate
52,38,Male,171.00496675360324,86.87297659109488,weight_loss,advanced
53,61,Male,151.00452644595646,80.52523750361753,weight_loss,intermediate
54,38,Female,152.3270459219019,55.55971883038737,muscle_gain,beginner
55,47,Female,181.00271538574933,66.53858235688966,weight_loss,intermediate
56,69,Male,147.55640988937967,64.79252541053106,muscle_gain,advanced
57,32,Male,151.00523017292844,65.42908802883964,weight_loss,intermediate
58,49,Male,174.87612422182684,86.44630945027704,cardio,beginner
59,47,Male,166.4821060716711,72.06855142445221,weight_loss,intermediate
60,71,Female,184.17537467261832,80.32975505389936,muscle_gain,advanced
61,30,Female,176.34066988226988,72.96745435146318,weight_loss,advanced
62,37,Female,166.54716041374638,61.52043794560449,muscle_gain,advanced
63,50,Female,155.35844658414777,72.56509745722227,muscle_gain,intermediate
64,45,Female,165.51126368086761,98.90196152302308,weight_loss,intermediate
65,26,Female,176.3508673737233,82.07414904620637,weight_loss,intermediate
66,58,Female,155.98816178434933,74.61114628440347,weight_loss,intermediate
67,65,Male,168.7624315303009,102.13658186805375,muscle_gain,beginner
68,39,Female,171.96213216613978,61.68715076332296,weight_loss,intermediate
69,49,Female,159.71934825648486,40.0,weight_loss,advanced
70,25,Female,154.31785271396163,88.68673712877457,cardio,intermediate
71,23,Male,180.37687660510676,55.58311033659616,muscle_gain,advanced
72,25,Female,178.71893254495012,71.95872413283502,weight_loss,beginner
73,15,Female,156.3470330080818,72.76236050091674,muscle_gain,beginner
74,71,Male,166.23424102039536,53.977331671543595,muscle_gain,beginner
75,19,Male,156.37018633162307,72.47163133757634,muscle_gain,beginner
76,41,Female,185.8924812373503,76.50877311420524,weight_loss,beginner
77,71,Female,170.49816032996236,64.9964602045121,weight_loss,intermediate
78,37,Female,150.84525063495974,79.76027580328069,weight_loss,advanced
79,35,Male,159.544011237131,56.88319726031139,cardio,advanced
80,23,Female,164.6297335078663,60.26655797638302,weight_loss,beginner
81,67,Male,178.14039385582498,53.48539169974357,cardio,beginner
82,45,Female,167.15082258862407,71.40188992868353,weight_loss,advanced
83,55,Female,166.1455853720217,66.85866718910334,muscle_gain,advanced
84,48,Male,170.7538192446676,94.75303022649565,weight_loss,beginner
85,60,Female,162.69825469788387,70.01474214447886,muscle_gain,beginner
86,41,Male,158.06754428474534,79.84870614596227,muscle_gain,intermediate
87,37,Male,164.2443025971609,74.10166336956473,muscle_gain,advanced
88,41,Male,171.5143490931736,91.30648157894205,cardio,intermediate
89,41,Female,147.02828322071375,92.0210998076117,weight_loss,intermediate
90,40,Male,146.29427531119046,85.67862437338076,weight_loss,intermediate
91,59,Male,176.96485836036703,76.33416215795411,muscle_gain,advanced
92,23,Female,155.45666275464592,57.21930435030365,cardio,beginner
93,66,Male,163.74776834574988,68.43364003744935,muscle_gain,intermediate
94,17,Male,173.02387690857785,83.17934544239046,cardio,advanced
95,21,Female,169.1490601621437,74.34258663899294,cardio,intermediate
96,32,Male,158.60951903992367,88.63361959511967,muscle_gain,advanced
97,65,Male,169.70221753601356,70.68889361626684,muscle_gain,beginner
98,28,Female,172.63815868008354,70.06778663761064,weight_loss,advanced
99,74,Female,153.71188433886397,72.56012389789747,cardio,advanced
100,57,Male,173.33193683276917,70.77559183019116,weight_loss,beginner
101,36,Female,173.50197718259318,68.45135663205943,cardio,beginner
102,65,Female,173.66667799303625,87.93411354116877,muscle_gain,intermediate
103,32,Female,165.58713815780837,44.694240500716994,cardio,advanced
104,63,Female,164.27522752198232,57.515043095384925,cardio,advanced
105,58,Female,177.6397645750833,40.0,cardio,beginner
106,45,Female,166.55638141424095,88.5247593591208,cardio,beginner
107,45,Female,157.3160791003032,59.67558990381017,cardio,beginner
108,19,Female,154.5502596154846,66.25982173617773,muscle_gain,intermediate
109,37,Female,166.93045427170784,64.5665208773875,muscle_gain,intermediate
110,40,Male,166.8897450378608,71.40971565077521,cardio,beginner
111,51,Male,177.31722487185326,91.30056120536808,weight_loss,intermediate
112,41,Female,164.04200756156504,57.14415837285595,cardio,advanced
113,65,Female,158.77850252463733,40.0,muscle_gain,advanced
114,24,Male,182.627329146105,63.95595419659122,cardio,advanced
115,54,Female,170.34754527546758,88.58794143494319,weight_loss,advanced
116,58,Male,164.93424944572268,48.854362709163766,weight_loss,advanced
117,41,Male,176.03220470550906,78.91781763773992,cardio,advanced
118,40,Male,163.93087689526087,83.77482844524188,muscle_gain,advanced
119,24,Female,175.33767838969175,68.94015802152272,cardio,beginner
120,26,Female,182.3902347504053,56.15107198882259,muscle_gain,intermediate
121,70,Male,143.2654685019,87.77864222932408,cardio,advanced
122,58,Female,172.4264253056259,46.56395376559571,muscle_gain,intermediate
123,41,Male,158.62677678047885,65.32706223106617,muscle_gain,beginner
124,50,Male,176.23172290171863,66.56564958419541,weight_loss,intermediate
125,35,Female,170.91806950508789,93.86390212083656,weight_loss,beginner
126,73,Female,143.3963878648334,70.36082622406042,cardio,intermediate
127,60,Male,158.0994917023461,82.61416832198667,weight_loss,beginner
128,45,Male,172.555317227178,69.7437279330277,muscle_gain,beginner
129,61,Female,162.30294234716942,66.54619131742113,muscle_gain,advanced
130,66,Female,157.55260140641244,47.513344188028526,cardio,beginner
131,48,Female,183.4895505529141,51.462963400390365,cardio,intermediate
132,64,Male,167.3390084472634,85.02618918889404,cardio,advanced
133,53,Male,162.3603443680276,67.22847446149885,muscle_gain,advanced
134,30,Female,160.96527371179522,44.001981123013195,cardio,beginner
135,48,Female,144.4766716790887,84.80400152475487,cardio,intermediate
136,37,Male,160.12835495493752,89.73036610682365,cardio,intermediate
137,25,Male,167.72642195997855,80.11925350727225,cardio,beginner
138,62,Male,167.14043174108537,67.37995670426263,weight_loss,advanced
139,44,Female,156.8291928786978,71.26395836234505,cardio,intermediate
140,50,Male,181.57280960528996,56.62111767926916,muscle_gain,beginner
141,25,Male,150.11183730006582,80.94066600539739,cardio,beginner
142,23,Female,162.9391136748482,70.15158278656843,muscle_gain,intermediate
143,15,Male,171.4071127660074,57.05340066321352,weight_loss,advanced
144,48,Female,166.45858646295773,67.52083390134447,muscle_gain,intermediate
145,24,Male,171.0677984556962,58.29697189907334,cardio,advanced
146,53,Male,165.3455988740601,76.0884732260339,cardio,intermediate
147,37,Female,172.59810742111355,70.11252932501962,weight_loss,advanced
148,57,Female,172.44688000408775,53.3559686192076,weight_loss,intermediate
149,41,Male,154.7759149840636,75.5747122135293,weight_loss,intermediate
150,27,Female,159.98186223523774,83.86756031614632,cardio,intermediate
151,69,Male,173.17017616642602,59.94862271368369,weight_loss,beginner
152,33,Male,159.0357697038478,70.4578808586907,muscle_gain,intermediate
153,68,Male,166.74990938665076,67.59781507885567,muscle_gain,advanced
154,65,Male,151.93271451672814,99.62009442192753,weight_loss,advanced
155,37,Female,163.9278061253124,78.38400741549334,muscle_gain,advanced
156,43,Female,160.9482337725998,88.48077079981984,weight_loss,beginner
157,21,Male,152.35828069024902,62.68455113447036,cardio,advanced
158,55,Male,152.36581362105005,44.08795791774377,cardio,advanced
159,62,Female,163.47368640178553,64.35636321567364,muscle_gain,beginner
160,58,Female,167.07673513325182,57.33713605475953,weight_loss,intermediate
161,26,Male,161.84205374456064,43.20540536512499,muscle_gain,beginner
162,46,Male,171.34828814851485,70.18786842551702,muscle_gain,beginner
163,39,Male,167.08334950192025,77.93894685546866,cardio,advanced
164,20,Male,168.15661406772904,74.53426751658684,muscle_gain,advanced
165,29,Male,169.7981019325659,40.0,cardio,advanced
166,74,Male,150.24953252918138,50.06499200308521,weight_loss,advanced
167,68,Female,177.36696476386493,96.93510398658354,weight_loss,advanced
168,52,Female,156.55419644712458,74.15574938570597,muscle_gain,advanced
169,67,Male,158.35041172383708,51.70650937423067,muscle_gain,advanced
170,47,Female,159.7098272561877,71.96106149973212,weight_loss,advanced
171,69,Female,165.79469388228742,81.36853642304494,muscle_gain,beginner
172,22,Female,188.22030118770306,70.56029894143303,muscle_gain,beginner
173,64,Female,164.7600464720814,81.31526675927319,cardio,advanced
174,71,Male,169.20531033822283,63.998372803242496,cardio,beginner
175,19,Female,173.83197610309432,58.650600544157896,cardio,beginner
176,53,Male,165.2376222127439,68.08572736757358,muscle_gain,beginner
177,52,Male,155.99043241180684,75.97461182773867,cardio,advanced
178,61,Female,166.21533865037782,65.60331835353763,muscle_gain,advanced
179,49,Male,158.1961628115566,69.00812815265283,cardio,advanced
180,59,Male,160.339513497531,70.93094545616255,weight_loss,beginner
181,31,Male,181.03533903657478,70.59319216277615,cardio,beginner
182,41,Female,164.21044672213478,69.66619897957612,weight_loss,intermediate
183,25,Female,163.6537434488305,60.26750533525875,muscle_gain,advanced
184,68,Male,170.06926966410222,75.26921923304259,muscle_gain,beginner
185,66,Male,167.34447945400598,71.98140843940254,cardio,advanced
186,24,Female,147.8992534139297,85.6576635481359,cardio,advanced
187,63,Female,174.39746837788817,59.53120090036549,cardio,intermediate
188,21,Female,168.793373554801,68.44492766708522,weight_loss,intermediate
189,40,Female,187.36721800189503,79.34017181740731,weight_loss,advanced
190,45,Male,168.05026812660563,71.91247720305606,cardio,beginner
191,37,Male,158.22609347481873,87.98695615647217,weight_loss,advanced
192,46,Male,149.29400304484568,70.90272923778544,cardio,intermediate
193,21,Female,173.28787583517345,93.47246573471551,cardio,beginner
194,59,Male,176.17954317028182,80.598846665306,weight_loss,advanced
195,39,Female,156.61703728483732,58.68284807677774,cardio,intermediate
196,49,Female,163.83250706030702,92.35174446250475,muscle_gain,beginner
197,46,Female,154.97636747696902,93.59157006304338,muscle_gain,intermediate
198,21,Male,154.92641429838775,87.72805127967024,weight_loss,intermediate
199,31,Female,159.1857550248706,66.28057848921117,weight_loss,beginner
200,64,Female,163.23106425675732,53.98478315793649,cardio,advanced
201,43,Male,164.87291933177104,55.35339326807451,cardio,intermediate
202,42,Female,181.5422608955295,85.4766079936758,muscle_gain,intermediate
203,44,Male,187.3687640213734,46.81690160217151,muscle_gain,intermediate
204,57,Male,154.38951399936323,80.50509992129281,weight_loss,advanced
205,17,Female,162.82608304690305,53.37481144752873,muscle_gain,advanced
206,56,Female,160.3806125088951,53.172711573001195,cardio,advanced
207,38,Male,181.9217221891348,81.60015045387085,cardio,advanced
208,62,Female,156.9606166084597,64.78918445624349,muscle_gain,advanced
209,53,Female,176.52135712533493,71.92039945181298,muscle_gain,advanced
210,48,Female,164.68442743723446,71.9448817283531,cardio,beginner
211,45,Female,151.90782905641245,69.11419665316168,weight_loss,intermediate
212,40,Male,156.824080441651,60.66520966866532,cardio,beginner
213,44,Female,163.7254033998645,71.50768875608361,cardio,intermediate
214,42,Male,173.15159510596266,74.5524835242646,weight_loss,beginner
215,58,Male,171.39474312968383,88.81520762442919,cardio,intermediate
216,26,Female,168.61078575128647,96.8373606051296,cardio,beginner
217,21,Male,160.71589717424453,75.9440986975476,cardio,beginner
218,54,Male,153.90291304641244,50.69350392892337,cardio,intermediate
219,25,Female,173.82638086350903,68.08232857521104,muscle_gain,intermediate
220,30,Male,174.61268913759446,79.93672597407979,weight_loss,advanced
221,48,Male,160.64751749488684,87.46364638281031,cardio,intermediate
222,73,Female,167.08184224204163,84.33527486494401,muscle_gain,advanced
223,60,Male,156.5274546637082,45.13879731461583,weight_loss,beginner
224,48,Female,165.85462286856998,51.054838184837806,weight_loss,intermediate
225,51,Female,149.19609591246368,88.75623053668083,weight_loss,intermediate
226,44,Male,186.18618700928667,66.83531230584539,cardio,beginner
227,46,Male,156.49097582585887,72.26871563242503,weight_loss,advanced
228,62,Male,162.761257349238,52.856873890592865,cardio,advanced
229,40,Male,162.90112079653528,87.0989212310156,cardio,beginner
230,18,Male,160.1794403661575,75.16252115739624,weight_loss,beginner
231,31,Female,156.8444414056686,72.81647069629442,muscle_gain,advanced
232,58,Female,160.37537383099865,62.47410241629417,muscle_gain,intermediate
233,56,Male,180.92834862352274,69.0760168838633,cardio,intermediate
234,15,Female,164.9781841571337,99.70261485926042,cardio,advanced
235,41,Male,156.7687764579757,63.87552303390645,cardio,beginner
236,37,Female,162.53102742178478,67.40349909413871,cardio,intermediate
237,28,Female,145.68848723618441,64.00523728747136,muscle_gain,beginner
238,17,Female,167.1522012393291,68.92370492762326,muscle_gain,advanced
239,47,Female,179.75727804679224,56.05315980520239,muscle_gain,beginner
240,20,Male,160.9103226828885,77.75907886824254,cardio,intermediate
241,63,Male,142.10458283540038,68.01781380577911,cardio,advanced
242,56,Male,158.51940784994653,87.85690042804109,weight_loss,advanced
243,22,Female,176.50042642764362,79.00427616436733,weight_loss,advanced
244,66,Male,167.84413908480377,70.62002564262976,cardio,intermediate
245,50,Male,155.06617326333145,72.18772521448474,muscle_gain,advanced
246,64,Female,163.9100431338782,80.4424177346064,cardio,intermediate
247,28,Male,172.80962081437,72.41289754994901,muscle_gain,advanced
248,60,Female,150.93498831684133,62.706335312680224,cardio,intermediate
249,58,Male,156.96130691106936,65.82476264034419,muscle_gain,advanced
250,20,Male,164.71415118641607,64.49107203699714,weight_loss,advanced
251,35,Female,164.81802986523982,73.39964487878504,muscle_gain,advanced
252,37,Female,144.9655006625963,52.77304182028301,weight_loss,beginner
253,41,Female,162.964720907124,86.50528408608702,cardio,beginner
254,55,Female,157.67081312696544,65.85470156976325,muscle_gain,beginner
255,65,Female,180.75105373696186,76.51040205757425,cardio,advanced
256,74,Female,156.64183464257886,77.66500203250862,cardio,intermediate
257,28,Male,153.62417546408497,40.08840552827187,muscle_gain,beginner
258,66,Female,168.3496496987556,64.07826192194838,cardio,intermediate
259,58,Female,156.05776900736367,66.71272982327451,weight_loss,advanced
260,51,Male,155.43968352174542,56.263434304412776,cardio,beginner
261,46,Female,162.79909745717498,56.692397682535244,muscle_gain,advanced
262,52,Female,155.23770456230213,48.659115835514896,cardio,intermediate
263,21,Male,166.71084022936606,70.12393600151731,weight_loss,intermediate
264,41,Female,176.55160529826068,67.67595087271212,weight_loss,advanced
265,61,Female,163.1988349127762,76.42109015278048,cardio,advanced
266,40,Male,155.79421706698963,65.24949559427786,muscle_gain,intermediate
267,54,Male,149.34958589971959,81.37338783301583,weight_loss,beginner
268,48,Male,166.90368545365115,65.50789351602025,muscle_gain,intermediate
269,34,Male,172.6995698840375,58.50081849094614,cardio,beginner
270,26,Male,161.47372798085425,63.27396823818858,muscle_gain,advanced
271,25,Female,156.9470427984206,61.4010307679771,cardio,advanced
272,63,Male,176.11802848233145,64.85329270176442,cardio,beginner
273,50,Female,159.57150696693307,69.06640678337807,weight_loss,beginner
274,60,Male,175.97467501834154,71.51887719685763,cardio,beginner
275,45,Female,176.67886182298295,71.10758319861326,cardio,advanced
276,51,Female,183.7392643087518,76.25556054199477,muscle_gain,advanced
277,50,Female,181.89586263667718,77.56197640034108,muscle_gain,intermediate
278,67,Male,172.39662927777502,94.69390075230821,cardio,intermediate
279,46,Male,179.3793976367754,83.45941473206533,weight_loss,beginner
280,25,Female,181.94481589340347,76.99417054742979,muscle_gain,intermediate
281,52,Male,158.2518186176334,61.48255864811841,cardio,beginner
282,34,Female,158.0759343019149,73.61095402059198,cardio,beginner
283,45,Male,152.67133050072187,55.15948738419398,muscle_gain,intermediate
284,48,Female,169.93523378999743,56.21949367113249,weight_loss,intermediate
285,72,Female,178.32818958858527,97.57230712652532,muscle_gain,intermediate
286,25,Male,169.57569555560298,93.1632845693524,weight_loss,beginner
287,33,Male,169.64008996422368,53.39996085239339,muscle_gain,intermediate
288,39,Male,154.35947421872902,57.7396546017019,cardio,beginner
289,27,Male,161.48813246054135,88.14450724366027,cardio,advanced
290,49,Female,180.40882955016468,81.00809321907767,weight_loss,advanced
291,56,Male,163.1564494473964,61.94126320567629,muscle_gain,intermediate
292,60,Male,166.72134194268833,61.27499345417681,muscle_gain,intermediate
293,54,Female,175.50205095101086,76.80814894848133,cardio,advanced
294,15,Female,160.93309676565764,40.0,cardio,beginner
295,54,Male,170.5027850133877,72.52856571711348,weight_loss,beginner
296,26,Male,166.589791825551,73.5677473277744,weight_loss,intermediate
297,33,Male,163.30668220531393,53.59505391413046,weight_loss,beginner
298,17,Female,172.05321689404553,61.99506915126906,weight_loss,intermediate
299,64,Female,153.41250399710015,85.50227045548375,weight_loss,beginner
300,65,Male,181.260969930488,67.89572476845775,weight_loss,advanced
301,55,Female,147.82548177381636,53.65724407906963,weight_loss,beginner
302,62,Female,174.37954787006137,50.17396079180632,cardio,beginner
303,63,Male,145.56846457130976,69.11627742543882,cardio,beginner
304,52,Male,178.31901287608588,72.06764192061877,cardio,intermediate
305,20,Female,175.7509998647421,43.87051357331802,muscle_gain,intermediate
306,45,Male,165.590379137599,71.62534781213705,muscle_gain,advanced
307,32,Female,171.09654516364753,64.71384508193795,weight_loss,advanced
308,59,Male,167.73163041850583,70.96383311558456,muscle_gain,advanced
309,38,Female,162.02242654614494,79.17410466145564,muscle_gain,beginner
310,32,Male,150.8650497049318,79.04443851877716,weight_loss,intermediate
311,33,Male,158.42098052357127,82.14415509227166,cardio,beginner
312,63,Male,165.97623656237707,57.332853512265714,cardio,beginner
313,33,Female,171.24276982761901,63.77673698620545,weight_loss,beginner
314,60,Male,149.5926036721546,55.14004502804697,weight_loss,advanced
315,29,Female,162.96437966635267,69.08215917329777,weight_loss,advanced
316,20,Female,163.83431592435673,68.72055555361793,muscle_gain,beginner
317,69,Male,156.57101019183122,81.84232828939894,muscle_gain,advanced
318,73,Male,184.62701753592296,80.58975064160529,cardio,beginner
319,59,Female,151.881467381941,51.49899873908103,muscle_gain,intermediate
320,44,Male,165.87735536927394,87.48947334632341,weight_loss,intermediate
321,21,Male,170.0734423002193,80.08342558246328,muscle_gain,intermediate
322,43,Female,163.64133089657318,51.81035253533116,muscle_gain,beginner
323,72,Female,163.83529617357055,71.46622617734238,muscle_gain,beginner
324,26,Female,194.66649582467585,56.71766178954018,cardio,advanced
325,58,Male,170.50434910180178,84.5804596063483,cardio,beginner
326,59,Male,154.9250979110646,90.67207450009913,cardio,intermediate
327,41,Male,170.80252094626354,83.57432039373465,muscle_gain,advanced
328,32,Male,173.65807288104293,68.34856945907221,weight_loss,intermediate
329,51,Female,146.78264844372666,81.17756479707094,weight_loss,advanced
330,27,Female,144.90421534423083,90.43223924380206,muscle_gain,intermediate
331,39,Female,171.81590926012177,46.69022694966815,cardio,beginner
332,55,Female,160.64036022373122,71.49712812705538,weight_loss,beginner
333,29,Female,159.58166491429193,47.549760530422425,weight_loss,advanced
334,40,Female,163.31845032275302,46.15909152410073,muscle_gain,beginner
335,69,Female,166.502268679024,76.6114982930145,muscle_gain,intermediate
336,60,Male,152.26508610720188,69.74527266717003,muscle_gain,intermediate
337,19,Male,177.1279277095311,80.96670166938605,cardio,intermediate
338,70,Female,171.40422608671778,40.0,muscle_gain,beginner
339,65,Female,165.12176553298457,77.92131633483555,weight_loss,advanced
340,43,Female,160.42469914508112,75.43610662881444,weight_loss,beginner
341,67,Female,183.25986101999626,68.88592373436309,cardio,beginner
342,71,Male,155.76101314373307,82.85100142797845,muscle_gain,advanced
343,60,Male,182.83968234900198,72.30917375093587,cardio,intermediate
344,23,Female,184.16097462795554,81.96225950622188,muscle_gain,advanced
345,29,Male,172.27018668498954,75.71488247199667,muscle_gain,advanced
346,42,Female,171.46899581859068,52.088223612982574,muscle_gain,beginner
347,44,Female,156.5798543712171,84.74239372507029,muscle_gain,beginner
348,59,Male,189.96929454261982,48.42748035053829,muscle_gain,beginner
349,64,Female,158.90333431090002,60.41655711253993,weight_loss,advanced
350,42,Female,188.51300215181357,40.29394674352763,cardio,intermediate
351,50,Male,163.6678697131851,63.486578937159294,muscle_gain,beginner
352,49,Female,161.650946001619,53.42313505439669,muscle_gain,advanced
353,49,Male,166.7062690967135,53.49384609156532,muscle_gain,advanced
354,44,Female,170.01222083369248,88.3321071363259,weight_loss,beginner
355,69,Male,156.25650561381306,81.98944832136041,cardio,advanced
356,54,Male,187.0749179672037,65.6263724423855,muscle_gain,intermediate
357,15,Female,182.97716133339654,40.0,muscle_gain,beginner
358,55,Male,179.67987141681218,91.87940613939534,cardio,intermediate
359,29,Female,191.50256890831133,68.99517014277457,cardio,advanced
360,29,Female,162.1732126078614,60.819484672973104,cardio,advanced
361,29,Male,140.0,70.27530878558488,muscle_gain,intermediate
362,28,Male,140.0,105.30454451404256,muscle_gain,beginner
363,59,Female,157.10851389496966,80.88533750665017,cardio,intermediate
364,30,Female,168.73367361086406,89.78652213620774,muscle_gain,advanced
365,18,Female,145.92089662268617,58.456562029546106,cardio,beginner
366,71,Female,182.84968736159834,80.57803008005877,weight_loss,intermediate
367,42,Female,152.8883215705197,84.18440645936988,muscle_gain,advanced
368,29,Male,146.46373237482942,65.57440781927676,weight_loss,beginner
369,42,Male,152.59382883329906,69.72814878295046,muscle_gain,intermediate
370,43,Female,187.5691694928651,40.0,cardio,beginner
371,63,Female,161.31439106139072,48.759560539534355,weight_loss,advanced
372,60,Male,164.81392128374662,76.07419796884642,cardio,advanced
373,47,Female,160.88599355040742,82.82699640509048,muscle_gain,beginner
374,58,Female,189.13057848553615,54.455918307553816,cardio,intermediate
375,70,Male,171.1950441972982,69.48279090260401,weight_loss,advanced
376,70,Female,184.0439396232219,73.41895063519291,muscle_gain,beginner
377,24,Female,163.96258502965594,64.03533454413461,muscle_gain,advanced
378,49,Female,179.22589518651168,61.32594108120139,cardio,advanced
379,27,Male,170.21816541904622,70.40217241676251,muscle_gain,intermediate
380,16,Female,164.53860804543305,86.92173971315327,muscle_gain,advanced
381,60,Female,168.0162829594732,52.481420925329985,weight_loss,beginner
382,60,Female,178.0088542149414,79.80014005053077,weight_loss,beginner
383,40,Male,165.36528888814175,89.7409597459971,weight_loss,beginner
384,58,Female,176.71081722567257,66.12561515235083,weight_loss,beginner
385,64,Male,181.63871696136454,69.84482562705031,muscle_gain,beginner
386,44,Female,157.13006941156627,74.03277171970805,muscle_gain,beginner
387,68,Female,164.24813023649884,77.56593069384704,muscle_gain,intermediate
388,51,Male,154.62387947643734,77.0199113874373,weight_loss,advanced
389,66,Male,163.79412850923683,48.84617194615145,weight_loss,beginner
390,55,Female,160.82510339717595,70.49207488970083,weight_loss,intermediate
391,41,Female,154.8936636520938,49.0629501256162,muscle_gain,advanced
392,25,Male,146.88517430510603,106.81517965528022,cardio,intermediate
393,41,Female,163.85472154798637,52.77113266691397,cardio,beginner
394,43,Male,177.93090900885034,62.22067063420513,cardio,advanced
395,65,Male,171.65155120518776,40.0,cardio,beginner
396,61,Male,170.18078905298302,68.3611926625463,muscle_gain,advanced
397,17,Male,150.19193178872027,62.790154578046,cardio,intermediate
398,29,Female,166.75831872856614,74.62012488571442,weight_loss,intermediate
399,15,Male,172.73289083862954,53.350392413952974,cardio,advanced
400,62,Male,159.21281931926475,103.52862080013554,weight_loss,beginner
401,65,Female,175.31586320826963,100.67259662046855,weight_loss,beginner
402,64,Female,185.0903903762307,67.55502907676431,weight_loss,advanced
403,55,Female,166.69987689090635,72.26621114174985,weight_loss,intermediate
404,33,Female,181.7825844486434,57.24465398736078,muscle_gain,intermediate
405,54,Female,168.28757766962073,90.30783508034854,muscle_gain,intermediate
406,22,Female,167.1131816058473,71.16555555393364,cardio,intermediate
407,67,Male,190.70452424671987,45.60323742585943,weight_loss,advanced
408,16,Female,156.48690236276835,63.170344641466876,muscle_gain,intermediate
409,48,Female,190.6224619052085,84.32179025352993,weight_loss,beginner
410,17,Male,169.66194762666544,63.300071641743756,cardio,beginner
411,17,Male,161.3013356102263,79.87327265852029,muscle_gain,intermediate
412,63,Male,160.12058616494622,55.58014918879934,muscle_gain,advanced
413,26,Male,164.54454058781704,85.19346774063024,cardio,advanced
414,70,Female,164.66032296453278,64.29695258186635,cardio,advanced
415,36,Male,172.47527380370565,94.7669406922869,weight_loss,advanced
416,45,Male,161.0891428660957,75.92149817082758,cardio,beginner
417,74,Male,172.91415569166867,65.1555606712834,cardio,intermediate
418,22,Male,140.0,61.35416005680912,weight_loss,beginner
419,40,Female,174.1793049712807,67.2938102543105,weight_loss,beginner
420,42,Male,163.96682429986416,74.1311842254931,muscle_gain,beginner
421,64,Male,167.65782412393324,65.25017171639564,weight_loss,advanced
422,74,Female,176.45998071166397,76.42217595924309,muscle_gain,beginner
423,34,Male,184.91018733790236,86.88213246339745,muscle_gain,intermediate
424,18,Male,155.83657372335924,86.13232822573164,weight_loss,beginner
425,33,Male,182.12414963195724,100.58055121558255,muscle_gain,advanced
426,68,Male,148.98321623978583,97.704031833188,weight_loss,advanced
427,66,Male,163.88309712059012,75.7769534404478,weight_loss,intermediate
428,49,Male,161.06015067765543,85.98364996363743,muscle_gain,advanced
429,50,Male,152.55679473151528,70.71993894084676,cardio,beginner
430,32,Female,165.0052020351766,46.750994120095164,cardio,advanced
431,40,Male,173.49928852669703,80.86840807316607,cardio,beginner
432,24,Female,179.6048105013579,70.0675949904545,weight_loss,advanced
433,25,Male,164.09041808340416,83.38126664359373,muscle_gain,advanced
434,21,Male,149.16597258650057,59.97920410440004,cardio,advanced
435,36,Male,168.18066745767464,69.08192013264632,muscle_gain,beginner
436,16,Male,161.81997786768375,47.6000974651292,muscle_gain,beginner
437,31,Male,153.29187197881444,74.86202482622471,cardio,beginner
438,27,Female,167.41422199635457,85.54323909383967,cardio,advanced
439,39,Male,165.29584393685323,72.04685003380541,weight_loss,intermediate
440,62,Female,171.45452730577284,87.76354830680505,cardio,intermediate
441,65,Male,166.93536719567294,75.1426240362635,cardio,beginner
442,41,Male,166.01013084618856,40.67656379080213,muscle_gain,advanced
443,51,Male,149.49639213223156,90.83943146408893,weight_loss,advanced
444,24,Male,161.02980605625152,66.87527663376979,weight_loss,advanced
445,48,Male,185.17833149930067,61.963671348749926,weight_loss,intermediate
446,74,Female,164.0956798631242,86.70675653911239,weight_loss,beginner
447,42,Female,180.35470511487785,64.42684059516931,muscle_gain,intermediate
448,65,Male,167.91529233039887,89.86136701345674,muscle_gain,advanced
449,31,Female,167.23602269433516,67.48573575408102,cardio,advanced
450,62,Female,140.0,57.66285130052075,weight_loss,intermediate
451,40,Female,154.24344859102703,64.15818834201755,muscle_gain,intermediate
452,40,Female,168.91231255873808,44.42116472523998,muscle_gain,advanced
453,48,Female,179.50947490780337,43.35345802217553,weight_loss,beginner
454,27,Male,171.4820522264816,68.13871445081588,muscle_gain,intermediate
455,15,Female,165.2515439939415,63.90987952243594,muscle_gain,beginner
456,35,Female,146.31593207313423,77.087426101512,weight_loss,beginner
457,18,Female,172.2232396190138,94.85520481613656,weight_loss,intermediate
458,38,Female,158.05527983399034,82.36521870303653,muscle_gain,intermediate
459,47,Female,158.23418661538236,60.88453483749604,weight_loss,advanced
460,36,Female,159.58295587936433,48.51177766228052,weight_loss,beginner
461,65,Male,152.60557755040583,79.20735346354385,muscle_gain,beginner
462,65,Male,183.46290009210415,65.87461086556854,weight_loss,advanced
463,56,Male,151.78894982727985,66.20052860339533,cardio,advanced
464,43,Male,155.07726394810496,53.45501793200545,cardio,beginner
465,17,Female,162.618183428197,82.25579292576522,weight_loss,intermediate
466,68,Female,164.12212593686803,62.682252307746516,cardio,beginner
467,46,Female,156.13193724578196,83.36980040715915,cardio,intermediate
468,47,Male,179.06220871355583,82.27231351180114,cardio,intermediate
469,64,Female,179.45083297968023,57.86277782473605,muscle_gain,intermediate
470,47,Male,160.83525280176409,72.4420494810652,muscle_gain,advanced
471,63,Female,148.99539223740572,63.58502448728848,weight_loss,intermediate
472,35,Male,165.31721011641076,65.67709940828632,muscle_gain,beginner
473,34,Female,174.257472249677,74.64743876994861,weight_loss,intermediate
474,68,Female,148.4959094292386,74.69905419694479,weight_loss,advanced
475,74,Male,172.16289131632908,62.566413082627776,muscle_gain,intermediate
476,22,Female,166.12448560412864,61.01800068742389,cardio,advanced
477,26,Male,164.16054567679973,79.31449103061436,cardio,beginner
478,18,Male,175.14088735382674,71.3769533568928,cardio,intermediate
479,51,Female,157.4255201492148,59.93170857685297,cardio,intermediate
480,55,Male,164.70253552799971,63.401604006372324,cardio,beginner
481,43,Female,167.43859081122764,78.85222787024634,muscle_gain,beginner
482,64,Male,160.0153951892196,59.745276710265586,muscle_gain,intermediate
483,52,Female,160.58213137155764,66.464095763635,weight_loss,advanced
484,31,Female,174.25241554157526,84.4846477371972,muscle_gain,advanced
485,50,Female,178.7391198625728,63.4615747040752,muscle_gain,advanced
486,15,Male,166.86598844965536,52.45281814000454,cardio,beginner
487,59,Female,178.41621926950015,67.47343973492833,weight_loss,beginner
488,32,Female,159.6974895673868,106.94065997306689,cardio,intermediate
489,42,Male,168.88927034418202,61.86280294414229,weight_loss,beginner
490,42,Male,150.54925495836235,85.65813105113628,muscle_gain,beginner
491,23,Male,173.31217597307884,40.0,cardio,advanced
492,19,Male,170.68367894340855,58.752411942070594,weight_loss,intermediate
493,53,Male,173.53165599669538,81.50763807836829,cardio,advanced
494,65,Male,166.26337908905694,72.79080954730937,muscle_gain,intermediate
495,67,Male,180.38462003686942,40.0,cardio,intermediate
496,63,Male,168.67780627661105,52.70525896529272,muscle_gain,intermediate
497,47,Male,150.61667841783188,68.11261294879999,weight_loss,beginner
498,58,Female,162.02648877156716,94.68563806025662,muscle_gain,advanced
499,26,Female,147.0682865354993,82.18074948643641,weight_loss,beginner
500,31,Female,158.47128078908614,81.78858919488025,weight_loss,advanced
501,23,Male,166.92883727158255,79.5144695209632,weight_loss,advanced
502,57,Male,164.19306257139627,68.13338711195135,cardio,advanced
503,51,Female,156.00361079558007,92.89063919193134,weight_loss,intermediate
504,26,Male,179.40194736940256,42.657223610404856,cardio,advanced
505,31,Male,155.82531478415393,51.844787927650074,cardio,beginner
506,61,Female,175.53180692414725,43.903480948195096,weight_loss,beginner
507,36,Male,160.43152856123712,54.322456185918725,cardio,beginner
508,66,Male,179.38747595860127,86.18562359001629,cardio,advanced
509,74,Male,177.2109029646615,77.36280851181222,muscle_gain,advanced
510,44,Male,176.44093775651763,68.11773409291871,weight_loss,advanced
511,70,Female,162.724109770141,77.62865382206408,weight_loss,intermediate
512,61,Female,163.07097528952679,68.8321255760512,weight_loss,advanced
513,74,Male,149.65159957985165,68.85944678098399,muscle_gain,intermediate
514,59,Male,154.11966357729787,72.53818407520163,cardio,advanced
515,17,Male,174.1228750211051,63.27604103010482,weight_loss,intermediate
516,20,Male,163.59267534156706,77.96432336813243,weight_loss,beginner
517,67,Male,162.44640652686343,62.690246922217284,weight_loss,advanced
518,58,Male,146.342973732267,61.61822312064726,cardio,beginner
519,37,Female,166.14369209413928,86.65667971446538,weight_loss,advanced
520,57,Male,159.5793839347666,57.84235619375458,muscle_gain,intermediate
521,49,Female,162.94351864442785,80.52598405991178,cardio,beginner
522,44,Female,170.64069786765677,67.63946651234615,cardio,beginner
523,22,Male,159.12334317312872,75.06319952209657,weight_loss,intermediate
524,45,Female,176.53199325173387,52.69107970415291,muscle_gain,advanced
525,48,Male,164.00666862299016,92.95768299144174,muscle_gain,beginner
526,51,Male,156.77835734099477,70.1951518362096,muscle_gain,intermediate
527,67,Male,169.46543156450775,67.21353336656722,cardio,beginner
528,53,Male,149.07489580705777,79.86952646636071,cardio,intermediate
529,16,Female,165.25190777388016,84.73799444530307,muscle_gain,intermediate
530,40,Male,165.0890478396717,43.49493625236258,cardio,advanced
531,72,Male,162.0973668868792,66.41966482479144,muscle_gain,intermediate
532,56,Male,164.63425557953673,67.183906677822,cardio,advanced
533,69,Female,151.15839469978383,53.79033773096653,weight_loss,beginner
534,38,Female,182.7956402658929,83.68214809560716,cardio,advanced
535,26,Female,162.0652556558483,62.043530239304566,weight_loss,advanced
536,26,Male,164.66976388776516,47.26480898904967,weight_loss,beginner
537,39,Female,156.98550118539814,59.25180869742918,weight_loss,beginner
538,51,Female,157.82081375114967,54.53913039832173,weight_loss,beginner
539,26,Female,167.59063579227546,49.99276603060291,weight_loss,intermediate
540,35,Female,151.24157367903058,45.55748788622652,weight_loss,intermediate
541,47,Male,160.922783415413,70.37090355037148,muscle_gain,beginner
542,27,Female,183.1072079536465,69.54460353757223,muscle_gain,advanced
543,22,Male,193.94307320889368,40.0,cardio,beginner
544,36,Female,165.10341304043246,84.15429772846446,cardio,intermediate
545,29,Female,172.8582562000219,80.18479784563803,cardio,intermediate
546,58,Male,164.73820541451974,88.51309230817778,muscle_gain,beginner
547,47,Female,166.72072748332153,79.84811139382833,cardio,intermediate
548,47,Male,153.52365502948481,61.12585453767048,muscle_gain,advanced
549,60,Male,165.73429008092697,59.470571545587255,muscle_gain,beginner
550,37,Female,160.11988003401942,73.1825474879498,weight_loss,beginner
551,72,Male,180.86700493559096,67.6901672255834,muscle_gain,advanced
552,20,Female,161.07450814626333,54.178855108303324,weight_loss,advanced
553,67,Male,178.85224411447933,93.21643280778835,muscle_gain,intermediate
554,32,Male,163.08361703724552,56.92877080196914,weight_loss,intermediate
555,63,Male,171.29753295777374,75.41860079252197,cardio,advanced
556,66,Male,154.81320954917757,69.28324211596502,cardio,beginner
557,56,Male,167.57761372002886,59.415484618608104,muscle_gain,advanced
558,50,Female,156.20689998516457,87.88861894046826,weight_loss,advanced
559,33,Female,178.66384527990715,62.00276520499938,cardio,advanced
560,15,Male,157.40276588952992,76.53843917322823,weight_loss,advanced
561,66,Male,173.78414011026456,46.88561454339115,cardio,intermediate
562,71,Female,180.6866236544863,71.79692201260497,muscle_gain,beginner
563,60,Male,160.6842528519563,68.51162243611901,cardio,beginner
564,30,Male,161.76998852493674,59.02512066795945,muscle_gain,advanced
565,17,Female,161.3158174576289,65.0068602910642,weight_loss,intermediate
566,72,Male,156.5849047900075,62.72463806106089,weight_loss,advanced
567,48,Female,158.83293515265115,112.77117057576575,cardio,intermediate
568,18,Female,154.74923535690573,65.56644260783378,cardio,intermediate
569,45,Male,170.52961900673316,62.598142053117655,weight_loss,advanced
570,53,Female,166.0518200882718,73.52581594951128,cardio,intermediate
571,47,Female,152.36494825769145,60.49473690169076,weight_loss,advanced
572,30,Male,168.34040080299144,81.7512303702612,weight_loss,intermediate
573,17,Male,163.96738234494498,67.56802593581534,muscle_gain,intermediate
574,59,Female,173.14484255107865,98.43621313406061,cardio,beginner
575,18,Male,168.06906363334966,68.54145571661277,cardio,intermediate
576,64,Female,181.37004378785804,48.23672930634849,cardio,advanced
577,41,Male,173.4480369600003,65.22083435157629,muscle_gain,beginner
578,66,Male,166.5397767732846,88.60640989864767,cardio,beginner
579,72,Male,170.230557090358,61.87742052600776,muscle_gain,advanced
580,35,Female,155.39819207338374,78.10679969261159,cardio,intermediate
581,48,Female,189.86631388362537,71.77910527103352,muscle_gain,beginner
582,51,Female,147.1827111964454,77.08008769753165,muscle_gain,advanced
583,25,Male,163.49537909889787,89.42046308138612,cardio,advanced
584,30,Male,181.9817558515241,76.86642021223962,muscle_gain,advanced
585,56,Female,150.44016234835973,63.785603694515025,cardio,intermediate
586,20,Male,167.98582111715126,64.90565982567992,muscle_gain,intermediate
587,36,Male,164.15121729071458,67.37544713775716,cardio,intermediate
588,36,Female,165.31838533807922,101.58458867914075,muscle_gain,intermediate
589,40,Female,147.36619508828903,82.55724958122416,cardio,intermediate
590,17,Male,155.0264954362251,69.29716320202358,muscle_gain,advanced
591,29,Female,164.1065960323483,83.4728510433557,weight_loss,intermediate
592,21,Male,162.99478567861948,60.75922651182198,muscle_gain,beginner
593,53,Female,167.81871929994674,96.01916065550733,cardio,intermediate
594,39,Female,167.1698438663054,63.151542215078756,cardio,advanced
595,71,Female,174.72182974677605,40.0,cardio,intermediate
596,35,Female,148.79635353982542,78.88952225928477,muscle_gain,intermediate
597,27,Female,183.9111894729816,82.78381382824006,muscle_gain,beginner
598,51,Male,172.45842621534348,65.86979183143254,cardio,intermediate
599,66,Male,167.5881360047657,77.81662027675735,weight_loss,intermediate
600,64,Male,178.71064069140394,53.35697165877738,cardio,advanced
601,41,Male,155.76895994403884,48.665025164687,cardio,advanced
602,66,Female,163.69054195638893,63.18655703777555,muscle_gain,advanced
603,53,Female,162.9991405495597,62.10965118632571,cardio,intermediate
604,71,Male,169.00515594121322,54.23221915283917,weight_loss,advanced
605,35,Male,157.12680080468178,66.37845050116141,cardio,intermediate
606,23,Male,159.86962638728804,72.4163459767687,weight_loss,intermediate
607,22,Female,170.0635928121228,64.98302563534037,muscle_gain,advanced
608,28,Male,174.23144762991768,80.28169162553198,muscle_gain,intermediate
609,74,Male,171.3387344757185,55.753225717672656,muscle_gain,advanced
610,18,Female,168.69867049735802,68.34819733464373,weight_loss,advanced
611,63,Female,171.15355734792044,74.86065934051247,muscle_gain,intermediate
612,44,Male,177.9720392200178,97.75804293115098,muscle_gain,intermediate
613,25,Female,161.49697017490297,76.8179469556168,muscle_gain,advanced
614,71,Male,155.47763691939556,66.14842266647626,cardio,advanced
615,39,Male,172.03198813389068,57.28676934071132,muscle_gain,intermediate
616,19,Male,143.31103758712848,70.61649428190746,weight_loss,advanced
617,27,Female,147.46576734652174,66.92797370320082,muscle_gain,beginner
618,56,Female,167.22439444528138,57.09298938896887,weight_loss,advanced
619,15,Male,158.49373607180738,65.58387167763456,weight_loss,advanced
620,46,Male,173.0811100630406,79.76300532979926,weight_loss,beginner
621,53,Male,168.98208507601186,89.99671401052716,cardio,intermediate
622,32,Female,169.53224494726308,66.29113863642758,cardio,intermediate
623,52,Female,174.40446417143548,97.27296844640685,cardio,beginner
624,73,Male,178.60805520797697,43.738498267348625,muscle_gain,advanced
625,42,Female,169.15927899822978,60.27902387366851,weight_loss,intermediate
626,72,Male,163.0005271321031,71.09305384894984,muscle_gain,intermediate
627,51,Male,163.73839174339236,80.10960965627423,muscle_gain,advanced
628,32,Male,172.22425268594887,51.709360425348095,weight_loss,intermediate
629,68,Female,157.97125737494176,51.736243018793395,weight_loss,beginner
630,43,Male,159.8542630188797,106.13051273396569,weight_loss,intermediate
631,15,Male,170.67073783520388,73.46609162068194,weight_loss,advanced
632,26,Female,151.85834138223217,56.30302245375616,weight_loss,beginner
633,72,Male,144.43409915022252,57.640488956292955,weight_loss,intermediate
634,55,Female,165.56886976405747,102.05431920579824,weight_loss,beginner
635,46,Male,170.38565937750857,63.906807247538175,muscle_gain,intermediate
636,41,Female,179.32986495194166,50.247101652636445,cardio,intermediate
637,40,Female,163.96444912269098,55.98103935106063,muscle_gain,intermediate
638,73,Female,156.72471568451132,65.99606869115588,muscle_gain,intermediate
639,32,Male,151.92319465468069,67.89120897595843,weight_loss,advanced
640,40,Female,153.02928552181874,83.02932025055257,cardio,intermediate
641,36,Male,183.61565478728113,92.27910292561766,muscle_gain,beginner
642,16,Male,170.13917239074357,59.609760355609914,muscle_gain,beginner
643,42,Male,170.2742517500778,79.7060744182135,weight_loss,intermediate
644,49,Male,162.52800402797408,88.11592435605107,weight_loss,beginner
645,59,Female,157.69533416489912,103.00774023659147,cardio,intermediate
646,67,Female,157.0508256097485,77.82259517291021,cardio,intermediate
647,72,Female,166.6706104163584,53.04636850378509,weight_loss,beginner
648,46,Female,153.71170762143393,79.4274239473653,cardio,advanced
649,22,Female,158.0012708698298,40.0,weight_loss,intermediate
650,47,Female,165.6252651798104,94.69249160935591,cardio,beginner
651,15,Male,172.12830883928424,74.43189804618751,muscle_gain,beginner
652,27,Female,154.11446034603355,70.18052791931555,weight_loss,beginner
653,46,Male,160.13961530738064,71.96842498951304,muscle_gain,beginner
654,15,Female,153.85196735382902,65.24344319582595,muscle_gain,advanced
655,66,Female,164.31099136617678,83.53503726343784,weight_loss,advanced
656,73,Male,175.46172172582175,40.0,muscle_gain,advanced
657,54,Female,148.1092222964037,84.78666605257914,weight_loss,intermediate
658,56,Male,163.9592763765161,53.75918941360011,cardio,beginner
659,34,Female,179.23810786828716,60.100786380183834,cardio,advanced
660,27,Male,163.15305685771895,95.9228910249249,muscle_gain,advanced
661,26,Female,169.39639322625635,96.05120620000102,weight_loss,advanced
662,60,Female,169.16330505522092,73.9567188600435,weight_loss,intermediate
663,57,Female,173.08201759458734,99.44824400116525,weight_loss,intermediate
664,64,Female,153.49743788903697,62.507680584594866,cardio,beginner
665,17,Male,166.8096196285428,55.948354561835686,cardio,intermediate
666,18,Male,164.56276680195774,70.83228017145878,cardio,advanced
667,19,Female,160.17032408482783,66.22324756385811,muscle_gain,advanced
668,23,Male,182.55663045879857,78.13230126172577,weight_loss,advanced
669,51,Male,142.4021487314763,92.7482356741974,cardio,advanced
670,61,Male,183.01660066113234,67.9220154912038,weight_loss,beginner
671,31,Female,164.9121745316135,72.50900557706856,weight_loss,beginner
672,20,Female,160.95812054578238,52.77754097424666,weight_loss,advanced
673,53,Male,168.45675333189408,95.17079672524478,weight_loss,beginner
674,26,Female,160.55319358564725,68.73749349608485,weight_loss,intermediate
675,51,Male,150.88633428608392,77.51463738880095,weight_loss,advanced
676,34,Male,158.47123180968967,56.868146620495196,weight_loss,beginner
677,55,Female,169.398258564707,62.6831160472073,weight_loss,beginner
678,48,Male,157.07369291356167,84.0858634206353,muscle_gain,intermediate
679,34,Female,160.74214398639867,75.18170327920893,muscle_gain,intermediate
680,23,Female,157.3057524550146,67.98374516691791,muscle_gain,beginner
681,35,Male,178.57941484421278,72.82404689391322,weight_loss,beginner
682,19,Female,161.733353963889,64.98711533961419,cardio,beginner
683,32,Male,161.3421141759556,105.72612001294283,muscle_gain,intermediate
684,69,Female,149.55383606585409,106.95118972793355,weight_loss,advanced
685,36,Male,174.24677440910105,67.87078772759341,cardio,advanced
686,50,Male,155.96632659295543,71.39876748593264,muscle_gain,beginner
687,37,Female,142.38050043881537,78.2466826999776,muscle_gain,intermediate
688,52,Female,159.144103019702,80.96387684832388,weight_loss,advanced
689,59,Female,168.71083247370345,64.0592787819561,cardio,intermediate
690,49,Female,155.51637527651098,59.79980730881535,muscle_gain,advanced
691,21,Female,167.09067767998732,69.30323951401708,weight_loss,intermediate
692,63,Female,160.7513920324654,71.43942000942019,weight_loss,beginner
693,41,Female,156.7170961387842,93.88060006569233,cardio,intermediate
694,28,Male,171.5576137838293,66.16954247605933,muscle_gain,intermediate
695,62,Female,167.73669240341653,78.0386529489256,weight_loss,intermediate
696,53,Male,169.60050497254232,51.352432777472934,weight_loss,advanced
697,57,Female,174.48176939553238,81.77140059782923,muscle_gain,intermediate
698,64,Male,158.69636658651416,95.08248261527119,cardio,advanced
699,50,Female,158.55591561847,85.15509118636967,cardio,beginner
700,61,Female,167.13660308881975,40.0,muscle_gain,advanced
701,73,Male,173.51567649781907,82.37777897204576,cardio,beginner
702,53,Male,172.5920299665662,40.993494535619135,weight_loss,advanced
703,33,Female,157.49382974577588,56.99717261462218,cardio,beginner
704,20,Female,160.8592431408312,73.29862406176669,muscle_gain,beginner
705,15,Male,159.47060652384727,66.61016970864905,weight_loss,beginner
706,53,Male,140.0,85.49721117451553,cardio,advanced
707,64,Male,166.47141190442755,47.7634379761076,weight_loss,beginner
708,71,Female,165.85669075440086,53.34582077371823,weight_loss,beginner
709,15,Male,159.44155340799435,85.51836721651796,muscle_gain,advanced
710,62,Female,140.0,55.22009626698789,cardio,advanced
711,62,Male,163.00392098190622,66.03194492817123,weight_loss,advanced
712,30,Male,173.33591417116196,75.10768048521561,weight_loss,advanced
713,63,Female,165.9548202986529,66.34364515855522,muscle_gain,advanced
714,17,Female,165.96670912446388,86.25871319417136,cardio,beginner
715,31,Female,160.82999171676286,70.57426049847082,weight_loss,advanced
716,41,Female,150.03838845952075,47.15685667183702,cardio,beginner
717,30,Female,159.15064692927282,57.747186875462646,cardio,beginner
718,35,Female,143.86764710671724,84.39405472861843,cardio,beginner
719,22,Male,172.2913619112816,42.740621762518,muscle_gain,beginner
720,53,Female,164.50798386720706,59.505814077298524,cardio,intermediate
721,59,Male,190.59252003969445,59.35978476955337,cardio,beginner
722,24,Male,151.76667038321418,57.1952274750563,cardio,intermediate
723,30,Male,173.5251304301241,64.71694353745873,weight_loss,beginner
724,28,Female,178.23820359154746,83.95271665404258,muscle_gain,intermediate
725,74,Male,153.42414637752998,102.67467310327349,cardio,advanced
726,42,Female,157.17224341192622,68.59800350903885,weight_loss,beginner
727,42,Female,161.6160895537885,60.3174532623953,muscle_gain,advanced
728,61,Male,153.98694114144357,65.83545006005261,cardio,intermediate
729,35,Female,177.26810501858503,89.07738421553634,weight_loss,advanced
730,22,Male,170.36005471645024,70.24467497992869,cardio,beginner
731,43,Female,165.30696681397993,64.42957660737711,weight_loss,beginner
732,61,Male,171.1383653071763,81.03533503043468,weight_loss,beginner
733,42,Male,164.7941078323649,47.70012317764867,cardio,beginner
734,71,Female,163.46039494333658,63.23819666139162,weight_loss,advanced
735,48,Male,163.91962996724826,60.54023284767478,weight_loss,intermediate
736,45,Female,147.69955434741553,76.46173259418116,muscle_gain,beginner
737,72,Female,162.0547266240764,75.28324125304353,cardio,advanced
738,48,Female,167.2386072948814,57.380617792934345,weight_loss,intermediate
739,52,Female,155.10462698385217,59.111893943432506,weight_loss,intermediate
740,16,Male,172.74108316371633,51.78687444525832,muscle_gain,beginner
741,40,Female,156.87723928873416,56.34782716471067,weight_loss,advanced
742,17,Female,152.29178179101808,67.55557217904887,muscle_gain,intermediate
743,39,Female,177.61391306832897,42.544719652730755,weight_loss,advanced
744,45,Female,147.8057722641633,79.79325596775892,muscle_gain,advanced
745,23,Female,159.30037422984773,66.97939343866483,weight_loss,intermediate
746,59,Male,163.5967174558275,86.88977041825342,weight_loss,intermediate
747,24,Male,150.6303428339348,40.0,weight_loss,intermediate
748,50,Female,163.4142120305762,85.33406195503815,weight_loss,beginner
749,74,Male,182.9638983076233,69.93297059170489,weight_loss,intermediate
750,41,Female,157.6229603358745,80.75163791745685,cardio,beginner
751,22,Male,165.51455419870499,68.69077876161155,muscle_gain,advanced
752,60,Male,173.15193830036785,85.15653918008644,weight_loss,intermediate
753,34,Male,164.1844215709836,55.50915752939592,cardio,intermediate
754,31,Female,146.43676895812166,50.165116114060055,muscle_gain,advanced
755,41,Female,159.45524580617553,93.19528326700521,weight_loss,advanced
756,23,Male,178.00978797814477,71.35107399454093,weight_loss,intermediate
757,38,Male,159.03779295397098,83.39633359693781,weight_loss,intermediate
758,17,Female,171.46682582494557,77.95840965443439,muscle_gain,beginner
759,58,Male,180.2260467865295,72.73695491850064,cardio,advanced
760,60,Male,164.95732615031926,69.91097998445471,weight_loss,intermediate
761,62,Male,173.63805823244644,73.71760987759048,cardio,advanced
762,29,Male,167.49674876167316,61.28210805740024,cardio,advanced
763,58,Female,159.63763717294705,51.63663717295604,weight_loss,intermediate
764,65,Male,175.0545569471229,70.63103650267585,weight_loss,advanced
765,44,Male,160.90581663735654,69.0199335123215,cardio,beginner
766,46,Female,168.57176466916877,64.3879394900408,weight_loss,intermediate
767,24,Female,172.46888619149448,72.11141520022332,weight_loss,beginner
768,59,Female,170.2239218687691,84.22936559800993,muscle_gain,advanced
769,41,Female,167.53498143829646,70.88979115439531,cardio,advanced
770,51,Female,169.79804141128025,70.78155779109836,cardio,advanced
771,28,Female,170.39064250144003,58.8260735702834,muscle_gain,advanced
772,56,Male,167.6250274600503,75.30040100242111,weight_loss,advanced
773,67,Male,151.71924431826238,74.3733109372184,muscle_gain,intermediate
774,42,Female,167.9636645485716,40.216458092247706,cardio,advanced
775,46,Male,156.74220553294663,58.51409522387437,weight_loss,advanced
776,72,Male,166.93477001366855,84.50152248693477,weight_loss,beginner
777,41,Female,170.65925356677553,107.2594238682077,muscle_gain,intermediate
778,21,Male,168.65073166207077,68.04616327915876,muscle_gain,beginner
779,21,Male,166.35664166878877,55.05897657160409,weight_loss,beginner
780,45,Female,173.88052895228844,64.11965574994122,weight_loss,intermediate
781,30,Male,157.55326708653604,94.2494379561265,cardio,advanced
782,27,Male,140.0,74.26111167849857,muscle_gain,intermediate
783,15,Male,155.3725797685144,78.62024236703476,cardio,beginner
784,24,Female,172.42014627759954,79.61418208408024,cardio,beginner
785,67,Male,163.0267421675178,52.228386886873395,cardio,beginner
786,29,Female,166.35357670290082,74.55707369623264,muscle_gain,intermediate
787,49,Male,166.5324884116478,48.188225268817206,muscle_gain,beginner
788,23,Female,184.69446470617518,94.54639304358288,weight_loss,intermediate
789,72,Male,168.3173511470302,41.76103033361848,cardio,beginner
790,36,Male,150.2310711286269,74.48943425058667,muscle_gain,beginner
791,74,Female,180.5262618943841,84.13915655225904,cardio,advanced
792,49,Female,151.53480536145224,96.09569686480866,weight_loss,beginner
793,53,Male,180.38343410682378,56.17188588173758,cardio,advanced
794,34,Female,168.69403270893233,72.35939025888707,cardio,beginner
795,16,Female,162.73105379460512,66.48250696095926,muscle_gain,beginner
796,68,Female,149.64050708785106,59.81933301531454,weight_loss,intermediate
797,33,Female,146.7917435978672,71.32704405010877,muscle_gain,beginner
798,69,Male,152.2935356500476,74.23977654815937,cardio,beginner
799,57,Male,167.77992563774373,52.383305914636594,weight_loss,intermediate
800,67,Female,152.36027294912424,89.9579458092065,cardio,intermediate
801,37,Male,153.0174178108656,63.60309038901535,muscle_gain,advanced
802,61,Female,188.1896660562893,79.17258158255541,cardio,intermediate
803,41,Male,178.43620253437368,96.96188826264111,weight_loss,advanced
804,40,Male,162.28811081194232,65.0937365281848,weight_loss,intermediate
805,21,Male,162.55721093215197,65.95825305672659,muscle_gain,beginner
806,25,Male,151.61406924491865,76.4458941025487,weight_loss,beginner
807,61,Male,167.7677916005691,54.323251682407594,muscle_gain,beginner
808,21,Male,176.9584024470007,67.56292565456053,muscle_gain,beginner
809,25,Female,160.5210755458661,48.67599393146199,cardio,intermediate
810,25,Female,150.7394676139426,73.82746477749673,muscle_gain,advanced
811,55,Female,164.07581075255476,79.26793957141327,cardio,advanced
812,21,Female,166.53708846373968,87.53878775564797,muscle_gain,advanced
813,61,Female,170.10654124377774,65.13815629220736,cardio,intermediate
814,65,Male,156.2459909001326,68.40449274290941,muscle_gain,beginner
815,26,Female,172.23729148290596,75.67790185690929,muscle_gain,advanced
816,57,Male,162.18075699295008,42.814295824922,weight_loss,intermediate
817,47,Female,152.91157616455865,84.95516437282436,muscle_gain,intermediate
818,73,Female,182.55858629002404,73.16495710977638,muscle_gain,advanced
819,60,Male,152.4203896566624,79.19051012759658,cardio,beginner
820,40,Female,169.30449023615327,55.29883239890172,weight_loss,beginner
821,44,Female,166.63374360646642,73.41484755734649,muscle_gain,advanced
822,60,Female,153.85005180415897,40.0,cardio,intermediate
823,47,Male,172.7632756018351,92.88416925652669,muscle_gain,beginner
824,29,Female,191.8808828561058,85.3017868238637,weight_loss,advanced
825,46,Female,166.40718340116968,56.23815431976374,weight_loss,advanced
826,68,Female,164.38591719941618,86.88544287289751,muscle_gain,intermediate
827,37,Male,177.4372280181273,85.43199668212254,cardio,intermediate
828,27,Female,178.73170098361226,110.0272792963444,muscle_gain,intermediate
829,71,Male,171.44911567393146,65.98474487899118,cardio,intermediate
830,20,Female,171.87762759296845,79.94997831994694,muscle_gain,beginner
831,58,Male,159.43447177381736,76.3063992555386,cardio,advanced
832,21,Female,159.92457173839696,68.60769406070915,muscle_gain,intermediate
833,40,Female,177.89020265568377,77.21162997192113,cardio,intermediate
834,45,Male,172.8611002202656,91.55273739636448,muscle_gain,intermediate
835,44,Female,157.93518811542305,65.58760019392838,weight_loss,intermediate
836,70,Female,170.0567500528694,60.16719830749547,weight_loss,advanced
837,31,Female,163.7909380014697,73.61894009620381,muscle_gain,beginner
838,15,Female,152.19255231979733,84.94598524554897,cardio,beginner
839,53,Female,161.91818787550955,49.567298226687726,muscle_gain,beginner
840,32,Male,168.8995218918636,62.51162123560343,muscle_gain,intermediate
841,67,Female,162.86170388760885,73.60702043836892,muscle_gain,intermediate
842,51,Female,160.61475738506618,93.43213336027522,muscle_gain,intermediate
843,30,Female,163.42805328807802,62.90617338189386,muscle_gain,intermediate
844,52,Male,162.0188669725066,49.92143525986946,cardio,intermediate
845,64,Male,167.45412252883716,74.1643755454811,cardio,beginner
846,20,Male,166.1347739088114,52.40662070867688,weight_loss,advanced
847,19,Female,157.87111787352148,59.76369875551033,cardio,beginner
848,71,Female,184.65565419752545,70.46732286704632,cardio,advanced
849,50,Male,144.3519655668843,77.62310273677205,weight_loss,advanced
850,71,Male,153.54271242071584,82.15278590093395,muscle_gain,beginner
851,67,Female,142.8515759609439,72.61792141430846,cardio,advanced
852,58,Female,164.51762202217353,46.24253181205172,muscle_gain,beginner
853,45,Male,163.60539278395055,59.95526997087764,muscle_gain,intermediate
854,69,Male,157.47119197531498,40.0,weight_loss,beginner
855,45,Female,160.7552382696124,55.99528687183712,cardio,beginner
856,53,Female,161.36933328906994,59.843329983475805,weight_loss,beginner
857,23,Female,165.34442497691796,51.34792471043595,cardio,advanced
858,40,Male,155.24944154424898,91.77765329147711,muscle_gain,intermediate
859,49,Male,146.2142857304224,67.75371021685584,muscle_gain,beginner
860,65,Female,188.77785614194835,61.05430893111771,cardio,intermediate
861,50,Female,166.42139818568631,63.77839275704831,muscle_gain,intermediate
862,18,Male,169.22002416029446,40.0,cardio,advanced
863,39,Female,164.2849909974632,90.556893460474,weight_loss,beginner
864,71,Female,163.2697807126381,65.22387795182415,muscle_gain,intermediate
865,51,Female,165.6664969240059,65.77584941125119,muscle_gain,intermediate
866,44,Male,166.84733190003539,51.227166543328046,muscle_gain,intermediate
867,33,Male,167.55478969012043,77.57475780370861,weight_loss,advanced
868,37,Male,169.7533628904135,49.107326145625535,muscle_gain,beginner
869,53,Female,163.13079809084772,58.83801835766762,muscle_gain,beginner
870,50,Female,168.12790342862,81.63577626759611,cardio,beginner
871,26,Male,174.239683624953,90.94393424111387,weight_loss,intermediate
872,64,Male,162.294782824957,70.5689752550605,muscle_gain,beginner
873,61,Male,155.6747533241514,67.12165533780566,cardio,advanced
874,74,Male,158.69676111943187,104.28803426246209,cardio,intermediate
875,51,Male,176.66031215114756,74.11232681761786,muscle_gain,intermediate
876,26,Female,159.96929372164144,48.724301697172635,cardio,intermediate
877,15,Female,160.3613558398281,58.14436866725322,weight_loss,beginner
878,43,Female,142.24580932912812,69.89969175379795,muscle_gain,beginner
879,72,Male,149.48097754500952,94.23614532921782,muscle_gain,intermediate
880,28,Male,158.00017782822908,62.10430663816935,cardio,beginner
881,31,Male,168.66686561191204,66.9519179578556,cardio,beginner
882,40,Female,171.37636362806245,88.03105709846635,cardio,intermediate
883,59,Female,173.86453300832005,74.82165750800843,weight_loss,intermediate
884,34,Male,183.26732264877631,67.98797889980833,muscle_gain,intermediate
885,51,Male,148.63010837369026,82.13711741950678,cardio,beginner
886,56,Female,160.3224278034699,54.46573697133293,weight_loss,advanced
887,43,Female,175.59927546861925,60.84108131478993,weight_loss,beginner
888,62,Female,171.49245743542448,80.67130313193992,cardio,beginner
889,46,Female,166.89400739528614,54.34540521672679,cardio,intermediate
890,38,Female,171.2704670164646,67.99391219179272,muscle_gain,beginner
891,65,Female,170.28065545400153,66.4861751414297,muscle_gain,beginner
892,64,Female,157.50370214099635,65.28070564381771,cardio,advanced
893,21,Female,147.73937008709797,61.059403509904755,weight_loss,advanced
894,22,Male,162.80936436090414,74.17610044213994,cardio,beginner
895,63,Male,186.9026251643108,56.563117421990846,cardio,beginner
896,37,Male,155.58098765830422,70.57656021897243,muscle_gain,intermediate
897,21,Female,149.06758365390112,96.68773774762363,muscle_gain,beginner
898,51,Male,149.95128189177507,95.83446745587648,weight_loss,beginner
899,66,Female,165.68309290731918,54.31428635240421,weight_loss,advanced
900,16,Female,140.3516220336536,83.81370912622424,muscle_gain,intermediate
901,67,Female,157.6893918997979,69.86507283021321,weight_loss,advanced
902,19,Male,174.8889567564665,62.19403258410698,cardio,intermediate
903,68,Male,166.23282521630605,77.05777464436667,muscle_gain,intermediate
904,28,Female,192.9583854085796,52.0915052417656,weight_loss,beginner
905,56,Male,173.33545988746192,66.22792679894529,cardio,intermediate
906,51,Female,167.1421974309378,40.0,weight_loss,advanced
907,49,Female,182.34989234792786,96.23576937532364,weight_loss,beginner
908,23,Male,167.89239153249082,69.21716707621567,cardio,intermediate
909,26,Female,170.3507180182946,45.33144952591843,cardio,beginner
910,20,Female,167.89223492968605,89.7692597956731,muscle_gain,intermediate
911,59,Female,163.2993572686965,91.95547006485425,muscle_gain,beginner
912,18,Female,156.94009857216278,59.286429105327954,cardio,beginner
913,67,Male,157.02962348629723,77.49913528030416,weight_loss,beginner
914,39,Male,159.19305097616416,41.996104662919535,muscle_gain,beginner
915,32,Male,170.65299973684031,40.0,muscle_gain,advanced
916,27,Male,171.56192740033003,63.978835565362424,muscle_gain,intermediate
917,18,Male,172.62011836375504,73.19327662210372,cardio,advanced
918,22,Male,166.74974182821884,75.84050812504651,weight_loss,beginner
919,56,Female,159.3684454007952,67.1548695585777,cardio,beginner
920,53,Male,154.42745837520718,74.68876545343356,muscle_gain,intermediate
921,33,Male,170.12239871369587,63.069906355267705,weight_loss,advanced
922,48,Female,164.72175736936535,42.23562579220486,cardio,intermediate
923,44,Female,168.21827429435743,45.09087643913133,weight_loss,beginner
924,61,Male,164.93745207076762,74.16714207558115,cardio,advanced
925,57,Female,176.36063872371017,90.31683153941984,weight_loss,beginner
926,69,Male,169.4587459536973,67.29931144675882,cardio,intermediate
927,31,Female,156.98562248627022,61.28807958912232,weight_loss,advanced
928,30,Female,160.3420193887719,60.37082713624339,cardio,beginner
929,30,Male,161.35075408568554,73.99314616835822,cardio,intermediate
930,66,Male,177.44555470158815,79.95137960644186,weight_loss,intermediate
931,20,Male,157.40112445096426,69.6725966462336,muscle_gain,advanced
932,45,Female,158.99302778052666,55.59741317761123,weight_loss,intermediate
933,23,Female,174.3237469554924,70.38322388581358,muscle_gain,intermediate
934,63,Female,160.38988056540086,49.98607554760091,weight_loss,advanced
935,57,Female,153.48321517427524,78.35914659413582,weight_loss,advanced
936,27,Female,164.2110618498127,67.87619311489685,muscle_gain,advanced
937,55,Female,165.69986843614822,70.81364462695973,cardio,beginner
938,53,Male,169.23182638064904,94.2104308944585,muscle_gain,intermediate
939,32,Male,154.45723143442328,91.29935361871756,muscle_gain,intermediate
940,72,Male,175.27691589368928,86.54584949590895,muscle_gain,beginner
941,50,Male,163.40326833491585,75.63304358587754,weight_loss,beginner
942,20,Male,159.49093659617247,61.56619121158342,cardio,advanced
943,22,Female,154.17704372145155,55.89903516282061,cardio,beginner
944,52,Female,159.04162264449488,75.50128695409165,weight_loss,beginner
945,28,Male,180.55659641316853,106.07647932433157,muscle_gain,advanced
946,65,Male,179.7478321130438,66.46657012050468,muscle_gain,advanced
947,57,Female,169.43948453999937,56.23407760295242,muscle_gain,intermediate
948,38,Female,156.65145714137844,80.1112137668014,muscle_gain,intermediate
949,41,Female,178.6624869351973,66.44818505849457,cardio,beginner
950,16,Female,165.87675212175606,86.62496249826623,muscle_gain,beginner
951,66,Female,171.11901437072024,65.73193953788844,muscle_gain,intermediate
952,69,Male,172.9339198584912,95.0379271755765,weight_loss,advanced
953,27,Male,163.67307087008666,68.3992372497882,muscle_gain,intermediate
954,52,Male,170.52549796485945,56.937293003645834,muscle_gain,advanced
955,20,Female,164.78305185643362,76.53895705895827,muscle_gain,advanced
956,67,Female,167.71475586356362,85.62488980038624,muscle_gain,intermediate
957,44,Female,171.22014611880456,61.01087749794438,muscle_gain,advanced
958,58,Male,167.61992041579285,79.49778996057877,muscle_gain,intermediate
959,56,Male,166.0238785115091,61.90646327158781,muscle_gain,intermediate
960,37,Female,157.76706342228167,61.72538703355666,weight_loss,advanced
961,55,Male,156.30001757247604,67.07797886612974,weight_loss,intermediate
962,42,Male,165.91173545229918,68.06252639446112,muscle_gain,intermediate
963,21,Female,183.12044061155564,59.38675848665228,weight_loss,intermediate
964,36,Female,168.3849528700008,48.528863846115144,muscle_gain,intermediate
965,21,Female,156.822555638526,79.42656827387738,cardio,beginner
966,38,Female,166.07205364503005,76.83989629332541,cardio,intermediate
967,33,Female,148.48753142729174,70.96823148444787,weight_loss,intermediate
968,44,Male,176.35979022154456,87.66272752652233,cardio,intermediate
969,68,Female,173.1071359448142,60.35560830126006,weight_loss,beginner
970,19,Female,167.3202412840044,90.15114641698142,cardio,advanced
971,40,Male,172.36309967498025,67.83835652980613,muscle_gain,advanced
972,22,Female,172.37479748437474,62.2892465661441,muscle_gain,intermediate
973,53,Male,167.03330018723565,82.81548415868778,cardio,advanced
974,18,Male,178.6616079551806,64.4606078199856,weight_loss,advanced
975,70,Male,167.72681788454005,68.69174591284143,weight_loss,beginner
976,69,Female,157.53337001760528,45.17728177985643,weight_loss,intermediate
977,74,Male,164.52272017153928,88.83125949783646,muscle_gain,beginner
978,45,Female,162.10272155623875,57.48352349843101,weight_loss,advanced
979,45,Male,154.6803111036012,88.99509073873406,weight_loss,intermediate
980,37,Female,168.85851831193324,70.79076133310629,cardio,advanced
981,40,Female,163.7463560791485,93.55040414152853,weight_loss,intermediate
982,62,Male,157.36366550475017,75.74622463916778,muscle_gain,advanced
983,54,Male,166.23652148182478,55.445760413617855,weight_loss,intermediate
984,28,Female,149.59969138683147,80.90146335947682,weight_loss,intermediate
985,28,Female,171.38425400311712,77.72675391675763,cardio,advanced
986,18,Female,157.23666460459648,62.94515345688752,muscle_gain,advanced
987,16,Female,158.13183712575707,44.30103242315689,muscle_gain,intermediate
988,51,Female,167.85685981205376,72.77257063993814,cardio,intermediate
989,26,Male,175.19208778687272,76.04872451952133,weight_loss,advanced
990,22,Female,165.1433400734491,57.40556201163059,weight_loss,advanced
991,34,Female,150.28150761801984,63.72925135061143,weight_loss,intermediate
992,56,Female,179.25031553574627,59.88371696056288,weight_loss,advanced
993,38,Female,188.46154302471143,67.99703282940867,weight_loss,intermediate
994,46,Female,177.84812734281292,82.14405849521194,muscle_gain,intermediate
995,19,Female,169.74927811571325,59.47502884080531,muscle_gain,advanced
996,68,Female,170.22394209026578,62.03048983647098,muscle_gain,advanced
997,49,Male,166.8186609933725,76.90597706902727,muscle_gain,advanced
998,72,Male,154.83986414904618,49.635784251869765,weight_loss,intermediate
999,46,Female,176.3609644424833,52.75074494326806,cardio,beginner
1000,68,Male,167.2973727952418,72.42528545374215,cardio,beginner
1001,66,Female,175.16479593858688,50.602292772360045,cardio,intermediate
1002,59,Male,163.9869169829531,71.771650208866,cardio,intermediate
1003,16,Female,142.60290983989228,74.7124761294999,muscle_gain,beginner
1004,68,Female,164.11970278325313,73.74936841907568,cardio,advanced
1005,17,Female,174.650615093799,68.07390086249819,cardio,beginner
1006,25,Male,160.20204502233486,74.69812610921036,weight_loss,intermediate
1007,57,Female,159.44410377936572,55.36948012845716,cardio,advanced
1008,71,Male,152.7904565504514,41.57339899070763,weight_loss,beginner
1009,30,Female,176.5436258846935,75.05973282874466,muscle_gain,intermediate
1010,34,Female,173.8354902036511,62.34336589768354,weight_loss,intermediate
1011,42,Male,155.27099232435896,69.07345431208672,weight_loss,advanced
1012,62,Female,156.97187903911586,72.32946069738695,cardio,intermediate
1013,45,Female,163.52312038014693,55.803472133672265,muscle_gain,intermediate
1014,18,Male,175.17381303794693,74.21824176514625,cardio,advanced
1015,44,Female,167.2029494966223,67.48063198510319,muscle_gain,beginner
1016,68,Female,172.78483183464877,82.28039510509677,cardio,intermediate
1017,38,Female,153.93332090291307,64.02935002475145,muscle_gain,beginner
1018,68,Female,177.2725672144093,98.91523970984184,cardio,advanced
1019,43,Female,156.63988589252324,80.4978903846406,muscle_gain,intermediate
1020,39,Male,169.6780829470845,74.50446075013855,cardio,intermediate
1021,41,Female,161.45914609260464,86.01454894860781,cardio,advanced
1022,62,Female,165.553166271589,79.583724298076,muscle_gain,advanced
1023,20,Female,176.34521584266156,51.42619636763192,weight_loss,intermediate
1024,45,Female,163.23133594334675,92.83636738844808,weight_loss,advanced
1025,53,Female,164.0040344168209,46.15953786792134,muscle_gain,intermediate
1026,41,Male,173.56090207818693,59.01223035171026,muscle_gain,beginner
1027,34,Female,171.89657579248356,86.12120439806546,cardio,intermediate
1028,52,Male,166.56197720514814,55.142674957893334,muscle_gain,advanced
1029,49,Male,162.48838503155426,96.70849800447826,cardio,beginner
1030,74,Male,183.3054788924187,58.05398693842365,weight_loss,advanced
1031,27,Female,174.1049494349743,61.25143602472986,muscle_gain,intermediate
1032,56,Male,164.29789049382026,84.55132177898501,muscle_gain,intermediate
1033,28,Female,173.37699538323898,66.90393523659904,weight_loss,beginner
1034,61,Female,169.16755930835063,92.2086458798093,cardio,beginner
1035,70,Male,167.19829916607756,65.67871718279866,weight_loss,beginner
1036,22,Female,170.76838223247765,92.29418504495999,muscle_gain,advanced
1037,58,Female,153.76984342022791,54.41321158133208,cardio,advanced
1038,23,Male,170.13179528360186,53.99684637726297,cardio,beginner
1039,21,Male,157.87514782707132,80.52174157874602,muscle_gain,advanced
1040,41,Male,164.5295661310129,85.44598867681142,weight_loss,advanced
1041,43,Male,165.00186958625255,56.569981715853196,muscle_gain,beginner
1042,38,Male,176.5646859840128,71.43092108224252,weight_loss,intermediate
1043,73,Female,161.05994151637717,88.60387629377868,cardio,beginner
1044,17,Female,160.5063080153499,77.60767620811154,weight_loss,beginner
1045,59,Female,180.94301454373144,67.34057502651773,weight_loss,intermediate
1046,66,Female,163.79699930186223,76.87928726548674,muscle_gain,intermediate
1047,60,Female,181.93926640922228,55.47301654239079,cardio,intermediate
1048,41,Male,175.76788838141277,40.0,weight_loss,intermediate
1049,15,Female,168.84470735750082,67.7206323944572,cardio,beginner
1050,66,Female,156.48023805681922,77.62465901284892,weight_loss,advanced
1051,59,Female,157.10110014405248,60.53027942686633,cardio,intermediate
1052,26,Male,161.36370123918522,74.28495091403002,muscle_gain,intermediate
1053,65,Male,164.0857911817113,76.30712982580268,muscle_gain,intermediate
1054,60,Male,165.10011946591945,64.05201415719645,weight_loss,advanced
1055,49,Female,175.88900312612407,76.4254953116571,weight_loss,advanced
1056,17,Female,174.07797269966193,103.95415431501712,muscle_gain,beginner
1057,47,Female,163.32461986817583,53.515568931708,weight_loss,advanced
1058,70,Male,167.22093197787004,83.91576687586162,weight_loss,intermediate
1059,45,Male,170.01011843593443,80.85998189122444,weight_loss,intermediate
1060,20,Female,174.45927098525524,90.4192846988806,muscle_gain,advanced
1061,65,Male,164.87731573627352,52.265985626684724,muscle_gain,beginner
1062,53,Male,154.33000025688887,58.30663378822963,cardio,intermediate
1063,31,Female,168.00482310295163,45.39108179442026,muscle_gain,advanced
1064,56,Female,164.2593023829789,46.363145433963524,weight_loss,advanced
1065,36,Male,170.27072369005765,102.53528123060659,weight_loss,beginner
1066,20,Male,178.35963352502878,67.18792986430476,weight_loss,beginner
1067,74,Male,181.49315683219817,40.0,cardio,beginner
1068,20,Male,146.91682282736068,59.74769231976293,muscle_gain,beginner
1069,61,Male,154.514111406198,82.71578693430762,weight_loss,advanced
1070,59,Female,183.01946330946652,74.11820383744843,muscle_gain,advanced
1071,65,Female,167.86802003826247,63.378707135572206,muscle_gain,beginner
1072,64,Male,159.3004619336551,61.979553057572566,weight_loss,advanced
1073,23,Female,169.03198719517863,78.69868188936861,weight_loss,advanced
1074,60,Male,153.47576577242808,63.57711727534888,cardio,advanced
1075,63,Male,172.6122363748629,67.12143296331581,weight_loss,advanced
1076,20,Male,155.48287837569694,76.39310283736312,muscle_gain,advanced
1077,63,Female,169.67305905228943,88.70313592920753,weight_loss,advanced
1078,68,Male,175.80733986721197,62.37253558019059,cardio,intermediate
1079,16,Female,180.2812753030207,66.49339218437458,muscle_gain,beginner
1080,18,Female,148.57578460741834,74.90143053149154,cardio,intermediate
1081,61,Male,163.22886355900286,73.95109962770559,weight_loss,advanced
1082,68,Female,168.00594883516374,81.22396369427217,cardio,beginner
1083,64,Female,155.59873914062575,40.0,weight_loss,advanced
1084,68,Male,182.64233271722782,64.19592136844649,muscle_gain,advanced
1085,38,Male,171.9429071897694,88.48722776009949,weight_loss,beginner
1086,72,Male,162.46753765473585,85.29327034020304,muscle_gain,advanced
1087,50,Female,145.11998591685574,79.31931402208104,cardio,intermediate
1088,61,Male,171.28480815922347,74.5815751350411,muscle_gain,advanced
1089,59,Female,178.42700388551464,61.09283300391431,muscle_gain,advanced
1090,18,Female,146.0612623001702,58.16055777686595,cardio,intermediate
1091,28,Male,172.17574227204815,70.39362493672702,muscle_gain,beginner
1092,71,Female,169.01442000775995,85.04504773125696,weight_loss,beginner
1093,22,Female,186.76788794606173,67.97220206981052,cardio,advanced
1094,15,Female,154.27638760378437,67.32227525819533,muscle_gain,beginner
1095,71,Female,159.74414831296278,50.642564908832895,weight_loss,advanced
1096,39,Male,147.6444943931931,87.24154558047763,muscle_gain,beginner
1097,32,Male,162.05126747683374,77.1221564941906,muscle_gain,advanced
1098,15,Female,159.46936123117774,75.94826168355549,muscle_gain,intermediate
1099,72,Male,168.78712649063732,68.39623393845304,weight_loss,advanced
1100,53,Male,152.82623004288163,52.04738048317249,cardio,intermediate
1101,56,Male,165.69540245401765,68.23970347779395,weight_loss,intermediate
1102,52,Female,172.0077678722353,73.88751991699034,muscle_gain,intermediate
1103,37,Male,155.0583836365889,78.5613249297765,weight_loss,intermediate
1104,67,Female,169.7888880418903,79.98400090396574,muscle_gain,intermediate
1105,53,Female,163.87823022083398,100.39489366693202,weight_loss,beginner
1106,58,Female,175.40460102266155,76.01170181754773,weight_loss,advanced
1107,43,Male,189.20792414455835,77.37804437998571,muscle_gain,intermediate
1108,26,Female,171.9188680941726,65.4277576202408,weight_loss,intermediate
1109,21,Female,155.75105304769696,62.296020148611895,cardio,advanced
1110,74,Male,177.93876924613986,43.7429510312662,weight_loss,intermediate
1111,25,Female,168.9961177953506,46.46618263740099,cardio,intermediate
1112,37,Male,161.69661223478764,49.12810823122625,muscle_gain,intermediate
1113,39,Female,143.20389300458586,52.74161493142062,muscle_gain,advanced
1114,18,Female,167.81513551683506,90.6923656763075,muscle_gain,intermediate
1115,33,Female,156.89072091616254,57.323803478504246,weight_loss,advanced
1116,31,Female,167.37120371938065,67.6052229935617,cardio,intermediate
1117,32,Female,157.2950301295446,78.00985319094612,weight_loss,beginner
1118,38,Female,170.72443827435694,75.05990752101349,muscle_gain,advanced
1119,29,Male,178.05144359605896,70.04953383123137,muscle_gain,intermediate
1120,53,Female,167.85061974536416,79.95314318250664,weight_loss,advanced
1121,59,Male,162.23506336216843,74.59272936417803,weight_loss,advanced
1122,54,Male,164.5954404401038,101.45993629647589,weight_loss,intermediate
1123,74,Female,173.96591248704468,74.6584798919152,weight_loss,advanced
1124,26,Female,165.93061319138843,72.57135407943028,weight_loss,advanced
1125,33,Male,168.5101161388206,77.24147388603336,cardio,intermediate
1126,53,Male,165.84764015001244,56.71887684696449,weight_loss,advanced
1127,69,Female,168.28005015898074,58.78009010492255,cardio,advanced
1128,41,Female,158.9386614863519,73.59106992276641,cardio,intermediate
1129,46,Female,170.31578525543418,100.47402664076395,weight_loss,advanced
1130,48,Female,160.099977947122,96.59217221609404,muscle_gain,advanced
1131,73,Female,177.14449159451453,68.56045492025666,cardio,intermediate
1132,52,Female,162.38172991393353,41.44448000931068,cardio,intermediate
1133,22,Male,166.51683484086558,75.13041601895645,weight_loss,advanced
1134,26,Male,180.9032273458118,76.60893701388355,weight_loss,beginner
1135,48,Male,174.21432354952597,63.69870684923763,weight_loss,intermediate
1136,71,Female,167.65001903207767,68.8160852708476,muscle_gain,beginner
1137,66,Female,148.24877208691413,69.33834739885353,cardio,intermediate
1138,65,Female,162.3253612459568,78.73764525482771,muscle_gain,advanced
1139,44,Male,145.60383046078584,64.72873658107083,muscle_gain,beginner
1140,25,Male,179.8858686554455,94.01475477562619,weight_loss,intermediate
1141,16,Female,150.31683692700727,76.03974210424045,weight_loss,beginner
1142,24,Female,177.71162071074318,64.09685821069579,cardio,advanced
1143,74,Female,169.52934133516192,68.51443152987677,muscle_gain,beginner
1144,49,Female,168.23480431579833,46.04328928832775,cardio,advanced
1145,32,Male,158.39317527417467,92.08870409099382,cardio,intermediate
1146,32,Female,155.34495525148657,78.13755659232929,cardio,beginner
1147,50,Female,171.04686264892624,50.84525245269295,cardio,advanced
1148,68,Female,161.1040330896003,71.46348936946443,weight_loss,intermediate
1149,43,Male,166.0991141422237,62.125318260442015,cardio,beginner
1150,68,Male,169.9761752356541,53.83538099053848,cardio,advanced
1151,73,Female,181.64546896328204,87.19270292401362,weight_loss,intermediate
1152,57,Male,169.04715159549843,90.97670733454339,cardio,beginner
1153,23,Male,161.53690250529664,81.29986153130353,weight_loss,intermediate
1154,66,Male,154.07362857784796,67.70743865935007,cardio,intermediate
1155,65,Female,159.46659673833906,56.787851886222015,weight_loss,advanced
1156,63,Male,167.84156187314025,85.20626672173097,weight_loss,beginner
1157,43,Male,167.14844326151794,72.41357934636285,weight_loss,advanced
1158,68,Male,165.46869575284543,76.28127231060134,weight_loss,beginner
1159,40,Male,175.34670762123318,61.90754160075461,muscle_gain,intermediate
1160,56,Female,148.7065211008636,64.8662593824053,muscle_gain,beginner
1161,45,Male,171.73537626161362,67.10802704382024,muscle_gain,intermediate
1162,56,Male,170.17111947609308,55.48564941395645,muscle_gain,intermediate
1163,57,Female,167.0006015513156,40.0,cardio,beginner
1164,58,Female,158.15656963329226,57.9316214414692,weight_loss,advanced
1165,67,Male,155.46786160671505,49.06337575885439,weight_loss,beginner
1166,36,Female,147.0210471361346,83.13942446173962,cardio,advanced
1167,31,Female,158.4352037757673,75.98894087790552,weight_loss,intermediate
1168,36,Male,178.18910018344394,62.29721325518161,cardio,advanced
1169,17,Male,168.71913357901755,55.19738850462192,weight_loss,intermediate
1170,25,Female,172.23558524111763,53.69418285449006,muscle_gain,intermediate
1171,69,Female,167.4374013303571,71.90117844772571,cardio,beginner
1172,62,Female,157.44930502488745,69.35278583574289,cardio,advanced
1173,15,Male,165.79694891110702,62.966833406293276,muscle_gain,beginner
1174,62,Female,160.46961823775052,79.8972848410723,weight_loss,advanced
1175,38,Female,152.7917797950703,54.57546967447555,weight_loss,advanced
1176,51,Female,162.09739108902468,69.8162128332597,weight_loss,advanced
1177,73,Male,159.69509938443892,80.58000855894338,weight_loss,beginner
1178,54,Female,183.1177196356649,77.13662560423082,weight_loss,intermediate
1179,51,Female,152.17781920470802,73.90635826694896,cardio,beginner
1180,67,Female,164.4037465897517,40.0,weight_loss,intermediate
1181,40,Male,169.27781972837644,73.305416316498,muscle_gain,advanced
1182,69,Female,153.99265060213824,47.20635839896042,muscle_gain,advanced
1183,17,Male,173.35928384872736,109.18129517314384,cardio,advanced
1184,71,Female,165.84463006842682,44.992941366499586,muscle_gain,intermediate
1185,63,Female,150.09135295962494,58.25718111590193,cardio,intermediate
1186,32,Male,174.62829342945415,49.14322571929712,weight_loss,beginner
1187,49,Female,163.71257134973706,60.438425859074144,cardio,intermediate
1188,45,Female,168.7430617620971,50.88670111943357,muscle_gain,intermediate
1189,40,Female,159.86371047311619,88.80452197431677,muscle_gain,beginner
1190,56,Male,162.19809484879357,59.948696002737854,cardio,advanced
1191,46,Female,158.77575533281575,68.30981850753236,weight_loss,beginner
1192,65,Female,173.1868283585618,87.46739809238372,cardio,advanced
1193,38,Male,182.12379253554522,40.0,weight_loss,beginner
1194,62,Male,177.90749666316424,55.89031832542341,muscle_gain,intermediate
1195,58,Male,173.7260445716626,77.68501263425216,cardio,intermediate
1196,15,Male,154.8111497820515,59.78381550596338,muscle_gain,beginner
1197,17,Female,156.7011110035108,59.751557383212216,cardio,advanced
1198,67,Female,178.92923182801627,80.39826550787345,cardio,advanced
1199,61,Male,140.0,86.47810323694367,muscle_gain,advanced
1200,57,Female,163.7807426634279,88.03111455187603,weight_loss,advanced
1201,60,Male,155.02600878097175,42.24818172823835,weight_loss,intermediate
1202,58,Male,144.88358141335044,52.37062323557366,cardio,intermediate
1203,67,Female,200.0,76.0436186312503,cardio,beginner
1204,68,Female,155.23387465256934,56.51277012498676,weight_loss,advanced
1205,66,Female,166.6424063169716,75.03939125788715,weight_loss,beginner
1206,49,Male,166.54112757927973,58.621823327159305,muscle_gain,beginner
1207,19,Female,173.42871968723378,65.33242978601909,weight_loss,beginner
1208,62,Male,165.2960649187563,55.435780835289236,muscle_gain,beginner
1209,64,Male,151.92812285171894,86.27192784800197,cardio,advanced
1210,46,Female,181.4075177752896,81.24258773940467,cardio,intermediate
1211,20,Female,177.75952523578513,92.5235685287544,cardio,intermediate
1212,70,Male,161.2281760360077,57.079100113283644,weight_loss,beginner
1213,70,Female,171.76968261693438,59.721575970701636,muscle_gain,advanced
1214,50,Female,170.8359452785095,51.872462447626944,weight_loss,beginner
1215,38,Male,173.3282920190515,88.52999898449016,muscle_gain,intermediate
1216,25,Female,170.1370529437738,84.91781955628997,weight_loss,advanced
1217,54,Male,163.00812480975344,49.684240392011745,cardio,intermediate
1218,16,Male,165.5671054234127,68.98789694216356,cardio,intermediate
1219,38,Female,154.10794374424833,86.6098516641334,cardio,intermediate
1220,31,Male,152.46258954344856,65.89511573699261,muscle_gain,intermediate
1221,51,Female,143.36244213988027,88.04425182226836,weight_loss,advanced
1222,61,Male,160.11656506212628,64.28133201082998,weight_loss,beginner
1223,25,Female,163.9598225146055,87.7307571286645,weight_loss,advanced
1224,27,Female,167.6272347145438,74.09576306669801,cardio,advanced
1225,28,Female,157.42329321341558,63.84333388790605,weight_loss,intermediate
1226,73,Male,174.60618356324412,44.009452848634474,muscle_gain,advanced
1227,70,Male,179.55555922743466,63.61693412194258,weight_loss,beginner
1228,38,Male,182.8528836235991,54.287911285484626,weight_loss,advanced
1229,48,Female,188.2293924498415,54.33699489169883,cardio,beginner
1230,40,Female,159.06152470661496,69.4838783419099,weight_loss,beginner
1231,73,Male,167.68377788525916,78.63799738906684,muscle_gain,beginner
1232,18,Male,166.97907684764712,51.38701004411174,weight_loss,beginner
1233,39,Female,176.26152155857926,68.05292043466193,weight_loss,advanced
1234,62,Female,173.84580740279114,65.02383669279612,muscle_gain,intermediate
1235,45,Male,165.3602558602864,50.33763085354037,muscle_gain,advanced
1236,73,Male,171.2613755550331,68.4086201072101,cardio,beginner
1237,37,Female,180.50026103556752,68.9397239450571,cardio,advanced
1238,62,Male,169.00756841905573,66.24658571514219,cardio,advanced
1239,23,Male,153.87391698724636,78.1744653725481,cardio,beginner
1240,54,Male,156.70405066232772,46.79690951489327,cardio,intermediate
1241,38,Male,178.95607076368864,65.70150292660486,cardio,advanced
1242,19,Male,163.07866711203263,71.52486000306979,muscle_gain,advanced
1243,16,Male,169.722138666419,62.01011178303535,muscle_gain,advanced
1244,43,Male,165.63519152622686,49.42611018966268,muscle_gain,intermediate
1245,65,Male,178.99891265471948,54.611149229000176,cardio,beginner
1246,68,Male,163.10177500914622,55.6556935662803,weight_loss,intermediate
1247,32,Female,169.43118911072636,73.99643399627169,muscle_gain,intermediate
1248,17,Male,165.07280160839892,62.373403354933714,weight_loss,intermediate
1249,20,Male,162.84655479280408,49.847181774030524,muscle_gain,intermediate
1250,26,Male,155.81931141322454,60.51119391308841,muscle_gain,advanced
1251,72,Female,169.67296922652088,87.77924439036062,muscle_gain,advanced
1252,59,Female,157.42222299430588,49.31536698422296,weight_loss,advanced
1253,49,Female,166.20314545566913,86.86889447214688,cardio,advanced
1254,54,Female,165.25560963145907,78.08889897616685,weight_loss,intermediate
1255,19,Male,163.8532106502348,84.54970242195498,muscle_gain,beginner
1256,36,Female,154.9552865074172,83.02176439074269,muscle_gain,beginner
1257,29,Male,160.52755692598515,71.63706109149349,cardio,intermediate
1258,73,Female,162.4384714983286,50.50369601281254,weight_loss,beginner
1259,54,Male,157.62017196638064,67.58074389540113,muscle_gain,advanced
1260,67,Male,153.65316814120578,58.908533522297276,muscle_gain,intermediate
1261,38,Female,176.58962521547326,53.88493622451017,muscle_gain,advanced
1262,49,Female,168.91644289784512,88.69966912833272,weight_loss,advanced
1263,37,Male,166.54501845510254,82.36474699943035,cardio,beginner
1264,48,Male,159.77713498562795,54.75219025453831,cardio,intermediate
1265,56,Male,159.12839812047517,49.57664531835589,weight_loss,beginner
1266,29,Female,155.6254079340021,96.67473704426996,muscle_gain,intermediate
1267,20,Female,144.03053100515496,68.3172059170169,weight_loss,intermediate
1268,66,Male,152.18737051792522,85.41096572336576,cardio,advanced
1269,69,Male,147.85255355686405,69.37509887805793,cardio,intermediate
1270,36,Female,163.2311238806708,65.93358352429027,cardio,beginner
1271,74,Female,168.7939184684241,43.553202271443205,cardio,advanced
1272,43,Female,163.0501843263786,62.919293892703635,muscle_gain,intermediate
1273,39,Male,159.47428138976997,45.79132929244878,cardio,beginner
1274,29,Female,160.18759727205605,59.18416067162618,cardio,intermediate
1275,62,Female,154.7149908451015,58.03823050284424,weight_loss,beginner
1276,71,Male,178.92561386070574,76.09412649192876,weight_loss,advanced
1277,69,Female,159.61477320682778,90.24999345115226,weight_loss,intermediate
1278,39,Female,157.56954403217387,44.80792904000447,weight_loss,beginner
1279,28,Male,167.39960528754776,74.55551262535963,cardio,intermediate
1280,51,Male,172.18857520668024,48.867661453473964,weight_loss,intermediate
1281,20,Female,169.0385278984145,73.0311096240814,weight_loss,beginner
1282,43,Male,169.66873717120944,73.0094066116109,cardio,beginner
1283,44,Female,180.3625473395442,68.07114426003892,muscle_gain,advanced
1284,33,Female,165.87720102657798,71.48277858200746,weight_loss,beginner
1285,42,Male,167.45751335084123,95.2742577342059,cardio,advanced
1286,21,Female,171.93057351851584,55.73986389093019,muscle_gain,intermediate
1287,38,Male,154.31545212993953,56.09794223074124,cardio,advanced
1288,56,Male,156.60796518846712,74.0666999587987,cardio,intermediate
1289,28,Female,168.48441814903728,50.06872276025891,muscle_gain,beginner
1290,70,Female,151.36707551576555,83.63140935494762,muscle_gain,beginner
1291,68,Female,167.77702185106094,88.08224170848078,cardio,beginner
1292,59,Female,171.47957743642087,100.39697194893627,cardio,beginner
1293,23,Female,168.71632414620774,66.32204590325308,muscle_gain,intermediate
1294,69,Male,175.20626660860074,63.623029920977146,muscle_gain,intermediate
1295,37,Male,169.57472176793135,75.97103085765364,cardio,intermediate
1296,54,Male,157.68675372084323,94.90831522998366,cardio,advanced
1297,24,Female,164.17684867145653,62.18507052581195,cardio,intermediate
1298,22,Female,170.14405708518748,62.40763527763147,muscle_gain,intermediate
1299,19,Female,157.65112408151285,73.75212657151378,muscle_gain,advanced
1300,53,Female,179.66425899761506,88.5874510465081,cardio,advanced
1301,72,Male,159.914431721649,61.93176986241839,cardio,advanced
1302,31,Female,169.4200089677979,48.05344701282581,weight_loss,beginner
1303,52,Female,174.69851583517334,75.48638111910927,weight_loss,advanced
1304,51,Male,164.44806303267282,94.84641499485892,weight_loss,beginner
1305,45,Male,177.55306912641035,51.99494529213253,cardio,beginner
1306,39,Male,149.6313117344905,82.61174551507315,cardio,beginner
1307,28,Female,151.86773985403119,77.00988775552433,weight_loss,advanced
1308,21,Female,165.68590739332262,96.22872883889104,muscle_gain,beginner
1309,55,Female,167.53862710384004,73.1744216139366,cardio,intermediate
1310,61,Female,154.9210677754736,86.89924108555965,cardio,intermediate
1311,72,Male,169.25411704454558,53.09160057079697,weight_loss,beginner
1312,68,Male,154.6289237407022,60.74061435523208,muscle_gain,intermediate
1313,21,Female,169.81127659728847,77.35671429755844,muscle_gain,intermediate
1314,24,Female,166.06494589003145,50.40010362267789,weight_loss,intermediate
1315,58,Female,162.76169319096056,61.86154144793737,weight_loss,beginner
1316,42,Female,153.57106079648136,68.23887520490611,weight_loss,beginner
1317,40,Male,168.02809120973797,78.58145714522588,muscle_gain,beginner
1318,69,Female,150.8697315542587,60.775880735853576,cardio,intermediate
1319,65,Female,178.60702340194715,105.57465369447861,weight_loss,advanced
1320,42,Male,182.0602060138294,72.14291254661622,cardio,beginner
1321,30,Female,153.80365863843554,76.71243230506303,weight_loss,intermediate
1322,59,Male,142.41988324963486,40.0,cardio,advanced
1323,46,Female,180.68699655719823,50.94950290492014,muscle_gain,intermediate
1324,72,Male,160.91109832551123,66.45946518878576,weight_loss,beginner
1325,19,Female,168.23657498655712,65.99452600294534,muscle_gain,intermediate
1326,24,Male,165.44889975771184,69.06600412044644,muscle_gain,intermediate
1327,62,Male,166.0008056380722,93.29716729000646,weight_loss,intermediate
1328,41,Male,170.82122636665991,82.03601789102437,cardio,intermediate
1329,30,Female,174.77808635086558,64.14641890399461,muscle_gain,advanced
1330,49,Female,166.85903297178086,60.92313312557455,weight_loss,intermediate
1331,35,Female,148.36689651950817,46.30582368932408,weight_loss,advanced
1332,62,Male,147.81178101804366,91.66671033085434,weight_loss,intermediate
1333,57,Female,159.39247757580836,62.38881127427797,muscle_gain,advanced
1334,30,Female,177.01978188968056,73.78508003968683,muscle_gain,advanced
1335,32,Female,157.7670117043863,70.70951853418153,weight_loss,beginner
1336,62,Female,156.58323608255014,83.15760327041193,weight_loss,advanced
1337,19,Female,160.6025273654747,65.45754997373359,cardio,intermediate
1338,54,Male,152.52249619315785,80.98436449073088,muscle_gain,beginner
1339,21,Male,152.12773059460756,93.74512721397255,cardio,intermediate
1340,33,Male,160.23389871415665,81.95252873674957,weight_loss,advanced
1341,54,Male,168.24742705107556,67.7295322240497,weight_loss,advanced
1342,65,Female,153.43420136925806,79.69423275406052,muscle_gain,advanced
1343,54,Female,163.07806017418767,71.74753422047502,muscle_gain,beginner
1344,46,Male,151.05860715477013,58.61576564395152,muscle_gain,intermediate
1345,20,Male,169.29845619059347,43.63495510252716,muscle_gain,intermediate
1346,25,Female,174.88691008905226,91.79507713985493,muscle_gain,intermediate
1347,55,Male,167.68792852701316,72.01185558906602,muscle_gain,intermediate
1348,43,Male,154.84059951319384,66.18311928112722,cardio,beginner
1349,26,Male,176.98533894357956,75.23550992411856,cardio,advanced
1350,65,Male,176.91659520633678,79.06393363259717,cardio,advanced
1351,61,Female,165.2100886505136,77.88832428183441,cardio,beginner
1352,20,Male,160.77796824034712,49.10154530410239,cardio,advanced
1353,54,Male,159.3109485826352,76.31198948255846,weight_loss,intermediate
1354,68,Female,170.81091119563462,62.37442910508281,cardio,advanced
1355,51,Male,161.19102806990642,66.75871557744392,weight_loss,beginner
1356,64,Male,153.42170590110715,73.45909042534794,muscle_gain,advanced
1357,67,Male,155.46538537425664,63.05348528439794,weight_loss,intermediate
1358,26,Female,144.58060957668067,54.33880145025431,muscle_gain,beginner
1359,53,Female,153.69913581993782,61.47263290316289,muscle_gain,advanced
1360,40,Male,165.75013262887987,84.36721933906905,weight_loss,advanced
1361,27,Male,171.13007519509463,90.80744202130494,muscle_gain,beginner
1362,31,Female,166.35385778929788,58.00326762258344,weight_loss,advanced
1363,69,Female,176.45003162715116,85.44394871645991,cardio,intermediate
1364,36,Female,169.81647622770583,67.58390909646133,cardio,advanced
1365,30,Male,150.34007525557644,54.199364912804256,muscle_gain,intermediate
1366,21,Male,167.55087232797447,63.59443835532521,cardio,advanced
1367,17,Male,171.30692875015384,79.39983441940583,weight_loss,advanced
1368,66,Male,166.16779062712612,103.44018479808614,muscle_gain,advanced
1369,42,Male,170.43048325750163,55.39672494247299,muscle_gain,intermediate
1370,64,Female,157.75217054534193,64.61649569712395,muscle_gain,intermediate
1371,72,Female,151.65661285284102,79.04397208441667,muscle_gain,intermediate
1372,44,Female,153.91097985298313,50.509704204316805,cardio,intermediate
1373,29,Female,155.5407221793197,40.0,weight_loss,beginner
1374,55,Male,148.2119272124548,61.98631073615444,muscle_gain,advanced
1375,45,Female,165.66381859285548,64.49268384045911,muscle_gain,beginner
1376,30,Male,180.72266628574332,62.23637009344642,muscle_gain,beginner
1377,72,Female,181.74292079446303,76.14363868087302,cardio,intermediate
1378,32,Male,163.38335087821946,76.58919169077045,weight_loss,beginner
1379,59,Male,164.55255045673806,80.11849426783819,weight_loss,intermediate
1380,68,Male,170.7136744584272,72.45163916391598,muscle_gain,intermediate
1381,46,Male,166.79232633986706,53.226871480450626,muscle_gain,beginner
1382,73,Female,166.25015676180726,56.04919057301502,weight_loss,intermediate
1383,63,Male,170.10949410401113,80.54742739181633,muscle_gain,advanced
1384,16,Female,174.07270584804203,63.79087560390677,cardio,intermediate
1385,73,Female,168.9526347110612,63.16525281237665,weight_loss,intermediate
1386,65,Female,172.45495278172743,40.0,weight_loss,beginner
1387,68,Male,173.87148398735275,55.1891262943128,muscle_gain,intermediate
1388,33,Female,186.32495049840128,80.53125256402325,cardio,advanced
1389,34,Male,161.10590034511878,80.6273637351927,cardio,advanced
1390,70,Male,164.9840674994823,72.58207820380528,cardio,advanced
1391,67,Female,158.1603201410743,101.87722587590297,muscle_gain,beginner
1392,74,Male,150.27624914287554,91.74920499880878,muscle_gain,advanced
1393,74,Male,154.07743635591936,115.68353901851879,cardio,beginner
1394,40,Male,175.6357763596804,94.29580852570737,weight_loss,advanced
1395,74,Female,158.75981930044722,52.438682136532165,weight_loss,advanced
1396,24,Female,159.2493960592693,81.68427334486789,weight_loss,advanced
1397,23,Male,185.46379686702358,54.585288932872785,muscle_gain,beginner
1398,39,Male,183.24530485915344,55.5265514228295,cardio,intermediate
1399,17,Female,162.40873913095098,83.20908223085588,weight_loss,advanced
1400,66,Female,176.12354610822595,60.924271764595844,muscle_gain,advanced
1401,32,Male,162.1072572826247,52.8061357002164,muscle_gain,advanced
1402,25,Female,145.91026367405584,50.14330190529654,cardio,beginner
1403,16,Male,165.91707962285298,81.45736153385202,cardio,intermediate
1404,43,Male,180.97800204427483,83.67980917036007,weight_loss,advanced
1405,31,Male,169.6388750602366,60.00062714148242,cardio,advanced
1406,18,Male,170.13677866021217,74.8157263690986,muscle_gain,intermediate
1407,54,Female,148.5136459787774,70.00561596254958,muscle_gain,intermediate
1408,30,Male,169.1218696923943,71.49912845271022,muscle_gain,beginner
1409,36,Male,165.33392415556955,74.61963324493203,cardio,beginner
1410,73,Male,171.72015206077296,71.21924854449372,muscle_gain,advanced
1411,46,Male,158.2521787541667,74.70865623719796,muscle_gain,intermediate
1412,71,Female,171.63057760266105,89.3882886604923,cardio,intermediate
1413,66,Female,144.71805956551964,51.62298234869515,cardio,advanced
1414,67,Female,174.37878534778145,81.21563955874456,weight_loss,intermediate
1415,65,Female,158.02385124291035,64.8171766263515,weight_loss,beginner
1416,48,Male,172.39723180504822,61.304782827898016,muscle_gain,beginner
1417,67,Female,167.73097376015767,40.0,muscle_gain,intermediate
1418,21,Male,177.61484391525408,67.12499094503343,weight_loss,intermediate
1419,24,Male,149.03044639430414,59.46903023956735,cardio,advanced
1420,71,Male,168.75326117461844,77.12731030604728,weight_loss,intermediate
1421,43,Male,164.9487750177783,74.16448376854333,weight_loss,advanced
1422,22,Female,154.30938269832427,88.19619104726118,cardio,advanced
1423,28,Female,155.29706750524363,64.66929413469911,weight_loss,intermediate
1424,70,Male,162.17986352533092,80.48208107589902,weight_loss,beginner
1425,45,Female,175.57777111867165,75.33182007504023,weight_loss,advanced
1426,20,Male,152.18404314348956,71.2548326220046,cardio,advanced
1427,36,Male,156.4799221911721,65.22686518415412,cardio,beginner
1428,61,Female,140.4262702889862,95.15855188252317,muscle_gain,advanced
1429,72,Male,150.48215763925432,84.11521350092119,muscle_gain,intermediate
1430,33,Male,140.0,82.07921551120637,weight_loss,advanced
1431,29,Male,140.0,40.0,cardio,advanced
1432,70,Female,180.41676771214586,62.49355507014918,muscle_gain,intermediate
1433,33,Male,170.86644694339228,79.82823359067324,muscle_gain,advanced
1434,70,Female,160.24656121905784,75.69103896854473,weight_loss,beginner
1435,59,Male,184.08934223057517,63.89095409569592,weight_loss,advanced
1436,74,Male,166.8716720288612,90.14888866058041,weight_loss,beginner
1437,72,Male,181.97017549553206,45.46481852854258,cardio,advanced
1438,38,Male,160.02630814140718,71.88700888527315,weight_loss,beginner
1439,61,Male,166.43407938668935,71.83941296841739,weight_loss,advanced
1440,61,Male,156.06922206774556,79.65300044844585,weight_loss,beginner
1441,45,Male,174.4900038919619,108.74216573349642,muscle_gain,beginner
1442,51,Male,173.58515514998888,90.63143497930562,weight_loss,intermediate
1443,46,Male,165.1692839327753,59.358645090892686,cardio,advanced
1444,25,Female,177.28148061704584,60.857152914546205,muscle_gain,advanced
1445,46,Male,148.78713682149555,46.33967016742549,weight_loss,beginner
1446,72,Female,159.98556948503494,97.21610547645436,muscle_gain,advanced
1447,33,Male,163.36793425388956,67.72751096321365,muscle_gain,beginner
1448,20,Male,181.59195737369305,74.88057226434941,weight_loss,beginner
1449,41,Female,158.3980270813377,75.94195021166772,weight_loss,intermediate
1450,69,Female,163.82523417136844,68.47592989185952,cardio,beginner
1451,28,Female,165.51116377754357,61.49438701033847,muscle_gain,beginner
1452,32,Female,149.67636358265025,71.9098990475533,weight_loss,beginner
1453,49,Female,168.32203684145023,82.14510759071413,weight_loss,intermediate
1454,46,Female,178.2283079306069,66.62444046221749,cardio,intermediate
1455,52,Male,156.6203806628725,88.45428690309532,muscle_gain,beginner
1456,37,Female,161.29331222720376,86.53368101728952,muscle_gain,beginner
1457,53,Female,144.51576743061037,40.0,weight_loss,beginner
1458,74,Female,148.2004654103452,50.208236869353,cardio,advanced
1459,15,Male,140.0,60.60567509380765,muscle_gain,advanced
1460,48,Male,170.99588102992894,77.96627343529359,muscle_gain,beginner
1461,32,Male,145.70332776789027,51.09800391374951,cardio,advanced
1462,17,Female,164.47473820583463,88.9366337959658,weight_loss,advanced
1463,20,Female,159.37662329921847,85.33933072021725,weight_loss,beginner
1464,73,Female,174.5015957968434,65.609838697641,cardio,beginner
1465,72,Male,155.37401796655493,64.86571375574658,cardio,advanced
1466,60,Female,172.78496623675014,59.19492385508757,cardio,intermediate
1467,25,Male,154.3511363887668,76.67649846525325,weight_loss,beginner
1468,50,Female,176.81339187978762,79.28179950749758,muscle_gain,intermediate
1469,31,Female,167.20048863143842,61.35427613962716,cardio,intermediate
1470,63,Female,169.99241346528453,64.85918080662181,weight_loss,advanced
1471,34,Male,176.7023094040662,69.62701531895583,muscle_gain,intermediate
1472,65,Female,165.48972473160097,84.45616809463738,cardio,intermediate
1473,72,Male,162.83770950671266,58.229539850885935,muscle_gain,advanced
1474,38,Female,175.35628436482546,72.39358457513636,cardio,intermediate
1475,38,Female,182.2446041234781,68.74136013265327,cardio,advanced
1476,24,Female,159.41570668207493,84.26821668749547,muscle_gain,intermediate
1477,19,Female,174.91013185593008,40.0,cardio,advanced
1478,33,Female,156.61881700995872,59.81546400991339,weight_loss,intermediate
1479,47,Female,151.1598882291386,75.78910983669168,cardio,intermediate
1480,46,Male,161.93337618724817,84.64153291564472,weight_loss,advanced
1481,58,Female,164.5723859979135,86.90304656793458,cardio,advanced
1482,33,Female,150.80449363456165,80.91842439464628,cardio,advanced
1483,72,Male,165.34374589720335,44.82935214103086,weight_loss,beginner
1484,55,Female,177.94830163783936,45.5651327329681,cardio,advanced
1485,18,Male,161.79083190819568,77.75257261690113,muscle_gain,advanced
1486,41,Female,155.5607156986949,89.71164284177328,cardio,advanced
1487,73,Male,164.5101630864144,52.94788112496732,muscle_gain,advanced
1488,31,Female,171.19528903213393,66.12534126169454,cardio,beginner
1489,73,Male,173.5706520123319,57.61775112801655,cardio,intermediate
1490,74,Male,172.8438048463357,82.57724667737268,muscle_gain,intermediate
1491,18,Male,153.8024216640943,72.48065546524329,muscle_gain,beginner
1492,47,Male,155.41059967008616,55.053098216681846,cardio,beginner
1493,67,Female,176.77595045112176,57.64365740890863,weight_loss,beginner
1494,21,Male,175.26844935034646,49.04523762524079,muscle_gain,advanced
1495,16,Female,163.40862349701058,49.09119751392345,cardio,advanced
1496,35,Female,167.4791636126369,57.455129750907055,muscle_gain,advanced
1497,66,Male,169.76525066863076,79.08663133309182,cardio,intermediate
1498,30,Female,151.75303807937934,62.348283321758785,cardio,beginner
1499,53,Male,145.83664987014092,65.36142857416098,weight_loss,advanced
1500,55,Male,172.57105089285824,90.22367477277196,cardio,beginner
1501,49,Male,154.32765572850153,74.65134035788128,weight_loss,beginner
1502,48,Male,176.465564523942,40.0,weight_loss,beginner
1503,58,Male,172.72242558924827,73.50105122248996,weight_loss,beginner
1504,19,Female,194.18693110283348,72.9397114469202,muscle_gain,beginner
1505,74,Female,162.78585060788052,49.659002247915325,cardio,intermediate
1506,48,Female,175.26622190671443,52.87466698555309,weight_loss,advanced
1507,68,Male,161.85342695137402,52.289651117191205,muscle_gain,intermediate
1508,66,Male,175.2353425650207,72.79936500062954,muscle_gain,intermediate
1509,67,Female,163.01664426986858,85.70101020760146,weight_loss,advanced
1510,54,Female,173.98900572543428,73.53817808168814,weight_loss,intermediate
1511,22,Male,189.05895122307206,91.10788509736032,muscle_gain,intermediate
1512,40,Male,161.901140050651,57.96142131523836,muscle_gain,advanced
1513,21,Female,169.26657974561417,85.63904925207558,muscle_gain,beginner
1514,20,Male,169.91452699086483,53.32245044012534,muscle_gain,advanced
1515,49,Female,152.5668494103956,73.49262908087229,cardio,beginner
1516,21,Male,155.29077361702753,55.7538808280352,muscle_gain,beginner
1517,65,Female,152.3967081868335,44.689346536727925,muscle_gain,intermediate
1518,23,Male,154.29220042023255,52.53035541772726,weight_loss,beginner
1519,15,Male,169.27557813760032,75.0633408303356,cardio,advanced
1520,70,Female,182.10615784640777,79.02923007977164,weight_loss,intermediate
1521,61,Male,180.63830988655945,68.03343530591349,weight_loss,intermediate
1522,22,Male,174.04928943480056,94.39828378151194,cardio,beginner
1523,68,Male,171.49506131943969,40.0,cardio,beginner
1524,22,Male,172.1213534869442,72.46780340960781,weight_loss,intermediate
1525,63,Male,172.34438581236193,102.16163168613662,muscle_gain,advanced
1526,26,Male,162.4765021193592,65.83520319643668,muscle_gain,beginner
1527,24,Female,163.47890568819605,63.39004583667471,muscle_gain,advanced
1528,51,Female,172.8457663792863,63.70460901339991,weight_loss,beginner
1529,66,Male,162.6535536580576,78.10361696738829,muscle_gain,intermediate
1530,57,Male,181.4878415771366,71.24978077999495,cardio,beginner
1531,44,Male,140.35141022871161,87.07131347897726,weight_loss,beginner
1532,49,Female,154.77476563955278,76.22835687275494,weight_loss,intermediate
1533,70,Female,174.17217607538683,89.70150951958529,weight_loss,advanced
1534,35,Male,158.22947956519258,71.44513007548385,cardio,advanced
1535,60,Female,180.71419627339662,96.10237407949239,weight_loss,beginner
1536,22,Female,161.84740395257367,60.34743299076925,weight_loss,intermediate
1537,54,Female,181.88094494125338,81.4982810349581,weight_loss,intermediate
1538,54,Male,175.06176841799498,61.589283480428364,cardio,advanced
1539,28,Male,174.72923665275948,60.87594578291734,cardio,advanced
1540,29,Female,169.75808097367587,74.10939054257506,cardio,beginner
1541,17,Male,159.9079641631851,66.20015674277913,cardio,intermediate
1542,18,Female,163.05746633104226,89.04665553021604,weight_loss,intermediate
1543,24,Female,149.1834520593356,84.74332255446578,muscle_gain,beginner
1544,50,Female,155.33964454459067,58.59156750633618,cardio,advanced
1545,72,Male,160.78211169804922,72.26607693208673,muscle_gain,beginner
1546,34,Female,176.24464588460484,40.0,muscle_gain,advanced
1547,48,Male,149.60002282885952,67.57016933351616,cardio,intermediate
1548,17,Male,146.32862413669315,69.34643352877283,muscle_gain,intermediate
1549,49,Female,145.62409564923144,40.0,muscle_gain,beginner
1550,58,Female,156.94108636668824,71.0073514284659,cardio,advanced
1551,70,Female,173.72392892449471,40.0,muscle_gain,intermediate
1552,52,Male,167.3758089666027,86.24516289191862,muscle_gain,advanced
1553,56,Male,160.93877056693998,72.89814294400729,muscle_gain,advanced
1554,51,Female,162.92209437385247,65.34834752197006,muscle_gain,intermediate
1555,47,Male,159.8823195252256,77.06303561910966,muscle_gain,intermediate
1556,37,Female,147.8593060844224,61.193644149760196,cardio,beginner
1557,66,Male,164.53536226333125,64.53268146950057,muscle_gain,intermediate
1558,42,Female,167.7445579487359,73.6102414185565,cardio,advanced
1559,22,Male,173.2407527038609,68.52199294242308,weight_loss,beginner
1560,57,Male,148.22464542177298,70.13311148001175,cardio,advanced
1561,61,Female,163.0995250769379,64.2977919875163,muscle_gain,advanced
1562,58,Female,158.80271021546278,67.59859034112299,muscle_gain,advanced
1563,45,Female,172.9006917452623,46.53480538175257,weight_loss,beginner
1564,52,Female,152.78027875739764,105.51535578280259,cardio,advanced
1565,62,Female,167.02488578434804,85.68921811141477,weight_loss,beginner
1566,56,Male,162.28638903029793,77.2885305708943,weight_loss,intermediate
1567,73,Female,167.90200774242413,65.55877051335582,muscle_gain,advanced
1568,74,Female,154.0943380258081,69.40885046977562,muscle_gain,advanced
1569,68,Female,162.3923550176276,76.39423494526262,muscle_gain,intermediate
1570,69,Female,168.89735904311166,79.13858853716462,weight_loss,beginner
1571,61,Male,176.08860938729717,73.20011117980904,muscle_gain,intermediate
1572,27,Female,161.3339690626811,55.22833833239796,muscle_gain,beginner
1573,64,Male,165.68742329621966,70.17323840314972,cardio,advanced
1574,65,Female,165.78815341991455,65.49518651441402,weight_loss,advanced
1575,29,Female,178.6167322604216,69.94620131589542,cardio,advanced
1576,52,Female,169.24770744906866,65.7204696417538,weight_loss,advanced
1577,53,Female,165.02662446360512,66.22114526804562,muscle_gain,advanced
1578,45,Male,161.62608549493828,83.31315690192434,cardio,advanced
1579,68,Female,164.78418999172445,56.429090349011474,cardio,advanced
1580,68,Male,158.8572174748636,77.88373655183277,cardio,advanced
1581,47,Male,155.5970546780142,85.50766247235673,cardio,intermediate
1582,36,Female,156.5798882519493,95.1451047517824,weight_loss,intermediate
1583,70,Female,148.8160078691422,86.37637183547984,weight_loss,advanced
1584,67,Male,165.5676522733616,44.85098656694199,muscle_gain,beginner
1585,21,Female,164.92238667390262,76.58492191060238,muscle_gain,intermediate
1586,26,Female,169.79722720832743,91.61634491931,muscle_gain,advanced
1587,39,Female,166.61163750650505,77.99929933749887,muscle_gain,beginner
1588,60,Female,164.0377900158129,73.92976956265593,weight_loss,beginner
1589,36,Male,160.1902042148401,66.82285184754971,muscle_gain,advanced
1590,54,Male,171.575282178982,102.81208361870227,muscle_gain,advanced
1591,67,Male,168.97014040270187,81.79077650210512,cardio,intermediate
1592,43,Female,154.09385337382722,79.09337550709603,weight_loss,beginner
1593,52,Male,168.3033266990895,67.180184873389,cardio,intermediate
1594,18,Male,159.5597620609787,69.44955565244693,muscle_gain,advanced
1595,45,Male,166.66840588441366,68.45910307946367,weight_loss,intermediate
1596,31,Female,172.41472451012754,70.70958818973729,weight_loss,advanced
1597,42,Female,167.67087831115214,61.27233216506127,weight_loss,intermediate
1598,15,Male,166.10448241409696,55.18589333811793,cardio,advanced
1599,50,Female,162.59221377466312,92.04917355167233,muscle_gain,intermediate
1600,72,Female,180.3271828373889,83.79371048412001,muscle_gain,intermediate
1601,37,Male,156.33267780285644,58.64187283742971,cardio,beginner
1602,69,Male,169.8703612159798,77.75184932822582,muscle_gain,advanced
1603,50,Female,164.0830001400362,69.29392722337575,cardio,beginner
1604,25,Male,164.5975882703377,60.753522595851315,cardio,intermediate
1605,73,Female,161.48596095446482,78.6259217509501,cardio,advanced
1606,67,Female,153.02867249374657,48.56159618775412,weight_loss,intermediate
1607,39,Male,181.05525730765584,64.91518866043512,cardio,beginner
1608,48,Male,154.9836129687015,99.4973156003963,cardio,advanced
1609,39,Male,170.73341802149352,47.61078598833558,weight_loss,beginner
1610,66,Male,165.62047699429863,69.11585730529754,cardio,advanced
1611,25,Male,181.09887800298716,76.67734938737995,weight_loss,beginner
1612,69,Female,173.8833171838888,76.17273261289847,weight_loss,intermediate
1613,32,Female,181.1542779880076,103.5056721901266,weight_loss,beginner
1614,62,Male,168.52251799325114,55.710994183201244,cardio,beginner
1615,17,Male,157.53803171669665,79.77105762013365,muscle_gain,beginner
1616,39,Female,165.5233234568589,70.36006414843764,weight_loss,intermediate
1617,70,Female,152.99325314908472,73.79726033615187,weight_loss,beginner
1618,37,Male,154.8620196982893,58.31480474625003,weight_loss,beginner
1619,63,Female,161.19419790536202,67.76408376866344,cardio,beginner
1620,69,Male,166.05345454298867,77.19039629775939,weight_loss,beginner
1621,39,Female,169.12900124771951,79.88978819506376,weight_loss,advanced
1622,31,Male,182.87642270412684,92.78720385504934,weight_loss,beginner
1623,62,Male,166.999540736668,70.36087481642124,muscle_gain,beginner
1624,37,Male,153.95028930054784,84.20002641361906,muscle_gain,beginner
1625,24,Female,192.2527839104754,73.38462710659948,cardio,intermediate
1626,66,Male,160.09383623978187,100.64123696381446,weight_loss,intermediate
1627,25,Female,163.81067712756044,55.84104948343567,muscle_gain,beginner
1628,67,Female,163.14666028951743,53.215819597238166,cardio,beginner
1629,34,Female,159.77680983104838,67.53577316098736,cardio,intermediate
1630,57,Female,175.96725144524908,52.70943702830393,muscle_gain,intermediate
1631,19,Male,170.52228086052588,83.23115517237065,weight_loss,beginner
1632,53,Male,187.223054315918,55.59670826100197,weight_loss,intermediate
1633,52,Female,161.79255877935958,74.67501994526766,cardio,intermediate
1634,74,Female,162.72414183444238,69.04737793008088,cardio,beginner
1635,50,Female,149.8377358438802,102.95254196444206,cardio,beginner
1636,44,Female,161.14935889702232,82.63141765662365,cardio,intermediate
1637,56,Male,155.18601589591236,82.34640491827169,cardio,beginner
1638,69,Male,140.0,44.19572392204485,weight_loss,beginner
1639,62,Male,156.54520868434588,55.312297508030895,cardio,beginner
1640,18,Female,168.2683815925865,58.32597229303426,cardio,intermediate
1641,31,Male,154.2344578964085,67.99145479696772,cardio,intermediate
1642,16,Male,175.32309961670606,61.20273385085366,cardio,intermediate
1643,19,Male,163.14853822088855,65.1992073874124,cardio,beginner
1644,16,Female,159.58338218431064,83.52140635264571,cardio,advanced
1645,74,Male,182.2553626123368,68.38907937796401,weight_loss,advanced
1646,29,Male,151.19147537643104,98.83967968406256,weight_loss,intermediate
1647,60,Male,161.63345632234766,59.945647507320224,weight_loss,intermediate
1648,55,Female,174.90718808160565,82.60109985823367,muscle_gain,advanced
1649,38,Female,161.82885672761427,77.44748900197187,weight_loss,advanced
1650,43,Female,153.197257699516,82.87770544930444,muscle_gain,beginner
1651,33,Male,163.79621071075607,77.01554865300731,muscle_gain,beginner
1652,31,Female,176.30536115563908,85.02863213912869,weight_loss,beginner
1653,63,Male,169.93982249278636,74.40982918991858,cardio,intermediate
1654,53,Male,166.74277169117008,48.04110395793667,weight_loss,advanced
1655,33,Male,169.38695923591987,67.527665344765,muscle_gain,intermediate
1656,70,Female,150.7297671434844,57.41234181971052,cardio,advanced
1657,68,Female,157.19670409887834,43.83025384444191,cardio,advanced
1658,35,Male,151.44733739156766,53.45906983254836,weight_loss,beginner
1659,36,Female,154.51635126213472,64.12900119702964,weight_loss,beginner
1660,37,Male,154.66126825461575,100.53443216640895,weight_loss,advanced
1661,49,Male,157.24132361091623,47.360835172400606,weight_loss,beginner
1662,71,Female,149.16624336010082,72.70249504761219,muscle_gain,beginner
1663,50,Male,173.25789344750436,62.90075927214731,weight_loss,intermediate
1664,30,Female,168.85587742291858,68.90233072315222,muscle_gain,advanced
1665,66,Male,171.2035281519551,79.49136961688625,cardio,advanced
1666,25,Male,160.96681085836056,68.13158379575664,weight_loss,beginner
1667,31,Female,169.49097974141802,57.80249086303219,muscle_gain,beginner
1668,62,Male,175.7072344701676,68.18768793016402,cardio,beginner
1669,32,Male,171.4426005515913,66.26861489133404,weight_loss,intermediate
1670,69,Male,143.98833792086262,75.73166624982052,weight_loss,intermediate
1671,19,Female,167.9741607543852,69.90754122739543,weight_loss,beginner
1672,64,Female,163.95424709974117,40.0,weight_loss,beginner
1673,51,Male,169.81747041492858,86.30245075279538,muscle_gain,beginner
1674,28,Male,166.5617382975614,66.2820974650459,muscle_gain,intermediate
1675,31,Female,169.78070814694806,65.16143969205415,cardio,beginner
1676,50,Male,169.26970677461063,64.47059482802567,cardio,beginner
1677,53,Female,148.1360386591977,87.73514008538274,muscle_gain,advanced
1678,67,Female,150.90847792485476,78.66199488291879,weight_loss,advanced
1679,60,Male,190.3441860736092,77.03308450508014,weight_loss,beginner
1680,55,Female,165.25347929650715,70.15592107902323,muscle_gain,beginner
1681,33,Male,174.44881101864868,68.32646848871,cardio,advanced
1682,29,Male,167.25512897260435,73.1399578837379,weight_loss,advanced
1683,61,Male,174.49655042586778,66.04974721308615,cardio,beginner
1684,71,Female,167.99839025873607,42.15384102667487,cardio,intermediate
1685,74,Male,145.5928279212722,74.47635220147178,muscle_gain,beginner
1686,32,Male,151.47534205694745,64.43380795693474,muscle_gain,beginner
1687,40,Female,159.97888392398718,78.62390694062468,muscle_gain,advanced
1688,61,Male,162.20039034964182,40.0,cardio,beginner
1689,44,Female,166.07525114687206,66.51703228980483,cardio,intermediate
1690,58,Male,154.53538957621114,73.51897296338046,weight_loss,intermediate
1691,19,Male,182.5336751006951,75.248118770873,weight_loss,beginner
1692,24,Female,177.93018385654355,72.43102280619065,cardio,beginner
1693,38,Female,175.58662956833234,69.93951046701622,muscle_gain,beginner
1694,36,Female,184.5049810927158,80.11661592736856,muscle_gain,advanced
1695,60,Male,173.34122284598334,79.51553798279593,weight_loss,advanced
1696,32,Male,166.6493915378095,40.0,cardio,intermediate
1697,22,Male,165.5923217614504,50.52876451381647,cardio,intermediate
1698,68,Male,171.82858702112668,55.307785870796494,muscle_gain,advanced
1699,39,Female,156.30427073701935,79.06907722315594,muscle_gain,intermediate
1700,68,Male,156.46933187577542,65.78969199320794,weight_loss,advanced
1701,40,Female,168.44991374094045,40.0,cardio,advanced
1702,25,Female,146.88083277187602,105.14489106770773,weight_loss,advanced
1703,69,Female,182.63867959961112,83.20665146836934,weight_loss,intermediate
1704,62,Female,155.6325319963492,66.76668381604718,cardio,beginner
1705,15,Female,156.3763681841242,59.52664987792475,muscle_gain,beginner
1706,69,Male,155.35735158122264,67.36635731382383,cardio,advanced
1707,36,Male,155.5164981038028,55.75481007817834,weight_loss,intermediate
1708,69,Male,165.65912072400846,67.71071625257774,weight_loss,beginner
1709,64,Male,140.0,41.72222720348325,muscle_gain,advanced
1710,31,Male,176.75350820370446,74.0554200468131,cardio,advanced
1711,48,Male,167.13557370539846,98.84556349476186,cardio,advanced
1712,74,Male,158.37645364342515,87.4873727970578,muscle_gain,beginner
1713,34,Male,158.8735548922538,89.16670549272466,muscle_gain,advanced
1714,30,Male,167.33333541996737,81.40659382968414,cardio,intermediate
1715,25,Female,168.97008031980556,77.70280126157324,muscle_gain,intermediate
1716,71,Female,161.43788205527937,80.71876498822344,cardio,beginner
1717,55,Female,163.1509045201948,81.05979793764459,muscle_gain,intermediate
1718,54,Male,142.59603295189433,55.545394734570884,cardio,intermediate
1719,40,Female,168.78667128989628,62.29412386163134,weight_loss,beginner
1720,53,Male,151.85245964035116,46.457918391919065,muscle_gain,intermediate
1721,37,Male,167.3057719276811,80.36530910038654,weight_loss,intermediate
1722,74,Male,167.31574218346194,111.02634136792179,cardio,intermediate
1723,36,Female,152.38125868360126,80.35446087610896,muscle_gain,intermediate
1724,33,Male,161.7105549404817,57.87199450826871,muscle_gain,beginner
1725,54,Female,182.71592215622948,49.712191960548736,muscle_gain,intermediate
1726,37,Male,174.27796173056208,77.01475020346668,weight_loss,intermediate
1727,50,Male,180.9368569538084,40.0,cardio,intermediate
1728,41,Male,165.75861271636055,48.97356957160554,muscle_gain,intermediate
1729,38,Female,142.50344585437117,40.0,muscle_gain,advanced
1730,41,Male,171.46455188389612,78.30244855028343,cardio,beginner
1731,59,Female,150.96882717664633,69.08119269879649,weight_loss,beginner
1732,26,Male,176.96922045432976,62.33486580857703,weight_loss,advanced
1733,36,Female,164.36123758981034,57.806350899402695,weight_loss,intermediate
1734,38,Male,165.2690575496873,73.69868644627533,weight_loss,beginner
1735,42,Male,175.62268021558774,43.95075572693341,muscle_gain,advanced
1736,49,Female,153.65789665176868,40.0,cardio,intermediate
1737,21,Female,173.31428872754398,47.58681609595852,cardio,beginner
1738,67,Male,157.05282998161505,64.30347261812521,weight_loss,beginner
1739,52,Female,160.6278852580889,79.06633991232002,cardio,intermediate
1740,20,Male,182.313780050058,92.59198103447024,muscle_gain,intermediate
1741,23,Female,169.83432228248623,62.222979754009295,muscle_gain,beginner
1742,24,Female,187.42440846018812,64.14046245624985,cardio,intermediate
1743,39,Male,155.58197928900142,91.61128415304317,muscle_gain,beginner
1744,53,Male,185.09959017695718,70.02813645930468,weight_loss,beginner
1745,62,Male,162.93756863185715,88.97993925952132,cardio,intermediate
1746,22,Male,185.14610078102498,51.47867472876763,muscle_gain,beginner
1747,41,Male,170.2125096703702,56.010964341871706,muscle_gain,intermediate
1748,17,Female,157.0943592525512,66.65991881891281,muscle_gain,beginner
1749,65,Male,157.867109665355,59.47839912686024,weight_loss,advanced
1750,58,Female,143.40717069354912,89.08025999427475,weight_loss,advanced
1751,22,Female,181.98791556348482,88.01389961538112,weight_loss,beginner
1752,26,Male,157.11318731244629,40.0,weight_loss,intermediate
1753,51,Female,171.26870070650585,64.97368161158593,cardio,intermediate
1754,71,Female,164.51370505229488,59.26232314895478,muscle_gain,advanced
1755,31,Male,164.4545551075703,48.527169448651605,weight_loss,intermediate
1756,67,Female,169.96202902243047,58.664623660897504,muscle_gain,beginner
1757,56,Male,166.2202215252062,62.97110322349864,muscle_gain,intermediate
1758,41,Male,143.36883261055831,79.6407545470387,muscle_gain,beginner
1759,68,Male,173.9076536373897,40.0,cardio,intermediate
1760,35,Female,159.6735404036659,69.92714072227997,weight_loss,advanced
1761,46,Female,173.7818460611605,70.4183794322818,cardio,advanced
1762,33,Female,140.0,57.22558338793134,muscle_gain,advanced
1763,39,Female,154.0606385814607,100.85016227775026,weight_loss,advanced
1764,64,Female,157.4401403301997,53.618652188137744,weight_loss,advanced
1765,26,Female,166.6750263910212,57.65916519021104,cardio,beginner
1766,47,Female,156.46578299824162,62.6186250803691,weight_loss,beginner
1767,24,Female,176.35498767803037,77.54302925696945,muscle_gain,beginner
1768,55,Female,177.21446440199318,45.0677411627817,muscle_gain,intermediate
1769,29,Female,169.50394741477456,77.31632724946854,muscle_gain,intermediate
1770,48,Female,140.0,60.36826908208721,muscle_gain,beginner
1771,38,Female,162.52539627740265,53.875012879071605,muscle_gain,intermediate
1772,31,Female,168.56641003443085,79.6879462170102,cardio,beginner
1773,19,Female,165.4365517906991,48.85098049204798,muscle_gain,beginner
1774,74,Female,157.25911768180316,40.186462331281476,weight_loss,advanced
1775,37,Female,165.79953991506494,74.04288516103281,weight_loss,advanced
1776,49,Female,176.0909642634823,78.66411420237887,weight_loss,intermediate
1777,39,Male,172.79900403044002,70.8590602656326,weight_loss,advanced
1778,72,Female,174.72746743416502,40.289088778770946,muscle_gain,advanced
1779,15,Female,160.16691564755322,53.66786976088386,muscle_gain,beginner
1780,34,Female,158.31717635490793,58.92813199081444,cardio,advanced
1781,44,Female,170.3275863161243,50.395837868318665,cardio,intermediate
1782,18,Female,162.107789585367,60.64817163918626,muscle_gain,beginner
1783,31,Female,167.86669583644004,84.12034223363794,weight_loss,intermediate
1784,24,Male,157.16144964915105,57.47653764065288,muscle_gain,advanced
1785,72,Male,165.30520878986778,71.01132224525298,cardio,intermediate
1786,53,Male,157.84595072748763,68.37325123291933,cardio,beginner
1787,35,Male,169.4135531618221,51.165340849779554,weight_loss,beginner
1788,40,Female,177.17485680107936,56.834054796429115,weight_loss,intermediate
1789,61,Female,152.86283982493944,61.190939091703115,weight_loss,advanced
1790,30,Male,159.86575624746064,44.46354581875572,weight_loss,beginner
1791,47,Male,183.57707561088046,59.37231031954853,weight_loss,intermediate
1792,53,Male,160.77524843849903,71.14813988592155,weight_loss,beginner
1793,65,Female,160.47475239958962,58.7550372600036,cardio,beginner
1794,15,Female,156.36228865738886,101.80761915315897,cardio,advanced
1795,52,Female,185.8247096075902,93.68440939752219,weight_loss,intermediate
1796,53,Female,156.71360257447495,70.37621552872278,muscle_gain,advanced
1797,31,Male,153.17195329575324,65.17328614980941,cardio,beginner
1798,22,Male,162.29831308748965,65.8746325822098,cardio,beginner
1799,58,Female,154.1887432481583,46.51947819290063,muscle_gain,intermediate
1800,70,Male,151.13732249996082,66.9341401740352,muscle_gain,intermediate
1801,67,Female,151.41990778437412,81.1910785444872,weight_loss,advanced
1802,30,Male,170.30405516024723,47.151084075690974,weight_loss,intermediate
1803,60,Male,173.21405519293654,74.12148772293901,muscle_gain,beginner
1804,72,Male,170.17914106593454,76.3680661096141,weight_loss,advanced
1805,42,Female,182.33167800566991,79.29227375305861,weight_loss,beginner
1806,32,Male,140.40055388054404,59.32033055157044,cardio,beginner
1807,55,Male,169.74062163768846,61.01841515356913,weight_loss,advanced
1808,30,Female,168.85968123306546,99.337771076437,cardio,advanced
1809,38,Male,169.34180112881106,58.099316788254725,cardio,intermediate
1810,32,Female,149.6064203408876,83.75562213434642,cardio,advanced
1811,61,Male,171.126726827302,61.594117909852386,muscle_gain,beginner
1812,41,Female,178.49404648458383,80.17329795274277,weight_loss,advanced
1813,18,Female,149.241758836402,80.90264378918445,cardio,advanced
1814,31,Female,168.72855450028726,69.22547618093401,muscle_gain,advanced
1815,29,Male,150.02905012214728,67.5211445736382,muscle_gain,intermediate
1816,52,Male,165.86675151512702,77.50846005102815,weight_loss,advanced
1817,68,Female,169.25752284778932,94.32260131391004,weight_loss,beginner
1818,18,Male,140.0,51.47920526491684,muscle_gain,beginner
1819,60,Male,158.69024310115026,56.811159245648156,weight_loss,advanced
1820,30,Male,152.08980633855452,72.19779025040165,muscle_gain,intermediate
1821,61,Male,167.34654688416157,67.77140386629763,cardio,advanced
1822,53,Male,160.4793356138691,88.03074685938563,muscle_gain,advanced
1823,60,Female,167.235530996292,72.6273113515821,muscle_gain,intermediate
1824,50,Female,164.07986336481952,80.59610630489533,weight_loss,beginner
1825,62,Female,160.8303509247173,95.22514124987565,cardio,advanced
1826,52,Male,161.25584503691968,89.958945370897,weight_loss,intermediate
1827,43,Male,165.64223860284127,88.52824121621016,muscle_gain,intermediate
1828,30,Female,162.20479716188584,54.78701221035975,muscle_gain,advanced
1829,28,Female,166.268315929285,40.0,muscle_gain,beginner
1830,20,Male,160.4854724277188,71.12909118852147,muscle_gain,intermediate
1831,23,Male,180.31445512550545,58.638656343035365,weight_loss,intermediate
1832,26,Female,172.98160071310514,87.09094719054427,weight_loss,intermediate
1833,49,Male,171.565102744065,70.21518214386535,muscle_gain,advanced
1834,54,Female,158.50388086579775,49.52040312657314,muscle_gain,beginner
1835,50,Female,170.9772083927509,75.41898560984761,cardio,beginner
1836,28,Female,177.91965768325872,94.16050841326502,cardio,intermediate
1837,54,Female,157.42598202105765,72.98498729513985,cardio,advanced
1838,52,Female,163.51506960408247,72.74803792561876,cardio,intermediate
1839,36,Female,171.87605636822622,91.64036925341483,muscle_gain,intermediate
1840,64,Male,161.22564782820547,41.21035743763988,muscle_gain,beginner
1841,40,Female,148.77465074784698,75.1743720400697,cardio,beginner
1842,50,Female,154.5216816814137,77.87895997174681,muscle_gain,intermediate
1843,34,Male,161.06650370203818,50.73456390723952,muscle_gain,intermediate
1844,68,Female,165.50766303947245,58.872216043754555,muscle_gain,advanced
1845,67,Male,164.2885462729244,98.05903351359702,weight_loss,beginner
1846,33,Male,158.12594031242915,67.6596210243809,cardio,intermediate
1847,28,Male,157.6561710346284,57.015771455546385,cardio,intermediate
1848,54,Male,178.1310489056408,75.17053249910046,weight_loss,advanced
1849,58,Female,149.93812976463903,75.97673093225492,muscle_gain,beginner
1850,37,Male,151.13741522762817,73.38669221676737,cardio,advanced
1851,25,Male,169.4976525735027,70.44978733147313,cardio,advanced
1852,24,Male,177.99257381209114,72.46469705628368,weight_loss,beginner
1853,47,Male,153.5091842150945,72.54778443561199,muscle_gain,intermediate
1854,57,Female,176.98313865989087,40.0,cardio,advanced
1855,70,Female,166.97541546120166,69.10808322398437,cardio,beginner
1856,61,Male,170.37918675712518,78.76073073758212,weight_loss,intermediate
1857,69,Male,146.0888148826455,53.47942176954652,cardio,intermediate
1858,25,Female,156.6342981873049,87.91252135543795,weight_loss,intermediate
1859,46,Female,162.942962801309,71.32641756639798,weight_loss,intermediate
1860,54,Male,155.10252170208636,65.11273564864098,weight_loss,beginner
1861,17,Male,157.82250570919183,63.65322027110733,cardio,intermediate
1862,23,Female,162.87431532891873,59.159216445699364,muscle_gain,advanced
1863,45,Female,159.72633694034434,58.26346745180389,weight_loss,advanced
1864,60,Female,174.57513509863853,92.0830370387099,muscle_gain,beginner
1865,52,Male,168.1074748375539,40.0,muscle_gain,intermediate
1866,46,Male,175.67226640727654,59.5873316968302,weight_loss,beginner
1867,32,Female,157.0267361842413,46.27887337504049,cardio,intermediate
1868,74,Female,165.72296948351274,75.36917297303012,weight_loss,intermediate
1869,36,Male,179.30672487716257,48.961423669843555,cardio,intermediate
1870,51,Female,185.07732762723603,54.37880858392401,weight_loss,intermediate
1871,30,Male,185.5700223091725,59.46215173933296,weight_loss,advanced
1872,53,Female,170.2889402235354,58.854444912784345,weight_loss,advanced
1873,16,Male,165.1538626296613,87.73721348275141,cardio,advanced
1874,66,Female,178.9646277666645,44.14796630800488,weight_loss,intermediate
1875,58,Male,153.25226725070803,68.40029917033762,muscle_gain,intermediate
1876,72,Male,164.1992228539595,58.46814813364238,cardio,intermediate
1877,54,Male,151.22483206016807,65.95388393679175,muscle_gain,beginner
1878,38,Female,166.65281880048764,62.2469464743103,muscle_gain,advanced
1879,25,Male,158.77332108047048,63.8235438334555,weight_loss,intermediate
1880,38,Male,161.9644927265188,87.28692451423312,cardio,intermediate
1881,56,Female,171.29663202539263,87.11543677107935,weight_loss,beginner
1882,47,Female,155.06919625632696,60.39897293787195,cardio,advanced
1883,37,Male,167.20082754167385,66.81207187517096,muscle_gain,intermediate
1884,28,Male,163.64310182678648,48.37765481546252,weight_loss,intermediate
1885,59,Male,172.30126637205186,69.67859277499252,cardio,advanced
1886,25,Female,174.1760028041316,41.27412429851875,muscle_gain,beginner
1887,56,Male,175.57256690469413,63.38407151726681,weight_loss,advanced
1888,37,Male,149.4147493948185,61.795096704377215,muscle_gain,intermediate
1889,41,Male,170.88271371370885,66.48967781409635,weight_loss,beginner
1890,21,Male,182.96255773177487,60.00397625399147,cardio,beginner
1891,18,Female,173.6960583964313,51.450165949775055,cardio,beginner
1892,37,Male,165.53123329803867,66.89461955432216,weight_loss,intermediate
1893,63,Female,153.16437555115508,75.36189172084876,weight_loss,advanced
1894,16,Female,159.72596189167444,74.34239969827361,muscle_gain,beginner
1895,25,Male,158.4044275114876,83.02308973493552,cardio,advanced
1896,71,Female,164.7511388429879,40.14133925872584,cardio,beginner
1897,52,Female,147.13779494705125,65.31714761287,cardio,intermediate
1898,59,Male,159.98070309013266,63.38361148576606,cardio,intermediate
1899,15,Male,170.71823276562256,66.34068112278285,cardio,beginner
1900,61,Male,177.1820501950772,65.15694540347292,cardio,intermediate
1901,27,Female,185.9702959081417,74.94393631824515,weight_loss,intermediate
1902,25,Female,165.6345285902669,98.41286720076667,weight_loss,intermediate
1903,68,Male,151.1174375504229,99.20219722968724,weight_loss,beginner
1904,19,Female,164.69626946935855,56.95255811844136,cardio,intermediate
1905,27,Female,157.21036837976902,72.96989206546503,weight_loss,intermediate
1906,58,Male,168.9306404979004,91.7047562734773,muscle_gain,intermediate
1907,52,Male,151.3398399379954,66.96956202793892,weight_loss,beginner
1908,59,Female,150.76368494360776,45.850298335999256,muscle_gain,intermediate
1909,72,Female,157.99916862611084,55.60918714628044,cardio,advanced
1910,21,Female,176.2156608673105,94.98802019526639,muscle_gain,beginner
1911,54,Female,158.8185342037753,72.45448346035562,cardio,advanced
1912,31,Male,178.35130284107026,73.68351420768008,muscle_gain,beginner
1913,41,Male,168.72726207579774,57.2250358392599,cardio,intermediate
1914,16,Female,162.22643177394025,70.07066616713806,weight_loss,beginner
1915,40,Male,162.30262403885226,72.2830650551381,muscle_gain,beginner
1916,30,Female,163.90407684197478,78.55320056087989,weight_loss,beginner
1917,51,Female,163.61511984555347,73.34383620710909,cardio,advanced
1918,55,Female,169.41112668295986,96.13295862035164,muscle_gain,advanced
1919,15,Female,154.25122218623125,55.13300380228333,muscle_gain,advanced
1920,47,Male,167.74029630849654,60.08845158831497,weight_loss,advanced
1921,46,Female,168.558099149243,62.695902558531856,weight_loss,intermediate
1922,16,Male,176.42267467791208,57.000808333960315,weight_loss,beginner
1923,57,Male,159.799115827654,79.41197281917648,muscle_gain,advanced
1924,70,Female,179.8372073269598,53.0043882930415,cardio,advanced
1925,44,Female,155.26682893212643,59.17034294147126,muscle_gain,advanced
1926,54,Male,166.84569981816367,55.85042697234367,muscle_gain,intermediate
1927,59,Male,182.3990756268858,74.01551415954242,weight_loss,beginner
1928,24,Female,162.20563660570727,92.41130285024025,weight_loss,intermediate
1929,41,Male,185.27071532240043,61.24471275783392,cardio,beginner
1930,26,Female,164.53172790333429,89.62848961431146,cardio,advanced
1931,61,Female,169.0503651424797,56.865473599898955,weight_loss,beginner
1932,16,Male,155.55111192212598,56.644269091088525,weight_loss,beginner
1933,71,Male,167.00565327975943,90.14650864338478,weight_loss,beginner
1934,36,Female,169.7642618004068,51.13969271485262,muscle_gain,advanced
1935,67,Male,165.21517284933404,68.45674530771183,cardio,beginner
1936,60,Female,149.42491371184445,95.45365439294014,weight_loss,advanced
1937,15,Female,179.80511294894015,51.96649454004437,muscle_gain,advanced
1938,16,Male,161.65860884900135,49.73466536780643,cardio,intermediate
1939,62,Male,180.0946345621647,40.0,cardio,advanced
1940,44,Female,167.65111257636545,60.64345669261907,muscle_gain,beginner
1941,31,Female,184.61744317254704,83.72894020144084,weight_loss,beginner
1942,40,Male,146.58719782625337,40.0,weight_loss,beginner
1943,51,Female,171.2442618414342,61.41426612102841,cardio,advanced
1944,15,Male,169.76423630084616,66.29573774992268,cardio,beginner
1945,46,Female,171.54698370824855,82.29512451924657,muscle_gain,intermediate
1946,17,Female,165.7988375491296,83.24962857324992,muscle_gain,intermediate
1947,47,Female,158.4890651045609,45.52708225434053,cardio,advanced
1948,23,Female,177.14913923921222,58.860021550603946,muscle_gain,intermediate
1949,47,Female,158.3121024062495,81.07993018156212,muscle_gain,beginner
1950,37,Female,154.00841982298627,66.26095803743591,weight_loss,advanced
1951,41,Male,176.91940911482183,65.35715139518176,weight_loss,intermediate
1952,51,Male,171.15124154369693,81.3937570238015,cardio,advanced
1953,68,Female,153.49871822843903,73.66031721541,muscle_gain,beginner
1954,18,Male,168.47798521613328,81.56542902212254,cardio,advanced
1955,52,Female,168.19464365629355,60.979708328997646,cardio,intermediate
1956,18,Female,160.89825886370082,50.578980287185686,weight_loss,beginner
1957,70,Male,151.89120521313296,84.76826398204524,weight_loss,intermediate
1958,39,Male,176.08962247698193,80.62086614562453,weight_loss,intermediate
1959,44,Male,162.8717815594211,58.47972678058738,weight_loss,beginner
1960,31,Male,156.5187678478078,69.96057464378814,muscle_gain,intermediate
1961,55,Male,169.00065431544178,65.27208642756166,muscle_gain,beginner
1962,22,Female,154.1875889775323,85.26403101820435,cardio,advanced
1963,51,Male,151.04921429821198,100.04753053606585,cardio,intermediate
1964,27,Male,158.45837624117553,45.54786894017901,cardio,beginner
1965,51,Male,166.12299786681893,76.85501381673694,weight_loss,intermediate
1966,23,Female,162.15784821735397,79.01879771498716,cardio,beginner
1967,60,Male,161.52933441245113,71.65507606692512,muscle_gain,intermediate
1968,71,Male,167.86931253809234,77.01165443961021,weight_loss,intermediate
1969,38,Male,163.3967662248802,73.5037657764895,muscle_gain,beginner
1970,69,Male,166.31205216162647,50.485294213715136,muscle_gain,advanced
1971,30,Female,165.2175364257609,67.86890531415926,weight_loss,intermediate
1972,71,Male,164.04768583102833,61.32105796191728,weight_loss,advanced
1973,55,Female,157.21182726614418,40.0,cardio,beginner
1974,64,Male,173.64956281541993,86.0452415636373,weight_loss,beginner
1975,18,Male,171.5582554814383,80.74442050710638,cardio,advanced
1976,21,Male,156.41292270204488,74.7631478233655,muscle_gain,intermediate
1977,51,Female,167.38086594325588,61.38788387361912,cardio,intermediate
1978,42,Male,182.80776095428712,85.06271888129146,cardio,advanced
1979,26,Female,188.83979726324978,87.91144762141901,cardio,beginner
1980,55,Male,159.27297937446576,64.78062092265475,muscle_gain,advanced
1981,25,Female,171.80416029783635,46.88227958563299,weight_loss,advanced
1982,47,Female,171.26003213777147,78.62792017506723,weight_loss,intermediate
1983,47,Male,157.77731343215748,94.58235390086897,muscle_gain,beginner
1984,24,Male,153.69751832629052,85.71385109717262,weight_loss,intermediate
1985,64,Male,173.91796821320168,80.05133986991466,cardio,advanced
1986,59,Female,163.90474190291033,94.40087050916242,muscle_gain,advanced
1987,30,Female,167.72852947330747,104.05029547111019,muscle_gain,intermediate
1988,38,Male,153.71272502391457,73.3433605942062,muscle_gain,advanced
1989,60,Female,158.58666784981858,52.84020321017863,weight_loss,beginner
1990,53,Male,169.03809605150553,96.99038525233593,muscle_gain,intermediate
1991,37,Female,171.16483579795155,54.002069237747115,muscle_gain,advanced
1992,69,Female,169.6651212681331,61.16777169334853,weight_loss,intermediate
1993,15,Male,158.38401145523093,65.2945519276764,cardio,intermediate
1994,52,Male,150.70369546619006,77.44055765866622,muscle_gain,intermediate
1995,54,Female,188.68652497046423,90.7151159653318,muscle_gain,advanced
1996,56,Female,155.78474755070522,99.55435604309119,cardio,intermediate
1997,42,Male,162.96622997466824,43.15207329011696,cardio,intermediate
1998,30,Female,162.8888103433567,87.13470324765154,weight_loss,beginner
1999,35,Female,155.21433373479343,95.0093764062742,cardio,intermediate
2000,61,Female,176.3806380462898,67.38964809584124,muscle_gain,advanced
2001,45,Male,172.59169215258817,48.84612988298113,muscle_gain,intermediate
2002,54,Female,163.77563271829058,86.08359999482026,muscle_gain,beginner
2003,42,Female,170.38839344986576,79.32101963838045,muscle_gain,intermediate
2004,55,Female,186.2088591346963,61.21277448847284,weight_loss,advanced
2005,62,Male,148.5629793279086,46.35593187912315,cardio,advanced
2006,67,Female,179.99124542342426,69.64793014899352,cardio,advanced
2007,52,Female,153.36371171445234,40.0,cardio,intermediate
2008,49,Male,151.82722460999645,90.79127074220278,cardio,intermediate
2009,45,Female,159.5136836723952,68.81578144710444,muscle_gain,intermediate
2010,71,Female,145.08980694842668,70.10640471946775,cardio,intermediate
2011,44,Female,140.0,57.59190247172297,muscle_gain,intermediate
2012,58,Male,168.8352139072894,73.49197218014002,cardio,advanced
2013,29,Male,162.4507646063119,102.09222894189367,cardio,advanced
2014,70,Male,180.29839220353122,48.70154167056525,muscle_gain,advanced
2015,57,Male,180.1091447009654,71.76137221682349,cardio,advanced
2016,54,Female,168.33710434356783,79.10343508825352,cardio,intermediate
2017,46,Male,165.49181148890065,62.40756321326347,cardio,intermediate
2018,74,Female,172.97534633945884,71.23159231661221,muscle_gain,beginner
2019,41,Female,157.11887325565453,73.90929784792098,muscle_gain,intermediate
2020,18,Male,155.2106815669946,80.55511812270441,cardio,intermediate
2021,51,Male,164.84029072642446,60.5206523293876,cardio,beginner
2022,49,Female,160.84767130551327,42.54967202989144,cardio,intermediate
2023,15,Male,154.78252446193335,71.85847659929846,weight_loss,advanced
2024,73,Female,154.63342511462554,57.384464851466895,cardio,beginner
2025,15,Female,178.7995631812035,53.971082350550034,weight_loss,advanced
2026,20,Female,162.13192914322318,50.37966625992808,weight_loss,beginner
2027,31,Male,161.47631532328242,58.39392264596557,muscle_gain,intermediate
2028,64,Female,177.28632840225907,62.587282654484916,weight_loss,advanced
2029,46,Male,163.1111725917791,63.420530897973975,cardio,beginner
2030,59,Female,144.6892412636563,74.80842534104418,cardio,intermediate
2031,48,Female,175.53709918092483,63.80533733837882,weight_loss,advanced
2032,58,Male,164.73235676764287,47.87321277741923,cardio,intermediate
2033,60,Female,159.60921471966614,58.82479454985746,weight_loss,beginner
2034,18,Male,155.91459608408195,62.239490269288915,muscle_gain,beginner
2035,43,Male,164.81346815069338,51.67936110691025,weight_loss,beginner
2036,21,Male,168.12729351299961,100.16893755874062,weight_loss,intermediate
2037,17,Female,177.2926731453356,61.54587592792028,muscle_gain,advanced
2038,20,Male,166.15885081440612,102.11145348425393,weight_loss,intermediate
2039,63,Male,150.46220175063243,67.03590841588841,weight_loss,beginner
2040,54,Male,161.96742467913282,70.42564827315854,weight_loss,beginner
2041,47,Male,156.5489565695765,54.1838006265405,weight_loss,advanced
2042,63,Female,186.97909500949058,68.24621249358636,weight_loss,beginner
2043,17,Male,157.84089071113505,46.42267644756518,muscle_gain,intermediate
2044,53,Male,169.42684510334374,80.70573117498323,weight_loss,advanced
2045,51,Male,190.15068796538762,84.53812882486592,weight_loss,intermediate
2046,19,Female,169.0446183521334,68.75061403678723,weight_loss,intermediate
2047,49,Female,180.41281259477785,85.287860690785,weight_loss,intermediate
2048,36,Male,168.12682991202072,56.98219489275772,cardio,intermediate
2049,28,Male,169.8593293139935,80.52585361373845,muscle_gain,beginner
2050,54,Female,156.39232928426958,76.57144048373752,muscle_gain,advanced
2051,38,Female,157.05621764973037,61.12001216612107,muscle_gain,intermediate
2052,40,Male,163.77822186204148,49.08602623308914,weight_loss,advanced
2053,51,Male,170.46787570961217,74.52643743643148,weight_loss,advanced
2054,63,Female,164.34396219743772,98.43262865353914,muscle_gain,advanced
2055,55,Female,168.30869900340684,97.86340425841749,cardio,intermediate
2056,24,Female,157.73261711391942,40.0,weight_loss,advanced
2057,15,Female,174.32883472972287,75.66634608327503,cardio,intermediate
2058,32,Male,159.81818537370836,65.79546530417018,muscle_gain,intermediate
2059,51,Male,158.96113612950023,57.443867792086635,weight_loss,beginner
2060,37,Male,160.86236610590305,75.95862583153738,cardio,intermediate
2061,63,Female,167.0470356004071,61.97568126299046,muscle_gain,beginner
2062,64,Female,154.13541159948215,60.2087916419994,weight_loss,advanced
2063,71,Male,151.46671541889785,79.86246284737945,cardio,advanced
2064,35,Female,170.53572583243968,76.69332077592341,cardio,advanced
2065,40,Female,155.9437990259434,40.65521723244776,cardio,beginner
2066,25,Female,163.41262836804916,78.62279144205566,weight_loss,beginner
2067,28,Female,173.1642698905249,69.35225573333474,muscle_gain,beginner
2068,25,Female,162.34297716406925,40.0,cardio,intermediate
2069,54,Male,200.0,73.47898720783742,muscle_gain,beginner
2070,50,Female,166.45285672276077,64.62274272636347,cardio,advanced
2071,23,Female,185.15632403445136,76.73945315106026,cardio,intermediate
2072,46,Male,173.52634621066804,67.7358242314147,weight_loss,intermediate
2073,27,Male,165.6923396474157,55.01969744258448,weight_loss,advanced
2074,51,Female,163.8569473427271,76.50991317041446,cardio,beginner
2075,19,Female,172.1332006897977,82.18908728830058,cardio,intermediate
2076,42,Female,177.95896306415042,92.8868061359501,muscle_gain,advanced
2077,31,Male,159.83251844613878,74.35073935502547,muscle_gain,intermediate
2078,29,Female,176.22921897463118,93.75234132488882,weight_loss,intermediate
2079,27,Female,180.4201188796935,51.57412906204476,muscle_gain,intermediate
2080,22,Male,159.7530807262259,72.87120341599808,cardio,advanced
2081,67,Male,159.82917983316833,65.14602769027321,weight_loss,beginner
2082,15,Female,156.02023992686358,72.2776413857071,cardio,intermediate
2083,64,Male,168.44631579102833,73.8687621957956,weight_loss,beginner
2084,63,Female,164.81204442503514,79.23543974663872,weight_loss,beginner
2085,21,Female,181.23063795190288,62.86231988469878,weight_loss,beginner
2086,64,Male,172.19731308608573,64.60111475699584,muscle_gain,beginner
2087,43,Female,180.61745117786987,45.429983179602885,weight_loss,intermediate
2088,23,Female,179.2762853739796,59.36589922422809,muscle_gain,intermediate
2089,20,Male,184.29097461601748,73.35786870037917,weight_loss,advanced
2090,18,Female,173.0087054565185,69.89513694656364,weight_loss,advanced
2091,42,Female,165.4485876846148,59.635056747661885,cardio,intermediate
2092,44,Female,168.25777907954983,67.29657792949565,muscle_gain,advanced
2093,67,Male,171.73282395730322,55.13602569384291,cardio,advanced
2094,33,Female,144.2921392193554,51.673644711759366,muscle_gain,intermediate
2095,70,Male,158.9459792550641,89.25805681293973,weight_loss,beginner
2096,40,Female,168.56338957994643,73.96167276928745,weight_loss,advanced
2097,68,Male,162.79693822788687,50.77557215227293,weight_loss,intermediate
2098,19,Male,161.75964758100608,90.19550040213218,cardio,intermediate
2099,34,Female,145.11075120761177,65.60177236148508,muscle_gain,beginner
2100,45,Female,155.16630429939428,40.0,weight_loss,intermediate
2101,25,Male,161.941413631612,57.48831476503526,muscle_gain,intermediate
2102,46,Male,160.8060460013015,48.172662425494224,weight_loss,advanced
2103,54,Male,176.76083420143885,71.91924222917147,cardio,beginner
2104,73,Male,153.20818625674863,73.07972521494597,muscle_gain,beginner
2105,40,Male,178.23958729313887,51.88759893390814,muscle_gain,intermediate
2106,50,Male,167.96928357167187,81.11742108533336,cardio,beginner
2107,40,Female,163.33687410290392,40.0,muscle_gain,beginner
2108,61,Female,164.23949172421743,41.72665780574588,cardio,beginner
2109,52,Male,188.21342662198396,60.017595193561206,cardio,advanced
2110,22,Male,170.86641868968115,69.30909294681346,weight_loss,intermediate
2111,30,Female,164.7687162928785,60.84561830942287,cardio,intermediate
2112,74,Female,158.22813702313627,40.0,muscle_gain,beginner
2113,61,Female,142.4214243441303,77.58566281440679,muscle_gain,beginner
2114,47,Male,147.82537502063246,79.68458096749924,muscle_gain,intermediate
2115,46,Male,151.951990208109,51.895300767495634,muscle_gain,advanced
2116,24,Female,168.02803567221358,90.6215483833086,cardio,advanced
2117,60,Female,158.21173790394417,50.110465666650825,cardio,beginner
2118,17,Male,179.3340545951906,61.58163124619682,cardio,intermediate
2119,59,Male,171.47698791709837,54.47791675836544,cardio,advanced
2120,23,Male,175.62734989031276,56.76720537021677,cardio,intermediate
2121,34,Male,157.09049956415652,60.91875004135272,weight_loss,intermediate
2122,36,Female,143.35090479061387,63.03538535283708,cardio,beginner
2123,74,Male,169.1732945424672,57.25857560257442,muscle_gain,intermediate
2124,58,Female,171.05259350189422,68.62154643331903,weight_loss,intermediate
2125,38,Female,142.8339453614926,61.055150968045645,weight_loss,advanced
2126,50,Male,156.75767297566208,94.66902847523464,muscle_gain,beginner
2127,39,Male,168.832492265531,53.413805555002945,weight_loss,advanced
2128,40,Female,154.25651776380954,85.05929700609538,muscle_gain,intermediate
2129,16,Female,160.80902657231448,75.64760271317934,cardio,advanced
2130,24,Female,165.65568287393188,73.5404244685654,weight_loss,beginner
2131,50,Female,163.93217318315044,63.03003166132585,muscle_gain,advanced
2132,16,Male,147.92099852329886,80.24135330065755,cardio,intermediate
2133,34,Male,160.6326348096189,70.39775899387885,weight_loss,advanced
2134,37,Female,159.96607736868242,80.68921623124245,cardio,advanced
2135,23,Male,166.47444430622545,49.99084269431531,weight_loss,advanced
2136,33,Male,150.96446218182882,91.04360649048832,weight_loss,advanced
2137,22,Female,175.13370834630356,104.85581700451064,muscle_gain,advanced
2138,54,Male,185.1764757583012,64.54049778392883,weight_loss,intermediate
2139,29,Male,159.4616295726202,50.67907411580549,weight_loss,intermediate
2140,65,Female,146.01362412779332,47.27781482320232,weight_loss,intermediate
2141,61,Female,175.51931786783405,58.92210667622947,weight_loss,intermediate
2142,20,Female,149.97285114467525,77.72199803912179,cardio,beginner
2143,64,Male,161.75444475767398,67.83467955128903,weight_loss,beginner
2144,50,Male,145.84782685822395,96.61901287350676,cardio,beginner
2145,38,Male,169.30824447694465,61.655209231650986,muscle_gain,beginner
2146,38,Male,159.1506174027274,60.36010963923006,cardio,advanced
2147,20,Male,151.8115034468615,61.569170680257855,weight_loss,beginner
2148,67,Male,171.61500589645033,80.98270320176204,muscle_gain,beginner
2149,67,Female,157.85544625417262,88.48483167991446,cardio,advanced
2150,41,Female,178.98840119143549,40.0,muscle_gain,intermediate
2151,53,Female,157.99692311877916,69.60977673898279,weight_loss,advanced
2152,49,Male,166.56013736594056,90.30476473160655,weight_loss,beginner
2153,46,Male,163.93290069027148,44.53958134984285,muscle_gain,intermediate
2154,41,Male,163.3755237118601,51.62535945458987,weight_loss,intermediate
2155,71,Female,156.52731731538896,64.21764506734793,cardio,advanced
2156,26,Female,190.2179038644972,88.42501292604595,muscle_gain,beginner
2157,64,Male,161.0082452962075,82.5147222475093,cardio,intermediate
2158,64,Male,158.67292173912975,52.71442526089287,cardio,advanced
2159,17,Male,175.65340948953585,80.61770217054757,muscle_gain,advanced
2160,71,Male,161.14187705066084,83.75673239805445,cardio,advanced
2161,54,Male,151.0454717074266,70.3961565621534,muscle_gain,intermediate
2162,23,Male,163.69786874738827,51.03822813377867,muscle_gain,beginner
2163,48,Female,176.6411777681733,60.307040610514115,weight_loss,beginner
2164,38,Male,160.79940308767877,75.37759507645575,cardio,intermediate
2165,68,Female,166.7380883718397,86.54064459072505,weight_loss,advanced
2166,53,Female,175.8617752501561,40.0,muscle_gain,beginner
2167,33,Male,181.06632489829576,42.101179384572355,cardio,intermediate
2168,37,Male,174.9750953123259,90.5302665092495,muscle_gain,advanced
2169,57,Male,163.4953642554272,75.7946245841198,muscle_gain,advanced
2170,30,Male,151.62395637783283,62.82450327671087,cardio,advanced
2171,66,Male,177.23344816201688,60.26294153046794,weight_loss,intermediate
2172,70,Male,166.54852250120842,56.457038994862394,cardio,beginner
2173,44,Male,168.8208422803495,69.09668862780285,muscle_gain,intermediate
2174,27,Female,179.0870391404953,62.75169475042099,weight_loss,advanced
2175,54,Male,158.33112672751597,63.79128133322549,cardio,intermediate
2176,74,Male,163.4613727460506,70.5195585903015,weight_loss,advanced
2177,19,Male,176.85787355618146,55.08839695316982,weight_loss,advanced
2178,34,Female,162.0952239201048,40.0,cardio,advanced
2179,29,Female,155.9879787225294,86.66755130748777,cardio,intermediate
2180,35,Female,174.7250957173241,59.58834051584692,muscle_gain,intermediate
2181,30,Male,157.39596019160885,67.94373522327844,muscle_gain,intermediate
2182,71,Male,161.6405140190007,40.0,cardio,advanced
2183,42,Female,181.13108900277763,77.68603050022902,cardio,intermediate
2184,50,Male,155.36433669915783,55.359262807675336,muscle_gain,intermediate
2185,28,Male,172.06030254285167,58.26133209173303,muscle_gain,advanced
2186,33,Female,149.4242873450561,44.126293962164496,cardio,intermediate
2187,36,Male,157.05703506994334,71.86444829294852,cardio,advanced
2188,60,Female,147.60857502857021,83.18219136206376,cardio,advanced
2189,40,Male,166.2921560837789,46.87922545312037,weight_loss,intermediate
2190,57,Male,176.16211977097902,68.2530374255949,cardio,advanced
2191,56,Male,154.55697223171842,70.63936725240441,cardio,intermediate
2192,58,Male,173.50694132671458,101.8085214327777,cardio,advanced
2193,55,Male,140.0,76.99334483036428,weight_loss,advanced
2194,68,Female,167.50418011016959,73.15820304851947,muscle_gain,intermediate
2195,26,Female,167.6330891592223,56.760816769270505,muscle_gain,beginner
2196,47,Male,162.24761635921553,69.65100541367968,muscle_gain,intermediate
2197,26,Male,175.97881993041972,57.95908509260396,cardio,advanced
2198,18,Male,167.07670725125936,59.79440077202788,muscle_gain,beginner
2199,58,Female,153.82808195131153,76.35953001433673,muscle_gain,beginner
2200,67,Male,149.83992651844176,52.98968746678773,muscle_gain,intermediate
2201,47,Female,175.0280736874333,88.60693294268088,weight_loss,intermediate
2202,38,Female,168.08615773336035,52.80352926905206,muscle_gain,advanced
2203,71,Male,174.53233045732637,66.73678114512246,weight_loss,advanced
2204,33,Male,156.69598657101443,80.25860054869113,weight_loss,beginner
2205,44,Female,163.61384284003057,62.223888198277514,muscle_gain,intermediate
2206,73,Male,150.70842537666366,68.13916266747117,cardio,intermediate
2207,37,Male,184.8552681785266,44.56953450947077,weight_loss,intermediate
2208,41,Male,153.13718698008037,64.84829322336067,weight_loss,intermediate
2209,55,Female,166.42081183093606,88.91249771079274,weight_loss,intermediate
2210,43,Male,160.4405274859106,64.19471679976081,cardio,intermediate
2211,55,Female,181.36064056696083,57.06092341973861,cardio,advanced
2212,29,Male,180.89820559034882,64.9923529858063,cardio,beginner
2213,37,Male,163.80044925719022,61.123991051976404,cardio,beginner
2214,69,Female,159.92999143217122,77.69867287321631,cardio,intermediate
2215,27,Male,167.66932304476433,50.92594552038732,muscle_gain,advanced
2216,28,Female,160.47212065959937,64.96358104220984,muscle_gain,beginner
2217,45,Female,162.60470291487417,68.96600483523143,muscle_gain,advanced
2218,34,Male,177.63482487729186,69.46193111010446,weight_loss,advanced
2219,18,Female,177.96665053956613,47.82381598112474,muscle_gain,advanced
2220,64,Female,157.88970345153484,55.90324517487893,muscle_gain,advanced
2221,18,Female,160.4606803378439,85.18361883530395,cardio,intermediate
2222,35,Male,177.79565944387048,72.18598171914162,cardio,advanced
2223,61,Female,149.62492212226343,58.026888035771655,weight_loss,intermediate
2224,58,Male,172.65492711255771,42.43393213455522,weight_loss,advanced
2225,67,Male,171.13810886177524,99.49749318386687,muscle_gain,intermediate
2226,20,Male,155.08685527837812,75.35003580964222,weight_loss,intermediate
2227,61,Male,151.9578664580298,68.85201932087398,cardio,intermediate
2228,25,Female,166.8798821821857,56.71425916332952,muscle_gain,beginner
2229,45,Female,161.15792128382643,74.87712179578483,weight_loss,beginner
2230,55,Female,161.78902132067813,62.63771113439329,weight_loss,intermediate
2231,24,Male,173.25753581935857,67.08621991714712,weight_loss,intermediate
2232,40,Male,172.4697922925822,93.56794024367797,weight_loss,beginner
2233,43,Female,160.87289293282333,67.4848299759286,cardio,beginner
2234,39,Female,153.41136915788718,89.67492231817607,cardio,beginner
2235,48,Female,176.67558275849572,76.63018465201046,muscle_gain,intermediate
2236,24,Male,156.1505420597834,68.91796104357881,cardio,intermediate
2237,36,Female,170.9617889127557,67.00099578479703,cardio,intermediate
2238,30,Male,156.0145977704157,72.19232878535831,cardio,beginner
2239,27,Female,161.54713940302827,47.4170561309789,weight_loss,beginner
2240,32,Female,175.23354594941407,64.89954049138964,cardio,advanced
2241,49,Male,169.08947418483518,80.51166413516684,muscle_gain,intermediate
2242,54,Male,178.06950253630208,76.45944058446833,cardio,intermediate
2243,35,Male,144.08728211086952,57.55444284593255,cardio,advanced
2244,54,Male,156.9277575400719,49.75148367980812,cardio,intermediate
2245,19,Female,179.30448236963042,61.930631385307095,cardio,beginner
2246,18,Female,170.30863569479658,43.56686339634068,cardio,advanced
2247,51,Female,184.68439856163974,67.87820947882578,cardio,intermediate
2248,51,Male,171.4235568797354,85.7661615123645,muscle_gain,advanced
2249,73,Female,171.0182017849398,73.8594904761391,weight_loss,advanced
2250,35,Female,151.6385657832307,84.5783271321635,muscle_gain,beginner
2251,61,Female,180.88673560033413,62.797351568006036,weight_loss,beginner
2252,41,Male,172.76252584527091,67.91367614245945,weight_loss,beginner
2253,48,Female,180.05504774847688,43.09247923199635,cardio,advanced
2254,32,Male,171.3934892707576,95.16804423819907,weight_loss,beginner
2255,50,Female,166.898620567335,47.08676371315052,muscle_gain,intermediate
2256,73,Male,171.87679151879217,77.0659203992898,weight_loss,advanced
2257,73,Male,151.75714421439721,66.07104331757489,muscle_gain,advanced
2258,28,Female,172.99679086337716,61.42741325252629,muscle_gain,beginner
2259,51,Female,164.10002046542948,73.22384966319105,cardio,intermediate
2260,38,Male,168.9402822568635,47.48410157026363,muscle_gain,beginner
2261,62,Male,176.70534904985038,75.45871858445184,cardio,intermediate
2262,21,Male,154.59316764413245,59.01680941059203,weight_loss,intermediate
2263,55,Male,163.55949617001244,64.20057916126936,weight_loss,intermediate
2264,19,Male,165.47125994618307,79.22421363430304,cardio,beginner
2265,41,Male,157.5881026141748,52.70024760983748,muscle_gain,intermediate
2266,59,Male,163.40081430474663,71.86549176224328,muscle_gain,intermediate
2267,45,Female,184.09700746292054,73.8122403257918,cardio,beginner
2268,22,Female,170.9398362757776,45.015471813773516,weight_loss,beginner
2269,22,Male,164.30150283906204,69.01634546959913,cardio,intermediate
2270,24,Female,179.36152350924556,61.95401202617444,cardio,beginner
2271,27,Female,159.43190622304576,82.76919092038389,cardio,beginner
2272,44,Male,159.03147674831547,65.6637465831987,muscle_gain,intermediate
2273,42,Female,170.81405897304853,69.70764359763844,cardio,beginner
2274,26,Male,171.90061282829498,57.33004125802479,muscle_gain,advanced
2275,28,Male,153.59451600160742,70.0299876170776,muscle_gain,advanced
2276,35,Female,162.23633490675834,42.1765311567602,muscle_gain,advanced
2277,44,Female,182.35732661594471,76.97913714599721,cardio,intermediate
2278,44,Female,149.0117836636643,40.0,cardio,beginner
2279,47,Female,168.5560733936511,94.47399558497085,cardio,intermediate
2280,30,Female,160.76766526090347,51.35245885223965,muscle_gain,intermediate
2281,39,Male,163.98454387692541,79.24702749461404,cardio,beginner
2282,17,Female,164.06019207294688,52.215911942359156,muscle_gain,beginner
2283,63,Male,163.82666959220956,68.56743831298739,muscle_gain,advanced
2284,19,Female,162.64854662567734,57.1416012604209,cardio,intermediate
2285,35,Female,162.1235216811747,105.7211041839414,weight_loss,advanced
2286,64,Female,151.33466366613686,67.47489131133744,cardio,intermediate
2287,37,Female,151.48878456659656,86.62627776907497,cardio,beginner
2288,32,Male,158.49550201279794,80.24180530735724,cardio,intermediate
2289,57,Female,153.45862467930746,68.49619397257875,cardio,advanced
2290,74,Male,152.90377053946216,60.28283052840278,cardio,beginner
2291,17,Female,168.67655098217605,79.18170538077496,muscle_gain,intermediate
2292,73,Female,173.97090649044105,64.07628839733762,cardio,beginner
2293,27,Male,154.05620705972848,71.09389208485086,weight_loss,intermediate
2294,55,Male,174.46863587508454,79.23542863498508,weight_loss,beginner
2295,39,Male,161.30901347540592,54.3461843854273,weight_loss,beginner
2296,63,Female,158.48455310321987,67.66654779450245,weight_loss,beginner
2297,70,Female,172.44297632913467,69.88431231445156,muscle_gain,advanced
2298,50,Male,169.82042703997791,73.42321260471032,cardio,advanced
2299,43,Female,157.04950173258004,76.72359147181803,cardio,advanced
2300,62,Female,163.27584404857714,80.44873584577554,weight_loss,advanced
2301,56,Female,166.76083015289726,64.34805536337213,cardio,beginner
2302,70,Female,150.55720599329732,71.94820397701386,muscle_gain,advanced
2303,39,Male,163.68000586192727,66.56281721363835,cardio,advanced
2304,50,Male,167.38349262790936,52.749906000874496,muscle_gain,beginner
2305,66,Female,163.53424585441422,99.76096826713281,muscle_gain,beginner
2306,32,Female,159.07102922265383,83.96390763692926,muscle_gain,beginner
2307,72,Female,161.00609238568762,75.47622333512777,cardio,beginner
2308,28,Male,158.7314600898109,62.52209824167205,weight_loss,beginner
2309,43,Female,152.81303518373616,102.8739724198237,weight_loss,advanced
2310,46,Male,168.13579171595404,61.48414311855587,weight_loss,advanced
2311,61,Female,154.30792365412816,95.96233793906183,cardio,advanced
2312,55,Male,155.46560600304613,51.86351151269574,weight_loss,intermediate
2313,52,Female,174.86551498526046,66.37297330798583,cardio,beginner
2314,67,Male,147.52975049967273,78.42382658542404,cardio,intermediate
2315,34,Female,176.0908237457459,52.478096543067736,weight_loss,intermediate
2316,33,Female,168.23166733734715,58.60891399498673,cardio,beginner
2317,30,Male,155.75787579578102,73.74677891588787,cardio,advanced
2318,66,Male,154.7176730932183,67.22746648284873,cardio,beginner
2319,68,Male,151.49009397804898,54.328678184290084,muscle_gain,beginner
2320,59,Male,150.3909941584841,91.75581070655008,weight_loss,advanced
2321,56,Male,151.0566085895644,53.02185359144032,weight_loss,intermediate
2322,58,Female,166.43518416692183,84.1606405436501,muscle_gain,beginner
2323,25,Male,163.58188122858562,61.55497578760932,muscle_gain,intermediate
2324,42,Female,176.82630294215636,60.89522273123629,cardio,beginner
2325,50,Male,160.310504796665,89.66799060622094,muscle_gain,beginner
2326,65,Female,144.92872921863824,41.86408675260108,muscle_gain,intermediate
2327,74,Female,151.673710246786,66.88948081640771,muscle_gain,beginner
2328,50,Female,145.86822720517398,52.874855165506474,cardio,intermediate
2329,48,Female,154.12786819144537,65.37945389396351,cardio,advanced
2330,20,Female,152.737021712508,72.68141848236769,cardio,beginner
2331,26,Male,161.315719379552,70.53275958519691,cardio,intermediate
2332,31,Female,171.3730404796144,73.49717665736206,muscle_gain,beginner
2333,36,Female,148.5633267098103,58.92792636809274,weight_loss,advanced
2334,73,Female,171.59557506115786,61.147260004604064,muscle_gain,advanced
2335,31,Female,179.28813800324133,63.15425456404274,weight_loss,beginner
2336,48,Female,160.75466644926428,43.54904019422591,cardio,intermediate
2337,54,Male,174.81738252395837,48.296421663781224,cardio,beginner
2338,33,Male,144.11555187400342,60.529813163737984,cardio,beginner
2339,19,Male,185.78168990789345,81.2146895051528,muscle_gain,advanced
2340,51,Female,153.08869612229378,67.71375400252155,muscle_gain,intermediate
2341,36,Female,157.73152279642312,81.3692965776369,muscle_gain,beginner
2342,45,Female,185.42929789113558,81.10242087433683,weight_loss,intermediate
2343,33,Female,174.6995205016537,61.55637686355954,muscle_gain,advanced
2344,39,Male,156.17323786950018,79.89146299910554,weight_loss,beginner
2345,18,Female,163.06613808908924,50.513788125163046,cardio,advanced
2346,23,Male,166.8490029690162,62.78920288985199,weight_loss,beginner
2347,36,Male,161.6778417485311,68.10970286787052,cardio,advanced
2348,43,Male,150.59652146765876,44.16434586324125,cardio,intermediate
2349,43,Female,155.99261159588536,54.43593486363404,cardio,beginner
2350,53,Female,167.85816623628375,74.9913707040768,weight_loss,beginner
2351,48,Male,162.96990699911012,44.17655525806484,cardio,intermediate
2352,49,Female,167.22535410653109,97.39108125885586,muscle_gain,intermediate
2353,36,Male,168.73078405095285,54.7152060132915,cardio,beginner
2354,51,Male,162.10258729792912,53.91278164337748,weight_loss,intermediate
2355,49,Male,177.81863453850062,64.93221798788908,weight_loss,beginner
2356,26,Male,153.6802965789714,60.89749916135943,cardio,advanced
2357,66,Male,167.78031846639496,50.984909592464476,cardio,advanced
2358,47,Male,147.84856722145992,78.93387155740695,muscle_gain,intermediate
2359,22,Male,162.96699358500186,60.509754911692134,cardio,intermediate
2360,24,Female,178.49466389859748,63.71916801235578,muscle_gain,advanced
2361,54,Female,173.5841258866465,60.34551209755414,cardio,advanced
2362,66,Female,153.60816646596479,73.02048457704527,cardio,beginner
2363,16,Male,170.9748604943696,86.93340023407217,cardio,intermediate
2364,62,Female,170.00653020301118,71.12492599432177,muscle_gain,beginner
2365,63,Female,166.42108107879164,70.42287545327345,muscle_gain,advanced
2366,74,Male,146.4173709057086,55.83791072189983,weight_loss,advanced
2367,55,Female,161.47253001252415,72.95038109920986,weight_loss,beginner
2368,25,Female,173.79765398267796,75.33912876299216,weight_loss,beginner
2369,20,Female,178.8448703412978,74.26692892794438,cardio,advanced
2370,52,Female,154.25312518675094,85.85022855526418,cardio,advanced
2371,19,Male,160.60222184972608,43.92930471049282,weight_loss,advanced
2372,64,Female,149.81635018562955,64.88407842463178,muscle_gain,beginner
2373,54,Female,150.65237022044153,56.372134156674065,cardio,intermediate
2374,45,Female,158.84746428289967,95.24962061846605,weight_loss,advanced
2375,44,Male,156.61409198394378,88.33850536741082,cardio,intermediate
2376,72,Male,182.31784013762163,81.30873729453748,weight_loss,advanced
2377,67,Female,172.32183076071072,83.11117560435886,weight_loss,beginner
2378,18,Male,180.54690794540366,44.140543333047006,cardio,advanced
2379,46,Female,177.24389732853945,73.64576018467098,weight_loss,intermediate
2380,35,Female,155.17612067657282,80.25508373308843,cardio,intermediate
2381,15,Male,154.97484244061462,68.90052245089363,muscle_gain,intermediate
2382,72,Female,171.9925915525703,76.56246674588778,cardio,intermediate
2383,19,Male,174.32958100299035,67.26867734576982,weight_loss,advanced
2384,27,Male,187.68909577254038,65.40081935052437,muscle_gain,beginner
2385,42,Male,160.41997933732176,84.53400995878943,weight_loss,beginner
2386,54,Male,151.4965049184475,60.704403693351395,weight_loss,advanced
2387,54,Male,176.70999986923977,53.966697714131776,muscle_gain,advanced
2388,23,Male,143.88162896564754,67.33350558382432,cardio,advanced
2389,17,Male,156.17988317923684,75.20308728123761,cardio,intermediate
2390,41,Male,163.25071163285574,73.83252729463292,weight_loss,advanced
2391,30,Male,173.37052380229906,74.78615734107018,cardio,intermediate
2392,35,Female,151.80003318323378,45.07200007298871,weight_loss,intermediate
2393,71,Male,157.14725439179827,48.678559099601955,cardio,intermediate
2394,50,Female,183.657422828216,78.55065602487673,weight_loss,beginner
2395,56,Male,176.0383892190576,43.88049475467007,weight_loss,beginner
2396,52,Male,163.23025834404143,62.358159337813994,weight_loss,advanced
2397,49,Female,165.84331068355368,80.53578615259212,muscle_gain,advanced
2398,47,Male,150.8270718677548,85.03275542997847,muscle_gain,advanced
2399,68,Male,173.2675289296556,86.6397378156809,cardio,intermediate
2400,52,Female,158.99747630806849,81.49174430420064,weight_loss,beginner
2401,15,Male,168.5067509059383,91.63261382322284,weight_loss,intermediate
2402,15,Male,149.03305213029216,84.407733537864,muscle_gain,intermediate
2403,20,Male,174.25371031475598,89.68999498274816,cardio,intermediate
2404,48,Male,161.76256687553735,49.27246401542514,cardio,beginner
2405,28,Male,151.79506304555613,78.76532796727183,cardio,intermediate
2406,20,Male,144.56437896724532,70.5625850569913,weight_loss,intermediate
2407,57,Female,164.58674615174328,90.70761183290782,weight_loss,beginner
2408,23,Male,153.4459579671291,40.0,weight_loss,beginner
2409,50,Male,156.70629447450503,66.5350853455538,weight_loss,intermediate
2410,42,Female,164.91783243699115,81.21470331143922,weight_loss,intermediate
2411,48,Female,171.44840955804747,65.20506540016902,cardio,beginner
2412,53,Male,147.83223972638294,79.82738359143413,muscle_gain,intermediate
2413,67,Female,165.62136876271782,70.11354114586734,cardio,beginner
2414,29,Female,159.03469325074113,64.09503664976657,cardio,intermediate
2415,51,Female,151.28280541655502,67.8518264443985,cardio,intermediate
2416,25,Male,167.9922256707772,72.65216948477547,cardio,advanced
2417,24,Male,171.75459627600955,85.82425712928661,cardio,beginner
2418,39,Female,175.0715790238441,73.0162037653344,weight_loss,advanced
2419,72,Female,173.5092407190711,69.96700049644772,weight_loss,advanced
2420,54,Male,166.15904577066402,62.26562174215325,cardio,intermediate
2421,16,Female,152.58069652935777,61.03255758532487,weight_loss,beginner
2422,62,Female,164.56289490828638,74.51605919368026,cardio,intermediate
2423,32,Female,165.9158853995354,63.3694514239634,muscle_gain,advanced
2424,62,Female,151.59586079349648,92.15436458479546,muscle_gain,intermediate
2425,56,Female,161.4819836967039,77.04631467923274,cardio,beginner
2426,45,Female,166.38784344767618,77.7251655546357,weight_loss,intermediate
2427,46,Female,161.0900698290595,76.81155200626227,muscle_gain,advanced
2428,42,Male,152.85561760447098,61.189256066435476,cardio,advanced
2429,21,Female,179.35081933717294,72.73766366817004,cardio,intermediate
2430,59,Female,174.3108107257322,65.57938760363099,cardio,advanced
2431,63,Male,156.69190564055717,49.742075669834676,muscle_gain,beginner
2432,18,Female,164.7261803493183,40.0,muscle_gain,advanced
2433,25,Female,170.22810505356594,72.86077282344105,weight_loss,beginner
2434,32,Female,168.04937876731321,55.00074052304069,cardio,intermediate
2435,29,Female,172.62049393805978,47.43462975983466,cardio,beginner
2436,26,Female,155.38593006915943,72.2873157318022,muscle_gain,beginner
2437,26,Female,166.67637399135705,77.66381237411188,weight_loss,intermediate
2438,27,Male,163.90220330268107,89.61125198593095,muscle_gain,advanced
2439,28,Male,154.33122933798867,90.5166687261756,cardio,advanced
2440,43,Female,167.4728815984184,71.33163875741974,muscle_gain,intermediate
2441,71,Male,170.27624245152325,77.21915259257054,cardio,beginner
2442,55,Female,169.73634624772808,86.09598571202766,muscle_gain,intermediate
2443,23,Male,169.95392983352662,55.7725201216543,weight_loss,advanced
2444,17,Male,160.88489771559685,71.93432552707442,weight_loss,intermediate
2445,26,Female,157.3336764085034,72.18043767708785,weight_loss,advanced
2446,20,Male,162.15509642664452,78.83213547749301,cardio,beginner
2447,68,Male,175.59513723687306,81.08093418494444,weight_loss,beginner
2448,22,Female,175.7210809466026,40.0,cardio,beginner
2449,41,Male,167.19856393319535,56.925887380520585,muscle_gain,advanced
2450,69,Male,164.38913587089093,65.18632332712572,weight_loss,beginner
2451,27,Female,158.69841382570073,77.00383835374537,weight_loss,beginner
2452,20,Female,160.43203925495573,73.04588830683403,cardio,beginner
2453,19,Male,152.5352465566286,42.342319905670486,weight_loss,advanced
2454,35,Male,177.0560263386061,56.66981361555536,muscle_gain,beginner
2455,56,Male,176.23880936991003,40.0,cardio,advanced
2456,67,Female,175.7561913482055,78.02476999082427,muscle_gain,beginner
2457,33,Female,164.4558843573328,77.48127244167263,cardio,intermediate
2458,42,Male,166.24183020130002,75.40453200350292,cardio,advanced
2459,28,Male,176.77303509528636,50.19438710239342,cardio,beginner
2460,46,Male,183.41968627357977,66.91340168270807,muscle_gain,intermediate
2461,56,Male,151.75219610177015,59.19161992371814,cardio,intermediate
2462,21,Female,149.8652206414583,74.23084834661154,weight_loss,intermediate
2463,27,Male,165.13091647721907,99.2607264590754,muscle_gain,advanced
2464,36,Female,155.38432183675587,71.68839454294897,muscle_gain,beginner
2465,53,Female,164.98033356636262,63.151204639352734,muscle_gain,beginner
2466,51,Female,164.1350828808967,60.66228265023818,muscle_gain,intermediate
2467,17,Female,164.90931889176923,50.39811552902502,cardio,advanced
2468,64,Female,181.06600503470037,40.0,muscle_gain,intermediate
2469,62,Male,170.54271896110788,67.02202233108999,weight_loss,beginner
2470,36,Male,148.53367998754393,88.54020182054511,weight_loss,intermediate
2471,18,Male,170.3220708336696,107.14058142701425,cardio,advanced
2472,19,Female,169.6570961704597,88.76028837176754,muscle_gain,beginner
2473,18,Female,160.6723841716147,74.78859744474859,weight_loss,beginner
2474,29,Female,171.43140812850982,85.65025115288832,muscle_gain,advanced
2475,33,Male,169.0164205111915,58.702345882779504,cardio,advanced
2476,30,Male,167.3196144181381,54.39131467129164,muscle_gain,intermediate
2477,31,Female,159.82229718478126,100.72182414652694,weight_loss,advanced
2478,64,Male,172.75122397686053,75.60363313056894,muscle_gain,advanced
2479,38,Female,181.10913484917572,57.54353559927199,cardio,beginner
2480,32,Female,168.54214759827462,69.02827942843608,muscle_gain,beginner
2481,60,Female,153.08090779656726,63.526049862289725,muscle_gain,advanced
2482,37,Female,166.60382330467962,61.60799089845334,cardio,advanced
2483,41,Male,164.9365345142403,47.61302547036224,weight_loss,beginner
2484,17,Female,145.92370274376086,62.41331014776815,weight_loss,advanced
2485,21,Female,171.07984078884274,64.76820386218755,weight_loss,intermediate
2486,15,Female,181.67967272602985,55.60587980098691,muscle_gain,intermediate
2487,68,Female,168.2199172909048,63.586455334046875,weight_loss,intermediate
2488,66,Male,171.1171567177274,81.15713841559551,muscle_gain,intermediate
2489,73,Male,160.1163018369697,65.99653855800747,muscle_gain,advanced
2490,60,Female,148.8893539620458,60.43695071111088,muscle_gain,advanced
2491,46,Male,171.47726897010872,82.19162689751819,weight_loss,beginner
2492,22,Female,187.4202225136967,48.1909616103239,muscle_gain,advanced
2493,73,Male,163.86174095132603,60.812548954182,weight_loss,advanced
2494,47,Male,164.13931072324982,89.99910509945661,weight_loss,advanced
2495,55,Female,173.18198907847827,63.589075388529395,cardio,intermediate
2496,24,Male,174.72682489562604,59.95766317291411,cardio,intermediate
2497,52,Female,166.60580176607294,64.81193919504103,weight_loss,intermediate
2498,30,Female,165.08422678905666,62.688777548261555,muscle_gain,advanced
2499,33,Female,175.0573704189636,70.78486101337305,cardio,beginner
2500,55,Male,163.0025005951994,59.72300401590701,cardio,advanced
2501,73,Male,171.87747434791734,71.71590981184208,weight_loss,beginner
2502,71,Male,156.1558971432883,76.02933744968037,muscle_gain,beginner
2503,38,Male,172.27326461988696,63.49609604738387,weight_loss,advanced
2504,52,Female,171.6003218634266,53.33315931059862,cardio,intermediate
2505,45,Female,175.8666926382655,80.22161454495843,muscle_gain,beginner
2506,67,Male,171.68479164134936,84.19751522548124,cardio,intermediate
2507,59,Female,156.409370430754,43.43007327200846,cardio,beginner
2508,41,Female,165.1809209233538,65.09426307871163,weight_loss,beginner
2509,43,Male,145.53401674830602,65.01004017066029,muscle_gain,intermediate
2510,51,Female,156.0509747774313,78.34322136708438,muscle_gain,beginner
2511,15,Male,166.27125882888004,83.20462272140406,muscle_gain,intermediate
2512,15,Female,158.42465976185738,78.02586412464946,muscle_gain,advanced
2513,56,Female,166.47810278106653,70.82766432148064,cardio,intermediate
2514,21,Male,170.798903759747,73.20983452464871,cardio,beginner
2515,61,Male,170.6120633444688,105.48373752487328,muscle_gain,beginner
2516,73,Female,171.52465714559173,80.78261175750187,weight_loss,intermediate
2517,22,Male,153.57531335746344,81.86886184452452,muscle_gain,advanced
2518,59,Male,177.33136503134278,59.311112194052555,muscle_gain,advanced
2519,64,Female,170.4887886332825,58.77231019886501,cardio,intermediate
2520,48,Female,156.94838144355782,63.699103881674944,weight_loss,advanced
2521,32,Female,183.327051520743,104.31579740862401,muscle_gain,intermediate
2522,27,Male,170.6871506738356,89.1160556770167,muscle_gain,intermediate
2523,68,Male,168.57607413189882,87.85898512694774,cardio,advanced
2524,69,Male,182.9529668663068,109.8804099656477,weight_loss,advanced
2525,36,Female,154.7492269894429,56.04429524913115,cardio,beginner
2526,24,Male,173.38823562987182,70.92743385828834,muscle_gain,beginner
2527,55,Male,157.54324247066523,76.59358591009853,muscle_gain,advanced
2528,49,Male,169.29582265856857,59.01106328950211,weight_loss,intermediate
2529,36,Male,151.29478163193127,64.88494992135527,cardio,intermediate
2530,69,Male,175.65356456497994,66.23178629938428,weight_loss,intermediate
2531,52,Male,151.4255215169443,61.5951324357278,cardio,advanced
2532,26,Female,160.89093740549288,75.08759674698847,weight_loss,advanced
2533,28,Female,156.95486999013949,80.12881736682114,muscle_gain,beginner
2534,72,Male,161.215508354034,72.91265930876486,cardio,advanced
2535,31,Female,176.6465402489686,80.58649771158885,weight_loss,advanced
2536,67,Male,153.02974639607058,64.27254354196107,cardio,advanced
2537,68,Female,156.8127956045141,68.71348360306733,weight_loss,advanced
2538,21,Female,162.92613531268063,47.85779800905431,weight_loss,intermediate
2539,45,Female,169.91804120683688,71.44671490056217,cardio,beginner
2540,25,Male,173.77940248933857,99.26042647952903,cardio,beginner
2541,69,Male,163.67546701305318,106.26994168003091,weight_loss,advanced
2542,41,Female,191.40456054612156,59.57446278829195,muscle_gain,beginner
2543,23,Female,167.24592401885144,90.86956367497902,muscle_gain,intermediate
2544,50,Male,160.82389143392857,66.15079553853876,muscle_gain,advanced
2545,52,Female,155.7092348986551,67.484153774773,weight_loss,intermediate
2546,66,Female,157.77461999312374,40.0,cardio,advanced
2547,45,Female,155.68141404452123,71.18063058276961,weight_loss,intermediate
2548,53,Male,152.34532435228712,43.60689072611416,cardio,beginner
2549,63,Male,167.97019620706575,81.77497089193669,muscle_gain,intermediate
2550,68,Female,175.1136926564898,63.93738411823577,cardio,beginner
2551,30,Female,174.67543618488105,71.54327288932755,muscle_gain,advanced
2552,65,Female,187.02576395558472,62.58117219198316,weight_loss,beginner
2553,41,Male,174.19578536886888,62.72394030425814,cardio,intermediate
2554,26,Female,155.17640172819318,54.3930096311981,cardio,advanced
2555,67,Female,149.84235398023353,100.68750806806848,cardio,beginner
2556,36,Female,158.02069031474002,40.0,muscle_gain,advanced
2557,25,Female,148.7843659485746,50.08856991105105,muscle_gain,advanced
2558,54,Female,186.6217745704644,69.36064161882653,cardio,beginner
2559,58,Female,156.3865763576068,74.01108738460285,weight_loss,intermediate
2560,26,Male,179.42756746952284,50.97241319946335,muscle_gain,beginner
2561,18,Female,162.30451806771524,70.40527884191451,muscle_gain,beginner
2562,22,Female,170.81481775624962,63.89922321929069,cardio,intermediate
2563,67,Female,162.30257094423453,104.03942133896808,cardio,advanced
2564,66,Male,166.09129022210993,80.31061400873145,cardio,advanced
2565,46,Male,177.53706980696174,56.52136656195528,muscle_gain,beginner
2566,67,Female,162.94836087795846,62.09662922310751,weight_loss,intermediate
2567,62,Female,171.69274069186957,120.00678504888035,weight_loss,beginner
2568,61,Male,175.72685072982446,70.4892270915381,weight_loss,advanced
2569,36,Male,180.39638894381685,79.2357944578229,cardio,intermediate
2570,39,Female,163.14908089066947,98.37665586654626,weight_loss,advanced
2571,34,Male,178.69985624046063,52.962915239716295,muscle_gain,intermediate
2572,41,Female,163.01648796821092,75.33314819041685,muscle_gain,advanced
2573,28,Male,175.98277634940544,40.0,muscle_gain,intermediate
2574,53,Male,153.05218954958087,63.304870291143814,muscle_gain,beginner
2575,25,Female,163.12586544281277,75.31706657161214,muscle_gain,beginner
2576,46,Male,181.61179929462955,67.56339214110034,weight_loss,advanced
2577,39,Male,162.42775047758934,88.88614493123484,cardio,intermediate
2578,19,Female,165.07221696214,58.32270620546812,weight_loss,advanced
2579,61,Female,169.83871135655312,81.30290083956865,cardio,intermediate
2580,67,Male,161.81859881026836,40.88852804649706,weight_loss,advanced
2581,25,Male,150.1260728972873,57.21610283135039,weight_loss,advanced
2582,66,Male,170.00045802370502,67.63876026780612,cardio,beginner
2583,24,Female,166.83836920112705,59.76820362939768,cardio,intermediate
2584,29,Male,171.22932410947752,73.2782418470097,muscle_gain,intermediate
2585,61,Male,171.62500455061195,79.28097367420054,cardio,intermediate
2586,54,Female,151.03057300313102,80.89145169234095,weight_loss,beginner
2587,45,Male,167.65749138653507,73.33520180406202,weight_loss,intermediate
2588,20,Female,171.51062463743062,88.84489254292619,cardio,advanced
2589,68,Female,158.67156028848788,63.68866389005612,weight_loss,intermediate
2590,23,Female,170.42062460401732,102.37579838104536,weight_loss,beginner
2591,21,Female,171.30553831764524,81.25512505857029,weight_loss,intermediate
2592,29,Male,167.72613894044298,90.6453803702291,weight_loss,beginner
2593,44,Female,170.8097771170367,81.06752964946064,cardio,intermediate
2594,61,Male,168.36089290751386,77.55106665853097,cardio,beginner
2595,31,Male,158.95446079789903,70.84598220988231,muscle_gain,intermediate
2596,16,Female,166.23196326576615,62.12980831431495,muscle_gain,advanced
2597,68,Female,167.4748067381823,59.18359104684315,weight_loss,intermediate
2598,24,Male,164.21599759240465,66.88078306331707,cardio,intermediate
2599,27,Male,166.423829584404,51.85993708094234,cardio,intermediate
2600,73,Male,158.4658138220315,65.56316869527984,muscle_gain,advanced
2601,41,Male,157.98756572816947,62.66107835208865,weight_loss,beginner
2602,62,Male,153.288568803012,77.95290201876433,cardio,advanced
2603,24,Female,184.68099463200977,83.15000567827903,cardio,intermediate
2604,53,Female,165.98492730949698,78.61248153894492,muscle_gain,advanced
2605,46,Female,159.4415900612825,80.53458775260302,cardio,beginner
2606,72,Female,142.3608657839719,66.95261767335043,cardio,intermediate
2607,28,Female,166.0945222317734,64.21879833329147,weight_loss,intermediate
2608,57,Female,168.99223777321606,90.17644818260038,weight_loss,beginner
2609,52,Male,169.39289974982137,88.08091299400925,weight_loss,intermediate
2610,69,Male,168.75574487082895,74.43661092686962,cardio,beginner
2611,29,Male,168.7470405440054,58.579681991750356,weight_loss,intermediate
2612,62,Male,161.7272284516996,40.6297385609549,weight_loss,advanced
2613,31,Male,169.12515949226835,51.55454943363191,weight_loss,intermediate
2614,35,Male,167.2018246228362,59.06950798966155,muscle_gain,beginner
2615,25,Female,163.88016299889003,70.40785934490235,muscle_gain,beginner
2616,33,Female,160.7824878340092,50.405144956732066,cardio,advanced
2617,68,Female,152.2527713597455,51.74443612581015,muscle_gain,advanced
2618,50,Female,161.97333305082796,56.95332071907051,weight_loss,intermediate
2619,35,Male,157.67774508976493,73.50181933318133,weight_loss,beginner
2620,16,Male,140.83766132001242,78.0273476738507,cardio,intermediate
2621,63,Male,178.06518558368984,84.66448987926361,muscle_gain,intermediate
2622,30,Male,157.9189702687369,94.47449676687201,muscle_gain,beginner
2623,35,Male,179.3957782939043,71.32814747169799,muscle_gain,beginner
2624,56,Female,170.5149740982098,50.04391168507323,cardio,intermediate
2625,57,Female,160.0251854331702,47.55497938227784,muscle_gain,beginner
2626,53,Male,164.3207833173526,79.3608415000539,cardio,advanced
2627,54,Female,166.81077938566006,87.16596411241024,weight_loss,intermediate
2628,58,Male,163.89736975502782,93.26088967886453,muscle_gain,advanced
2629,67,Male,168.9019539755778,50.593854290440355,muscle_gain,beginner
2630,38,Male,156.9314878212956,79.98941353623027,cardio,beginner
2631,51,Male,157.37477669815817,74.46274106632634,cardio,intermediate
2632,51,Female,170.60305469369706,88.18269566982194,weight_loss,beginner
2633,29,Male,166.83588257812968,80.59007883910716,muscle_gain,intermediate
2634,65,Male,149.71547493199344,55.631723914737606,muscle_gain,intermediate
2635,23,Female,153.63286003762414,66.61765460581435,muscle_gain,beginner
2636,18,Male,162.83788353518068,82.49175372771043,cardio,intermediate
2637,56,Female,171.36102163072678,72.15309209531809,cardio,beginner
2638,42,Female,151.70522090652497,72.83776505822269,cardio,beginner
2639,53,Male,162.58432162235647,71.29026671239735,muscle_gain,intermediate
2640,31,Female,167.936849980006,70.78820679614917,cardio,intermediate
2641,49,Male,178.9781900363746,43.793245889992754,cardio,advanced
2642,17,Female,170.69294995688264,57.91089556403624,muscle_gain,advanced
2643,49,Female,159.0196833255523,83.49055431677783,cardio,advanced
2644,27,Male,140.0,68.53256242254379,cardio,intermediate
2645,27,Female,173.85218315533552,82.77191633073424,cardio,intermediate
2646,69,Female,190.5629128356085,90.10362409464148,cardio,advanced
2647,52,Female,173.61396435770172,82.90142294076821,cardio,advanced
2648,46,Female,140.1862689459611,61.21645129305807,cardio,intermediate
2649,38,Female,158.43853100998328,100.54595138458843,weight_loss,intermediate
2650,73,Male,167.72697141183363,80.53962293396883,weight_loss,advanced
2651,27,Female,157.69928676521175,60.22767291114444,weight_loss,beginner
2652,34,Female,154.0122662677657,66.45288638000333,cardio,beginner
2653,28,Male,175.40009118748415,69.39108209164799,cardio,advanced
2654,27,Male,164.56662559530295,52.49065038702497,weight_loss,beginner
2655,45,Male,167.51989021186705,64.49991134244846,muscle_gain,advanced
2656,18,Male,183.93247185869112,60.065286801238756,cardio,advanced
2657,49,Male,175.07101371568766,76.88155706182991,weight_loss,intermediate
2658,22,Male,160.45793380004415,49.126922164992926,cardio,intermediate
2659,62,Male,186.4889872953738,40.87494714084049,weight_loss,advanced
2660,33,Male,156.70547157459197,66.93576321834934,muscle_gain,advanced
2661,37,Female,170.3820427660425,74.92966435065475,weight_loss,advanced
2662,19,Female,170.55727293092554,56.017308012723504,cardio,beginner
2663,34,Female,161.17082526053738,90.88932101148941,weight_loss,advanced
2664,15,Male,157.50480163705848,98.0360417701496,weight_loss,intermediate
2665,40,Female,176.66201650075817,66.08391988655112,weight_loss,beginner
2666,27,Male,161.38950237540143,50.94742815188592,cardio,intermediate
2667,22,Male,154.42651825693034,66.128308340145,muscle_gain,beginner
2668,56,Female,168.27355863518048,67.1297063157355,muscle_gain,intermediate
2669,61,Female,157.10894340934888,69.50142241410857,muscle_gain,advanced
2670,20,Male,170.44971367746388,52.82330380292932,weight_loss,advanced
2671,33,Female,151.64016011780356,58.90088272897222,cardio,intermediate
2672,41,Male,165.51603701746973,66.70298150053299,weight_loss,advanced
2673,28,Male,161.3587207583161,64.52514625287482,weight_loss,advanced
2674,56,Female,183.56356755461465,59.589802107112455,weight_loss,intermediate
2675,30,Male,162.66079182903502,40.0,muscle_gain,advanced
2676,62,Male,173.34072516079823,77.58476592635694,cardio,beginner
2677,15,Female,165.86639990590768,50.23361453387027,cardio,advanced
2678,39,Male,167.1276175847711,50.16807841210897,weight_loss,beginner
2679,17,Male,169.49173007374526,60.53708040166258,muscle_gain,advanced
2680,63,Male,158.28872675821358,48.757731410977684,muscle_gain,intermediate
2681,72,Male,165.49660438520343,79.95648850629243,cardio,advanced
2682,51,Male,179.55256828719234,50.197264142496394,muscle_gain,beginner
2683,17,Female,145.7732650645423,75.3890235532208,cardio,intermediate
2684,55,Female,165.47835910234238,60.281642847904905,weight_loss,intermediate
2685,68,Female,156.4019018394142,40.27481510090839,muscle_gain,advanced
2686,55,Female,160.38880946519902,46.33963937578048,cardio,advanced
2687,19,Female,172.9272171591996,96.3654106164966,muscle_gain,beginner
2688,35,Female,164.42819576927087,79.43364155300158,cardio,intermediate
2689,67,Male,155.33983703896794,95.93675581872348,cardio,advanced
2690,16,Male,170.87353520343035,64.61145067580266,weight_loss,beginner
2691,63,Female,175.61760020466224,63.45981210696471,cardio,intermediate
2692,47,Female,160.2082572840172,68.54139696433636,muscle_gain,beginner
2693,64,Male,180.2262617019364,81.42547942049018,weight_loss,advanced
2694,54,Male,164.9230541049472,70.57155427524899,weight_loss,beginner
2695,45,Male,185.0231498880451,56.62131238931805,cardio,beginner
2696,23,Male,159.39066446191538,122.16885555388531,weight_loss,intermediate
2697,68,Female,169.02719889590267,64.73799565215961,weight_loss,advanced
2698,27,Female,161.96790516209512,94.36780095690105,muscle_gain,intermediate
2699,40,Male,154.72059274541274,52.09013288640788,muscle_gain,intermediate
2700,54,Female,172.16853274388401,69.25851288188056,cardio,intermediate
2701,64,Male,186.07939700593332,58.17571458359366,muscle_gain,beginner
2702,24,Male,168.76779032822049,50.50440582579941,weight_loss,beginner
2703,55,Female,173.3947083640452,45.02179981426491,muscle_gain,advanced
2704,44,Female,156.7804329528343,64.43475755753447,cardio,advanced
2705,45,Female,163.83521187715166,41.542100528115654,cardio,intermediate
2706,19,Male,168.90327338707905,68.5323963300086,weight_loss,advanced
2707,54,Female,167.91484980300174,61.38676149500506,muscle_gain,intermediate
2708,26,Male,166.16806548330132,92.17607660959278,muscle_gain,advanced
2709,15,Male,152.8494053309836,78.38017999202373,cardio,intermediate
2710,62,Female,155.40618400554237,46.8401163397559,muscle_gain,intermediate
2711,36,Female,168.38051080479713,46.92503192436006,muscle_gain,advanced
2712,42,Female,157.6500694586096,65.38775667395774,cardio,beginner
2713,53,Male,155.14568838923492,59.45513460876734,cardio,beginner
2714,39,Male,169.73011875802933,87.36182403881597,weight_loss,advanced
2715,41,Male,169.52662786549777,93.5685332332322,weight_loss,advanced
2716,57,Female,166.57104563612856,62.723016965059735,weight_loss,advanced
2717,24,Male,173.66091646989668,68.29323900605874,muscle_gain,beginner
2718,27,Female,157.69628519493924,53.88818237286397,muscle_gain,advanced
2719,65,Male,176.81875659151518,60.403205678993984,cardio,beginner
2720,30,Male,159.80640320524543,82.5764196006736,cardio,intermediate
2721,16,Male,159.58353999350817,85.66261628346035,muscle_gain,advanced
2722,71,Female,166.9671230829586,79.2004238856196,cardio,beginner
2723,41,Male,162.45698080899987,67.24953510485368,cardio,advanced
2724,58,Male,172.7543418343404,69.62768002781195,weight_loss,advanced
2725,63,Male,162.12229898539212,103.70027685356294,cardio,beginner
2726,69,Male,159.89126640434816,72.42927488738745,cardio,intermediate
2727,42,Male,164.04767957729183,61.718066180126335,weight_loss,advanced
2728,29,Female,156.56655837501899,86.13510533138465,cardio,beginner
2729,67,Female,158.02730833921663,67.54716385301879,cardio,intermediate
2730,39,Female,181.9812748022202,68.01177726192178,muscle_gain,beginner
2731,50,Female,155.82120900313308,50.81256651327476,cardio,advanced
2732,38,Female,169.32426834042846,72.10427610651607,cardio,intermediate
2733,63,Female,186.0031611666454,80.71995006754167,cardio,advanced
2734,71,Female,168.17321880684608,92.77435646028364,cardio,intermediate
2735,53,Female,153.85579146842778,69.79245361685088,cardio,advanced
2736,64,Female,161.35298873370095,84.73798449653194,muscle_gain,beginner
2737,68,Male,160.90488767717628,68.49190810635994,cardio,intermediate
2738,32,Male,158.62475585536833,82.81036534400056,muscle_gain,beginner
2739,68,Female,161.0459938660812,46.090185669844765,muscle_gain,beginner
2740,48,Female,176.4852948528628,74.69142502182369,cardio,intermediate
2741,64,Male,170.9573411366374,60.0622781245762,weight_loss,advanced
2742,64,Male,162.62386811866003,48.96433606644368,cardio,advanced
2743,67,Female,159.93972992021008,60.50662065898338,weight_loss,advanced
2744,59,Male,163.56783033286538,48.626154310230234,weight_loss,advanced
2745,47,Female,188.00163373734375,84.5869612672935,muscle_gain,beginner
2746,27,Female,171.6801217974841,98.18171058624591,weight_loss,intermediate
2747,31,Male,165.13423120723837,92.66932193269542,cardio,intermediate
2748,29,Male,172.57641706810222,61.26476013018295,muscle_gain,beginner
2749,46,Male,154.85360351710293,75.3186522266103,cardio,intermediate
2750,63,Male,161.34161882881506,58.27201388661884,cardio,intermediate
2751,57,Female,174.98270109578527,75.5072910131652,weight_loss,intermediate
2752,20,Male,169.44086883713987,68.61797580842095,weight_loss,intermediate
2753,20,Male,157.45141583241937,45.547313011099725,cardio,advanced
2754,64,Female,163.871500579321,50.36576281303149,muscle_gain,intermediate
2755,31,Female,166.78889741044355,40.0,cardio,advanced
2756,36,Female,160.899584999217,85.17958174298995,muscle_gain,beginner
2757,51,Male,157.66638789243996,68.587500984946,cardio,beginner
2758,22,Male,170.04347389917567,40.0,weight_loss,advanced
2759,63,Male,147.93147831844632,73.82115029755836,cardio,intermediate
2760,45,Male,160.61231111339367,64.27767634681337,muscle_gain,beginner
2761,56,Female,172.61381676465658,62.387193814778996,weight_loss,advanced
2762,32,Female,155.97532815484863,55.19052014540868,muscle_gain,intermediate
2763,16,Male,160.73936130860267,49.5113930228338,weight_loss,advanced
2764,33,Female,180.6661799580583,70.36582690761568,muscle_gain,beginner
2765,28,Female,183.2919249105698,40.130439275342425,weight_loss,beginner
2766,24,Male,162.86414535788018,80.04762048757368,muscle_gain,advanced
2767,34,Female,166.40268532641804,61.554494368315865,weight_loss,advanced
2768,40,Female,165.21176250048248,72.32547700994915,muscle_gain,intermediate
2769,24,Female,174.36110533734646,94.16392044482998,cardio,intermediate
2770,67,Female,142.5678698728594,73.18273160845777,weight_loss,beginner
2771,56,Female,158.40793499202312,80.7192593626297,weight_loss,advanced
2772,44,Female,189.43081505541306,70.62661937394027,cardio,intermediate
2773,28,Male,156.3051700664133,70.8616570778609,muscle_gain,intermediate
2774,51,Male,158.39061397931198,40.0,weight_loss,advanced
2775,64,Female,168.32098145694852,82.95019104410994,weight_loss,advanced
2776,70,Female,191.39191827433356,44.200866449938545,cardio,advanced
2777,56,Female,165.0196792368579,60.14889646502415,cardio,beginner
2778,69,Male,178.85897703520394,51.15323337302689,cardio,intermediate
2779,15,Female,180.22415735498416,81.55333781004045,muscle_gain,advanced
2780,39,Male,164.3964631782485,78.06892057423266,weight_loss,advanced
2781,48,Female,167.4364963366737,68.79225847967722,cardio,intermediate
2782,74,Male,177.5905165244092,81.13390189702302,muscle_gain,intermediate
2783,62,Female,169.54048361327037,93.61249058009491,weight_loss,beginner
2784,55,Male,157.8397218000702,85.44032604436451,weight_loss,intermediate
2785,73,Male,156.12429217588624,70.71378534470857,weight_loss,advanced
2786,41,Male,163.06084009088443,42.560644435127905,weight_loss,advanced
2787,65,Male,167.0632647643491,65.8525887015912,muscle_gain,beginner
2788,67,Male,161.6251846384484,65.71760844943962,cardio,intermediate
2789,17,Female,165.61521303930252,90.98228100637012,weight_loss,beginner
2790,40,Female,150.83663792334136,94.05449649405926,cardio,intermediate
2791,28,Male,165.89205338771364,56.820725327069134,weight_loss,intermediate
2792,52,Male,156.2220878359351,100.68044362781632,cardio,intermediate
2793,16,Female,174.598025048564,75.57052243831524,weight_loss,advanced
2794,72,Male,163.21197702183315,46.99986326603224,muscle_gain,advanced
2795,70,Female,171.4039273143899,89.15437594635236,weight_loss,intermediate
2796,34,Female,161.9887512962882,53.22816212664502,muscle_gain,intermediate
2797,16,Male,160.26230332012915,65.01421963984717,weight_loss,advanced
2798,57,Female,161.9255295333019,74.4478712952056,muscle_gain,advanced
2799,15,Male,153.91413438845754,74.04420787615335,cardio,beginner
2800,58,Female,182.10865573476275,81.10966859238218,weight_loss,advanced
2801,45,Female,144.49621787155084,82.18147423684968,muscle_gain,advanced
2802,65,Male,152.25158198954304,57.60041418865887,cardio,beginner
2803,26,Female,166.41823745162964,88.90207427255172,cardio,advanced
2804,31,Female,170.73765312510673,68.79187273652329,muscle_gain,beginner
2805,74,Male,154.41203578436915,77.89524927400716,muscle_gain,advanced
2806,46,Male,161.79766688367977,77.96626046751837,weight_loss,beginner
2807,70,Female,167.86469768391706,53.14236551116681,cardio,advanced
2808,73,Male,171.3833189978604,83.53109419865191,weight_loss,beginner
2809,56,Male,164.05071829390263,105.81528248390097,muscle_gain,advanced
2810,36,Male,160.35482679359603,92.14868342452468,muscle_gain,beginner
2811,25,Male,158.4272451960988,58.25682168315679,weight_loss,intermediate
2812,54,Female,176.1312236516832,61.36794986241829,weight_loss,intermediate
2813,24,Female,157.94432899888244,62.81070544604597,cardio,beginner
2814,19,Male,168.97571726859834,82.60092930514375,weight_loss,intermediate
2815,51,Female,151.05639127129498,86.0874759563762,weight_loss,advanced
2816,43,Female,165.88278610589825,82.89268806515096,muscle_gain,beginner
2817,35,Male,146.60670288755114,72.79039695309275,muscle_gain,beginner
2818,21,Male,162.41106913780982,57.29925133829413,muscle_gain,intermediate
2819,36,Female,171.23793392395038,79.78778903399922,weight_loss,advanced
2820,71,Female,180.97869786939714,63.847844328396405,muscle_gain,intermediate
2821,66,Female,149.29925656604186,75.55455625716165,muscle_gain,beginner
2822,59,Female,159.8383065984813,70.4034000738527,weight_loss,beginner
2823,46,Male,165.27975305542506,70.8220737241694,weight_loss,advanced
2824,39,Female,159.39862191234283,52.933912082677985,cardio,beginner
2825,21,Male,155.8605570443422,67.92568154393186,muscle_gain,beginner
2826,30,Female,172.84844506989577,80.05992122498857,weight_loss,intermediate
2827,48,Female,162.02149065538407,71.0570640680427,weight_loss,beginner
2828,42,Female,181.80479330627594,44.55488312156997,muscle_gain,beginner
2829,72,Female,145.1496103823336,92.77234220649608,cardio,beginner
2830,48,Female,156.66467874490007,63.4474516262517,cardio,intermediate
2831,34,Female,171.84307518496712,71.91267324762715,weight_loss,intermediate
2832,44,Female,160.03774623473802,68.0419870851888,muscle_gain,advanced
2833,23,Male,166.58900094777118,76.86779272298992,muscle_gain,intermediate
2834,55,Female,174.54770748720904,46.66315945525386,cardio,beginner
2835,68,Female,175.19394609298328,64.1916954704941,weight_loss,advanced
2836,21,Male,173.81533748729993,59.690233611475925,weight_loss,beginner
2837,34,Female,179.17243345974674,68.52536342835829,cardio,beginner
2838,60,Female,168.06784954486798,64.80506375650808,weight_loss,advanced
2839,59,Male,161.93436575363498,80.6967650533463,weight_loss,advanced
2840,58,Female,183.21201336702626,87.31328856911436,muscle_gain,intermediate
2841,63,Male,161.56707029429725,40.0,muscle_gain,advanced
2842,15,Female,173.0304553185515,53.23935373166893,cardio,beginner
2843,22,Female,164.33598704235766,95.10048800692948,weight_loss,intermediate
2844,45,Female,165.97386028173466,50.33382090756832,cardio,beginner
2845,55,Female,146.33061189979895,68.55475956074764,muscle_gain,intermediate
2846,73,Female,152.00322992394035,63.5267681202737,cardio,beginner
2847,61,Female,167.3618028996793,52.99127438353496,cardio,beginner
2848,52,Female,165.8784617050058,61.033461640633234,weight_loss,intermediate
2849,64,Male,168.6727202875752,58.04905275696973,weight_loss,advanced
2850,64,Male,157.4383322619531,59.323709995978426,cardio,beginner
2851,55,Male,140.0,69.94562979375196,weight_loss,intermediate
2852,48,Female,164.16616278147814,57.41008727610722,weight_loss,beginner
2853,65,Male,166.39674366678278,64.32389706270118,weight_loss,intermediate
2854,27,Female,175.2634047488409,58.80638121210877,muscle_gain,intermediate
2855,34,Male,164.36158188649958,77.36376709761646,cardio,advanced
2856,48,Female,166.0112960800261,61.33828431542426,muscle_gain,intermediate
2857,48,Female,176.22587984235173,58.866848141141716,cardio,beginner
2858,16,Male,172.8293406304428,68.6446624226879,weight_loss,beginner
2859,23,Female,140.0,70.43568535612208,muscle_gain,advanced
2860,20,Male,159.16599689239047,75.54589642013565,muscle_gain,intermediate
2861,33,Male,159.8069421113893,72.55762415062982,weight_loss,intermediate
2862,41,Male,163.89890978647418,54.27280748456347,muscle_gain,advanced
2863,17,Male,178.26443274527628,64.91757992529259,weight_loss,advanced
2864,54,Male,159.26542447943623,68.74778300149622,cardio,advanced
2865,57,Male,189.6768844415366,76.81270107872234,weight_loss,beginner
2866,23,Female,160.88326979404457,99.34470147321683,muscle_gain,advanced
2867,44,Female,166.13579241074413,68.29469876656584,cardio,beginner
2868,21,Female,171.00662788870116,78.60126034831679,weight_loss,intermediate
2869,21,Female,160.7574914791336,63.027264519683456,muscle_gain,intermediate
2870,61,Female,182.6789007155703,69.40935563805203,weight_loss,intermediate
2871,33,Female,163.59220790362815,65.68592455206772,weight_loss,advanced
2872,18,Male,175.11106431091162,78.91619227921251,muscle_gain,advanced
2873,48,Female,168.88286169377233,75.79153920413681,weight_loss,beginner
2874,30,Male,171.8286786031985,86.4057784576382,cardio,beginner
2875,48,Female,160.358077580386,71.95357225755278,cardio,intermediate
2876,20,Male,148.1846524211378,69.43766656931426,muscle_gain,advanced
2877,18,Female,164.27547643418498,78.63691974014169,weight_loss,intermediate
2878,72,Male,174.7162592554657,68.98665785028804,muscle_gain,beginner
2879,74,Male,166.86448656365317,53.72226363638502,muscle_gain,beginner
2880,63,Male,150.97895842374479,72.74095864480809,muscle_gain,advanced
2881,62,Male,163.53034424441265,65.65624277423785,muscle_gain,intermediate
2882,45,Male,179.1590666084166,95.74024217295812,muscle_gain,advanced
2883,22,Male,162.54744846368158,70.12040064630942,weight_loss,advanced
2884,34,Female,176.7157539723933,65.55480680012202,muscle_gain,beginner
2885,18,Male,150.01086957750312,72.18848629077468,muscle_gain,beginner
2886,53,Male,149.3721128696992,55.209847484384866,weight_loss,intermediate
2887,46,Female,140.0,52.20994945233423,cardio,beginner
2888,64,Male,163.06118294397643,73.86403510240036,weight_loss,intermediate
2889,51,Female,165.38213792494815,46.83907427833398,muscle_gain,beginner
2890,16,Female,163.75259487605567,81.15307775989845,weight_loss,advanced
2891,63,Female,149.31478847343377,77.15558094621785,cardio,intermediate
2892,60,Male,162.552000405923,62.036460731230854,cardio,beginner
2893,34,Male,151.06198643470165,71.51194851635525,cardio,intermediate
2894,40,Male,163.12046897018095,58.056378809464206,weight_loss,intermediate
2895,67,Male,154.9854132612567,55.55095284045511,cardio,intermediate
2896,23,Male,153.21930502640802,64.1180706702517,muscle_gain,intermediate
2897,18,Male,154.82529753861084,70.44219020478155,muscle_gain,beginner
2898,29,Male,144.88348895941334,94.91796012933821,muscle_gain,advanced
2899,58,Female,163.94670288511404,62.3693437118811,weight_loss,beginner
2900,70,Male,181.49473576762512,60.82782470275187,weight_loss,intermediate
2901,35,Male,165.7333463327959,60.40600077504935,cardio,beginner
2902,29,Female,160.32513095048427,76.41416344855526,muscle_gain,beginner
2903,41,Male,172.4742154683155,49.5226423634606,muscle_gain,advanced
2904,62,Female,160.84212149159623,69.46056482465866,muscle_gain,beginner
2905,61,Female,164.8393991588659,68.55644920730681,muscle_gain,beginner
2906,63,Male,159.89544918158833,67.4353011487416,weight_loss,beginner
2907,53,Male,158.21564070394925,95.93596461554822,cardio,beginner
2908,40,Male,158.1206066179313,94.7107809427836,weight_loss,beginner
2909,32,Female,159.22996421606337,93.2849241686701,cardio,intermediate
2910,22,Male,164.54697211292202,68.18066714549433,muscle_gain,advanced
2911,61,Female,164.54526147836057,65.58064941970427,cardio,advanced
2912,39,Male,140.8185815606283,85.89548308845582,muscle_gain,intermediate
2913,36,Male,177.85032551212322,67.45046020093997,weight_loss,advanced
2914,65,Male,156.17909742768592,46.541148203889065,cardio,intermediate
2915,73,Female,160.84432602415794,64.59019544640904,muscle_gain,beginner
2916,19,Female,156.7239975092973,57.37435725120875,muscle_gain,advanced
2917,23,Male,158.99424044797922,65.05548540043632,weight_loss,beginner
2918,70,Female,162.4766611340312,51.77968104253803,weight_loss,beginner
2919,52,Male,159.69432003811627,78.3774570515928,cardio,intermediate
2920,64,Male,153.24641454595496,92.43480750327473,muscle_gain,beginner
2921,43,Female,174.6521404278626,72.43247657818013,muscle_gain,intermediate
2922,48,Female,158.87072867363028,66.01900701391546,cardio,advanced
2923,54,Male,173.19702415464565,51.41639877567573,cardio,intermediate
2924,47,Male,175.65179831858714,62.45811207884904,cardio,intermediate
2925,40,Male,168.43431306289892,50.447592245955974,cardio,intermediate
2926,45,Female,153.43597016332944,61.574152567124415,weight_loss,intermediate
2927,72,Male,177.34104699103497,62.40227502058283,weight_loss,advanced
2928,72,Female,165.79251061433573,54.75402621827795,cardio,advanced
2929,50,Male,169.07062574102827,77.79462437099619,weight_loss,advanced
2930,49,Male,165.76694661562888,64.14592810251608,muscle_gain,intermediate
2931,35,Female,169.11573721107197,82.16016534971868,cardio,advanced
2932,21,Female,171.68095967282605,75.76339139215929,cardio,beginner
2933,42,Female,161.94567606627652,76.56198340135745,weight_loss,beginner
2934,51,Female,164.8350749867653,61.85290893853242,cardio,advanced
2935,18,Female,168.3050380851571,93.0444508995415,muscle_gain,beginner
2936,29,Male,170.0112713952979,84.69651717654051,weight_loss,beginner
2937,28,Male,160.30035584294748,71.15060765235789,cardio,intermediate
2938,32,Female,163.80046442381393,45.81605161178159,weight_loss,advanced
2939,19,Male,155.28471684045726,61.14544521853169,cardio,intermediate
2940,33,Female,157.70493742786184,87.54534923119422,weight_loss,advanced
2941,29,Female,156.58701330182205,85.25864233976995,cardio,beginner
2942,30,Female,155.5322209042399,64.29190859832416,cardio,beginner
2943,20,Male,147.31359343548377,77.86754080130103,muscle_gain,advanced
2944,52,Male,171.06007830906162,62.237696225819406,weight_loss,intermediate
2945,59,Male,159.70718656772112,59.61822084441201,cardio,beginner
2946,20,Male,164.80927384797064,62.789772287571346,cardio,advanced
2947,16,Female,165.46050702267192,70.76006160806742,muscle_gain,intermediate
2948,55,Male,163.09852285180608,77.59376586289709,cardio,intermediate
2949,60,Male,162.80609276368452,73.05586442519935,cardio,advanced
2950,49,Male,154.89176043769163,43.40961980242534,muscle_gain,beginner
2951,28,Male,165.98944064813102,119.90411271830013,cardio,advanced
2952,65,Female,151.8010893889308,75.29586818612124,cardio,advanced
2953,40,Female,159.32536000754212,75.02977530806884,weight_loss,intermediate
2954,67,Female,168.26640049942878,69.40285785008572,weight_loss,intermediate
2955,31,Male,170.88011136384426,66.49730107448678,weight_loss,advanced
2956,60,Male,170.70609555359627,57.342203550308376,cardio,beginner
2957,31,Male,164.06557556593566,84.73919579313477,cardio,advanced
2958,60,Female,170.31955044607153,72.12189773746177,weight_loss,beginner
2959,59,Female,173.31860521496918,92.9316254790063,cardio,intermediate
2960,47,Male,156.20010533268513,75.86734728963953,cardio,advanced
2961,41,Female,169.70835959692997,51.04573481448011,weight_loss,intermediate
2962,59,Male,162.16577922920885,68.52082228513531,cardio,advanced
2963,61,Male,155.44029685502522,62.093158444947235,weight_loss,advanced
2964,17,Male,156.9911548935389,106.0306559248562,cardio,intermediate
2965,18,Male,166.97078949712795,81.2728737072153,muscle_gain,advanced
2966,57,Female,164.71472895746047,67.33917000078445,muscle_gain,advanced
2967,34,Male,162.45356180249652,40.0,cardio,beginner
2968,26,Female,184.43221315956134,82.07225312504818,muscle_gain,advanced
2969,66,Female,150.93339762132652,75.4788572099753,muscle_gain,advanced
2970,71,Female,154.08577258395934,60.64324321949286,muscle_gain,advanced
2971,58,Male,177.36343118120948,53.64403872660511,muscle_gain,advanced
2972,18,Male,178.49942145786596,56.14143369612101,cardio,beginner
2973,50,Female,156.6305191851003,73.45169797948476,cardio,beginner
2974,35,Female,164.2020761654891,73.7666608216383,weight_loss,advanced
2975,48,Female,165.61570164991525,73.97739303856942,cardio,advanced
2976,41,Female,173.66979308475214,59.43228441226118,cardio,intermediate
2977,19,Female,178.5763988105599,66.5694745282457,cardio,intermediate
2978,49,Female,164.05758600073875,74.56970718445292,muscle_gain,beginner
2979,33,Female,165.48575364905287,82.18587757293261,cardio,beginner
2980,33,Female,156.20461379109597,62.75068033292626,weight_loss,advanced
2981,26,Female,168.7881020590433,67.0534831482197,muscle_gain,intermediate
2982,55,Male,153.5744620025324,73.67406264155666,cardio,advanced
2983,57,Female,175.65227944839828,65.36912877613481,muscle_gain,intermediate
2984,50,Male,153.3477911037578,86.42788564232796,cardio,intermediate
2985,30,Female,157.29898018517542,66.52155194317129,cardio,intermediate
2986,41,Male,163.56705000095016,87.80785081546237,muscle_gain,intermediate
2987,66,Female,157.64625529359273,62.16088857720401,weight_loss,advanced
2988,25,Male,175.29079643320452,49.45508951606965,muscle_gain,advanced
2989,40,Female,165.48979067942534,40.0,muscle_gain,beginner
2990,45,Male,169.30979523669015,72.52333345200283,muscle_gain,beginner
2991,16,Male,159.09986673151198,75.62608278068289,weight_loss,beginner
2992,52,Female,162.57322312893808,72.1140472567303,cardio,beginner
2993,67,Male,163.58108896546628,63.782566673192456,muscle_gain,beginner
2994,64,Female,177.378749004512,60.247808224534324,muscle_gain,advanced
2995,26,Male,166.26818984854492,68.48047565763898,cardio,intermediate
2996,71,Female,162.533879748795,77.2358124923733,cardio,advanced
2997,69,Male,164.1041706029961,58.42085714437931,cardio,advanced
2998,18,Male,153.72865915148847,73.98985367387488,cardio,advanced
2999,28,Female,183.0299798667395,61.139228891389834,weight_loss,intermediate
3000,43,Female,171.60955932635937,64.76902199022743,muscle_gain,beginner
3001,53,Female,161.80370079930177,64.12959444488524,weight_loss,beginner
3002,51,Female,154.32643546672415,68.1044743049971,cardio,intermediate
3003,22,Female,145.0851990669837,55.94143639653956,weight_loss,intermediate
3004,46,Female,153.12277428156304,65.2948720661857,cardio,beginner
3005,61,Female,166.66140658073627,52.40233178807675,weight_loss,beginner
3006,70,Male,160.1556515158044,83.77617402141601,weight_loss,advanced
3007,22,Female,177.47533423311734,89.33909586254096,weight_loss,intermediate
3008,53,Male,187.88050541573577,63.119033816128145,muscle_gain,intermediate
3009,44,Female,164.28689677035482,62.86249904811176,muscle_gain,intermediate
3010,70,Female,173.78778114020403,54.35299714945634,weight_loss,intermediate
3011,54,Male,166.82498493066873,75.08359946458198,weight_loss,beginner
3012,48,Male,162.8847514350996,80.28402545703118,cardio,beginner
3013,71,Female,158.1833809393602,91.52795934196106,weight_loss,beginner
3014,67,Male,154.45522805520923,73.86676927468076,muscle_gain,intermediate
3015,65,Male,159.33490310312234,78.06543158353585,muscle_gain,advanced
3016,18,Male,178.6559528826095,89.96841844740216,muscle_gain,advanced
3017,32,Female,172.71739834915144,40.0,cardio,beginner
3018,46,Female,155.27189184243585,76.49457650798736,cardio,advanced
3019,45,Female,161.13985192971995,71.59672840126622,weight_loss,advanced
3020,32,Male,160.75621043338418,40.0,muscle_gain,beginner
3021,33,Male,158.83961059490835,78.44738895890083,cardio,intermediate
3022,63,Male,155.7534881123995,40.0,weight_loss,advanced
3023,29,Female,168.80676188741023,88.91737269649711,weight_loss,intermediate
3024,15,Male,169.09449522390042,40.0,cardio,intermediate
3025,41,Male,159.79706234602673,91.71887459544806,cardio,intermediate
3026,22,Male,167.17096216779495,78.78717561238821,weight_loss,beginner
3027,18,Male,153.04256254773424,66.04305349744683,cardio,intermediate
3028,49,Female,157.07157010613324,43.00371372458882,cardio,advanced
3029,26,Male,170.43117407992932,51.15741381340358,weight_loss,beginner
3030,19,Male,173.5401137061601,67.58511125891819,cardio,beginner
3031,74,Male,176.47299675575377,55.191570980220824,weight_loss,advanced
3032,66,Male,154.45657231158765,70.86257577235865,cardio,advanced
3033,61,Female,161.329384062677,43.00047102598162,cardio,advanced
3034,33,Male,160.35029795442486,50.46261502303146,weight_loss,advanced
3035,50,Male,157.35319264078322,56.408134199219866,muscle_gain,beginner
3036,39,Male,183.68265984285733,70.74776417481425,muscle_gain,advanced
3037,38,Female,168.5283864044259,66.42427486211746,muscle_gain,intermediate
3038,56,Female,162.50484279571427,52.63855741680047,muscle_gain,intermediate
3039,36,Male,154.3611636898526,72.38586963282332,cardio,beginner
3040,15,Female,154.83155805591844,48.01861763723588,cardio,intermediate
3041,29,Male,175.04961636358937,76.65068087887721,weight_loss,advanced
3042,47,Male,169.6739536968901,72.33856377307715,muscle_gain,beginner
3043,45,Female,179.10939390685118,53.70671009370423,cardio,intermediate
3044,70,Female,172.60734508417113,78.61045297770434,muscle_gain,beginner
3045,19,Male,160.72417291630055,70.98634483607238,weight_loss,intermediate
3046,69,Male,177.45899910054422,88.2339771210992,weight_loss,intermediate
3047,69,Female,143.62175307786273,79.53767684962777,cardio,beginner
3048,68,Male,160.72370384667346,76.30869395356638,muscle_gain,beginner
3049,39,Male,175.40428375875672,43.63500302766117,weight_loss,intermediate
3050,37,Female,147.13677465640012,41.856125148466376,cardio,advanced
3051,47,Male,168.3813689975271,55.74363839545997,muscle_gain,beginner
3052,50,Male,177.27012938639433,66.5712990336604,muscle_gain,beginner
3053,43,Female,156.91063864881062,66.94788998026392,weight_loss,beginner
3054,26,Male,171.31183886705332,71.62086232988787,cardio,advanced
3055,47,Female,181.46756504042523,49.39589631947997,muscle_gain,advanced
3056,34,Female,170.56523271644002,89.19203993894648,weight_loss,intermediate
3057,53,Female,171.24378198089514,69.82971264430768,weight_loss,advanced
3058,23,Female,171.51598413002515,74.08954302359692,weight_loss,advanced
3059,38,Male,170.56722269202038,87.93937158881722,cardio,advanced
3060,70,Male,152.62859376410427,71.82385503039146,muscle_gain,beginner
3061,26,Female,146.73198826579846,72.69960029757614,weight_loss,advanced
3062,54,Male,158.1576153237964,95.96038662529733,weight_loss,advanced
3063,44,Female,177.3918763290938,70.35569852348799,muscle_gain,advanced
3064,74,Male,172.09467233254813,67.43969781754136,muscle_gain,intermediate
3065,44,Female,165.76360867869292,69.97490241452036,cardio,intermediate
3066,30,Male,173.95814464453187,48.30082459134992,cardio,advanced
3067,71,Female,157.74202657701295,45.2194958509135,cardio,intermediate
3068,20,Female,165.26514086270961,48.3770591206486,muscle_gain,beginner
3069,28,Female,170.70633272779068,40.0,cardio,advanced
3070,41,Male,169.58539994522062,67.24204696115504,cardio,intermediate
3071,41,Male,166.26030972618594,73.30769819358142,muscle_gain,advanced
3072,27,Female,157.36996677363746,72.26812721046076,muscle_gain,intermediate
3073,70,Female,158.74989442398734,57.72326331131714,cardio,intermediate
3074,56,Male,159.24172676260488,77.95540979480107,cardio,advanced
3075,15,Female,141.47271599064965,62.24761119796794,muscle_gain,advanced
3076,70,Female,152.56197396474303,54.47328623298628,cardio,beginner
3077,26,Male,162.54683555870653,68.03506831658649,muscle_gain,beginner
3078,48,Male,156.8685111964749,95.65945120697805,cardio,advanced
3079,21,Female,162.81545582196486,95.73261372087387,muscle_gain,beginner
3080,65,Male,157.687249378502,84.04985955683529,cardio,beginner
3081,32,Male,158.96112280744606,89.04380621158607,weight_loss,beginner
3082,40,Female,143.65034301775603,79.69961077867262,weight_loss,beginner
3083,15,Male,172.6140798651505,54.35510360162252,weight_loss,beginner
3084,70,Male,174.55802176354095,65.79095848827815,muscle_gain,advanced
3085,35,Female,164.90709106877952,54.59156641928823,muscle_gain,advanced
3086,47,Male,162.63237246915637,72.6580761486769,cardio,advanced
3087,18,Male,183.86805151560452,49.75847606149212,muscle_gain,advanced
3088,53,Male,157.94580938250772,61.52263501773924,cardio,beginner
3089,31,Male,147.0485218048101,72.6401472136175,cardio,beginner
3090,22,Female,162.69632221074966,78.86371300489562,weight_loss,beginner
3091,25,Male,180.09975907642882,94.26029890556829,muscle_gain,beginner
3092,25,Male,172.44988623171818,86.43389775734099,weight_loss,intermediate
3093,20,Female,160.85633231804357,75.96314921059114,cardio,advanced
3094,57,Female,169.47369129346112,83.87398337085676,weight_loss,intermediate
3095,16,Female,171.7294557830374,40.0,cardio,beginner
3096,42,Male,164.01070655338867,46.7273070353198,cardio,intermediate
3097,35,Female,153.39968600601517,69.3528475301951,cardio,beginner
3098,73,Female,159.23520143801917,83.43263221510439,cardio,beginner
3099,41,Female,185.11132374189415,53.29221333768251,muscle_gain,intermediate
3100,69,Male,168.4360730531693,73.72742527104604,muscle_gain,advanced
3101,46,Female,168.74281730792848,69.11573848308893,weight_loss,beginner
3102,20,Male,166.7260992198256,68.14439958301283,muscle_gain,advanced
3103,73,Male,180.9968496152816,44.907972580792745,weight_loss,intermediate
3104,54,Female,185.9867072327042,64.7756318856481,muscle_gain,beginner
3105,66,Female,165.25362125124525,75.2911298333441,cardio,intermediate
3106,23,Female,156.37242539460036,78.0823546618803,cardio,advanced
3107,23,Female,149.02831897036458,66.3871890442658,weight_loss,beginner
3108,57,Male,151.4470621628278,63.4411753528377,muscle_gain,beginner
3109,19,Male,154.87749594147604,67.02820171284222,muscle_gain,advanced
3110,37,Female,183.57916693935383,82.57419092891713,weight_loss,intermediate
3111,62,Male,184.56828749271682,80.33787895739329,cardio,intermediate
3112,53,Male,161.2938691030646,81.85257848917165,weight_loss,beginner
3113,22,Female,161.08288395734667,81.64503803503402,weight_loss,advanced
3114,62,Male,159.03675772935688,82.56728872125927,muscle_gain,intermediate
3115,53,Female,159.561742213109,49.97004166600415,weight_loss,intermediate
3116,22,Female,178.2025251802725,84.33114257854015,cardio,intermediate
3117,72,Male,156.95975882017186,41.76445325676697,weight_loss,beginner
3118,21,Male,156.29464899838018,45.00785910080778,cardio,advanced
3119,72,Female,160.25611883367546,80.97949692175241,weight_loss,intermediate
3120,55,Female,140.0,76.30950988371114,weight_loss,intermediate
3121,59,Female,155.9365475573904,84.9553892405624,weight_loss,intermediate
3122,69,Male,200.0,59.20442275657451,weight_loss,advanced
3123,17,Female,168.4853021479966,60.757078172262986,cardio,intermediate
3124,60,Male,169.33440459333318,80.28504624821011,muscle_gain,advanced
3125,21,Male,150.07500211717274,78.03827567886015,weight_loss,advanced
3126,40,Female,152.27019333498717,88.28164283632826,cardio,advanced
3127,44,Male,178.59285166839476,90.89931556397045,cardio,advanced
3128,73,Male,167.12169344345256,83.84417582305633,muscle_gain,advanced
3129,62,Male,160.63038400207674,86.92200178267498,weight_loss,advanced
3130,73,Male,151.78101570817148,115.20103161522687,muscle_gain,advanced
3131,47,Female,161.6299227378338,73.5569417927438,cardio,intermediate
3132,60,Female,168.56069205269674,95.3190720194356,cardio,intermediate
3133,57,Female,159.36763185056208,72.48746049229605,cardio,advanced
3134,30,Female,167.01461609533357,44.03171928565094,weight_loss,intermediate
3135,50,Male,160.22131280066912,86.2301609278536,weight_loss,beginner
3136,30,Male,159.46172103190335,70.46244401916157,cardio,beginner
3137,42,Male,164.75723901910118,69.17382935598424,cardio,advanced
3138,57,Male,174.7305338288808,40.0,cardio,advanced
3139,59,Male,169.95098334302787,71.67182231368538,weight_loss,advanced
3140,67,Female,164.87656355719338,77.22892318040262,cardio,beginner
3141,52,Male,160.81492035904225,50.47257714758649,weight_loss,beginner
3142,28,Male,167.64107056453815,66.50304627407826,muscle_gain,beginner
3143,26,Female,166.3332021315586,77.83228175319034,cardio,advanced
3144,31,Male,163.40773942900861,86.3550291176073,cardio,advanced
3145,24,Male,158.57521799309364,75.54988070907754,muscle_gain,advanced
3146,22,Male,174.5959443607451,61.96282137409098,cardio,beginner
3147,44,Male,170.4302263059204,46.43597448780864,weight_loss,advanced
3148,73,Female,147.55798892492132,102.12819991615208,weight_loss,intermediate
3149,32,Male,154.10588638913723,85.78824484192566,muscle_gain,intermediate
3150,35,Female,163.70304091952875,63.973807423902414,cardio,beginner
3151,21,Female,166.96373796045003,73.93159472479852,weight_loss,beginner
3152,61,Female,184.67982513502452,75.74082576875306,muscle_gain,intermediate
3153,30,Male,176.8993797433208,81.29673037185853,weight_loss,advanced
3154,50,Male,156.9724410720509,76.4069264183143,muscle_gain,beginner
3155,71,Male,169.566450847756,60.402972201271496,cardio,beginner
3156,32,Male,174.27868787138397,89.34542826425835,muscle_gain,beginner
3157,65,Male,142.5081185830776,98.38022442017824,weight_loss,beginner
3158,56,Female,156.73136551567947,84.57899433073793,cardio,advanced
3159,46,Female,160.88330348926408,92.75333501589678,muscle_gain,intermediate
3160,41,Male,154.87296100051262,74.8397726966061,muscle_gain,advanced
3161,20,Male,161.34110755464852,84.04570833714243,weight_loss,advanced
3162,17,Female,163.15425075037916,80.63272783671763,muscle_gain,beginner
3163,41,Female,170.83977019528382,81.83013580324608,weight_loss,intermediate
3164,16,Male,180.4692188386429,63.91846724901123,weight_loss,beginner
3165,53,Male,167.0015086697453,61.518776454861076,cardio,intermediate
3166,18,Male,169.62742591103856,60.70141026672891,cardio,advanced
3167,74,Male,178.3273394032636,85.52507848699331,muscle_gain,beginner
3168,74,Female,174.53108031239773,103.09014519797357,weight_loss,beginner
3169,27,Female,168.0781345988091,70.39634620874129,weight_loss,advanced
3170,30,Male,162.74550976131698,49.16820496830782,cardio,advanced
3171,61,Male,156.20631017972715,57.81637355749645,muscle_gain,beginner
3172,15,Female,164.62759247171056,62.061517061661974,cardio,intermediate
3173,57,Female,167.80333881112904,47.165973093143535,muscle_gain,advanced
3174,37,Female,165.3283022649005,75.64055861851652,cardio,intermediate
3175,63,Female,157.5485655544422,79.34924338671807,weight_loss,advanced
3176,37,Male,159.03511778370108,40.0,cardio,intermediate
3177,62,Male,160.81356951031853,54.0201574382884,cardio,beginner
3178,51,Male,168.93413067962587,73.55700734492278,muscle_gain,intermediate
3179,49,Male,177.27716150670537,76.88618170741628,muscle_gain,advanced
3180,42,Male,182.88815015298053,102.08253710000761,muscle_gain,beginner
3181,39,Male,163.9686750198808,75.37165815688158,muscle_gain,beginner
3182,58,Male,168.50193250458466,60.30428193450049,weight_loss,beginner
3183,36,Male,152.88544320817576,89.06675563949483,cardio,beginner
3184,36,Male,158.30333145377546,80.26902923912547,cardio,advanced
3185,55,Female,155.51252188345194,65.99852183630209,weight_loss,advanced
3186,21,Female,153.20686295478575,58.19688182873504,muscle_gain,advanced
3187,57,Male,190.12124738311599,106.40080074720069,cardio,intermediate
3188,42,Male,158.22553322780405,78.83137119216072,muscle_gain,beginner
3189,66,Male,140.0,90.98113143030791,weight_loss,beginner
3190,16,Female,165.89091395018016,78.81148733978058,weight_loss,beginner
3191,49,Male,154.90540984794916,78.23445536890523,weight_loss,intermediate
3192,20,Male,161.7645211339441,54.44812831158653,muscle_gain,advanced
3193,55,Female,147.34959345487295,46.44639927834294,weight_loss,beginner
3194,41,Female,160.37664522302293,74.24568983918103,weight_loss,intermediate
3195,37,Male,166.591709453623,40.0,muscle_gain,intermediate
3196,28,Male,167.4680683773889,57.3451525384864,cardio,advanced
3197,68,Male,166.83328952686742,48.698555946328376,cardio,beginner
3198,54,Male,157.20767208636568,90.17410296500275,cardio,beginner
3199,37,Female,154.82124793024218,89.13838233430424,weight_loss,beginner
3200,67,Male,154.6269264818249,55.126328498486814,cardio,advanced
3201,23,Male,147.79334610903047,76.34477913908027,cardio,intermediate
3202,22,Female,164.60618696581068,62.37850960548478,weight_loss,advanced
3203,66,Female,159.76505279718808,63.652096990182606,weight_loss,intermediate
3204,28,Female,145.3849788778676,71.78556379916247,weight_loss,intermediate
3205,33,Male,169.0846545679628,95.50197355358877,muscle_gain,advanced
3206,70,Male,173.05335526752486,43.223441980213245,cardio,intermediate
3207,70,Female,158.19346194168938,46.039578382073415,muscle_gain,beginner
3208,31,Male,158.49812218828868,54.26332892530564,muscle_gain,intermediate
3209,49,Male,153.39753851424845,62.857803823662536,muscle_gain,advanced
3210,23,Male,182.4404854502997,58.879607731730545,cardio,advanced
3211,32,Male,154.53339607491117,74.91554476663762,cardio,beginner
3212,74,Female,167.30591264234857,74.92316861783591,weight_loss,advanced
3213,73,Male,173.09986244783897,73.25378197723295,muscle_gain,intermediate
3214,37,Female,172.46030816152154,89.24950437634291,cardio,beginner
3215,65,Female,153.5935632455117,75.46810917110676,cardio,intermediate
3216,59,Female,173.58793961655869,59.579311452961456,muscle_gain,beginner
3217,29,Female,160.12246961581928,80.24876418561354,weight_loss,beginner
3218,27,Male,148.34459297527832,85.07619582091975,cardio,intermediate
3219,66,Female,169.58755816549552,49.91788003637729,cardio,advanced
3220,22,Female,176.2114213627542,78.08486415754982,weight_loss,beginner
3221,49,Female,163.1447690186945,67.24131033030334,cardio,beginner
3222,47,Female,171.88303150838502,80.40034238000081,weight_loss,advanced
3223,42,Female,169.84721169430503,63.52081735621909,cardio,advanced
3224,20,Female,151.59774210231353,74.20260590216814,weight_loss,advanced
3225,38,Female,153.67141343416614,73.3530613486866,weight_loss,beginner
3226,42,Female,176.88637973661764,49.31355350811002,muscle_gain,advanced
3227,34,Male,171.4639390319501,59.61991209948681,weight_loss,beginner
3228,43,Male,168.309822366593,86.19677618109954,weight_loss,intermediate
3229,25,Female,178.0960977692883,71.83641521216937,muscle_gain,advanced
3230,43,Male,180.6539074135894,76.03287532925177,cardio,advanced
3231,43,Male,169.62823616289043,71.89084154606978,weight_loss,advanced
3232,71,Male,155.62930703931556,73.8677014335317,cardio,advanced
3233,50,Male,166.59875814486304,84.79167099846653,muscle_gain,beginner
3234,41,Male,171.2200429534836,59.44350012745427,muscle_gain,intermediate
3235,65,Male,177.9753636357008,59.869818300153895,cardio,intermediate
3236,58,Male,177.95755943763922,69.95724433546307,cardio,advanced
3237,74,Female,160.16580710192014,83.34467200243895,weight_loss,intermediate
3238,27,Female,181.26105527215782,87.38731961769928,weight_loss,beginner
3239,47,Female,169.81998220549008,70.18348942868704,muscle_gain,beginner
3240,66,Male,170.38170670254357,85.33375696374634,weight_loss,beginner
3241,26,Female,165.88204910379844,70.79845094550005,cardio,advanced
3242,31,Female,181.3553209725667,95.35704485462507,weight_loss,beginner
3243,53,Female,148.40692505151594,72.093840150736,weight_loss,beginner
3244,71,Female,155.957759635947,51.88456125914847,muscle_gain,beginner
3245,15,Male,165.23358112815853,75.28096014320658,muscle_gain,beginner
3246,47,Male,182.58114887271296,66.24451514710879,cardio,advanced
3247,56,Male,148.74165453933543,76.24577827008953,weight_loss,advanced
3248,36,Female,185.6601862394878,60.0643684012377,weight_loss,advanced
3249,25,Male,162.61392294618193,111.2597368162636,cardio,advanced
3250,39,Male,165.90661203931543,69.40234492448434,cardio,beginner
3251,28,Female,175.11215874782695,87.05569520107369,muscle_gain,advanced
3252,36,Female,170.86398592845632,75.23176603814778,weight_loss,beginner
3253,22,Female,185.7912567019411,64.78274699704805,muscle_gain,advanced
3254,62,Male,178.61590128806802,55.36172223236015,weight_loss,intermediate
3255,58,Female,168.91395706976007,80.24626825609583,cardio,beginner
3256,65,Female,165.03308686193884,63.91006516423339,cardio,beginner
3257,48,Male,173.67405593236404,72.52056943090233,cardio,intermediate
3258,27,Male,172.7307259043211,58.27368292109228,cardio,beginner
3259,16,Male,149.7825281182577,84.2399378883307,muscle_gain,beginner
3260,33,Male,164.8916422295163,70.67794308870295,weight_loss,beginner
3261,52,Female,168.6157154071791,63.58399409387042,muscle_gain,advanced
3262,56,Female,165.89904053919113,67.39858396464962,cardio,advanced
3263,49,Female,160.04653980378504,84.18066884208366,muscle_gain,intermediate
3264,66,Female,167.6281700184967,74.6627367735213,cardio,advanced
3265,73,Female,172.60740882023202,53.70861492914743,cardio,intermediate
3266,18,Male,177.39920793790048,45.20525862367542,weight_loss,advanced
3267,41,Female,152.24586122869994,91.20691890699862,cardio,beginner
3268,28,Male,169.5411305092901,42.50387625664956,cardio,intermediate
3269,31,Female,170.78144086284277,68.06184129977098,weight_loss,intermediate
3270,58,Male,173.97125977888228,54.910700767429844,cardio,advanced
3271,30,Male,166.12349868640973,64.04669633189307,muscle_gain,advanced
3272,64,Female,158.26983263279004,80.33892988468045,weight_loss,intermediate
3273,45,Male,159.52672633160637,63.0262458389506,weight_loss,intermediate
3274,30,Female,169.33216723732372,55.181087604312054,muscle_gain,intermediate
3275,60,Female,168.02346469463686,105.43179479078472,weight_loss,advanced
3276,47,Male,153.83459854003584,67.7984578248223,cardio,intermediate
3277,74,Male,171.49659336460425,73.85784924705116,muscle_gain,beginner
3278,27,Male,154.11466874553994,73.83664991283942,cardio,advanced
3279,66,Female,157.2691527653829,74.2523394841023,muscle_gain,beginner
3280,69,Female,154.86710698297935,85.4062530471221,muscle_gain,intermediate
3281,16,Female,149.86225248469867,46.00803075848102,muscle_gain,intermediate
3282,48,Male,151.15621254672774,61.10010099623549,weight_loss,beginner
3283,30,Male,177.92323591597608,60.93686735360724,cardio,beginner
3284,51,Female,173.55624301391248,57.71454160803897,muscle_gain,beginner
3285,66,Female,163.89832897686898,90.14185107732719,muscle_gain,intermediate
3286,63,Male,171.242273754049,89.58149946139326,weight_loss,advanced
3287,17,Male,161.81412554681205,49.41473850047589,weight_loss,intermediate
3288,18,Male,181.20511040897458,84.98683144083338,muscle_gain,intermediate
3289,54,Male,152.9246536658018,50.18899362732127,weight_loss,beginner
3290,73,Female,177.63562510724935,70.0050485367906,muscle_gain,beginner
3291,67,Male,152.5714538331159,40.0,weight_loss,advanced
3292,15,Male,178.26436590224748,101.34432853969709,muscle_gain,intermediate
3293,65,Female,170.32816925519913,74.32897314378509,muscle_gain,advanced
3294,53,Female,171.31925326608865,111.66863777163596,cardio,intermediate
3295,28,Male,162.28910833649624,77.23595453244923,cardio,intermediate
3296,40,Female,160.97103865385657,77.29590638101756,cardio,advanced
3297,30,Female,157.8303370870111,70.24734277143335,muscle_gain,intermediate
3298,54,Female,157.4620610601368,49.62612327267556,muscle_gain,intermediate
3299,22,Male,164.97131051967148,40.0,cardio,intermediate
3300,68,Male,156.41120250989573,58.010469633410175,weight_loss,advanced
3301,64,Female,172.4496381914563,82.69088460420747,muscle_gain,intermediate
3302,68,Female,175.62512154171287,76.60297473351424,cardio,advanced
3303,58,Male,149.17395657802018,79.22614664543002,weight_loss,beginner
3304,51,Female,161.6369360136145,64.87426898019768,muscle_gain,intermediate
3305,37,Male,166.65836407204472,79.77827060743452,muscle_gain,intermediate
3306,68,Male,168.1002263000478,70.38415573372369,cardio,beginner
3307,27,Male,148.20937481882703,58.0239349984497,weight_loss,intermediate
3308,62,Male,180.1506050958261,58.64554640017429,weight_loss,advanced
3309,64,Female,166.34764200897513,41.250027895639725,cardio,advanced
3310,64,Male,191.04949676968977,54.11650238707261,muscle_gain,beginner
3311,73,Female,190.69281219572417,90.49057103201562,muscle_gain,beginner
3312,60,Female,168.18321719183524,57.69634920416806,weight_loss,advanced
3313,60,Female,150.12757027536782,75.11591110760035,weight_loss,advanced
3314,27,Female,148.350295298122,45.24677375590307,cardio,beginner
3315,57,Female,169.26555011369135,91.20550617329363,weight_loss,beginner
3316,37,Female,161.77733953560283,51.66997720131734,cardio,beginner
3317,20,Female,173.87516176574982,91.77171915549117,cardio,beginner
3318,29,Female,165.45752054161457,65.821256270616,weight_loss,beginner
3319,39,Female,157.31125445155212,46.78760430201083,muscle_gain,advanced
3320,74,Female,167.66994788828825,98.99264671910947,cardio,beginner
3321,47,Female,162.41515887976283,46.84955851190197,muscle_gain,advanced
3322,25,Male,159.57565524669727,60.004286995035876,cardio,intermediate
3323,58,Female,171.50374794575723,73.24256616879852,muscle_gain,advanced
3324,39,Female,155.2202900338544,74.51524831904844,weight_loss,advanced
3325,23,Male,167.44570273287187,63.38401799767166,cardio,beginner
3326,34,Male,163.57960640866304,80.5056508751541,weight_loss,beginner
3327,58,Male,169.66919055818437,63.205000997606156,muscle_gain,advanced
3328,59,Male,165.2265203737811,45.71543892870258,weight_loss,intermediate
3329,27,Female,162.33438898559928,83.52576095728537,muscle_gain,beginner
3330,67,Male,164.9548978418552,62.94646212944366,weight_loss,beginner
3331,28,Female,168.2445520952401,75.8965404926428,cardio,advanced
3332,40,Male,175.59337000222123,53.45915810227474,muscle_gain,intermediate
3333,20,Female,160.19623863818686,66.07628004634228,weight_loss,advanced
3334,54,Female,185.12005607071578,54.01809030221528,muscle_gain,advanced
3335,70,Male,167.7206784776575,72.79530697344275,cardio,beginner
3336,28,Male,179.12249212192796,88.38400123307903,cardio,advanced
3337,43,Male,159.2773490587722,84.5676162889307,weight_loss,beginner
3338,65,Male,176.00419429894453,60.241650928412824,muscle_gain,advanced
3339,50,Female,161.20550380365626,82.34465804976901,muscle_gain,beginner
3340,61,Male,151.91237654156038,92.93543712974643,weight_loss,beginner
3341,34,Male,154.2283860992278,82.83123663695618,weight_loss,beginner
3342,15,Female,168.58904224756247,69.78543432947343,weight_loss,beginner
3343,43,Male,158.33601158295198,63.27221393841566,cardio,beginner
3344,59,Male,168.7550869443565,84.78187182356608,muscle_gain,intermediate
3345,18,Male,166.48017613685107,70.27806336614898,weight_loss,intermediate
3346,49,Female,174.13241250501565,73.6838504385227,cardio,advanced
3347,15,Male,163.50056881561554,95.00321394881664,muscle_gain,beginner
3348,34,Female,163.11057754671387,75.09582970689162,muscle_gain,beginner
3349,35,Male,143.338354351758,60.88303016596116,muscle_gain,advanced
3350,46,Female,159.485098970182,69.8420920935915,muscle_gain,intermediate
3351,27,Male,143.571798212523,64.52064576932095,muscle_gain,intermediate
3352,24,Female,168.8689262690082,50.890519838694175,cardio,intermediate
3353,34,Female,158.7672592620982,67.26237295782376,weight_loss,beginner
3354,72,Male,155.58178001991973,48.74760606249413,muscle_gain,advanced
3355,36,Female,166.09656919427235,63.3098599587984,muscle_gain,intermediate
3356,45,Female,166.08179907700344,100.2004590340068,muscle_gain,intermediate
3357,41,Male,169.36405131624815,57.0972939771526,weight_loss,beginner
3358,66,Male,169.79094216758781,87.89568926300922,cardio,beginner
3359,26,Male,155.10122817203086,65.39622093657701,weight_loss,beginner
3360,72,Male,162.50543182563635,85.97049550440263,weight_loss,intermediate
3361,33,Female,151.6083066401595,73.16901552740404,muscle_gain,advanced
3362,64,Male,156.08986231604447,68.28812830334606,weight_loss,advanced
3363,48,Female,167.4889956827759,59.769739077200484,muscle_gain,beginner
3364,50,Female,157.5827448285823,67.65858350434891,weight_loss,advanced
3365,49,Female,172.0079113167448,52.858933672825174,cardio,beginner
3366,65,Female,160.0709930061722,77.67045963931082,weight_loss,intermediate
3367,31,Male,163.0152886395874,58.66192776183604,weight_loss,intermediate
3368,39,Female,150.8791916610327,67.38411334361156,cardio,advanced
3369,32,Female,176.24614088401876,91.4672875236146,cardio,intermediate
3370,46,Female,156.0983476004132,58.983297053448744,cardio,advanced
3371,64,Male,154.40822609320477,77.58290106101853,weight_loss,beginner
3372,49,Female,161.37782590182277,77.70382770483458,muscle_gain,advanced
3373,71,Male,175.08649384833848,69.63688933917592,cardio,beginner
3374,61,Female,155.3915301999131,105.1331815158101,weight_loss,beginner
3375,28,Male,157.01607380339055,70.23206692548513,weight_loss,intermediate
3376,40,Female,157.26729649542702,42.325601099567805,weight_loss,advanced
3377,51,Male,167.5979653535125,55.6423914287824,weight_loss,intermediate
3378,52,Female,147.63290690754684,62.28747628594261,weight_loss,advanced
3379,56,Female,181.0214577903239,68.00939707528522,muscle_gain,advanced
3380,27,Female,179.30468961761045,49.42145476468373,cardio,beginner
3381,26,Male,159.2412609877256,62.39528754617663,cardio,advanced
3382,42,Female,167.00973462555444,71.1821310918148,cardio,intermediate
3383,67,Male,151.7760763900503,54.59524431195414,muscle_gain,advanced
3384,17,Male,155.94719247837975,86.60024929777303,weight_loss,intermediate
3385,38,Female,168.92171191540908,64.0535873927034,weight_loss,beginner
3386,36,Male,177.6722057863849,77.13581839333622,muscle_gain,beginner
3387,23,Female,144.09497220446235,55.30066620706269,weight_loss,intermediate
3388,37,Female,168.4356810151206,56.862430002812395,weight_loss,advanced
3389,54,Male,169.04870442808672,82.6059152433994,muscle_gain,advanced
3390,62,Male,174.70471381965692,69.23066577932954,muscle_gain,intermediate
3391,19,Male,148.65718514697048,91.34819074696756,muscle_gain,intermediate
3392,26,Male,159.6931230924107,93.96530043237269,weight_loss,advanced
3393,61,Male,166.1638786741534,67.26211993858693,cardio,advanced
3394,33,Male,181.7652619109123,89.56104796483943,muscle_gain,advanced
3395,45,Male,159.79640403522967,61.83980066693891,cardio,beginner
3396,33,Female,156.26051478687364,72.91096479531721,weight_loss,beginner
3397,66,Female,173.90441485675115,66.02303336665163,cardio,intermediate
3398,25,Male,170.97280779416175,48.62938145522144,cardio,advanced
3399,58,Female,164.56308126512891,68.88699976711962,weight_loss,intermediate
3400,31,Female,159.55920302436476,71.50998748604827,cardio,intermediate
3401,43,Female,185.3641006070734,65.74172289431982,cardio,advanced
3402,43,Male,156.4645460231936,112.55597479572884,weight_loss,beginner
3403,20,Female,177.56379020275423,75.6033715745454,cardio,beginner
3404,57,Female,173.9235050335444,98.66532085951168,weight_loss,advanced
3405,22,Female,147.4602446324702,50.82061945865993,muscle_gain,beginner
3406,47,Male,140.0,64.24698299363739,muscle_gain,advanced
3407,29,Female,178.7306003812956,62.735671635591366,muscle_gain,beginner
3408,42,Male,167.41295290960798,70.04797297036207,muscle_gain,beginner
3409,41,Female,146.0649309928219,78.32928802451275,cardio,beginner
3410,35,Male,168.27384966191917,71.86223602297214,cardio,intermediate
3411,39,Male,155.43118081520407,53.21985691518451,weight_loss,intermediate
3412,47,Male,163.63550932015136,40.0,cardio,beginner
3413,28,Female,162.51439103508477,55.64150855944764,cardio,beginner
3414,22,Female,165.6973342375858,72.07986223877592,cardio,intermediate
3415,53,Female,157.4227756472303,63.04962963110446,cardio,intermediate
3416,47,Female,167.57617364589808,81.88979474149451,cardio,advanced
3417,52,Male,174.33278779940807,58.88883002537516,muscle_gain,advanced
3418,48,Female,159.74833433636334,72.15552908748107,weight_loss,advanced
3419,27,Male,169.6287351946086,92.87700450106348,weight_loss,advanced
3420,72,Female,168.35990288263386,75.9384581875206,muscle_gain,advanced
3421,47,Male,162.04335870909605,45.16832351982612,cardio,beginner
3422,58,Female,166.53898689154832,55.7751851657266,weight_loss,advanced
3423,21,Male,165.5556207226057,62.69441247467441,weight_loss,beginner
3424,51,Female,157.82123963848338,44.55538379018086,muscle_gain,intermediate
3425,57,Female,172.4091533426766,88.38704352587764,cardio,advanced
3426,18,Male,164.84719363305234,47.91489071370462,muscle_gain,beginner
3427,18,Male,167.92020808412315,84.11359590764309,cardio,advanced
3428,22,Male,170.45248139167506,56.24746534380457,weight_loss,beginner
3429,16,Female,174.78531679777507,71.75521199958926,muscle_gain,beginner
3430,72,Male,162.27969815794256,86.05623770488864,cardio,advanced
3431,60,Male,167.1084787058912,68.58988485090367,weight_loss,beginner
3432,25,Male,181.73260092309374,65.5042226627013,weight_loss,intermediate
3433,17,Male,157.7707978189752,70.47138941459211,muscle_gain,intermediate
3434,54,Male,164.98195611704978,60.4118356516789,muscle_gain,advanced
3435,15,Male,159.252641868867,94.19962111299202,weight_loss,advanced
3436,16,Male,176.9554551544679,43.983648864650306,muscle_gain,intermediate
3437,27,Male,172.48122518424725,87.75440837538846,cardio,beginner
3438,71,Male,158.04499245767022,62.45769198756759,cardio,intermediate
3439,67,Female,164.28371230699688,62.871443564461345,muscle_gain,advanced
3440,45,Male,162.26431571426463,78.62892561256305,muscle_gain,advanced
3441,37,Female,154.73261890934253,60.44224488282035,weight_loss,intermediate
3442,15,Female,157.8671527476707,89.734194851469,weight_loss,advanced
3443,36,Male,154.9243018107564,72.37473226146753,weight_loss,advanced
3444,28,Female,157.39135631601064,103.9046872957435,cardio,advanced
3445,64,Male,172.5680778107562,40.908820457183275,muscle_gain,beginner
3446,18,Female,161.9135742961942,48.2187957728484,muscle_gain,advanced
3447,17,Male,172.66237042246593,51.30419949216841,weight_loss,beginner
3448,28,Female,173.629222879815,68.74682984304204,weight_loss,beginner
3449,34,Male,159.49498761670725,86.80639544198456,weight_loss,beginner
3450,68,Female,170.33729463930746,50.331531912544726,cardio,beginner
3451,66,Female,175.70383732242726,59.88226534512189,weight_loss,advanced
3452,29,Male,168.7662965693168,56.745880540106455,cardio,intermediate
3453,64,Female,151.8437229372426,88.3904624973724,muscle_gain,advanced
3454,47,Male,189.60255452257442,40.0,weight_loss,beginner
3455,61,Female,152.85308040119648,81.25249871842966,cardio,advanced
3456,61,Female,172.25352447158753,69.31866234428207,muscle_gain,intermediate
3457,47,Female,165.74655287895362,74.6228866197825,cardio,intermediate
3458,58,Female,179.04721974220033,115.56438141495886,muscle_gain,advanced
3459,42,Female,160.0401706697424,97.89555638557937,weight_loss,beginner
3460,32,Male,183.83456415611414,73.6840559393629,cardio,advanced
3461,23,Female,157.86192304703144,88.13385228512587,weight_loss,intermediate
3462,67,Male,183.5838443167577,100.31347295924448,weight_loss,advanced
3463,65,Male,169.5185163528342,69.9450062426663,cardio,advanced
3464,73,Male,150.18589182515456,60.16793380372601,weight_loss,intermediate
3465,29,Male,164.75112274599937,75.65163626074212,muscle_gain,advanced
3466,15,Male,168.68381128787408,49.96614577771932,muscle_gain,advanced
3467,29,Female,163.7923123207411,76.17937713712982,muscle_gain,intermediate
3468,55,Female,177.2776731249551,64.33188189871531,cardio,beginner
3469,44,Female,164.66777416340392,61.413507374396914,cardio,advanced
3470,21,Male,167.46767043858068,85.01619745387474,cardio,advanced
3471,19,Male,155.4545238053045,70.00064699736717,weight_loss,beginner
3472,53,Female,174.4228675653881,100.67551922610072,cardio,beginner
3473,39,Female,152.80222275765732,90.20017510981144,cardio,advanced
3474,67,Male,156.87338554117474,49.13239003991243,weight_loss,intermediate
3475,62,Female,174.87315363209035,55.51765366119387,muscle_gain,beginner
3476,55,Male,190.9148065019386,87.73845864513133,cardio,beginner
3477,55,Female,162.9520794547856,79.80297024317659,cardio,advanced
3478,39,Female,167.92809823969077,83.65984624315819,cardio,advanced
3479,18,Male,172.62464882093622,61.49922119652787,weight_loss,beginner
3480,72,Female,151.7685463160338,66.46948402545824,weight_loss,beginner
3481,25,Male,152.52597747561657,98.49566671444884,cardio,intermediate
3482,40,Male,161.6930738926799,71.56728515512849,muscle_gain,intermediate
3483,51,Female,176.46737514153773,64.05159912350288,weight_loss,beginner
3484,70,Male,164.2784586512826,76.30773549319235,muscle_gain,intermediate
3485,58,Female,177.72951419062215,52.56361235470163,cardio,intermediate
3486,54,Female,155.4005223609783,82.91555156468993,weight_loss,advanced
3487,33,Female,161.14575499593977,83.21130571737909,weight_loss,intermediate
3488,69,Female,173.81505820284846,83.34483665976369,cardio,beginner
3489,23,Female,159.18041578552211,63.41601437503228,muscle_gain,advanced
3490,42,Female,153.16357615653777,72.86300992885647,muscle_gain,advanced
3491,30,Female,160.6987929247963,70.78391730448888,muscle_gain,beginner
3492,67,Male,170.9062772031478,60.80184632304964,muscle_gain,intermediate
3493,22,Male,174.77739481317533,78.91631101700887,muscle_gain,beginner
3494,38,Male,154.21831423791724,80.84285052124154,weight_loss,advanced
3495,72,Female,170.73829698586357,66.55690040692474,weight_loss,beginner
3496,66,Male,169.37395589123813,79.36988397406935,weight_loss,beginner
3497,41,Female,169.18586385725544,80.6689718770881,cardio,intermediate
3498,59,Male,182.43983356387886,60.299654195685584,muscle_gain,beginner
3499,37,Female,171.51135115743185,62.77905370666556,cardio,beginner
3500,27,Male,157.13020640514097,92.37475843694799,muscle_gain,beginner
3501,39,Female,163.35814778888238,57.176636895474644,muscle_gain,advanced
3502,68,Female,170.56139940098365,60.37206339565785,weight_loss,advanced
3503,40,Female,156.20410044945606,63.48472198624106,muscle_gain,advanced
3504,16,Female,177.5171333407073,71.03782624167147,weight_loss,beginner
3505,72,Female,163.17101962468794,55.20248798247401,weight_loss,beginner
3506,73,Female,164.90568118872343,85.91989886556306,weight_loss,advanced
3507,60,Female,142.91605362303272,94.296024276579,weight_loss,intermediate
3508,16,Male,167.08959336981542,67.21322599985798,weight_loss,intermediate
3509,40,Male,174.51275806018026,74.14344007765851,weight_loss,beginner
3510,49,Male,156.37428168525847,68.29544500484393,weight_loss,beginner
3511,54,Female,160.4521083172686,89.89245164938205,cardio,intermediate
3512,65,Male,164.08564353087166,55.07405327136904,muscle_gain,beginner
3513,25,Male,191.1601382721443,80.20980276096914,weight_loss,beginner
3514,54,Male,167.11466476609763,59.48730548760957,cardio,beginner
3515,23,Female,178.74772902082987,63.187100381245955,muscle_gain,intermediate
3516,69,Male,162.13948589481006,74.41118806997662,muscle_gain,advanced
3517,70,Male,172.54484502429574,87.66743070886693,weight_loss,beginner
3518,40,Female,176.5513908684837,90.55122024305486,muscle_gain,beginner
3519,15,Male,166.30068413554145,67.81733278802336,muscle_gain,advanced
3520,34,Male,159.66115008617732,90.31293916197481,weight_loss,beginner
3521,48,Female,176.9134615458616,65.85081574299548,cardio,advanced
3522,56,Male,165.6270283435626,80.23211084016623,cardio,advanced
3523,31,Male,160.22734843405806,80.8618336506524,cardio,intermediate
3524,40,Female,160.80472425627312,62.117733040433116,muscle_gain,advanced
3525,57,Female,184.20997760366046,86.38194311700052,cardio,intermediate
3526,27,Female,173.26618793297675,97.5005637660112,weight_loss,advanced
3527,29,Female,163.44694768020778,84.6159013997891,cardio,advanced
3528,36,Female,158.72870847519718,79.16090907066751,muscle_gain,intermediate
3529,35,Male,167.69313749130765,59.51358799124915,weight_loss,intermediate
3530,48,Female,177.91302482743654,74.06403606005186,cardio,advanced
3531,32,Female,150.50593041371985,88.29083810346208,weight_loss,beginner
3532,20,Male,171.15250391178697,77.58943640837018,cardio,advanced
3533,49,Female,175.53226849613372,40.0,cardio,advanced
3534,43,Male,180.83621228654505,49.27234749874668,muscle_gain,advanced
3535,30,Female,154.46518141276388,76.45308832590895,cardio,beginner
3536,50,Male,158.02066911922074,44.61581487997486,weight_loss,intermediate
3537,46,Male,171.64002726705198,66.04903834876156,cardio,beginner
3538,50,Male,184.58237012240642,65.92132167240358,cardio,advanced
3539,46,Female,161.4342561028774,40.0,weight_loss,advanced
3540,20,Female,166.9536154352783,57.817277259045866,muscle_gain,advanced
3541,38,Male,168.08838328916593,72.10235846188547,muscle_gain,beginner
3542,15,Male,164.35082775058137,59.23706883817825,muscle_gain,beginner
3543,35,Female,164.8478449106995,71.28393879514034,muscle_gain,intermediate
3544,58,Male,167.62968650707342,67.62742785849413,cardio,beginner
3545,20,Female,176.92591635043107,67.30055585441383,weight_loss,beginner
3546,29,Female,180.40672192302176,49.41521504152065,cardio,advanced
3547,18,Male,166.55784731420303,54.783938100713314,muscle_gain,beginner
3548,35,Female,152.99922689330577,57.275331649447935,muscle_gain,beginner
3549,50,Female,168.43774660750478,106.08392775954266,cardio,intermediate
3550,49,Male,165.8429915670542,88.60840378195493,muscle_gain,beginner
3551,42,Female,167.69748069795497,59.33293284102285,muscle_gain,intermediate
3552,43,Female,169.01050565060368,99.8890728735914,cardio,beginner
3553,19,Female,166.33915457266517,53.26656592406749,muscle_gain,beginner
3554,29,Male,170.85212504866618,96.18289320982522,muscle_gain,beginner
3555,29,Male,171.57616737685188,66.3170277683719,weight_loss,advanced
3556,28,Male,153.09113840741895,86.26107026782114,muscle_gain,intermediate
3557,58,Male,192.35588682284947,53.13743543810242,cardio,beginner
3558,16,Male,158.4601264735225,96.97948243588937,weight_loss,advanced
3559,16,Female,177.69992983885064,77.19489888445102,weight_loss,beginner
3560,45,Male,167.0116253794,41.72870805864052,weight_loss,advanced
3561,69,Male,170.19803427132146,68.3205951352311,cardio,intermediate
3562,42,Male,144.6283774135258,94.25743881319696,weight_loss,beginner
3563,24,Male,177.3536448494489,65.8419115351553,muscle_gain,beginner
3564,33,Male,167.78741004110103,56.4263421703468,cardio,beginner
3565,72,Female,183.86595132572302,55.912219518856574,cardio,advanced
3566,40,Female,160.004371306654,52.30116571363631,weight_loss,intermediate
3567,33,Male,172.53203506219361,58.53625559003106,cardio,intermediate
3568,24,Female,166.5607368852487,80.66822356910217,cardio,intermediate
3569,61,Male,163.80723149795267,44.850089516560466,weight_loss,beginner
3570,37,Female,159.26674064781946,68.90859038645922,weight_loss,intermediate
3571,69,Male,162.4950677090405,83.22648537165408,cardio,beginner
3572,66,Female,160.8661162716732,80.42709624808559,weight_loss,intermediate
3573,65,Male,165.7997416859154,103.64489557190082,cardio,beginner
3574,63,Female,172.08057064182637,75.24637291711394,weight_loss,advanced
3575,26,Male,162.8631798945373,68.33276152974942,muscle_gain,intermediate
3576,37,Female,154.95965055658425,77.12143537836106,cardio,beginner
3577,74,Male,176.1178392605239,40.43394032584962,cardio,advanced
3578,59,Female,168.64977135727426,81.04346079729845,weight_loss,intermediate
3579,69,Male,160.9769657467986,76.50560259665673,cardio,intermediate
3580,33,Male,149.0075616346605,84.7536894575381,muscle_gain,intermediate
3581,52,Male,167.1436000300936,90.4304317323101,cardio,intermediate
3582,41,Female,170.6889901725563,90.03631662956349,muscle_gain,advanced
3583,28,Male,160.80683124488075,65.05359824553757,muscle_gain,intermediate
3584,33,Female,154.8836671159032,71.02490775962168,weight_loss,intermediate
3585,25,Female,148.5052105918761,44.355579520122205,weight_loss,beginner
3586,21,Male,158.16379187999254,65.67524954342569,cardio,advanced
3587,50,Female,180.34302805817126,71.17533915637719,muscle_gain,intermediate
3588,55,Male,158.69166193221753,71.37944665323607,weight_loss,intermediate
3589,67,Male,170.00558705372273,59.89912513790369,weight_loss,advanced
3590,60,Male,171.79651223521003,72.65522611725932,cardio,advanced
3591,67,Female,159.34790008038274,76.93681998121794,cardio,beginner
3592,30,Female,157.1703195863895,86.46539684547467,muscle_gain,beginner
3593,16,Male,148.14042997242927,64.81980825934886,weight_loss,advanced
3594,44,Female,175.83012225981778,51.296367255084206,muscle_gain,intermediate
3595,42,Female,156.8799651602495,43.45087166663725,muscle_gain,advanced
3596,41,Male,166.41838793968924,91.22111801498005,muscle_gain,beginner
3597,68,Male,166.41475858156517,91.31669642546328,cardio,beginner
3598,30,Female,179.07108499118917,74.53013834691873,cardio,intermediate
3599,67,Female,149.96208546211253,103.8335713908421,cardio,advanced
3600,18,Male,162.35688981936227,64.77068002948494,cardio,intermediate
3601,52,Male,168.2662997655952,87.9693822134528,cardio,advanced
3602,58,Male,166.8092172854005,73.94908875048434,weight_loss,advanced
3603,15,Female,164.81923631811122,55.77987564508737,cardio,advanced
3604,16,Male,158.9427937732842,60.06468300671697,muscle_gain,advanced
3605,24,Female,171.85692790683916,102.31055976387323,cardio,intermediate
3606,61,Female,160.7825052086308,88.77836881091436,muscle_gain,advanced
3607,59,Female,180.7750667713515,88.79365845703687,weight_loss,advanced
3608,17,Male,169.01889784487565,69.62506227936329,weight_loss,beginner
3609,57,Male,165.92051688118704,85.11168958604368,muscle_gain,intermediate
3610,18,Female,161.2909560094906,58.225161528708895,weight_loss,advanced
3611,62,Male,146.80819715899682,57.01871943382189,cardio,beginner
3612,72,Female,166.97108930694105,80.86624226548645,cardio,advanced
3613,24,Female,156.55925580323782,59.92341184149639,muscle_gain,advanced
3614,63,Male,169.50548301905383,94.78079255801491,cardio,intermediate
3615,29,Female,175.46139736464255,87.5200243776429,cardio,intermediate
3616,36,Female,192.3660959249062,78.46130918624246,muscle_gain,beginner
3617,35,Male,156.35794086643875,70.19046489043419,cardio,advanced
3618,29,Female,172.29823573706767,92.10544993781323,muscle_gain,beginner
3619,34,Male,184.79575891340502,57.89811352313484,weight_loss,intermediate
3620,22,Female,174.72206043462924,40.0,weight_loss,intermediate
3621,73,Male,166.8701402662384,67.35765460752944,cardio,intermediate
3622,52,Male,157.47398006433204,92.27349939601984,cardio,intermediate
3623,22,Male,144.9625618730134,64.6667264084082,cardio,advanced
3624,17,Female,167.6878986482154,75.02759053794226,weight_loss,advanced
3625,24,Female,177.65826575780352,72.63777304952946,cardio,beginner
3626,66,Female,175.019993608203,91.31926209191612,muscle_gain,intermediate
3627,35,Female,155.01164447263662,60.33367659038445,weight_loss,advanced
3628,57,Female,161.48456728043817,74.77279495417515,cardio,advanced
3629,19,Male,167.8652329503746,87.97932152495332,weight_loss,advanced
3630,69,Male,172.99186448201849,49.19584242397673,cardio,intermediate
3631,27,Male,165.11139815474982,69.14627867656313,weight_loss,intermediate
3632,62,Male,185.1230922571209,68.2959110369067,weight_loss,beginner
3633,24,Male,163.39112347463768,79.61246859890339,muscle_gain,intermediate
3634,33,Female,163.63264960701545,73.31294673857212,cardio,intermediate
3635,66,Male,176.30074325856245,53.53065921218577,cardio,advanced
3636,60,Female,153.8752895423545,74.73807112763296,weight_loss,intermediate
3637,33,Female,166.06029035953557,72.485735271956,muscle_gain,intermediate
3638,52,Female,158.1997230595942,67.06305967222653,weight_loss,beginner
3639,33,Male,171.39794300325536,45.41259395534639,cardio,advanced
3640,16,Female,149.36852415058462,87.3890397342416,weight_loss,beginner
3641,26,Female,150.59372417779565,73.16186618307478,cardio,intermediate
3642,31,Male,175.4568986655013,59.71813080211589,weight_loss,beginner
3643,49,Female,161.874936880749,70.29679689208308,weight_loss,advanced
3644,27,Male,168.1547476283095,55.30596723224637,cardio,advanced
3645,18,Male,158.04120537872137,54.265635505957206,cardio,intermediate
3646,50,Male,155.74314553071238,56.341831330180504,weight_loss,advanced
3647,15,Male,163.16886532928675,69.56484147590655,cardio,intermediate
3648,66,Female,168.7303461652125,84.19509787554595,muscle_gain,advanced
3649,71,Male,174.07316341560534,74.763176818738,cardio,intermediate
3650,21,Male,168.18258080887037,71.13662266202722,cardio,intermediate
3651,47,Male,157.2926327180908,55.00551436646501,muscle_gain,beginner
3652,50,Male,186.70810276750183,82.71226077177381,cardio,intermediate
3653,38,Male,158.80680949237322,59.75106481457089,muscle_gain,intermediate
3654,33,Male,175.7710930955795,79.27174827178968,cardio,beginner
3655,66,Male,156.42808548085674,72.07202346864874,weight_loss,intermediate
3656,24,Male,160.46235742712966,66.0753313290251,muscle_gain,intermediate
3657,62,Male,168.96270091707123,40.0,cardio,advanced
3658,29,Male,159.22577900661398,54.96915525240365,cardio,intermediate
3659,22,Female,165.07509580927004,75.97533972942382,weight_loss,intermediate
3660,40,Female,164.11121321583622,52.70863053713229,muscle_gain,beginner
3661,21,Male,157.37319476474255,52.279580815442415,muscle_gain,beginner
3662,26,Female,155.8371002666061,91.8300232873396,cardio,intermediate
3663,16,Female,161.54997510864138,63.406638270625415,weight_loss,intermediate
3664,53,Male,175.64207543771883,81.2730157661672,weight_loss,intermediate
3665,59,Female,140.0,58.26120767406217,cardio,intermediate
3666,31,Male,174.9980969886485,74.08229278764236,weight_loss,intermediate
3667,58,Female,156.2443298142641,40.0,muscle_gain,advanced
3668,41,Female,163.7173972061907,60.12142600078924,muscle_gain,advanced
3669,38,Female,165.95340434820122,49.990651383076305,cardio,beginner
3670,18,Male,153.27405926862363,70.48924535810157,muscle_gain,intermediate
3671,64,Female,168.63516875805655,76.40526232267786,weight_loss,intermediate
3672,69,Male,149.71723600663572,89.29951846754714,cardio,beginner
3673,41,Female,155.91927551818014,93.69621598766857,muscle_gain,advanced
3674,18,Male,160.8632021400414,69.81748006493923,cardio,intermediate
3675,59,Male,160.5603834957456,73.41849177547363,muscle_gain,advanced
3676,64,Female,165.66921482960595,88.78076961132263,weight_loss,beginner
3677,32,Male,156.855041206795,81.20818169814552,weight_loss,advanced
3678,69,Male,157.1853029980489,81.44719777332844,muscle_gain,advanced
3679,64,Female,146.31863847946363,70.66655852403986,cardio,intermediate
3680,67,Male,170.8619488341172,52.233345635211315,weight_loss,beginner
3681,51,Male,159.04323683221116,85.06982040761797,weight_loss,beginner
3682,67,Female,184.16552740369562,69.82567252890895,cardio,beginner
3683,26,Male,167.11323689557972,80.17747549456678,cardio,advanced
3684,48,Female,165.44943606922251,63.930531682078204,cardio,intermediate
3685,69,Female,193.43579368716763,64.87102560436965,weight_loss,beginner
3686,57,Female,149.8471113995684,80.94314436656165,cardio,intermediate
3687,20,Male,162.87535502924987,65.31579174724955,cardio,beginner
3688,37,Male,158.174894371245,65.66256462329208,muscle_gain,advanced
3689,69,Male,172.71468322263817,49.48777050400865,weight_loss,intermediate
3690,42,Male,165.1267950001979,65.88136444812478,cardio,beginner
3691,18,Female,164.3171933583555,70.7478969502418,muscle_gain,intermediate
3692,23,Female,163.06396846175298,74.27453587042517,muscle_gain,intermediate
3693,24,Male,158.05889624828546,60.81342725179151,cardio,advanced
3694,36,Male,154.42084793949857,83.57805612746114,muscle_gain,beginner
3695,41,Female,162.40156762271903,64.31923231769888,weight_loss,intermediate
3696,30,Male,162.41120649587742,87.12652252234835,weight_loss,advanced
3697,72,Female,156.49029605528608,62.03681393605648,muscle_gain,beginner
3698,56,Female,144.25260949907988,86.90948074762622,muscle_gain,beginner
3699,48,Female,155.24998121817157,81.99157546717505,muscle_gain,beginner
3700,46,Male,167.67312176333388,85.3322092383408,weight_loss,beginner
3701,35,Female,167.53141398371923,60.48329923495772,weight_loss,beginner
3702,25,Male,171.12786301978315,90.3264981656527,cardio,intermediate
3703,15,Female,147.33906566297793,41.996173587109695,weight_loss,intermediate
3704,51,Female,162.0082063905677,43.70111879261228,muscle_gain,intermediate
3705,47,Female,153.56987713268126,86.98968236471318,weight_loss,beginner
3706,21,Female,179.53154263467923,51.91936223918606,cardio,intermediate
3707,59,Female,160.64663676049693,52.674488314615076,cardio,beginner
3708,43,Male,162.72279946033095,64.7495943896727,weight_loss,advanced
3709,21,Female,170.64589214174376,49.76799490705922,weight_loss,intermediate
3710,56,Female,156.15622250216245,82.48896242876634,weight_loss,beginner
3711,52,Male,175.9757343273006,81.6405402377545,cardio,intermediate
3712,63,Female,181.7208390602057,72.84876629623733,cardio,intermediate
3713,42,Female,171.51914553500782,43.28738198661229,weight_loss,advanced
3714,17,Female,140.0,61.40481463375419,cardio,intermediate
3715,29,Female,145.81923453014204,70.40895860686749,muscle_gain,beginner
3716,71,Female,150.94867262042487,80.63977587538744,weight_loss,advanced
3717,44,Male,142.69078578867666,54.30202080618906,cardio,advanced
3718,49,Male,188.89653544181505,62.937159638778056,weight_loss,beginner
3719,22,Female,165.695163900374,64.09345734780216,muscle_gain,advanced
3720,49,Female,174.5299346459308,71.40074420592934,cardio,intermediate
3721,70,Female,162.3067685231918,56.02700406725983,muscle_gain,advanced
3722,47,Female,173.24724944079475,70.31961403977601,weight_loss,beginner
3723,53,Male,160.766338228949,78.1134404241828,weight_loss,intermediate
3724,36,Female,166.85967552805064,81.56245683067027,weight_loss,advanced
3725,23,Female,168.54898796608305,62.22398076694202,cardio,advanced
3726,45,Male,155.8963170957593,65.02706487865389,cardio,intermediate
3727,52,Male,159.8302670403781,66.93108898690998,muscle_gain,intermediate
3728,64,Female,165.0144646367235,57.94353830457684,muscle_gain,advanced
3729,34,Male,183.68220573169566,96.57094968560662,muscle_gain,intermediate
3730,25,Male,151.6189498357675,48.16980352288103,cardio,intermediate
3731,67,Female,159.47939649673063,70.60341851409359,weight_loss,advanced
3732,37,Female,151.78885633565272,78.16099656028895,weight_loss,beginner
3733,28,Female,141.1212732697214,62.18984398073543,cardio,beginner
3734,69,Female,152.96875350102403,77.36745973891371,weight_loss,advanced
3735,36,Female,164.88273176642232,54.30950536891994,cardio,intermediate
3736,42,Male,170.85804743660813,83.63160038952098,weight_loss,advanced
3737,73,Male,166.8115350310922,67.0466145519862,cardio,beginner
3738,53,Male,164.79963854119245,90.56620319436604,cardio,beginner
3739,57,Female,187.43629649838238,40.0,muscle_gain,intermediate
3740,20,Female,162.8509764736159,63.95457029036559,weight_loss,beginner
3741,61,Female,146.7605750655713,93.14358061935138,weight_loss,beginner
3742,54,Female,168.1098674177124,70.84522685553172,cardio,intermediate
3743,18,Female,164.44753682086056,60.373556924848025,weight_loss,beginner
3744,59,Male,155.19195486332055,79.95398264492404,weight_loss,advanced
3745,71,Female,150.61083861879516,64.62525465497338,weight_loss,intermediate
3746,44,Female,163.11035520583704,69.78542524697883,weight_loss,intermediate
3747,21,Male,177.39732037005038,72.23591686170246,weight_loss,advanced
3748,15,Male,146.36002703787105,52.41072007378867,cardio,beginner
3749,69,Female,172.66662297729127,64.94571124665126,weight_loss,beginner
3750,54,Female,179.02519184089664,61.10166264706131,muscle_gain,beginner
3751,74,Male,151.31234438223993,60.07897812342105,cardio,advanced
3752,33,Male,154.115246582404,89.5239362582672,muscle_gain,beginner
3753,24,Female,156.42130724243552,95.9113955537373,weight_loss,beginner
3754,47,Female,162.5342235621137,63.638165509737306,cardio,advanced
3755,24,Male,167.114035767475,63.07730030714912,cardio,advanced
3756,52,Male,186.82351471677077,62.38355350623405,muscle_gain,beginner
3757,54,Female,161.58169458897606,53.64786488426989,weight_loss,beginner
3758,69,Female,167.7026242163033,78.13927787049764,cardio,beginner
3759,28,Male,174.98258443285383,67.26526187405302,cardio,beginner
3760,54,Male,153.78406432833842,47.933667364628306,muscle_gain,beginner
3761,17,Female,184.2905623633694,85.75786878343635,weight_loss,beginner
3762,47,Male,175.10094512473634,69.82970991919777,cardio,intermediate
3763,49,Female,159.5739249231042,85.4709206968574,muscle_gain,beginner
3764,29,Female,161.46451685462318,78.06800313933287,muscle_gain,advanced
3765,65,Male,148.0372360106354,63.30094202240573,cardio,beginner
3766,73,Female,171.26090382528002,40.445454136676574,cardio,advanced
3767,26,Male,152.21505226684928,76.86059118916226,weight_loss,beginner
3768,40,Male,172.36377338960682,82.24989579086557,muscle_gain,advanced
3769,46,Female,168.2961042748551,67.16168693390357,cardio,intermediate
3770,66,Male,164.49428837608025,71.77433729389122,weight_loss,intermediate
3771,63,Male,164.09294149660911,57.59433891863047,muscle_gain,intermediate
3772,25,Female,171.03963170993975,74.6672607158261,muscle_gain,intermediate
3773,40,Male,173.73471065826465,81.99666162078455,muscle_gain,beginner
3774,74,Male,167.12937884564562,80.94523232067795,weight_loss,beginner
3775,66,Male,169.52251101464998,77.63122959087005,muscle_gain,advanced
3776,36,Female,161.26742829161336,40.0,muscle_gain,intermediate
3777,61,Female,158.86345951472302,76.49137020995319,muscle_gain,intermediate
3778,59,Female,156.85579798301805,71.0701699783744,cardio,beginner
3779,16,Male,162.87393593969003,57.00548494050449,weight_loss,intermediate
3780,67,Female,158.19949074843882,107.35434276968545,weight_loss,advanced
3781,24,Female,163.84611937404466,76.12898686105906,weight_loss,advanced
3782,28,Male,168.07622557327616,74.69589886438014,muscle_gain,intermediate
3783,65,Male,163.91685728933015,55.63680324780191,muscle_gain,advanced
3784,22,Female,152.17629844226101,62.73760154031236,weight_loss,intermediate
3785,35,Female,176.38110484335613,56.731489367143396,cardio,beginner
3786,56,Male,161.90804442695327,53.23262482969284,weight_loss,beginner
3787,42,Male,175.93891978470072,65.65305152442325,muscle_gain,advanced
3788,30,Male,166.57955039917593,48.31726142741958,weight_loss,intermediate
3789,44,Female,147.90636768295118,106.0843085769741,cardio,beginner
3790,15,Female,158.1400264294897,43.73110472554848,cardio,beginner
3791,15,Female,162.14447942456655,86.68609393298334,cardio,beginner
3792,16,Female,168.3299862200439,59.31950627676518,cardio,advanced
3793,36,Female,164.80809566735473,85.13484417788725,cardio,beginner
3794,19,Female,163.41476913886711,82.40439390177433,cardio,advanced
3795,68,Female,167.11467196252272,61.97350627022173,weight_loss,beginner
3796,38,Male,161.5869615621009,80.8706554538507,weight_loss,beginner
3797,59,Male,157.2179915494672,78.07055732104837,muscle_gain,advanced
3798,34,Female,165.35502545444342,65.72961026700575,cardio,advanced
3799,30,Male,152.2992748116694,82.57767488792607,weight_loss,beginner
3800,53,Male,153.10533159192994,76.18615488439266,cardio,advanced
3801,52,Male,175.38686321775452,48.376106057226266,cardio,beginner
3802,41,Male,143.83226781930722,96.81753513939026,muscle_gain,beginner
3803,73,Male,176.94692546507892,71.48420524305695,cardio,intermediate
3804,17,Male,175.51470501973188,42.04944734417056,weight_loss,advanced
3805,43,Male,157.5722619183579,55.88528453907786,muscle_gain,advanced
3806,72,Male,153.09135586770432,40.0,cardio,intermediate
3807,17,Female,177.53692157766227,58.76126704582833,weight_loss,beginner
3808,56,Female,173.88233388202525,82.4130115722576,weight_loss,intermediate
3809,57,Male,174.53920804654126,71.67201752980309,muscle_gain,beginner
3810,50,Male,167.1460836729138,84.34828376513963,cardio,advanced
3811,51,Female,160.5649674427378,65.60148732451908,weight_loss,intermediate
3812,64,Male,152.38441709391725,40.0,weight_loss,advanced
3813,45,Male,168.48856491355005,70.15597383039108,weight_loss,intermediate
3814,60,Male,167.20211283902464,78.22612076012486,cardio,beginner
3815,26,Female,153.01214322261535,62.496881151228294,muscle_gain,advanced
3816,38,Male,140.66594123369822,41.88322445526376,weight_loss,advanced
3817,72,Male,171.89880304221722,47.644068206392376,cardio,intermediate
3818,20,Male,143.58531257167914,56.61984675236411,muscle_gain,intermediate
3819,27,Female,166.8264021383099,64.6370081059215,muscle_gain,intermediate
3820,30,Female,153.3317227556604,87.30865079219943,muscle_gain,advanced
3821,25,Male,148.51207745476185,74.47950654504596,muscle_gain,beginner
3822,73,Male,169.6320657819425,74.76410573049941,weight_loss,intermediate
3823,26,Female,160.71345344101823,68.5133774274292,weight_loss,beginner
3824,19,Female,190.3638196029858,43.5970703637898,muscle_gain,beginner
3825,69,Female,184.13984319050476,67.43951068217372,cardio,intermediate
3826,54,Female,179.2183739568719,54.662102327053844,weight_loss,intermediate
3827,57,Male,162.38500313119977,67.66291202390005,cardio,intermediate
3828,45,Female,177.4964965388023,64.15175364501681,muscle_gain,intermediate
3829,25,Male,146.25668450874193,72.13175459520744,muscle_gain,advanced
3830,34,Female,166.93498869798194,90.99574375589003,cardio,intermediate
3831,23,Male,151.60293005010928,84.49511734482216,weight_loss,intermediate
3832,72,Male,169.0328429986351,99.16192116821675,weight_loss,beginner
3833,48,Female,145.07449724269188,54.021916622428336,cardio,intermediate
3834,68,Male,179.5297931543002,73.80441939950688,cardio,intermediate
3835,48,Male,180.92436479511332,67.93772495014476,cardio,intermediate
3836,25,Male,154.54030286978337,68.03121430938472,muscle_gain,beginner
3837,35,Male,174.60586627885633,64.77363926503843,muscle_gain,advanced
3838,71,Male,147.0012731077942,69.20113163323715,muscle_gain,advanced
3839,40,Male,168.13992035102058,59.57374332561274,weight_loss,beginner
3840,70,Female,164.4853792248448,44.009138024136,cardio,intermediate
3841,49,Female,171.44840187946403,47.64737511849473,cardio,advanced
3842,71,Male,171.1312030426021,83.49096025654349,muscle_gain,intermediate
3843,31,Male,160.96991776358163,68.53520592271104,muscle_gain,beginner
3844,32,Male,164.2446113027626,84.50432442612885,muscle_gain,advanced
3845,47,Male,164.71269563384797,71.87070846300927,muscle_gain,beginner
3846,50,Male,156.10749598694554,49.35103709838151,weight_loss,advanced
3847,47,Male,157.45063166817835,61.61783903708823,weight_loss,beginner
3848,40,Male,154.59332111657864,61.62594383401783,weight_loss,advanced
3849,47,Female,163.94438484116327,57.69839739083007,cardio,intermediate
3850,25,Female,182.62898186144207,58.54009576573612,muscle_gain,intermediate
3851,46,Female,168.59065506611347,58.50231231200764,muscle_gain,advanced
3852,58,Male,170.19101876196837,82.38049008098326,weight_loss,beginner
3853,40,Female,152.13996700812532,60.0632165429553,cardio,beginner
3854,36,Female,156.93981863039417,67.47897294250923,weight_loss,beginner
3855,40,Female,160.97685144310236,64.72182205690224,weight_loss,advanced
3856,38,Male,156.55176280199285,102.42345106443804,cardio,advanced
3857,15,Male,165.30060514841145,65.2871164299385,muscle_gain,advanced
3858,39,Male,151.22600636825803,82.2480614714824,cardio,advanced
3859,73,Female,157.03091173235643,70.50597461531878,muscle_gain,beginner
3860,23,Male,153.93611852005796,62.97483092967452,muscle_gain,intermediate
3861,20,Male,159.11537607682223,61.95073310986973,muscle_gain,advanced
3862,71,Male,187.01896169149896,76.9957593659576,muscle_gain,advanced
3863,38,Male,163.7594949159227,45.52745406365702,weight_loss,intermediate
3864,40,Male,170.32161000494438,96.61342667493503,cardio,beginner
3865,67,Female,163.658973994296,89.61163917522538,weight_loss,beginner
3866,47,Female,167.01623201265508,68.77561632008695,muscle_gain,intermediate
3867,40,Female,171.88250381356346,59.74304938099534,muscle_gain,advanced
3868,59,Male,152.5273819123861,53.46983317660053,muscle_gain,advanced
3869,26,Female,168.79418032873494,40.0,weight_loss,beginner
3870,52,Male,166.44349880074563,66.35352560658126,muscle_gain,intermediate
3871,60,Male,159.83816870731548,80.947659500332,muscle_gain,intermediate
3872,34,Female,179.56196639741256,93.40849471980775,weight_loss,beginner
3873,45,Female,154.99812735494572,89.02877966515254,weight_loss,beginner
3874,51,Male,180.98375275721338,73.65795906332664,weight_loss,beginner
3875,53,Female,161.10892192568156,70.22498121342892,weight_loss,intermediate
3876,38,Female,155.32982614917802,84.10762596687007,cardio,intermediate
3877,17,Female,170.56533935100956,63.512017391140176,weight_loss,advanced
3878,69,Male,162.1725348578657,61.09347834053616,cardio,intermediate
3879,56,Male,176.9344887910715,52.77757705520851,weight_loss,advanced
3880,52,Female,172.35615454563938,66.42833111372185,muscle_gain,intermediate
3881,24,Female,159.77697911537737,48.30235983478171,weight_loss,advanced
3882,68,Female,143.33079395154635,85.61036856394304,cardio,beginner
3883,43,Female,149.0602962419197,84.11333331255915,muscle_gain,beginner
3884,42,Male,154.08199538115952,63.129361485252346,cardio,advanced
3885,70,Female,159.82164175915207,61.97719932129221,cardio,advanced
3886,69,Female,163.24767457100236,85.60021477783522,cardio,beginner
3887,34,Male,170.0281202716421,88.32882973541919,cardio,intermediate
3888,53,Male,167.42054881552846,60.909448235869654,muscle_gain,advanced
3889,31,Male,164.27670626175453,94.1284270254352,cardio,advanced
3890,23,Male,148.683721106605,86.26692753471156,cardio,beginner
3891,49,Male,158.8973254211079,93.81886744504894,muscle_gain,beginner
3892,66,Male,177.5878391216901,80.37207300916198,muscle_gain,intermediate
3893,70,Male,168.3485513144472,64.65520351951852,muscle_gain,beginner
3894,30,Female,158.87141767310237,76.46886278008708,cardio,intermediate
3895,35,Female,167.41874816800149,84.56058034769677,muscle_gain,beginner
3896,16,Male,168.93690457238634,84.27527521049048,muscle_gain,beginner
3897,16,Male,149.124165929885,69.69849164481207,weight_loss,intermediate
3898,46,Female,159.40020007663892,76.07681673982864,weight_loss,advanced
3899,47,Female,157.21707069107092,63.08779870515674,cardio,intermediate
3900,34,Male,178.83593654603266,64.60540046059035,weight_loss,intermediate
3901,60,Male,156.674105516769,72.53302650182842,muscle_gain,advanced
3902,36,Male,176.8873476428597,89.61949803381525,muscle_gain,intermediate
3903,23,Male,166.3534971535174,47.080269344194164,weight_loss,intermediate
3904,74,Female,170.53714524947674,82.39564817759722,cardio,advanced
3905,25,Female,169.092237516547,73.09753818050271,weight_loss,advanced
3906,17,Female,161.65523424528874,51.05793842563874,cardio,advanced
3907,31,Female,172.20761326368927,67.9326580264615,cardio,beginner
3908,44,Female,151.41242741236698,58.58708699510625,muscle_gain,beginner
3909,53,Female,153.66107260414051,63.04040996770192,weight_loss,intermediate
3910,61,Male,151.95254067563062,40.0,cardio,beginner
3911,53,Male,156.62615255937487,66.97405565534524,cardio,advanced
3912,72,Female,167.23889408537082,48.4554594206335,cardio,intermediate
3913,74,Female,172.95876499536163,85.01305804285161,weight_loss,beginner
3914,17,Male,168.88907270115922,53.02122130066982,weight_loss,advanced
3915,56,Female,149.63841226237577,61.44823443893634,weight_loss,intermediate
3916,61,Female,159.4833443696259,52.574042582987815,muscle_gain,advanced
3917,32,Male,169.4447830643325,76.99813047836594,cardio,beginner
3918,34,Male,156.0911875375127,79.39196583041003,cardio,advanced
3919,42,Female,159.56053830166937,61.88642197842576,weight_loss,beginner
3920,50,Female,173.8546361027015,73.79862772554596,cardio,advanced
3921,17,Female,148.68836690359456,60.130074897206654,cardio,intermediate
3922,23,Male,162.15776204211681,74.24515844173582,cardio,intermediate
3923,23,Male,156.15131606758675,70.44833215114556,muscle_gain,intermediate
3924,41,Male,167.6674072353762,80.5349529733848,weight_loss,advanced
3925,26,Female,175.39380657579974,72.08079650816781,cardio,beginner
3926,40,Female,161.60280898644749,61.20089257290647,weight_loss,intermediate
3927,32,Female,179.40510179566547,67.18901368136103,weight_loss,advanced
3928,67,Female,163.31779694659645,99.26428955026525,muscle_gain,beginner
3929,48,Male,160.72290480717703,87.46114281412262,weight_loss,beginner
3930,71,Male,160.2549877629927,81.63144372278063,cardio,intermediate
3931,58,Female,158.45171289404936,55.037950275454044,muscle_gain,intermediate
3932,58,Female,149.4252465262626,56.08352241959854,weight_loss,intermediate
3933,21,Male,179.83719818423253,68.33214854421205,cardio,advanced
3934,21,Female,162.32121662319165,88.35995816782717,cardio,advanced
3935,26,Female,178.88406718121837,40.0,weight_loss,intermediate
3936,56,Male,165.08088293102008,60.65159022060838,muscle_gain,advanced
3937,58,Male,163.97538206012698,62.10499866834022,weight_loss,advanced
3938,45,Female,175.3619730544856,82.53721154409087,cardio,intermediate
3939,36,Male,168.24849664810665,55.91412151125371,weight_loss,beginner
3940,65,Male,167.84593136970867,80.4210003646507,cardio,intermediate
3941,15,Female,173.24146338755128,81.8579667276181,muscle_gain,beginner
3942,60,Female,173.92818386832977,62.73420100847298,weight_loss,advanced
3943,44,Male,161.4179436045531,72.45285862833484,cardio,advanced
3944,62,Female,147.05218193195924,69.61611321709583,cardio,intermediate
3945,67,Female,164.65632934518575,73.76396214435559,cardio,beginner
3946,74,Male,154.24698060276313,77.52216394460258,cardio,beginner
3947,52,Male,157.4392042387447,78.78072764059863,cardio,beginner
3948,38,Male,142.23872486206267,52.157246484421925,weight_loss,beginner
3949,40,Male,159.03136731365728,73.32486837532007,cardio,beginner
3950,22,Female,160.2677899072164,89.62646606786919,muscle_gain,intermediate
3951,44,Female,182.73879755879648,74.68380094884955,muscle_gain,intermediate
3952,66,Male,183.27672671788233,80.48111899182223,weight_loss,advanced
3953,72,Male,159.33200833971864,52.644125961270376,weight_loss,advanced
3954,28,Female,179.8737963107766,51.926976806039036,cardio,intermediate
3955,27,Male,163.6617883675946,54.3982819201711,weight_loss,beginner
3956,39,Male,152.85597064714793,75.5134780457251,cardio,intermediate
3957,36,Female,170.8982038910229,60.91833006555975,cardio,intermediate
3958,16,Male,157.90855376943418,86.70419199045517,muscle_gain,intermediate
3959,56,Female,157.50227669546163,67.04148613934103,muscle_gain,intermediate
3960,56,Female,164.83238134259477,75.9971550656546,cardio,intermediate
3961,60,Female,166.34058996398977,50.27075547569725,cardio,beginner
3962,18,Female,166.5870044188676,69.86546942167469,weight_loss,intermediate
3963,20,Male,155.52665661571933,61.247523747780875,cardio,beginner
3964,26,Male,180.61234466129673,83.02901842765496,muscle_gain,beginner
3965,36,Female,175.84466072081213,83.81369317175576,weight_loss,beginner
3966,62,Male,148.59102452675523,68.82604914290144,cardio,beginner
3967,46,Female,166.36470345416524,53.142457590199804,cardio,advanced
3968,40,Female,178.84106069770021,72.21956094726262,weight_loss,advanced
3969,33,Female,168.1534268866167,55.060802813617364,weight_loss,beginner
3970,28,Male,166.71293766582767,59.02814202750295,cardio,intermediate
3971,17,Male,177.66582447375396,72.49237294179903,weight_loss,beginner
3972,49,Male,156.20695621411514,99.68645293917504,muscle_gain,advanced
3973,57,Female,168.48445419824822,53.19799312877798,cardio,intermediate
3974,40,Male,151.03335551292588,77.93939869503065,cardio,beginner
3975,19,Male,156.1174528349725,108.10931483243813,muscle_gain,advanced
3976,29,Female,171.2202229869375,88.94281713620329,cardio,advanced
3977,47,Male,164.18441832906493,44.994847821597816,weight_loss,intermediate
3978,39,Female,155.35070487382052,49.24831177536545,cardio,beginner
3979,21,Male,172.86280792140968,92.51733257067102,muscle_gain,intermediate
3980,36,Male,158.87668877005842,65.70138331595489,weight_loss,advanced
3981,66,Male,153.3040330473998,66.40986160183058,weight_loss,advanced
3982,32,Female,179.1264185514211,86.93180181884162,weight_loss,intermediate
3983,67,Female,182.9626833945576,65.48447096179932,cardio,advanced
3984,28,Male,154.0003237634949,66.57605281460407,weight_loss,advanced
3985,42,Male,176.7834941951332,69.29795288594902,muscle_gain,beginner
3986,16,Female,155.84775461873343,90.58779073063265,weight_loss,beginner
3987,20,Male,177.8512896660089,58.38481187926419,muscle_gain,intermediate
3988,21,Male,168.6327358529689,70.68309620769384,cardio,intermediate
3989,41,Male,177.687168442489,45.190993111478946,weight_loss,intermediate
3990,52,Female,169.25757115493516,75.97222481451105,cardio,intermediate
3991,45,Female,167.55593721835606,75.65356331797776,weight_loss,beginner
3992,22,Female,164.43010829048566,69.00483919223512,cardio,advanced
3993,74,Male,166.58976433360496,96.28468013955327,cardio,advanced
3994,44,Male,145.01608588120592,89.37146294030043,muscle_gain,intermediate
3995,63,Male,171.55518841201186,75.77604794941865,weight_loss,intermediate
3996,48,Female,174.41253668157378,51.952049920833645,cardio,beginner
3997,61,Male,155.8063298825327,70.24795963926658,muscle_gain,beginner
3998,58,Female,186.4996248531864,58.08015236403445,weight_loss,intermediate
3999,30,Female,160.50781067879927,63.41781836430772,weight_loss,beginner
4000,17,Male,176.12428360925915,74.23469626096826,weight_loss,advanced
4001,47,Male,170.93375211396102,76.78731491704795,muscle_gain,advanced
4002,27,Male,200.0,69.44171592750656,muscle_gain,advanced
4003,25,Female,171.48728024353915,52.81785869036644,cardio,beginner
4004,35,Female,162.7106552288709,84.1482147403749,muscle_gain,intermediate
4005,30,Male,183.8353212071476,49.17904467394691,weight_loss,advanced
4006,64,Male,178.0563182110682,63.8215718416194,weight_loss,intermediate
4007,29,Male,170.44120964806913,63.08994511101376,cardio,intermediate
4008,37,Female,162.50171781984233,54.622496975538965,weight_loss,beginner
4009,39,Male,167.64688657490606,65.71100461443231,muscle_gain,advanced
4010,44,Male,157.03966322414087,46.520870446643144,weight_loss,advanced
4011,29,Male,171.276603790772,83.61055832487415,weight_loss,beginner
4012,40,Male,162.1716725036367,80.84156701851563,cardio,advanced
4013,23,Female,153.7009634233207,62.617193249265014,muscle_gain,intermediate
4014,65,Female,154.1088394340276,65.5537420090144,cardio,advanced
4015,60,Male,162.4232513703173,71.86291710515752,muscle_gain,intermediate
4016,57,Male,166.0713410808725,46.23126470683695,muscle_gain,beginner
4017,31,Male,165.9354854671324,53.51246190742236,weight_loss,beginner
4018,35,Female,155.57288798844732,71.14912466377905,muscle_gain,advanced
4019,23,Male,162.74015853247465,82.49596416414094,cardio,advanced
4020,73,Female,164.3192324220634,60.98529832504184,muscle_gain,intermediate
4021,33,Male,168.46966785988553,87.97801342621375,muscle_gain,intermediate
4022,25,Male,160.04898949387328,75.55448595640006,cardio,advanced
4023,51,Female,165.28130955882958,77.19212735470445,weight_loss,intermediate
4024,26,Male,151.9591010689436,88.02952770281428,weight_loss,intermediate
4025,45,Female,159.53528370371544,76.74863711237293,cardio,beginner
4026,19,Female,164.60875518898038,83.64806465458058,weight_loss,intermediate
4027,56,Female,165.04739311074206,59.61931879404316,muscle_gain,beginner
4028,52,Male,162.8504779765185,77.08160982636446,cardio,intermediate
4029,39,Female,148.89947041552736,65.66253876424965,muscle_gain,beginner
4030,61,Female,173.13221345413012,70.44516340057515,cardio,intermediate
4031,64,Male,150.7610173135508,75.1761066504904,cardio,advanced
4032,34,Female,180.13031108898912,55.138815260679735,cardio,beginner
4033,61,Female,167.89939933211446,64.72407585510332,weight_loss,intermediate
4034,64,Male,150.7753065632058,66.99568881169051,cardio,advanced
4035,52,Male,183.87377800624697,72.41139134044374,cardio,advanced
4036,63,Male,141.142640896896,85.11156268928683,cardio,intermediate
4037,21,Male,172.45716640238516,76.81961890301744,muscle_gain,advanced
4038,53,Female,163.91355523678163,77.0919059368507,muscle_gain,beginner
4039,37,Male,169.27137637406415,63.38292255598467,muscle_gain,intermediate
4040,19,Male,176.3380169889831,77.92461498122063,weight_loss,advanced
4041,66,Male,166.69772841616452,73.93728854041134,cardio,advanced
4042,39,Male,161.89280691500784,47.91427893472972,cardio,beginner
4043,62,Male,171.26455094223982,101.34301769397715,weight_loss,advanced
4044,37,Male,154.86140965977276,87.65793035958656,weight_loss,intermediate
4045,74,Male,172.31187224797372,68.60081285114015,cardio,intermediate
4046,17,Female,149.50990640007907,79.70439836839705,muscle_gain,intermediate
4047,41,Male,162.17025368466344,72.92830202144606,cardio,advanced
4048,51,Male,165.617721463086,101.71094115076828,cardio,beginner
4049,65,Female,152.06004606007934,62.59585818013986,muscle_gain,intermediate
4050,71,Female,145.17870248338798,73.93479001278574,muscle_gain,beginner
4051,40,Male,180.61705064899917,72.08988686021777,cardio,intermediate
4052,38,Male,170.911229377775,58.411360473361285,cardio,intermediate
4053,41,Female,161.86055997012622,80.48931633059631,muscle_gain,beginner
4054,73,Female,181.67544530435862,76.54602815545623,cardio,advanced
4055,31,Female,160.06041209373174,79.16612340578435,cardio,beginner
4056,40,Male,154.26486146006215,65.34941193232528,muscle_gain,beginner
4057,38,Male,159.229313574672,75.82117811059516,weight_loss,advanced
4058,35,Male,163.58054182790403,57.664651607992724,weight_loss,advanced
4059,23,Male,174.63195572192086,84.73565369767316,muscle_gain,advanced
4060,59,Female,151.84542205590122,69.97645224518467,cardio,advanced
4061,20,Female,157.60172811358936,63.43879041088495,cardio,intermediate
4062,42,Male,177.84188170200616,72.04828066282408,weight_loss,advanced
4063,35,Female,184.7877152099136,73.03071377141575,weight_loss,intermediate
4064,25,Male,161.52295096617132,85.29834611986558,cardio,advanced
4065,61,Female,174.05185449925722,62.2558626161127,weight_loss,intermediate
4066,65,Female,168.8604099681382,43.87640017398246,muscle_gain,beginner
4067,37,Female,171.7271495868578,83.12633663698693,muscle_gain,intermediate
4068,19,Female,160.43842760761012,57.2174754465037,cardio,intermediate
4069,44,Male,163.7573234470456,64.21222813210822,muscle_gain,intermediate
4070,38,Male,143.40008902991755,91.31060103777641,muscle_gain,beginner
4071,34,Male,150.48006814399008,82.7947638332285,cardio,advanced
4072,47,Female,171.7985018677368,41.535975966938025,weight_loss,beginner
4073,43,Male,193.9155939687461,77.91467297488639,cardio,beginner
4074,48,Male,151.45741975606165,110.41708609971678,muscle_gain,intermediate
4075,43,Female,179.30308373183777,78.13133250187869,cardio,intermediate
4076,48,Female,155.10049036977477,72.44051415679202,weight_loss,advanced
4077,53,Female,166.88638147153375,61.02313880962646,cardio,beginner
4078,31,Male,167.94823998970202,90.82180964788692,muscle_gain,beginner
4079,16,Female,151.02496724702263,65.515884662348,cardio,beginner
4080,20,Female,159.8654169125326,70.58430531602403,weight_loss,advanced
4081,28,Female,161.42229707248438,89.19532021785443,muscle_gain,advanced
4082,52,Female,173.78004599003438,74.6906159120457,cardio,beginner
4083,67,Female,177.66336749125878,90.7010709748306,muscle_gain,beginner
4084,22,Female,153.87790497788137,47.990205304666745,muscle_gain,intermediate
4085,69,Female,168.87220735126405,77.49569800322791,cardio,intermediate
4086,48,Female,144.81323106372147,84.20432843337858,muscle_gain,advanced
4087,25,Male,165.5945276849277,91.51361834788416,cardio,intermediate
4088,64,Male,164.0615582301669,70.76356051177204,muscle_gain,advanced
4089,16,Female,161.6532358475311,79.84493368556207,weight_loss,advanced
4090,45,Male,158.63943195828685,60.494921114064894,weight_loss,beginner
4091,67,Male,163.2478143857336,96.24972288584381,cardio,advanced
4092,28,Female,181.8285278598723,61.71617966547306,cardio,beginner
4093,26,Male,180.87426597299174,75.1787485013399,weight_loss,intermediate
4094,74,Female,175.57447999570445,112.48536962336576,muscle_gain,intermediate
4095,17,Male,165.35156707287874,68.98883875336307,cardio,intermediate
4096,65,Male,170.42199249317474,61.85576177310937,muscle_gain,beginner
4097,41,Male,164.57833671476124,78.32948832966484,muscle_gain,beginner
4098,24,Male,162.33322515706584,40.0,muscle_gain,advanced
4099,38,Female,159.89947622869147,65.52701062113489,cardio,beginner
4100,41,Female,154.51664505716047,83.02242702404588,muscle_gain,intermediate
4101,65,Male,163.64511947337533,87.06473691676717,cardio,advanced
4102,72,Male,140.94428360592178,105.71535070182453,muscle_gain,advanced
4103,70,Female,167.33963251569853,74.26813026526973,weight_loss,beginner
4104,66,Male,154.6395574553207,60.3314897402972,weight_loss,beginner
4105,71,Male,183.4218281019383,40.0,weight_loss,intermediate
4106,15,Male,173.92914130922162,68.31777358183172,cardio,beginner
4107,61,Female,163.02995851948188,73.48607924916895,weight_loss,intermediate
4108,36,Female,173.4527463549377,65.59672110670027,muscle_gain,intermediate
4109,68,Female,159.7636373237692,81.78126310876245,weight_loss,advanced
4110,17,Male,179.14292787447548,84.08179083645132,cardio,intermediate
4111,66,Female,170.10162195852044,73.21967920888093,weight_loss,advanced
4112,47,Male,170.1180734761018,72.05832613475417,cardio,intermediate
4113,38,Male,157.9455675150168,74.1600078626314,muscle_gain,beginner
4114,24,Female,159.0563352548823,66.65053530467615,cardio,beginner
4115,38,Male,177.4940583298346,48.09419358258318,muscle_gain,beginner
4116,48,Male,154.8189789641633,87.88511042317597,cardio,advanced
4117,31,Male,154.00339441471084,74.79360324592591,weight_loss,beginner
4118,22,Female,159.9860778737771,49.49646080473056,weight_loss,intermediate
4119,64,Female,179.960367705861,74.02474869596958,cardio,advanced
4120,45,Female,152.97178864978932,40.0,weight_loss,advanced
4121,66,Male,177.12897565067925,72.31388806147626,cardio,advanced
4122,21,Male,166.83353034629033,85.73581975036628,weight_loss,advanced
4123,39,Male,155.63192206348546,63.71837564145754,cardio,beginner
4124,20,Male,168.69468527136974,61.29769455511643,cardio,advanced
4125,59,Female,153.85020689465793,82.81423661301663,cardio,advanced
4126,18,Male,151.14749650868941,60.441862752925125,muscle_gain,intermediate
4127,30,Male,172.02618823829556,72.56397584879659,muscle_gain,beginner
4128,60,Female,165.3450487306355,68.65940060400166,cardio,beginner
4129,42,Female,140.0,40.0,weight_loss,beginner
4130,34,Female,172.82178458105304,100.56626184013933,cardio,intermediate
4131,41,Female,186.4103354381801,72.45721447521838,cardio,advanced
4132,30,Female,159.53455228578403,72.8982451770899,weight_loss,advanced
4133,39,Male,179.28089716569045,64.02265955988695,cardio,intermediate
4134,50,Female,158.55763350380326,40.0,weight_loss,advanced
4135,40,Male,169.81760310198024,81.384600940879,cardio,intermediate
4136,63,Male,153.69221896120507,58.089308732955175,weight_loss,beginner
4137,66,Male,153.96284972164827,75.18787428169964,muscle_gain,intermediate
4138,60,Female,171.72379484978862,94.41937421209623,muscle_gain,intermediate
4139,17,Male,180.44722075535466,58.6220803371337,weight_loss,beginner
4140,48,Female,170.88528401949827,51.057623488511254,weight_loss,advanced
4141,35,Female,159.5235113569931,78.53323871542686,weight_loss,intermediate
4142,55,Female,164.31045717265468,64.55256424908904,cardio,beginner
4143,53,Male,154.49118173669623,90.80828043415312,weight_loss,intermediate
4144,54,Male,174.4755394443577,85.1180740257266,cardio,intermediate
4145,61,Female,160.45350485430563,87.86647970693303,weight_loss,advanced
4146,33,Male,157.49884797285583,49.84858849237762,muscle_gain,advanced
4147,28,Male,166.16641243244575,71.80118914013259,cardio,advanced
4148,20,Male,152.34628593779362,60.99488428200899,muscle_gain,beginner
4149,23,Male,155.73556315451975,54.060667005000326,weight_loss,beginner
4150,67,Male,162.32533696337546,40.0,weight_loss,advanced
4151,28,Female,170.7146120922155,67.37352384399429,cardio,beginner
4152,27,Male,172.33209115170115,54.85514270263451,weight_loss,beginner
4153,53,Female,150.1003792351929,67.16076266821216,muscle_gain,intermediate
4154,28,Female,170.25391341784535,64.33488278496857,weight_loss,beginner
4155,70,Male,161.7807246828949,75.70991047080582,weight_loss,beginner
4156,37,Male,172.3393712426935,92.56437355871917,muscle_gain,advanced
4157,62,Female,161.63504884973767,57.8184498422562,cardio,beginner
4158,73,Female,154.84366898591523,72.45396084925893,weight_loss,beginner
4159,31,Female,165.58950162905919,68.26838183463886,cardio,beginner
4160,38,Male,142.39599768155782,81.23130364460467,weight_loss,intermediate
4161,63,Female,168.55103131765102,58.8813619510231,cardio,intermediate
4162,61,Male,166.4847674839993,63.22514526607575,weight_loss,advanced
4163,46,Male,140.02769702509815,73.76504428842398,muscle_gain,beginner
4164,21,Male,152.0525094171089,95.89543280606665,cardio,intermediate
4165,63,Female,156.9182466602597,64.00018428628648,weight_loss,beginner
4166,69,Male,188.26775053176505,74.99312590337202,cardio,intermediate
4167,68,Male,154.99325386069097,52.56669979779431,weight_loss,intermediate
4168,41,Male,156.2375503871554,75.31024468620878,muscle_gain,intermediate
4169,60,Female,154.4842633729247,86.32877911982106,muscle_gain,advanced
4170,29,Male,148.09431226125804,68.79764018920862,cardio,beginner
4171,33,Female,169.13696159785093,67.3749167908392,muscle_gain,advanced
4172,19,Male,165.05951911830823,116.38161361315736,cardio,advanced
4173,29,Female,162.14681741150915,85.30673847863017,muscle_gain,beginner
4174,25,Male,182.64610378104285,75.05542383098718,cardio,intermediate
4175,42,Female,162.89329782404334,98.0082635464979,muscle_gain,advanced
4176,74,Female,154.19151650919866,62.43767862114075,weight_loss,advanced
4177,18,Male,154.805385482974,53.73717879078323,cardio,advanced
4178,45,Male,182.77081481990558,66.17065840129635,weight_loss,advanced
4179,53,Male,159.99391255340106,80.0889037711343,weight_loss,intermediate
4180,69,Male,148.34325476603686,50.26763148875949,weight_loss,beginner
4181,53,Female,156.44291566033678,65.76137888602403,muscle_gain,advanced
4182,50,Male,154.61093742957095,68.60185946287218,weight_loss,advanced
4183,24,Female,170.86067741973474,81.65716335181824,weight_loss,intermediate
4184,67,Male,159.1911548880107,67.62004814981543,weight_loss,advanced
4185,68,Male,189.57232044366478,84.35903959360024,weight_loss,intermediate
4186,15,Female,184.02255185580063,79.34802228092002,cardio,beginner
4187,67,Male,163.89396804382892,57.74496403109331,cardio,advanced
4188,68,Male,167.72890408599525,85.4095607221484,cardio,intermediate
4189,69,Male,171.0255258873662,58.784868712661456,cardio,intermediate
4190,24,Female,147.5666055629209,56.638891945272164,weight_loss,beginner
4191,58,Female,168.2725873171849,80.4001887375578,muscle_gain,intermediate
4192,43,Female,159.03842749543713,81.21974903825044,weight_loss,intermediate
4193,17,Male,175.69021378178076,55.35627234333157,cardio,beginner
4194,15,Female,182.56991446950747,67.21195272670614,cardio,beginner
4195,55,Male,179.3331630355776,64.69839037992752,weight_loss,beginner
4196,67,Male,161.96153442313334,73.14569077658912,cardio,intermediate
4197,57,Female,167.21816476371362,74.64756482558504,weight_loss,beginner
4198,15,Female,168.3259695534557,79.48778980536501,weight_loss,intermediate
4199,32,Female,173.52325501545013,75.4307892075705,muscle_gain,beginner
4200,43,Female,171.57604246229062,66.55728136906028,cardio,intermediate
4201,24,Male,177.81241332117546,84.39098754264818,muscle_gain,advanced
4202,50,Female,165.02678107108477,67.17871872836879,cardio,advanced
4203,32,Female,161.4191684788307,91.75809640422055,cardio,intermediate
4204,51,Female,141.0390000447743,91.1096400257961,weight_loss,beginner
4205,65,Male,164.15133181022426,60.896093452483036,weight_loss,advanced
4206,35,Male,185.9844247224136,69.19714395091351,muscle_gain,beginner
4207,25,Male,170.20086104376512,76.76475783420982,weight_loss,advanced
4208,45,Male,161.77227435627705,40.0,cardio,beginner
4209,54,Female,166.503410483384,59.51442029356575,muscle_gain,advanced
4210,54,Male,144.17710457361326,75.10175828008538,cardio,advanced
4211,72,Male,165.45788059373496,88.24993285913118,muscle_gain,beginner
4212,35,Female,166.5942026224952,72.80080146643397,cardio,advanced
4213,52,Male,185.17707188326415,56.059926791222324,muscle_gain,intermediate
4214,50,Female,157.21300293525053,77.52129787822858,weight_loss,advanced
4215,54,Male,159.8812614689864,79.38547287133824,cardio,intermediate
4216,30,Male,166.2674332303521,76.86369712697382,muscle_gain,beginner
4217,40,Female,180.52260426620882,67.89440267335725,cardio,intermediate
4218,33,Female,168.38832190287496,87.34286662584304,cardio,advanced
4219,20,Male,157.15452564119204,92.78878220224411,weight_loss,intermediate
4220,30,Female,165.6087768340706,69.22250739670251,muscle_gain,advanced
4221,42,Male,149.60880596423087,86.61840276872672,weight_loss,advanced
4222,26,Female,161.038821131871,70.73353511712544,cardio,beginner
4223,72,Male,163.6842271112026,72.29583184372471,cardio,intermediate
4224,44,Female,159.37427924043266,53.42912515349887,muscle_gain,advanced
4225,69,Female,175.5860988093704,76.66772333262773,muscle_gain,beginner
4226,31,Female,157.80593318250095,83.12119503651319,cardio,advanced
4227,58,Male,165.5908406470637,40.0,muscle_gain,advanced
4228,37,Male,171.51221913967373,72.83467487021376,cardio,advanced
4229,46,Female,160.80281605704343,57.68646826583836,muscle_gain,advanced
4230,36,Male,168.35284808775637,80.67176991302632,muscle_gain,advanced
4231,16,Female,192.2639677406493,58.951375342258565,weight_loss,intermediate
4232,51,Female,159.93753684252044,56.63450584332577,weight_loss,beginner
4233,42,Male,176.2155303023193,55.37794077669282,muscle_gain,advanced
4234,62,Female,152.90359326393627,58.660081141691705,cardio,intermediate
4235,67,Female,154.77416334749702,69.78613727631463,cardio,intermediate
4236,66,Female,168.47120361147753,92.66391003328388,weight_loss,advanced
4237,67,Female,180.14669200855568,105.1746919673352,muscle_gain,advanced
4238,38,Male,173.2299535130443,91.79976272144968,weight_loss,beginner
4239,66,Male,159.00736034914604,79.36110875155745,muscle_gain,beginner
4240,28,Female,158.17265544733175,67.7390335209421,cardio,beginner
4241,39,Female,154.53549874709392,63.01525753349124,weight_loss,beginner
4242,43,Male,174.6113844342001,62.397161682513754,weight_loss,advanced
4243,52,Female,183.9895154612778,56.40552285538227,muscle_gain,advanced
4244,26,Female,166.20479288401214,65.84727588116542,muscle_gain,beginner
4245,63,Female,164.58878143788613,77.14936179317853,muscle_gain,advanced
4246,15,Male,172.2015540780219,60.96188319581613,muscle_gain,advanced
4247,45,Male,142.82041775698738,82.24196294988882,weight_loss,intermediate
4248,20,Female,154.55643501244728,72.34870995517964,cardio,intermediate
4249,71,Male,168.3695861814062,80.93774992056944,cardio,beginner
4250,65,Female,166.77388639569915,73.22068358260695,weight_loss,intermediate
4251,43,Female,164.17500445211923,59.23780099620741,cardio,intermediate
4252,24,Female,140.14258702719084,46.70748388222443,muscle_gain,intermediate
4253,62,Male,162.96602412589237,72.26795163103645,weight_loss,advanced
4254,71,Male,166.72660277917302,64.05609780656495,weight_loss,beginner
4255,46,Male,158.5382081494785,56.26540405419432,muscle_gain,advanced
4256,15,Male,149.07025647866854,69.76745362804138,cardio,advanced
4257,32,Male,169.6368659023981,71.43700614457067,muscle_gain,beginner
4258,71,Female,177.41812329990847,45.53919216056408,muscle_gain,intermediate
4259,70,Male,160.9063329665853,71.27924834190249,cardio,advanced
4260,63,Female,162.90681738474666,76.34379278351362,muscle_gain,beginner
4261,32,Female,158.53476980993577,73.42252629912022,cardio,intermediate
4262,61,Male,182.44408299614108,54.45589302346285,cardio,advanced
4263,45,Male,161.77015903868968,53.8222545455651,cardio,beginner
4264,61,Female,145.91969023635346,59.45160714113892,cardio,beginner
4265,38,Female,181.4570572244479,67.58442060981595,muscle_gain,advanced
4266,44,Male,169.05146287538162,68.0955600445048,cardio,beginner
4267,21,Male,168.1538107540538,82.2351364187445,weight_loss,advanced
4268,57,Female,148.61915236467854,79.73498709680476,weight_loss,intermediate
4269,61,Male,155.5032637946978,87.28450756086298,muscle_gain,advanced
4270,25,Male,171.45130908135474,50.719303280622015,muscle_gain,advanced
4271,60,Male,178.97045347181034,59.896226666689444,muscle_gain,advanced
4272,31,Female,158.15470880756095,66.2121961752196,muscle_gain,advanced
4273,26,Female,169.70525194512658,74.0598595202798,cardio,intermediate
4274,58,Male,164.86309147555565,55.3172535839384,cardio,intermediate
4275,33,Female,180.47961452343162,83.06155968078538,cardio,advanced
4276,61,Female,168.372355621738,67.39772966804308,cardio,beginner
4277,55,Female,166.08737334284697,66.15177473810328,muscle_gain,intermediate
4278,54,Female,179.39139418440558,75.8743772589448,muscle_gain,beginner
4279,15,Male,171.98259101766655,95.26780667295786,cardio,beginner
4280,40,Female,151.11657130388218,47.27241778322653,weight_loss,advanced
4281,24,Male,163.5562045856471,52.257711813523976,muscle_gain,advanced
4282,69,Male,178.746444379133,88.18199435561844,weight_loss,intermediate
4283,64,Male,169.89640376977727,113.64142568756847,cardio,beginner
4284,33,Female,181.16234113633882,40.0,muscle_gain,advanced
4285,21,Female,166.02063128507623,60.092477007491944,weight_loss,advanced
4286,64,Male,180.26450306354207,54.880960558851726,weight_loss,advanced
4287,36,Male,177.7289756722865,55.988811573389654,weight_loss,advanced
4288,28,Female,160.01415711086662,84.45820478483245,cardio,beginner
4289,57,Female,153.58519693485056,70.067377721639,cardio,advanced
4290,74,Female,180.37471337246222,74.59150460842106,muscle_gain,intermediate
4291,61,Male,155.1499705973658,88.4615940100671,cardio,intermediate
4292,49,Female,150.32810512488334,44.215665324827015,muscle_gain,intermediate
4293,72,Female,156.27765115865614,66.99023346356093,muscle_gain,beginner
4294,44,Female,158.58098655542832,91.25890432663115,cardio,advanced
4295,72,Female,181.0547785031398,63.76056461923275,cardio,intermediate
4296,63,Male,177.32827321076658,53.67206051345609,cardio,advanced
4297,17,Male,176.15497096504427,63.082597687311925,cardio,intermediate
4298,35,Male,176.71035487149558,73.77271102395882,muscle_gain,beginner
4299,29,Male,164.5613074494575,77.07608625280301,cardio,beginner
4300,65,Female,165.02887138395516,61.11662488273258,weight_loss,advanced
4301,16,Female,157.37935696392626,80.04291694630247,cardio,beginner
4302,17,Female,176.12755309476913,48.4592841514943,cardio,intermediate
4303,65,Male,175.71982513274992,54.969140753177825,cardio,beginner
4304,47,Female,164.38720213077883,101.89325565513116,cardio,intermediate
4305,69,Male,152.9839584137095,55.85577251413463,weight_loss,beginner
4306,36,Female,165.8018491377794,105.14697759527225,cardio,beginner
4307,47,Male,165.92698820514082,52.78066373268757,muscle_gain,advanced
4308,21,Male,164.60625633363804,94.0898368404205,weight_loss,advanced
4309,22,Female,153.38430310652384,68.58270907755266,muscle_gain,beginner
4310,48,Male,167.67082940353367,81.9438243540108,muscle_gain,intermediate
4311,24,Female,152.63144182008563,72.47155082549013,weight_loss,beginner
4312,18,Female,165.6898598056337,67.23228244457276,cardio,advanced
4313,31,Female,163.3947097272337,77.50380620493773,weight_loss,intermediate
4314,27,Male,160.95626959424771,94.63272224378719,weight_loss,intermediate
4315,15,Male,174.09317910923363,59.67315159405702,weight_loss,intermediate
4316,24,Female,164.37966008454026,67.2265127038868,weight_loss,advanced
4317,54,Female,158.90819047281957,85.8951336097079,muscle_gain,intermediate
4318,33,Female,147.95925612681816,74.80089659763424,weight_loss,advanced
4319,46,Male,162.06064137221458,83.46717213754738,cardio,advanced
4320,59,Male,167.18885496531738,54.26005991838374,weight_loss,advanced
4321,64,Male,175.35769485606315,72.16371826282486,muscle_gain,beginner
4322,19,Male,161.00063983275004,57.261531947696724,weight_loss,beginner
4323,18,Female,170.8243313719472,72.85260145787699,cardio,intermediate
4324,30,Female,154.51735843427798,85.27470477825302,cardio,advanced
4325,29,Male,166.2454101001877,97.4570975712005,weight_loss,beginner
4326,61,Female,174.27527134760996,69.4899335677325,cardio,intermediate
4327,48,Female,162.59581230578857,59.63992461458909,muscle_gain,beginner
4328,44,Female,156.16158768502515,93.00181807183466,muscle_gain,advanced
4329,44,Female,166.11417004015885,50.9921136705735,weight_loss,intermediate
4330,59,Female,157.91782479262395,81.83216782464858,weight_loss,intermediate
4331,67,Male,157.75453308758563,81.68827646152218,muscle_gain,intermediate
4332,48,Male,164.03549095545603,109.29638291741796,muscle_gain,advanced
4333,28,Female,175.44173686164336,65.88348050038637,cardio,beginner
4334,42,Female,172.941165114683,54.98850055542195,muscle_gain,advanced
4335,38,Male,179.43899121529049,67.82182437549946,muscle_gain,beginner
4336,57,Male,154.22183875665914,58.68961556752053,cardio,beginner
4337,43,Female,180.88024909979958,77.00937686454355,weight_loss,advanced
4338,38,Female,148.73405517200996,76.70933773132276,cardio,beginner
4339,20,Male,162.0593315600956,76.94983076591538,muscle_gain,beginner
4340,74,Male,152.49697891909952,57.02440625887707,muscle_gain,advanced
4341,48,Female,154.74866434350574,77.88448591798732,cardio,intermediate
4342,33,Female,159.56096438603575,84.71355083166664,cardio,intermediate
4343,15,Male,157.2861746347406,65.41193243813152,weight_loss,intermediate
4344,66,Female,180.7930973264254,91.45879317572107,cardio,intermediate
4345,62,Female,170.96611118928837,47.202100442743856,weight_loss,advanced
4346,35,Female,175.29280500849876,79.04332476869847,muscle_gain,advanced
4347,71,Female,184.93301155240752,65.89398430484385,weight_loss,beginner
4348,57,Female,170.2201924723629,88.48606483323401,muscle_gain,advanced
4349,16,Female,169.30522230919914,83.72041673027202,weight_loss,beginner
4350,16,Male,147.14410188353412,54.96524079446225,muscle_gain,beginner
4351,67,Male,168.4642713774998,47.178991882622924,muscle_gain,advanced
4352,32,Male,162.35305078246174,72.07059974305133,weight_loss,advanced
4353,31,Male,168.7808906023811,81.34221788556661,weight_loss,advanced
4354,54,Male,178.73039682344836,75.32343232088422,muscle_gain,intermediate
4355,56,Female,174.365241403454,68.05918358577097,cardio,intermediate
4356,73,Female,158.79852276645897,84.76769274932758,weight_loss,beginner
4357,44,Female,160.45511154482105,66.96346415388656,cardio,advanced
4358,37,Male,176.50352495953902,86.67787164349629,cardio,intermediate
4359,60,Male,157.06822759909042,72.77927679343945,cardio,intermediate
4360,43,Female,159.5863478062097,60.51395008703906,weight_loss,beginner
4361,23,Male,143.59874735458135,84.88164889256753,muscle_gain,intermediate
4362,70,Male,180.4478763555751,99.8870073617772,muscle_gain,intermediate
4363,41,Male,167.54294705891715,74.91281060911791,muscle_gain,intermediate
4364,34,Female,174.73481977488936,75.17050579018083,cardio,intermediate
4365,62,Female,164.8640996744804,87.52537881162442,muscle_gain,intermediate
4366,24,Male,156.02662694750884,60.12105554658114,weight_loss,beginner
4367,18,Male,156.35976705756974,71.1077120092039,cardio,advanced
4368,36,Male,178.33488131596607,97.188157665213,weight_loss,intermediate
4369,63,Female,165.93859288428544,73.40249419868654,muscle_gain,intermediate
4370,56,Male,174.54423143638627,67.54076924618663,muscle_gain,beginner
4371,47,Male,153.50067886778658,73.64809102283523,cardio,beginner
4372,71,Female,151.28654860435392,75.3281270219656,cardio,advanced
4373,47,Female,155.32449717347043,81.24279893538254,muscle_gain,advanced
4374,51,Female,162.65543839941094,43.603821543880294,muscle_gain,intermediate
4375,30,Male,163.54866670781956,65.06751347949505,muscle_gain,beginner
4376,20,Male,156.53193316769267,74.61969746318661,muscle_gain,intermediate
4377,37,Female,154.36066969004426,70.89596648210627,weight_loss,advanced
4378,54,Male,177.39476538730753,92.32671606796613,weight_loss,intermediate
4379,42,Male,161.77878056430504,58.25465380022594,muscle_gain,intermediate
4380,45,Male,175.14201941626274,70.61917191629414,muscle_gain,advanced
4381,64,Female,174.95109926716427,81.28670497723395,cardio,intermediate
4382,36,Male,153.70649622017177,83.09102060965616,muscle_gain,beginner
4383,22,Female,177.39181491503186,103.66131267563674,cardio,advanced
4384,27,Male,170.25957408592149,56.53586793970224,weight_loss,intermediate
4385,70,Female,167.45129239383593,78.82493824034141,weight_loss,beginner
4386,47,Male,169.87656512306597,78.05148878592965,weight_loss,beginner
4387,40,Female,170.7900698757294,66.21340679397785,weight_loss,advanced
4388,65,Female,152.37883264690882,57.98597289237995,cardio,beginner
4389,70,Female,170.3794550813672,51.88265051120988,muscle_gain,intermediate
4390,65,Male,156.7004404925826,66.25715468655055,muscle_gain,intermediate
4391,43,Female,159.97611821497807,94.99973336192379,weight_loss,intermediate
4392,31,Female,158.7528808318068,91.09035169351145,cardio,advanced
4393,74,Female,146.17073724241115,84.50743755447617,weight_loss,advanced
4394,38,Male,155.56107827263324,81.6104117539162,cardio,advanced
4395,65,Male,149.34892025145243,80.63685535068716,cardio,beginner
4396,16,Male,178.3392520889289,82.15481079773159,weight_loss,beginner
4397,45,Male,157.8976865898277,55.73530709299467,muscle_gain,advanced
4398,54,Female,164.41133730993408,77.39809864628718,weight_loss,beginner
4399,61,Female,177.93490108990017,81.0576733610454,weight_loss,beginner
4400,45,Male,145.05460747904777,48.69916674494422,weight_loss,beginner
4401,51,Male,167.1257677542888,81.10813482933284,weight_loss,beginner
4402,51,Male,154.69874930755446,61.133088146384225,muscle_gain,advanced
4403,65,Male,172.03815225856198,77.73918470840633,muscle_gain,intermediate
4404,47,Female,164.58100633884982,68.67537500769564,muscle_gain,intermediate
4405,68,Female,165.9390993944343,67.04874407622029,cardio,intermediate
4406,38,Female,173.2822584808735,44.371844707968876,cardio,beginner
4407,17,Female,142.7448670001858,81.57277055367896,cardio,beginner
4408,71,Female,150.309352864183,84.21038101996922,weight_loss,beginner
4409,43,Female,178.0671379511542,76.41465401460049,muscle_gain,intermediate
4410,72,Male,159.7563721002092,62.740816308798095,cardio,beginner
4411,58,Male,157.39372475718753,60.70888343958275,cardio,advanced
4412,17,Female,175.58612418307112,71.28825076832403,weight_loss,beginner
4413,53,Male,162.93814186958446,66.89996930723247,cardio,intermediate
4414,53,Female,172.75736861525033,70.8956756838623,weight_loss,intermediate
4415,64,Female,172.46664236502377,60.998294203062216,muscle_gain,intermediate
4416,48,Male,171.60457410469792,61.38244486661121,weight_loss,advanced
4417,22,Male,181.98881458607494,75.37416546997348,muscle_gain,intermediate
4418,27,Male,153.4656312501038,61.32161957962858,weight_loss,beginner
4419,36,Female,167.55302901671877,67.1773927254483,cardio,beginner
4420,50,Male,167.00075292707413,56.6014973739908,muscle_gain,intermediate
4421,48,Male,171.7404102778457,56.410425149309084,weight_loss,beginner
4422,23,Male,180.19325743634064,40.0,muscle_gain,beginner
4423,74,Female,160.23026577485763,69.296416490673,cardio,advanced
4424,35,Female,165.91137379781077,76.03630547458116,muscle_gain,intermediate
4425,52,Female,176.6230417874436,71.72147025059425,weight_loss,beginner
4426,30,Female,140.0,58.637653751073344,muscle_gain,intermediate
4427,28,Female,154.58585652557468,65.3741158726252,cardio,beginner
4428,23,Female,164.33909061102304,76.84036265105851,cardio,intermediate
4429,71,Male,191.9345439586238,95.14862127019988,cardio,advanced
4430,74,Male,160.29000269684644,64.8624171103366,muscle_gain,intermediate
4431,41,Female,164.5033016533618,62.058135842845815,cardio,beginner
4432,17,Male,150.5347937950566,75.92379230402297,cardio,intermediate
4433,55,Male,150.49600545091775,84.27850595979598,weight_loss,advanced
4434,48,Male,151.4441484598751,108.4977407162225,muscle_gain,advanced
4435,45,Female,159.76754559486767,67.1962849606389,cardio,beginner
4436,44,Female,159.81390061406202,97.71425886236369,cardio,beginner
4437,38,Female,163.88097266609688,107.66111383521887,cardio,beginner
4438,38,Female,170.5434356383599,54.21444577567988,weight_loss,advanced
4439,55,Female,140.0,59.4743475414543,cardio,beginner
4440,74,Female,170.66156489044604,65.34594209981702,weight_loss,beginner
4441,39,Male,160.32532513611247,49.349966577043844,muscle_gain,advanced
4442,23,Male,170.17784142005925,70.56817685043882,weight_loss,beginner
4443,62,Female,176.64021905837652,55.359620778896506,weight_loss,beginner
4444,58,Female,162.58382885071347,70.34446606386074,weight_loss,beginner
4445,46,Male,163.18222602070318,61.52356246934319,cardio,advanced
4446,52,Male,178.53453838011785,72.0747196067092,weight_loss,beginner
4447,28,Female,166.652726754652,68.1756893117341,weight_loss,beginner
4448,72,Male,183.7388269359096,91.67856679212235,muscle_gain,beginner
4449,47,Female,152.22748786734914,70.84092988401473,cardio,intermediate
4450,72,Male,173.20096663578664,83.15945933124804,cardio,intermediate
4451,71,Male,155.5633399787862,61.765708321463535,weight_loss,intermediate
4452,49,Male,156.6925942044596,67.20181217866852,cardio,intermediate
4453,37,Male,148.13732989937952,70.15578001284324,muscle_gain,intermediate
4454,35,Female,154.05915650731674,98.31040022061839,cardio,beginner
4455,73,Female,159.77145869858376,58.176383884193015,cardio,advanced
4456,27,Male,151.86070806606114,55.40481471710274,weight_loss,advanced
4457,19,Male,155.8295471313262,91.82538504881227,cardio,intermediate
4458,17,Male,163.12151921271524,71.76710991388966,weight_loss,beginner
4459,44,Female,176.30660415535453,73.90146105044455,muscle_gain,beginner
4460,49,Female,171.80105380914054,68.31256571965172,weight_loss,advanced
4461,60,Male,176.18940551466426,111.40172204298482,cardio,advanced
4462,50,Female,154.7130370774064,53.78883081460246,weight_loss,intermediate
4463,45,Male,175.65994653502506,47.019673688520285,cardio,beginner
4464,44,Female,169.16220167864645,106.2915445918737,muscle_gain,advanced
4465,46,Male,159.70372731608694,87.25645362343445,weight_loss,advanced
4466,55,Female,170.98376576839541,64.54099818855798,muscle_gain,advanced
4467,31,Male,157.30035561288463,70.18299719021378,cardio,advanced
4468,56,Male,159.23866990261124,56.89177758148782,muscle_gain,advanced
4469,59,Female,177.31489914626405,91.27032366472547,muscle_gain,beginner
4470,34,Female,169.91893556471632,68.64920506697868,weight_loss,beginner
4471,25,Female,171.95686787869553,64.9950227121286,weight_loss,advanced
4472,56,Male,180.80297286900736,71.41350376652373,cardio,advanced
4473,42,Male,176.0035476586234,55.644807578691896,muscle_gain,beginner
4474,50,Male,160.9209508990466,78.87082029221133,muscle_gain,intermediate
4475,47,Female,155.26268439487202,66.96150607513613,muscle_gain,beginner
4476,58,Male,158.6072509863486,86.24467963269107,cardio,beginner
4477,57,Female,169.82111938615526,40.0,cardio,advanced
4478,19,Female,179.78090998784762,62.58499684965166,weight_loss,intermediate
4479,20,Female,183.83349984157215,95.03880125331229,weight_loss,advanced
4480,27,Female,151.56633491003265,67.38156200874361,muscle_gain,intermediate
4481,39,Male,153.269584808445,77.81224028706347,muscle_gain,intermediate
4482,16,Female,152.00058412983682,75.35672422300932,cardio,advanced
4483,48,Female,156.99091424434465,63.46315123931288,cardio,beginner
4484,31,Male,171.33728287769938,79.11684722532478,muscle_gain,intermediate
4485,27,Female,183.647287965823,47.161793380849325,muscle_gain,beginner
4486,74,Male,160.43245769827854,77.87110801722648,weight_loss,advanced
4487,49,Female,163.54579578216664,69.55576839247601,weight_loss,beginner
4488,18,Male,177.52685229973474,74.54749988527766,muscle_gain,beginner
4489,60,Female,147.63982100558292,52.35311639547375,cardio,beginner
4490,74,Male,163.03379218235673,96.72185526812554,weight_loss,beginner
4491,20,Female,174.20202721415745,62.380021434874,cardio,intermediate
4492,52,Male,165.71069890806132,88.3549336165664,cardio,beginner
4493,34,Female,172.85765289003731,86.56978225965264,weight_loss,beginner
4494,51,Female,167.15824746926486,59.58297062529815,muscle_gain,advanced
4495,50,Female,185.40955737509654,69.64494087516427,weight_loss,intermediate
4496,33,Female,164.98670490783053,61.14360077643999,cardio,advanced
4497,35,Female,164.8060646966054,57.93992606253912,weight_loss,intermediate
4498,45,Male,176.84706950235844,68.68869132737704,muscle_gain,intermediate
4499,48,Female,162.24279363970862,71.2448726260481,weight_loss,intermediate
4500,37,Male,162.8486866603729,40.0,weight_loss,beginner
4501,28,Female,178.6182531819432,91.3446071634253,cardio,beginner
4502,74,Male,172.57396506883651,90.82271953701613,cardio,advanced
4503,15,Male,180.8099336532397,66.90457749662257,cardio,intermediate
4504,31,Male,156.19338292084896,56.72778581543125,cardio,intermediate
4505,23,Male,150.52869953860196,67.28809768556928,muscle_gain,advanced
4506,68,Male,156.79564226686549,98.52216315515004,weight_loss,beginner
4507,54,Female,179.92239340123513,60.88292405143696,cardio,intermediate
4508,48,Female,178.82719478285122,77.80530255390886,weight_loss,intermediate
4509,62,Female,177.4893632840199,73.97348760260506,muscle_gain,intermediate
4510,71,Female,168.8105021379956,64.74785698752684,cardio,advanced
4511,24,Female,170.3316645946841,64.75988347768282,muscle_gain,advanced
4512,60,Male,157.66873820753563,60.295668027179254,muscle_gain,beginner
4513,45,Male,159.88830200548827,58.93584507219862,cardio,advanced
4514,63,Female,174.5159161186045,67.03153671046421,muscle_gain,intermediate
4515,31,Male,165.936553968503,63.55942827828096,muscle_gain,beginner
4516,51,Female,166.77245101198903,51.1026199360655,cardio,beginner
4517,70,Male,159.64135608577217,79.72654498850649,muscle_gain,advanced
4518,49,Female,178.95049814276229,88.66203580795671,cardio,advanced
4519,65,Male,169.5321054998316,82.49440798910922,muscle_gain,intermediate
4520,72,Female,174.8935776379421,45.42160133449488,weight_loss,beginner
4521,24,Female,158.7574141760056,82.91008121815248,cardio,intermediate
4522,36,Male,161.80333348156844,55.952623392666894,weight_loss,intermediate
4523,67,Female,166.41737268563097,59.64784246566336,cardio,advanced
4524,68,Female,169.29048366816875,76.98778681875841,muscle_gain,intermediate
4525,55,Female,160.5781451235977,92.2697327354579,muscle_gain,beginner
4526,59,Female,180.10558633027293,70.05303696467175,cardio,advanced
4527,32,Female,150.2512043095648,61.774184722529,weight_loss,advanced
4528,44,Female,158.35294455299686,64.0536233181502,cardio,advanced
4529,32,Male,171.26972046148896,84.9758659765277,cardio,intermediate
4530,21,Female,188.9769882287644,80.91703172294523,weight_loss,intermediate
4531,15,Male,174.5440085484425,67.9940586714639,cardio,intermediate
4532,56,Female,156.70491351615186,76.42484376244757,cardio,beginner
4533,49,Male,172.0195780322712,88.04506399032937,muscle_gain,advanced
4534,64,Male,161.60322672984054,91.8211476034139,cardio,advanced
4535,39,Female,176.6316845987808,85.43257837049867,cardio,beginner
4536,56,Male,170.42899634092325,65.67352386107484,muscle_gain,beginner
4537,36,Male,160.29228249170214,49.140965464100965,muscle_gain,beginner
4538,37,Female,172.72686726200823,70.3828289240517,weight_loss,intermediate
4539,65,Female,186.79558507034974,86.77504427864102,weight_loss,beginner
4540,40,Male,149.65733367205092,50.27521582497984,muscle_gain,beginner
4541,46,Female,173.52758327258806,85.81649560343179,cardio,intermediate
4542,34,Male,169.3957823721298,84.25468267752157,muscle_gain,beginner
4543,62,Female,146.1579374104695,71.02024394804216,weight_loss,beginner
4544,58,Male,163.93162939582203,85.73375387238188,muscle_gain,beginner
4545,36,Female,179.16623377710053,59.41581368382234,weight_loss,beginner
4546,59,Female,171.2022218729032,41.74909620157077,weight_loss,intermediate
4547,18,Male,172.60818208366356,84.37886723164618,muscle_gain,intermediate
4548,57,Female,166.23474811498227,80.29605052913979,weight_loss,intermediate
4549,72,Female,164.0589668847191,44.75298593524975,weight_loss,beginner
4550,19,Male,142.8287140153048,86.67889909721997,weight_loss,beginner
4551,53,Female,145.30127191981654,70.84708567601773,muscle_gain,advanced
4552,63,Female,154.0735934311742,82.9573656100321,cardio,intermediate
4553,62,Male,178.67467815901384,59.716110602515805,weight_loss,beginner
4554,71,Female,169.98103390578584,88.79159495778174,muscle_gain,beginner
4555,73,Male,171.79697567298936,70.38372180046697,muscle_gain,advanced
4556,20,Male,152.5319954759194,70.24798141280881,cardio,intermediate
4557,68,Female,170.79970975765212,81.48326598881042,muscle_gain,advanced
4558,34,Male,159.08773859990515,40.0,weight_loss,intermediate
4559,46,Female,171.0556742799137,53.014210417936056,weight_loss,advanced
4560,72,Female,173.94782776019042,82.33397961856446,cardio,intermediate
4561,45,Female,170.5027683283151,90.21997835825131,weight_loss,intermediate
4562,55,Female,152.52965929163923,80.36932510258782,cardio,intermediate
4563,67,Male,169.5281334774945,63.3624409068772,muscle_gain,beginner
4564,63,Male,159.8753359587202,83.94128282213875,weight_loss,advanced
4565,20,Male,160.15199358957355,94.30930421863717,weight_loss,beginner
4566,28,Male,146.428877143146,75.10749462223103,cardio,advanced
4567,41,Female,182.33431485476916,78.39615017073996,muscle_gain,advanced
4568,36,Male,181.155306637861,42.38495184575579,weight_loss,advanced
4569,43,Male,168.91727527228767,64.46788114022728,weight_loss,intermediate
4570,37,Female,156.2377215202428,77.15922630148447,muscle_gain,advanced
4571,18,Male,158.8364791411717,70.63142138487498,weight_loss,beginner
4572,65,Female,154.8623016884346,80.91703033525413,weight_loss,advanced
4573,32,Female,160.91243182876275,41.64042056059837,muscle_gain,intermediate
4574,18,Female,154.27874478930775,76.1548565882023,cardio,intermediate
4575,48,Female,151.5842355452222,52.018629382824685,muscle_gain,intermediate
4576,36,Male,162.5787918185095,71.46617705314192,muscle_gain,intermediate
4577,29,Male,161.61489231245767,60.70149035593202,cardio,advanced
4578,61,Female,172.7927536357514,52.19194980278724,muscle_gain,advanced
4579,43,Male,164.27834398831098,76.2350202622312,weight_loss,advanced
4580,21,Male,165.9881694649939,89.6884385701821,muscle_gain,beginner
4581,37,Female,169.71333185057514,62.71342571110403,muscle_gain,beginner
4582,74,Male,158.31183342531878,58.610084356691445,cardio,beginner
4583,48,Male,156.61825273095042,73.27931955293109,weight_loss,intermediate
4584,46,Male,171.36809099922863,51.05388060240009,cardio,advanced
4585,65,Male,158.9692352370832,107.97245376189139,weight_loss,intermediate
4586,57,Female,166.71623256176807,72.14981853899224,muscle_gain,advanced
4587,69,Male,164.1497622398172,56.8718280772098,muscle_gain,intermediate
4588,19,Male,184.3652309941471,51.46492783237933,cardio,advanced
4589,59,Female,144.36373287274515,53.035339455824754,muscle_gain,beginner
4590,29,Female,174.55161771529666,88.7909534906822,weight_loss,intermediate
4591,53,Female,165.8891685334856,60.817147734640294,muscle_gain,beginner
4592,19,Female,149.14478258949404,72.43189983413286,muscle_gain,advanced
4593,66,Female,150.43657276845096,52.89181139949274,cardio,intermediate
4594,19,Female,178.9291582099175,53.173910416811935,muscle_gain,intermediate
4595,38,Male,158.1960340969579,45.43876162202197,cardio,beginner
4596,73,Female,160.79194009180384,53.149383621938696,muscle_gain,intermediate
4597,34,Male,171.5425492095008,61.724307752127594,weight_loss,beginner
4598,71,Male,165.0955818843142,100.80033876981446,weight_loss,intermediate
4599,68,Male,168.90828578795345,82.5811578339846,cardio,beginner
4600,69,Male,174.18015702209172,97.72433787576693,cardio,beginner
4601,63,Female,155.38634646896378,90.32338253216449,cardio,intermediate
4602,51,Male,179.2651020124005,59.088653655123736,weight_loss,advanced
4603,50,Male,169.65777813373072,90.97361978567439,weight_loss,advanced
4604,38,Female,148.83495243546724,99.26304712435157,cardio,beginner
4605,39,Female,162.8937418853429,63.14839393089982,cardio,intermediate
4606,61,Female,156.32143902518868,53.73905279847942,weight_loss,advanced
4607,69,Male,164.66880860296072,74.09080307090116,muscle_gain,advanced
4608,55,Female,168.3840028658699,40.0,weight_loss,advanced
4609,61,Male,155.6342507414944,80.97362187826191,cardio,intermediate
4610,34,Female,173.39469089147755,61.92288623073932,cardio,intermediate
4611,59,Female,182.78937562141704,70.71195124299884,muscle_gain,beginner
4612,36,Female,158.40348817853948,54.93847564928277,weight_loss,intermediate
4613,36,Female,159.7598298661912,84.01262688263388,cardio,beginner
4614,29,Female,169.08874579232622,76.18016729090618,cardio,beginner
4615,32,Female,163.73881787085932,80.45979720978285,muscle_gain,intermediate
4616,34,Male,156.21000807124275,50.58567476658381,muscle_gain,beginner
4617,68,Male,155.49864541388516,68.49497711725122,weight_loss,intermediate
4618,24,Male,153.44701940346962,52.01032229226716,weight_loss,intermediate
4619,73,Male,164.1517701231595,85.36415913521407,cardio,intermediate
4620,29,Male,169.28460291856672,64.9860037400493,cardio,beginner
4621,68,Male,162.7161392784381,58.91662251981954,cardio,intermediate
4622,21,Male,166.04744208765996,80.50463936843514,cardio,intermediate
4623,62,Female,159.76630755129426,69.23152544012903,weight_loss,advanced
4624,17,Male,155.69726245924838,85.3967539919775,weight_loss,intermediate
4625,30,Male,177.56058713659678,96.76417462312565,muscle_gain,advanced
4626,25,Male,174.6969699658709,59.531249946552734,weight_loss,advanced
4627,73,Female,164.0929807335471,52.949304785155896,muscle_gain,beginner
4628,32,Female,149.73476254097056,75.20823804023277,cardio,intermediate
4629,45,Male,158.17278964713734,89.79510234239257,muscle_gain,advanced
4630,41,Female,173.48554040536857,49.213149023018715,weight_loss,beginner
4631,69,Female,157.16965037731745,42.09440573694752,weight_loss,advanced
4632,16,Female,151.93733060764296,56.00055593947464,muscle_gain,intermediate
4633,53,Female,155.22947175827133,59.81502175990189,cardio,intermediate
4634,30,Male,164.47478217671664,85.05135486306541,weight_loss,beginner
4635,25,Male,169.23129175560447,77.02832106094762,weight_loss,beginner
4636,43,Female,151.3183727746378,69.43192490655154,weight_loss,beginner
4637,39,Male,159.50442180697715,64.20781914714858,cardio,intermediate
4638,62,Male,169.61727357625728,96.36399496374402,cardio,intermediate
4639,37,Female,150.12687856968532,76.58284528788474,muscle_gain,intermediate
4640,32,Female,165.7498594016217,78.52912200090061,cardio,intermediate
4641,74,Male,168.71268413202714,78.14063347671673,cardio,advanced
4642,20,Female,166.55141593152325,52.36647832236331,cardio,intermediate
4643,67,Male,173.4628230788326,83.16852375914699,muscle_gain,intermediate
4644,31,Female,155.70038877695524,47.529615208357384,weight_loss,beginner
4645,18,Male,185.39029813905327,68.45653251148343,muscle_gain,beginner
4646,69,Female,175.7910241947434,60.253300219897476,muscle_gain,intermediate
4647,41,Female,150.09751219123103,73.30295283203888,weight_loss,intermediate
4648,29,Female,163.88754602116074,89.44287240180972,cardio,beginner
4649,35,Male,169.9676633182127,49.0383257367376,weight_loss,intermediate
4650,50,Male,170.778108659411,75.80256235120615,weight_loss,advanced
4651,37,Female,168.0230745445796,73.0411040572089,muscle_gain,intermediate
4652,61,Male,156.29505041339996,40.0,cardio,intermediate
4653,23,Male,174.62770914372223,68.4133376803839,weight_loss,beginner
4654,64,Female,165.24273174125926,61.80071671447915,cardio,beginner
4655,53,Female,167.95594549258342,74.60174393818137,weight_loss,beginner
4656,57,Male,161.62584960245368,93.26996016459987,weight_loss,advanced
4657,33,Male,160.96932642316625,40.0,muscle_gain,advanced
4658,21,Female,188.12858786265082,48.133733759545436,weight_loss,intermediate
4659,35,Male,156.46744007305668,73.32007209947103,cardio,advanced
4660,38,Male,170.80788366652826,75.15285519304263,weight_loss,beginner
4661,45,Male,182.70622325434763,91.95877106877545,muscle_gain,beginner
4662,19,Male,171.87809392245623,84.49222997823524,muscle_gain,advanced
4663,67,Female,173.98460355345316,83.79862094371146,muscle_gain,advanced
4664,71,Male,174.57630063951046,70.82920962137365,cardio,advanced
4665,60,Male,150.39747419025164,64.05485570053483,weight_loss,advanced
4666,72,Female,156.6003314451741,82.96368947574621,weight_loss,intermediate
4667,32,Male,158.34223869975588,71.07054094409226,muscle_gain,advanced
4668,42,Female,159.39498980636748,50.188757019197936,cardio,advanced
4669,43,Female,175.6571516750581,60.4427443101561,muscle_gain,advanced
4670,58,Male,179.4775425315455,72.69869775164113,cardio,intermediate
4671,31,Female,183.91577961732486,46.58200829343431,muscle_gain,advanced
4672,22,Female,150.5212064159813,46.944598781584716,weight_loss,intermediate
4673,22,Female,169.68452491165093,80.35715951113048,muscle_gain,advanced
4674,55,Female,163.32049225504556,86.05992060472077,weight_loss,advanced
4675,64,Female,170.99725650145774,68.22088251037837,muscle_gain,intermediate
4676,56,Female,151.46251863905317,77.68260775689927,weight_loss,advanced
4677,46,Male,185.86478492021303,66.3591459281339,muscle_gain,beginner
4678,54,Male,168.6811378184623,58.18897380982281,weight_loss,beginner
4679,61,Male,167.1996344178087,80.6112106883315,muscle_gain,advanced
4680,59,Male,184.68867279112135,106.50422739861868,muscle_gain,advanced
4681,24,Female,161.45565892364127,71.77105723776656,weight_loss,advanced
4682,68,Male,153.27758099110653,93.92493367379794,weight_loss,beginner
4683,71,Female,160.12394195093444,72.14840902555231,cardio,advanced
4684,44,Female,164.39340963401676,40.0,muscle_gain,intermediate
4685,50,Male,175.7497208621972,47.66995950851151,weight_loss,advanced
4686,26,Male,151.55305550874056,84.76021027709835,weight_loss,intermediate
4687,27,Female,168.69748934536176,83.99351949698595,cardio,advanced
4688,59,Male,167.67937430984796,70.21971029286364,weight_loss,intermediate
4689,40,Male,174.67386245276384,78.90289037117226,cardio,intermediate
4690,26,Male,161.77253277675888,66.31824869901773,muscle_gain,beginner
4691,54,Male,167.96174205105186,80.09042319173933,cardio,beginner
4692,31,Male,157.07694841572444,68.98779551421755,cardio,advanced
4693,35,Male,176.4570154191804,49.557896037643154,weight_loss,beginner
4694,64,Male,159.96908043825263,77.22234008881138,weight_loss,advanced
4695,28,Female,166.40139555603008,43.54936993010476,muscle_gain,advanced
4696,43,Female,171.34890874456588,68.40772713147004,cardio,advanced
4697,64,Female,175.35615143212053,73.54154157973304,cardio,beginner
4698,61,Male,144.8730255868298,48.69054281602373,cardio,advanced
4699,71,Female,161.10654061680503,78.57629967253759,muscle_gain,intermediate
4700,73,Male,164.95755887366047,71.65144643123493,weight_loss,advanced
4701,55,Female,178.98051098046466,66.66306733320772,cardio,beginner
4702,18,Female,173.43867418945584,71.50924188667712,weight_loss,beginner
4703,45,Male,154.98951811100537,73.23139146085634,cardio,advanced
4704,50,Female,157.69395687812056,72.5454850012353,cardio,intermediate
4705,30,Male,160.1329431722027,84.66901063035196,weight_loss,advanced
4706,33,Male,159.90723546743774,65.70609504499235,muscle_gain,intermediate
4707,18,Female,173.27884341579662,78.01562076654642,muscle_gain,beginner
4708,15,Male,159.47376639366266,57.19333258156956,weight_loss,intermediate
4709,38,Female,165.65296950351595,63.65290690493383,weight_loss,advanced
4710,51,Male,155.3907307310472,73.86647508099901,muscle_gain,beginner
4711,22,Male,164.38592602632707,72.48469527266911,cardio,intermediate
4712,64,Female,150.4015068808554,73.53364189270988,weight_loss,beginner
4713,19,Female,158.2130075845664,88.31882125166537,weight_loss,beginner
4714,31,Female,171.10849369766032,83.36724384767007,muscle_gain,intermediate
4715,36,Female,170.79793189802032,74.40573724189214,cardio,intermediate
4716,63,Female,164.71472042073162,67.18899865240708,weight_loss,beginner
4717,57,Male,165.39201811690725,73.2592738909748,cardio,intermediate
4718,36,Male,167.94349225284478,75.82629662203477,muscle_gain,advanced
4719,40,Female,155.1751831314489,79.23300546916963,cardio,intermediate
4720,42,Male,163.3346978238148,57.958196668693496,cardio,beginner
4721,73,Female,184.83668117605305,53.66357965340155,cardio,advanced
4722,36,Female,157.67258608537435,67.2304811167558,weight_loss,advanced
4723,55,Female,147.79309435073446,74.53015658878394,weight_loss,beginner
4724,32,Male,170.01568485766816,63.06155657217856,muscle_gain,intermediate
4725,67,Female,161.65933839939336,83.48712712106095,cardio,intermediate
4726,34,Male,176.30088439519528,47.28518649202863,weight_loss,intermediate
4727,16,Female,170.4582587927546,47.17802723493696,muscle_gain,advanced
4728,22,Female,164.7679571010237,85.49985067378584,weight_loss,intermediate
4729,36,Male,162.9504764046969,61.18695740742612,weight_loss,intermediate
4730,23,Male,152.85214222402928,55.41667804398957,muscle_gain,advanced
4731,62,Male,176.0559516411563,47.6146714694016,muscle_gain,intermediate
4732,37,Male,168.28974092399832,79.79380634611421,cardio,beginner
4733,52,Male,169.46343977643167,63.4257007725887,weight_loss,advanced
4734,73,Male,161.78658667981813,66.86238554303056,cardio,advanced
4735,30,Male,174.5692087107311,61.02801592186542,weight_loss,advanced
4736,41,Male,171.42955395038504,68.68858459219922,weight_loss,intermediate
4737,29,Male,165.6183867723546,74.46293973877015,cardio,advanced
4738,55,Female,183.0537943271453,54.445662956822886,weight_loss,beginner
4739,34,Female,169.466659959737,40.0,muscle_gain,intermediate
4740,45,Male,156.28813367768925,68.02472506720714,cardio,beginner
4741,54,Female,167.00619626538682,62.524205490186574,cardio,beginner
4742,47,Female,174.09102370508316,71.90690962037543,muscle_gain,intermediate
4743,55,Female,157.55028674433436,66.29202039458936,weight_loss,intermediate
4744,22,Male,144.52527645833985,86.45361327130868,weight_loss,advanced
4745,55,Female,164.7676417316287,52.7984465918874,weight_loss,intermediate
4746,53,Female,156.10670314749518,63.79537607923914,cardio,beginner
4747,60,Male,189.07708455069633,48.06570580117723,muscle_gain,intermediate
4748,39,Female,159.96716942594563,58.28582276760302,weight_loss,advanced
4749,20,Female,156.35782653478702,60.10565506067217,weight_loss,advanced
4750,36,Female,190.20762115307716,76.42485874725953,muscle_gain,beginner
4751,41,Male,155.41756262860855,84.6516937308496,weight_loss,intermediate
4752,63,Male,150.95426226966728,64.9237146734333,weight_loss,beginner
4753,46,Female,147.11035334408868,71.27967494211701,muscle_gain,advanced
4754,33,Female,162.87374823085003,89.38206672649991,muscle_gain,intermediate
4755,28,Female,161.0853965021243,51.098643280626646,cardio,intermediate
4756,34,Male,163.02717560175745,60.28970829905102,muscle_gain,beginner
4757,51,Female,159.72649198496916,63.5006626197398,weight_loss,intermediate
4758,27,Female,164.2901474338916,74.67099807801944,muscle_gain,intermediate
4759,68,Female,185.87457687029712,95.32669071267776,weight_loss,intermediate
4760,16,Male,166.19372002280696,57.6946360628796,cardio,advanced
4761,22,Male,152.77511749998237,86.90836672391812,muscle_gain,intermediate
4762,42,Male,173.1450521301894,64.97028193739565,muscle_gain,advanced
4763,21,Male,166.91891996651088,46.86598506331016,muscle_gain,intermediate
4764,26,Male,173.26956300635777,58.034546317651305,muscle_gain,advanced
4765,58,Male,171.55568967884733,66.27873215306914,muscle_gain,intermediate
4766,22,Female,161.5551078464668,69.1751230941784,muscle_gain,beginner
4767,20,Male,185.84072262229785,53.11816339404774,muscle_gain,advanced
4768,73,Female,158.25377225683735,73.04357212620314,cardio,intermediate
4769,69,Male,180.79682160075325,69.91665828263746,cardio,beginner
4770,29,Male,159.63919557544236,55.46609127390785,weight_loss,beginner
4771,70,Female,152.0354144630004,72.93410776385477,cardio,intermediate
4772,43,Female,165.10362490307122,91.56490831623269,weight_loss,intermediate
4773,41,Female,158.8959524436763,84.94421574380146,muscle_gain,advanced
4774,39,Female,142.33038948121364,70.2599243688282,muscle_gain,intermediate
4775,27,Female,165.97505783999495,53.57197217658698,weight_loss,beginner
4776,27,Male,165.78128606715666,76.16671162150396,cardio,intermediate
4777,67,Male,162.62198880741218,77.03111471467834,cardio,advanced
4778,65,Male,167.05103069764814,79.15695735363138,cardio,intermediate
4779,35,Female,165.2021855347794,67.71218067231676,muscle_gain,beginner
4780,55,Male,166.92488705671818,76.9420456121712,weight_loss,beginner
4781,67,Female,180.57347949037268,64.368577775737,cardio,intermediate
4782,49,Male,161.98454408020982,57.26716841709485,cardio,intermediate
4783,74,Female,171.02654626126153,91.85076550239177,weight_loss,advanced
4784,18,Female,161.40189212650424,90.76861817712862,muscle_gain,advanced
4785,44,Female,159.28286438877336,61.19341119016063,weight_loss,advanced
4786,29,Male,173.54198390605896,94.14535196577063,weight_loss,advanced
4787,60,Male,156.53097585106258,58.79412295346344,weight_loss,beginner
4788,35,Male,161.67439822520566,66.23048570921927,muscle_gain,advanced
4789,30,Female,166.3416683785419,62.101273437953814,cardio,advanced
4790,20,Female,166.5840614774035,67.96364240870292,cardio,beginner
4791,42,Female,143.37413954135775,74.575146841384,weight_loss,beginner
4792,70,Male,160.56698993397387,58.92452132866607,cardio,intermediate
4793,72,Male,159.70687060325264,81.01601767109672,weight_loss,intermediate
4794,50,Female,171.04904897063156,76.94694348182104,cardio,intermediate
4795,27,Male,172.09906163417398,86.1262901773058,muscle_gain,intermediate
4796,49,Female,186.2820465832728,52.45893661234322,muscle_gain,intermediate
4797,71,Female,164.65823216399943,74.41114536825837,muscle_gain,intermediate
4798,58,Female,160.09664887103708,78.04836521556014,cardio,intermediate
4799,43,Male,175.63110707906782,64.99914879862632,cardio,beginner
4800,21,Male,156.0279113992794,94.7731131365873,cardio,intermediate
4801,70,Female,164.1862902516894,69.54147747714698,cardio,advanced
4802,29,Female,157.87036833712537,70.50101316306919,cardio,beginner
4803,71,Female,154.62576113303444,75.63938498636638,cardio,beginner
4804,17,Female,174.6780832997801,59.029796785930714,weight_loss,intermediate
4805,33,Male,153.46726501553908,40.0,cardio,intermediate
4806,65,Male,179.05414544960416,83.55790848556524,muscle_gain,beginner
4807,48,Male,165.74766789019617,67.62657921331389,muscle_gain,intermediate
4808,33,Male,184.90728114793689,69.47516347593789,muscle_gain,intermediate
4809,51,Male,166.79106723497733,40.0,weight_loss,beginner
4810,59,Male,176.3273439227021,83.48751817256213,weight_loss,intermediate
4811,34,Male,172.92573617622762,88.04979902154105,muscle_gain,advanced
4812,60,Male,155.2748609148949,66.79724364318044,muscle_gain,intermediate
4813,25,Male,161.65303565218477,52.82398269682609,cardio,advanced
4814,50,Female,158.9211686499903,69.66398911805352,weight_loss,intermediate
4815,54,Male,176.13254536484365,79.25217207629629,weight_loss,intermediate
4816,32,Female,163.3305677970271,76.81443510980198,muscle_gain,advanced
4817,25,Male,160.06311721433244,84.44196091523398,weight_loss,intermediate
4818,28,Male,152.76507751963177,102.88176205157657,cardio,beginner
4819,19,Female,169.0891922978917,77.89241878900049,cardio,intermediate
4820,48,Male,167.67182649025224,73.73006882193343,cardio,advanced
4821,21,Male,176.95200389123772,76.93418792433324,muscle_gain,beginner
4822,46,Male,165.28369622787565,44.64627937011229,muscle_gain,beginner
4823,18,Female,187.14820951685027,55.96045784111085,muscle_gain,beginner
4824,19,Female,165.41071718882114,69.60315235077229,cardio,intermediate
4825,19,Female,159.0638788780097,74.46987786938497,cardio,intermediate
4826,42,Female,169.27528933506335,105.67659343026132,muscle_gain,intermediate
4827,39,Female,173.93931439760868,61.997867695757606,weight_loss,intermediate
4828,63,Female,166.82072779102575,74.13184879114446,weight_loss,beginner
4829,63,Female,187.32220325286315,99.50069218730388,cardio,beginner
4830,63,Male,151.8458923987084,55.68773125925693,weight_loss,beginner
4831,54,Female,164.2128651286991,71.737704426392,muscle_gain,advanced
4832,70,Male,163.6981875189052,85.87011343675174,muscle_gain,advanced
4833,63,Female,152.3635025430014,55.42456558958669,cardio,intermediate
4834,63,Female,175.62200462188343,60.52023202220578,weight_loss,advanced
4835,15,Female,168.67441855674736,45.2452250234582,cardio,intermediate
4836,27,Female,154.8257210682478,78.49586189265699,cardio,advanced
4837,42,Female,156.8811663203425,48.594579957486246,cardio,intermediate
4838,26,Male,168.92504970800115,83.98635353827837,muscle_gain,beginner
4839,40,Female,173.979347453342,45.49668045726128,weight_loss,beginner
4840,50,Female,158.01934753821385,82.27627922921256,weight_loss,beginner
4841,65,Female,147.06810988600049,67.58733251235083,muscle_gain,intermediate
4842,68,Female,162.41468232811732,105.4978298629915,weight_loss,beginner
4843,54,Female,165.31450353104043,92.84396536219484,muscle_gain,intermediate
4844,71,Male,168.3471033323001,43.539321480657165,cardio,beginner
4845,70,Male,165.983702212116,93.57172282615906,muscle_gain,beginner
4846,70,Female,158.09896135119604,81.61125292071011,cardio,advanced
4847,74,Male,147.05623856039026,64.95908245527535,muscle_gain,beginner
4848,33,Female,158.08946108011045,59.90555256488281,weight_loss,intermediate
4849,46,Female,170.4565672241911,84.47550611392984,cardio,beginner
4850,57,Male,175.01156422899174,95.06573756663249,weight_loss,intermediate
4851,74,Male,164.20560919171817,55.8593183690193,cardio,advanced
4852,58,Male,160.47199838105894,61.180984773585884,muscle_gain,beginner
4853,72,Male,164.470618745667,62.5599170414026,weight_loss,advanced
4854,24,Female,168.94530443735988,73.34615903374704,weight_loss,intermediate
4855,62,Female,149.6596926672621,53.06626823391363,muscle_gain,beginner
4856,54,Female,174.2976900710503,85.55149975245973,weight_loss,advanced
4857,43,Female,165.48743314266352,72.21662781289741,muscle_gain,intermediate
4858,56,Female,152.65989717015333,76.70060192928575,muscle_gain,beginner
4859,69,Male,174.21404300804556,61.99233847682721,weight_loss,beginner
4860,18,Female,155.79087678136474,74.07871196888497,cardio,intermediate
4861,60,Female,169.51469427891513,80.39823395037334,weight_loss,advanced
4862,32,Male,177.79695982765435,55.64619174466677,weight_loss,advanced
4863,42,Male,169.3620576284765,76.51585685551386,muscle_gain,intermediate
4864,55,Male,181.21226854585424,60.17298472726494,muscle_gain,intermediate
4865,70,Male,156.82735993855016,82.72579748905306,cardio,intermediate
4866,24,Male,164.39320034065298,80.1554695791493,cardio,advanced
4867,71,Female,143.42774046765757,40.0,muscle_gain,intermediate
4868,26,Male,189.86583883116384,63.97481555781048,muscle_gain,beginner
4869,59,Male,172.88034982959928,88.98967804174546,weight_loss,beginner
4870,63,Female,163.39730708815654,81.03949613548242,weight_loss,beginner
4871,64,Female,158.61369595267442,69.98513040571922,cardio,intermediate
4872,23,Female,169.8289927990128,71.95317265179648,weight_loss,advanced
4873,15,Male,151.65556589526037,63.03796869981795,muscle_gain,advanced
4874,45,Female,178.87642763187452,78.19515803714289,muscle_gain,advanced
4875,31,Female,184.27863205882866,46.02627081833322,cardio,intermediate
4876,27,Female,157.81596409742087,78.41593975480627,muscle_gain,beginner
4877,35,Female,165.48054099411198,69.72310614680093,muscle_gain,intermediate
4878,17,Female,144.0883420384955,58.70903996198342,muscle_gain,intermediate
4879,16,Female,170.7306103112814,72.74336084263416,weight_loss,intermediate
4880,56,Female,153.2895121521829,42.13173119064356,cardio,beginner
4881,40,Female,170.3165346990295,45.22676859947545,muscle_gain,advanced
4882,72,Female,186.45656328489093,72.26067222509901,muscle_gain,intermediate
4883,35,Male,177.91050173217022,57.99961431682602,muscle_gain,beginner
4884,53,Female,156.82914362424142,40.0,muscle_gain,beginner
4885,72,Female,180.31014840990687,79.25686835131776,weight_loss,intermediate
4886,41,Female,157.15662599033126,83.18469742886776,muscle_gain,beginner
4887,20,Male,147.83266019141288,54.988128033749575,muscle_gain,advanced
4888,21,Male,174.20602354638993,69.60480759214576,weight_loss,beginner
4889,65,Male,158.20008734492552,64.32415427013208,muscle_gain,beginner
4890,33,Male,165.2105660476237,103.49654322677307,cardio,beginner
4891,64,Male,163.84919066924607,75.74528196010183,weight_loss,intermediate
4892,65,Male,160.57424266927453,76.08908080334744,weight_loss,beginner
4893,58,Female,179.9243910650317,63.216872132402585,cardio,advanced
4894,56,Male,166.6433238303622,62.99190354662997,cardio,beginner
4895,35,Male,167.38830094998895,56.446290809492595,cardio,advanced
4896,19,Female,183.76646761716668,93.52469397251056,muscle_gain,advanced
4897,28,Female,177.9730051507837,54.86387811985266,weight_loss,advanced
4898,66,Male,163.87594413194498,52.762071738594756,weight_loss,advanced
4899,16,Male,165.17649164630427,93.42208793709342,cardio,beginner
4900,42,Male,171.76112917657102,67.24534609136025,cardio,beginner
4901,74,Male,181.14748200745666,101.28702939662531,weight_loss,intermediate
4902,58,Male,169.49308831737773,75.41785812635732,muscle_gain,intermediate
4903,68,Male,156.23754437748462,102.34950191627232,weight_loss,beginner
4904,60,Female,162.7415441917905,78.37853517376793,weight_loss,intermediate
4905,70,Female,165.22263873357446,63.557614207640675,weight_loss,advanced
4906,63,Male,163.29497087708677,84.35932597783227,cardio,intermediate
4907,44,Female,152.47619484330187,93.39744571016342,weight_loss,advanced
4908,53,Female,169.5260567332413,71.38823738006411,muscle_gain,advanced
4909,31,Male,165.54852366286997,42.17559443790084,muscle_gain,intermediate
4910,73,Male,163.92154580907186,105.95601278326949,cardio,intermediate
4911,73,Male,159.845582125951,90.4807021996695,muscle_gain,beginner
4912,73,Male,167.944513418416,100.66134734072105,weight_loss,beginner
4913,32,Male,156.25404066320172,77.31148202805808,cardio,advanced
4914,60,Female,171.38523978998552,77.89825762904589,cardio,advanced
4915,23,Female,168.15250205348707,72.33078417791995,cardio,beginner
4916,57,Male,154.61451032029117,89.71670601355532,cardio,intermediate
4917,52,Male,162.91463311586074,77.24211463317113,cardio,beginner
4918,44,Male,176.8882896545364,60.55835237576783,weight_loss,advanced
4919,50,Male,158.20441813189558,72.59459635552308,muscle_gain,advanced
4920,43,Male,140.14184021406092,83.37494915548103,muscle_gain,beginner
4921,32,Female,165.56992933828232,52.61031518242085,muscle_gain,advanced
4922,29,Male,169.49850252345001,42.82153185517216,cardio,advanced
4923,67,Male,159.22849706769355,50.20194336620707,muscle_gain,intermediate
4924,36,Female,157.13805705159217,74.64609793106175,cardio,beginner
4925,58,Female,162.1364735785183,62.45865734378084,weight_loss,advanced
4926,63,Female,157.76525619672557,80.12493647705367,weight_loss,advanced
4927,15,Male,171.00272506850476,70.10100060290912,cardio,advanced
4928,50,Male,189.99378762982823,51.6687703275628,weight_loss,advanced
4929,34,Female,162.31928715653083,64.17164258206898,muscle_gain,beginner
4930,37,Male,167.74850177422172,86.47448733853496,cardio,beginner
4931,36,Female,164.18351292229391,103.76797912040051,muscle_gain,intermediate
4932,39,Female,177.7352594285161,70.55979766598276,weight_loss,advanced
4933,55,Male,148.77218422277318,66.66641488987659,cardio,beginner
4934,63,Female,179.78285793788547,63.0269333070484,cardio,intermediate
4935,48,Female,159.65541774920047,51.95444237727473,weight_loss,beginner
4936,67,Female,172.228048669928,84.01584087887527,cardio,beginner
4937,30,Male,148.4891946592354,43.274866079889335,muscle_gain,intermediate
4938,43,Male,179.54698110768675,76.74525483561855,muscle_gain,beginner
4939,33,Male,181.18960772499392,55.75278349373708,muscle_gain,intermediate
4940,65,Female,174.85792019078863,45.83816311950713,muscle_gain,beginner
4941,42,Male,140.79230198267484,88.79296183986101,weight_loss,beginner
4942,73,Female,174.29310204251553,91.3323083567067,weight_loss,beginner
4943,62,Male,179.31530313113817,92.17681830721483,muscle_gain,advanced
4944,53,Male,163.91055889580986,64.01346629996775,muscle_gain,beginner
4945,66,Male,162.86491306257463,84.36085628851536,cardio,beginner
4946,17,Female,177.86363742376133,57.40488681605521,cardio,advanced
4947,39,Male,166.88739698275754,46.616349259199126,weight_loss,beginner
4948,47,Female,163.10694060270308,79.33717700954998,cardio,beginner
4949,62,Female,161.1293100248042,81.25211334416053,cardio,intermediate
4950,40,Female,158.45679162993443,44.38343274128981,cardio,advanced
4951,69,Female,160.18409084913344,53.79336530432508,muscle_gain,advanced
4952,29,Male,178.65661436667986,66.23798473288453,muscle_gain,intermediate
4953,40,Male,163.01760391571668,73.7138789580186,cardio,beginner
4954,46,Female,169.49055674845445,89.98693306355202,weight_loss,intermediate
4955,29,Female,174.5628630163203,78.59296318672156,muscle_gain,beginner
4956,74,Female,165.5674866222741,58.57129973388709,cardio,intermediate
4957,23,Male,153.20688464184474,78.38735449444422,muscle_gain,beginner
4958,37,Male,157.0906603351486,75.23783727531622,cardio,beginner
4959,25,Male,155.72700652026765,73.8451398444489,cardio,beginner
4960,27,Female,174.43315122078587,65.10422405626237,cardio,beginner
4961,74,Male,165.09060265004226,92.97613457317182,weight_loss,intermediate
4962,53,Female,173.31861369250174,60.18562865448151,weight_loss,intermediate
4963,36,Female,172.13786165556485,89.25589041185863,muscle_gain,intermediate
4964,29,Male,151.76717415421555,91.04707873707699,muscle_gain,beginner
4965,51,Female,150.71474504188944,67.48865605578297,weight_loss,intermediate
4966,37,Female,163.00619607008022,75.70053857043207,muscle_gain,beginner
4967,28,Female,160.6822657037961,79.47031955254137,muscle_gain,advanced
4968,50,Male,145.34882609029057,71.17802475046122,weight_loss,beginner
4969,71,Female,162.85745840568725,100.42305444324202,cardio,advanced
4970,35,Male,163.60096353638468,75.60731119348594,muscle_gain,intermediate
4971,35,Female,153.93667132375796,77.22586886623125,weight_loss,beginner
4972,44,Female,167.3649469717648,66.0421219791938,cardio,beginner
4973,56,Male,168.9534786710083,65.55226970484729,cardio,beginner
4974,56,Male,157.8272416752251,74.94866880298484,weight_loss,intermediate
4975,73,Female,158.690666608521,75.58349802030529,weight_loss,beginner
4976,39,Female,174.85977581902648,66.78963287838009,cardio,advanced
4977,27,Male,172.39625800842268,78.34455563346445,muscle_gain,intermediate
4978,64,Male,188.81790074669908,76.27958499264045,muscle_gain,beginner
4979,20,Male,165.75732737900933,69.0353368624378,weight_loss,intermediate
4980,43,Male,181.25458511477765,55.4042220501902,muscle_gain,advanced
4981,28,Male,171.93849453502958,81.75097599549737,muscle_gain,intermediate
4982,15,Female,168.24148004227567,58.99464467844773,weight_loss,beginner
4983,38,Female,180.0360869409715,101.45700627129239,cardio,intermediate
4984,51,Female,178.27226948070967,70.73881285450136,cardio,advanced
4985,69,Male,169.63643686129285,100.71472198023356,cardio,intermediate
4986,42,Male,179.9343681638849,59.72012525922091,muscle_gain,beginner
4987,61,Female,179.94691068673797,95.88369726062508,weight_loss,beginner
4988,32,Female,146.13462970575466,68.13221735117156,muscle_gain,intermediate
4989,74,Female,181.3134933809597,77.87842514784977,muscle_gain,advanced
4990,37,Male,163.86179763428103,64.20951339204606,muscle_gain,beginner
4991,24,Male,174.42983441826615,65.26423535907875,muscle_gain,beginner
4992,20,Female,162.2112958109098,83.12910884504547,cardio,intermediate
4993,33,Male,165.6472081128534,94.31991935572637,weight_loss,advanced
4994,49,Female,160.34635428521335,40.0,cardio,beginner
4995,57,Female,158.26177456280766,49.61710613435494,muscle_gain,advanced
4996,49,Female,161.64282785725953,65.69624292273194,muscle_gain,beginner
4997,52,Female,148.12655620027937,72.0617556607496,cardio,intermediate
4998,67,Female,166.18231080245147,57.46221272654542,muscle_gain,advanced
4999,52,Female,174.56119627444565,57.638339361938264,weight_loss,beginner
5000,50,Female,155.6502825411476,85.35431069281782,weight_loss,intermediate
