age,height,weight,bmi,gender,activity_level,heart_rate,steps,calories_burned,sleep_hours,water_intake,workout_type,max_bpm,avg_bpm,resting_bpm,session_duration,fat_percentage,workout_frequency,experience_level
56,1.73,48.9,16.34,Male,low,125,4304,408.1,6.2,2.79,None,137,88,67,0.57,20.3,4,1
46,2.0,67.6,16.9,Male,moderate,166,2824,629.6,8.2,2.13,None,159,113,82,1.42,27.0,3,1
32,1.92,87.7,23.79,Female,low,87,13752,232.8,5.3,3.14,Cardio,185,86,73,1.0,19.8,5,2
60,1.87,91.4,26.14,Female,high,119,8776,317.5,8.8,1.44,Strength,184,123,57,1.52,14.5,1,2
25,1.94,50.3,13.36,Female,low,175,1290,608.7,8.5,1.97,None,143,158,57,0.63,31.7,3,3
38,1.82,94.8,28.62,Female,moderate,147,9849,655.1,7.5,1.74,Yoga,172,92,84,1.33,14.6,2,1
56,1.92,84.6,22.95,Male,high,126,6256,574.2,8.6,3.49,Yoga,161,75,55,1.78,10.7,5,1
36,1.63,107.1,40.31,Female,moderate,69,8535,693.3,7.1,3.25,Cardio,172,78,57,1.24,14.9,5,1
40,1.55,61.7,25.68,Male,moderate,93,4597,755.0,4.1,2.32,Yoga,181,86,70,0.63,21.4,1,3
28,1.81,59.6,18.19,Male,low,142,12176,317.9,5.3,2.06,None,181,100,75,0.56,20.6,5,3
28,1.72,104.5,35.32,Female,high,60,12385,661.7,4.4,3.5,Strength,187,106,62,1.43,29.9,3,1
41,1.71,97.8,33.45,Male,low,161,7868,593.8,4.3,1.52,None,154,153,77,0.6,14.9,1,1
53,1.76,104.4,33.7,Male,high,96,12709,282.3,6.4,2.02,Yoga,176,126,70,0.61,29.4,3,2
57,1.68,103.6,36.71,Male,high,127,11814,360.0,8.9,2.78,Yoga,180,89,82,1.14,12.4,3,2
41,1.81,52.8,16.12,Male,moderate,130,11428,493.8,6.0,2.76,None,131,82,67,0.81,21.8,6,3
20,1.52,65.9,28.52,Female,moderate,126,11604,804.6,8.8,2.44,Cardio,168,104,67,0.81,31.6,2,1
39,1.98,64.5,16.45,Female,moderate,137,4228,351.9,8.5,3.38,None,141,128,65,1.22,20.3,5,2
19,1.96,115.1,29.96,Male,high,117,14242,328.0,4.9,1.62,Cardio,187,141,58,0.92,34.1,2,2
41,1.97,81.6,21.03,Female,high,75,6793,704.7,8.4,2.42,Yoga,190,144,58,0.83,25.8,6,1
61,1.68,53.3,18.88,Male,high,151,14606,883.1,5.3,3.03,Strength,142,82,69,1.27,28.9,4,1
47,1.77,66.7,21.29,Female,low,123,12565,513.1,4.3,1.58,Strength,126,137,82,0.94,22.7,4,2
55,1.98,110.4,28.16,Female,high,87,8993,445.1,4.6,3.18,None,141,91,58,0.62,20.7,2,1
19,1.95,108.5,28.53,Female,moderate,129,1576,377.8,6.6,2.6,Cardio,159,90,62,1.52,12.1,4,1
38,1.9,112.5,31.16,Female,moderate,87,14081,234.8,7.1,1.95,Yoga,138,119,78,1.38,13.0,4,3
50,1.7,74.1,25.64,Female,moderate,77,3963,324.9,4.1,2.62,Strength,172,142,56,0.82,24.3,6,2
29,1.78,93.1,29.38,Male,high,141,7343,265.4,7.5,3.32,None,149,84,69,1.37,25.3,2,2
39,1.9,65.9,18.25,Female,moderate,102,6436,545.9,4.4,3.47,None,145,154,77,1.93,34.6,6,3
61,1.64,58.6,21.79,Male,low,138,3611,884.7,7.3,1.7,Yoga,160,93,82,1.93,31.4,2,3
42,1.81,46.6,14.22,Male,moderate,73,9139,751.2,4.3,3.27,Yoga,141,113,81,1.3,31.1,2,2
44,1.91,61.8,16.94,Female,high,81,1111,621.2,5.5,1.1,None,180,124,68,0.65,17.2,4,2
59,1.85,90.3,26.38,Male,moderate,73,4504,540.6,8.4,1.02,None,192,151,82,1.19,20.3,5,1
45,1.74,112.8,37.26,Female,low,78,12291,632.0,8.8,2.5,None,165,134,75,0.54,12.6,6,1
33,1.79,55.0,17.17,Male,high,153,8922,463.2,4.3,2.2,Cardio,177,142,56,1.12,24.5,3,2
32,1.99,113.9,28.76,Male,moderate,78,13503,324.9,8.1,2.17,Yoga,148,106,83,1.86,11.7,3,1
64,1.8,70.9,21.88,Female,low,98,12190,612.8,7.0,1.59,None,172,156,57,1.2,21.2,5,1
61,1.89,77.0,21.56,Female,high,92,5453,569.7,8.7,2.49,Yoga,137,154,65,1.33,24.2,2,1
20,1.86,72.4,20.93,Female,high,97,7774,861.2,5.9,1.04,None,150,138,61,0.74,15.7,1,3
54,1.85,75.6,22.09,Female,moderate,91,7699,654.9,7.4,2.08,None,151,154,70,0.52,29.4,1,2
24,1.86,64.4,18.61,Male,moderate,73,9364,741.4,4.4,1.92,None,128,98,76,1.99,26.9,2,2
38,1.73,97.4,32.54,Female,moderate,157,4053,264.9,5.5,1.48,Yoga,156,102,76,1.01,13.7,3,2
26,1.74,101.9,33.66,Male,moderate,82,7216,732.7,6.3,2.28,None,127,97,82,0.92,34.6,1,1
56,1.73,106.7,35.65,Male,moderate,157,2474,888.0,6.2,2.73,None,143,137,61,1.36,23.6,5,1
35,1.52,70.6,30.56,Male,low,142,10402,660.2,7.9,3.03,Yoga,187,130,76,1.62,10.7,1,3
21,1.62,102.3,38.98,Male,moderate,148,13477,719.5,4.5,2.16,None,171,159,65,0.88,18.8,5,3
42,1.58,92.8,37.17,Male,high,85,7695,885.7,4.3,1.6,Strength,165,147,56,1.29,34.5,1,2
31,1.94,116.8,31.03,Male,high,145,14216,473.9,4.4,1.52,Strength,136,140,62,1.0,32.6,3,3
26,1.64,76.9,28.59,Female,high,134,7979,776.9,4.0,2.45,None,140,112,61,1.22,13.8,2,3
43,1.57,119.4,48.44,Male,high,109,11412,479.8,5.5,1.97,Cardio,167,102,60,0.74,31.4,6,1
19,1.56,100.5,41.3,Male,moderate,154,11823,498.1,8.6,1.79,Yoga,128,100,70,1.27,25.5,1,2
37,1.85,103.2,30.15,Male,moderate,164,1411,660.8,7.5,2.31,None,188,134,75,0.57,10.5,6,2
45,1.5,46.9,20.84,Female,low,128,1932,379.5,5.7,2.39,Yoga,124,134,65,1.76,28.9,1,3
64,1.74,82.3,27.18,Female,low,177,1491,894.9,5.0,1.58,Cardio,125,129,76,1.44,20.3,6,1
24,1.56,84.6,34.76,Male,low,167,6967,430.5,7.6,1.95,Cardio,191,99,84,1.91,19.9,6,3
61,1.92,48.0,13.02,Female,low,154,3679,286.0,7.5,2.77,Yoga,167,95,57,1.4,19.6,6,3
25,1.98,68.4,17.45,Male,low,114,9470,425.8,7.0,1.97,Cardio,165,99,72,0.77,24.9,2,2
64,1.98,116.7,29.77,Female,high,126,11563,799.2,8.4,2.11,Cardio,198,132,63,1.23,27.9,5,1
52,1.72,77.0,26.03,Male,moderate,79,9135,419.7,7.1,2.6,Yoga,192,112,71,1.5,26.2,6,3
31,1.82,59.0,17.81,Female,high,115,10618,627.9,5.8,1.48,Cardio,182,120,56,1.06,16.0,1,3
34,1.8,83.5,25.77,Female,low,74,14088,854.7,7.7,3.17,Strength,122,149,81,1.33,27.7,4,1
53,1.68,47.5,16.83,Female,moderate,118,5324,382.0,5.2,1.85,None,150,78,64,0.74,13.4,5,3
57,1.72,83.7,28.29,Male,low,116,4019,292.0,7.1,2.72,Strength,126,93,64,1.67,34.3,5,2
21,1.53,89.6,38.28,Male,low,90,5174,267.8,4.2,1.74,Strength,135,136,71,1.86,21.8,5,3
19,1.9,71.8,19.89,Male,moderate,128,6306,508.3,6.1,2.62,None,134,98,62,0.97,12.3,6,2
23,1.62,102.2,38.94,Female,moderate,73,7598,273.0,4.4,1.69,Strength,126,129,74,1.69,24.4,6,2
59,1.73,55.2,18.44,Female,high,81,8518,517.7,8.8,2.87,None,157,99,60,0.64,24.4,4,2
21,1.74,110.9,36.63,Male,high,106,10232,803.9,4.7,1.26,None,127,146,65,0.87,11.0,4,2
46,1.78,116.7,36.83,Female,moderate,142,5085,744.2,5.5,1.77,Yoga,175,158,59,1.19,10.3,3,2
35,1.91,45.1,12.36,Male,low,165,5374,607.2,5.3,2.42,None,199,139,78,1.08,34.9,3,2
43,1.85,108.2,31.61,Male,moderate,165,7358,795.3,5.6,2.58,None,120,142,64,1.43,19.8,3,3
61,1.83,83.0,24.78,Male,high,101,14921,270.2,6.2,1.35,Cardio,138,86,77,1.34,16.1,2,1
51,1.76,79.6,25.7,Male,moderate,130,10154,626.6,5.3,1.8,Cardio,197,99,55,0.63,23.7,6,3
27,1.55,62.9,26.18,Female,low,179,9442,280.9,5.9,1.25,Strength,138,95,62,0.7,10.2,4,1
53,1.7,78.5,27.16,Female,low,177,12180,537.5,5.3,3.09,None,123,93,58,0.58,10.3,2,3
31,1.98,116.3,29.67,Female,high,120,10508,524.4,8.9,3.46,None,183,144,61,1.93,12.8,2,1
48,2.0,60.8,15.2,Male,moderate,64,2567,385.6,5.4,1.71,Yoga,121,126,73,1.47,30.1,4,3
32,1.87,58.4,16.7,Female,high,83,14701,780.9,5.5,2.21,None,195,128,69,1.78,16.2,4,2
25,1.61,63.1,24.34,Male,moderate,73,9563,359.8,5.9,2.27,Yoga,142,109,56,1.31,22.6,3,1
31,1.55,86.4,35.96,Male,high,141,13760,586.3,7.1,1.41,None,175,77,71,0.79,15.6,1,3
40,1.71,114.8,39.26,Male,low,107,8669,537.6,8.9,2.67,Cardio,170,107,80,1.44,23.6,6,2
57,1.93,88.0,23.62,Male,low,74,6049,502.2,6.9,2.29,Cardio,150,147,75,1.26,22.7,2,3
38,1.86,63.3,18.3,Male,moderate,87,10331,223.5,8.9,2.28,Cardio,177,81,70,1.11,20.0,4,1
33,1.94,78.0,20.72,Male,moderate,92,2510,687.7,5.7,1.15,Strength,155,101,81,1.06,20.8,4,3
62,1.81,74.3,22.68,Female,high,159,13351,208.9,8.6,1.2,None,131,75,68,1.48,26.3,6,3
35,1.57,48.5,19.68,Female,high,106,11057,774.4,5.9,3.41,Cardio,154,114,57,1.43,31.1,3,2
64,1.56,83.3,34.23,Female,high,110,13860,386.5,7.1,3.35,Yoga,199,92,81,0.73,18.0,3,2
41,1.52,54.5,23.59,Female,high,144,12187,284.0,4.3,1.05,Cardio,123,109,73,1.72,23.3,2,2
43,1.78,108.2,34.15,Male,high,115,3889,491.9,4.0,2.35,None,147,155,62,1.45,31.4,1,1
42,1.62,86.2,32.85,Male,low,140,4150,591.6,5.1,1.16,Cardio,152,113,71,1.3,14.2,1,2
62,1.87,108.3,30.97,Female,low,125,9884,417.3,4.2,2.98,None,193,85,83,1.62,34.5,5,1
58,1.84,116.7,34.47,Female,low,113,9155,285.2,6.1,1.12,None,150,119,72,0.73,28.8,5,2
46,1.66,115.7,41.99,Female,high,60,12848,212.8,6.2,2.37,Cardio,197,149,55,1.88,19.2,3,2
32,1.59,52.5,20.77,Female,high,72,5769,692.7,8.8,2.55,Yoga,124,77,61,0.91,19.4,6,2
62,1.55,115.9,48.24,Female,low,139,1499,820.5,4.9,1.24,Strength,129,151,58,0.89,15.1,6,2
18,1.87,104.7,29.94,Female,low,114,12396,270.4,6.3,2.49,None,144,126,57,1.72,16.7,2,1
42,1.73,103.3,34.52,Female,high,160,12354,361.4,5.5,3.35,Strength,160,134,73,1.0,24.7,5,1
24,1.66,51.8,18.8,Female,high,138,12710,214.2,4.3,1.24,Cardio,136,132,64,1.75,10.1,2,1
26,1.93,58.5,15.71,Male,low,162,4480,819.5,4.5,2.71,None,180,128,81,0.99,10.6,1,2
41,1.8,118.1,36.45,Male,low,103,6852,511.3,8.4,1.68,None,179,108,57,1.33,34.7,3,2
18,1.76,61.0,19.69,Male,high,143,7879,847.6,6.0,1.68,Cardio,152,102,56,0.85,15.9,2,2
61,1.87,57.7,16.5,Male,moderate,113,3109,527.7,7.8,2.36,Strength,128,135,59,1.6,30.7,6,1
25,1.91,72.2,19.79,Female,high,173,5977,803.5,6.2,3.32,Yoga,169,140,71,0.75,25.3,1,3
41,1.84,113.5,33.52,Male,moderate,137,7141,866.2,8.6,1.58,Cardio,150,140,59,1.85,21.1,1,3
28,1.72,80.7,27.28,Female,high,126,3897,434.6,7.5,3.48,Cardio,124,111,80,1.06,28.3,2,3
34,1.69,114.0,39.91,Male,moderate,138,9647,648.5,5.7,1.23,Yoga,165,90,68,1.21,11.3,2,1
25,1.89,70.1,19.62,Female,low,167,5030,666.5,8.3,3.35,Yoga,123,146,70,0.54,28.9,5,3
52,1.76,62.0,20.02,Female,moderate,108,2427,215.0,4.4,1.04,Yoga,150,149,78,1.96,31.4,5,1
52,1.85,82.1,23.99,Male,low,129,5701,506.8,4.4,1.41,Yoga,123,119,77,1.72,17.0,4,1
50,1.95,91.2,23.98,Male,low,68,12775,798.7,6.8,3.44,Cardio,137,89,68,1.17,17.5,6,2
22,1.96,74.4,19.37,Female,moderate,102,3863,862.4,7.7,1.67,Yoga,153,78,84,1.88,12.6,1,2
59,1.64,71.0,26.4,Female,low,168,4849,829.5,7.0,1.02,Strength,167,97,81,1.9,31.4,4,1
56,1.59,61.4,24.29,Female,high,124,7455,881.0,7.3,3.21,Yoga,182,146,73,1.3,30.2,5,3
58,1.63,65.6,24.69,Male,low,161,2597,657.1,5.3,3.28,None,133,154,67,0.85,20.6,1,1
45,1.88,95.5,27.02,Male,moderate,123,14595,363.0,8.4,2.86,None,152,90,66,1.23,19.4,2,1
24,1.69,72.7,25.45,Female,low,168,7099,602.8,8.9,3.35,Yoga,161,127,79,0.99,20.7,1,3
26,1.59,51.0,20.17,Male,high,98,9476,494.8,5.9,1.66,Cardio,151,84,81,1.17,20.5,2,2
25,1.55,55.4,23.06,Female,moderate,154,9729,381.1,6.0,2.61,Cardio,162,108,80,1.87,20.7,3,1
29,1.66,72.9,26.46,Male,low,159,10716,741.0,6.3,2.86,Strength,176,92,70,0.92,13.6,2,2
51,1.57,114.3,46.37,Male,high,96,8568,640.4,5.0,3.43,Cardio,134,127,83,1.76,10.3,1,2
50,1.58,73.4,29.4,Male,low,85,3553,753.1,4.7,3.25,Strength,169,90,77,1.9,29.1,5,2
40,1.84,49.5,14.62,Male,low,93,4373,388.6,7.9,1.15,Strength,190,136,71,1.71,18.6,2,1
41,1.51,76.3,33.46,Male,moderate,145,8853,832.7,7.0,1.85,Strength,182,126,76,1.29,22.3,4,3
54,1.56,95.2,39.12,Female,moderate,95,6063,367.1,4.8,2.54,Yoga,189,131,74,1.35,17.7,3,3
52,1.92,89.5,24.28,Female,low,105,8721,621.3,6.5,3.14,Cardio,128,146,60,1.73,19.5,6,2
61,1.92,65.9,17.88,Male,low,123,2375,239.8,9.0,1.7,None,132,138,68,0.57,11.9,3,2
57,1.66,96.6,35.06,Female,low,140,10646,578.7,6.6,1.02,Strength,137,158,70,1.6,19.3,2,3
39,1.54,92.3,38.92,Female,high,133,14077,269.1,8.6,1.47,None,154,97,57,1.29,21.6,4,2
44,1.85,57.9,16.92,Male,moderate,172,7959,432.6,8.2,2.06,Strength,120,114,75,1.1,30.8,4,3
52,1.68,57.2,20.27,Female,low,85,9991,802.5,4.6,1.15,Cardio,155,88,73,1.65,18.1,1,3
18,1.52,86.0,37.22,Male,moderate,69,11357,825.5,6.0,1.11,Yoga,199,154,61,0.9,12.2,6,1
52,1.58,94.5,37.85,Female,low,134,14553,737.1,6.8,2.0,Strength,186,92,59,1.84,29.0,3,2
54,1.57,117.1,47.51,Female,high,90,5021,457.4,7.2,2.62,Strength,165,110,74,1.53,19.4,2,2
64,1.79,76.6,23.91,Female,high,141,11450,605.1,5.5,2.78,None,156,113,80,1.42,32.9,4,1
31,1.95,102.4,26.93,Female,low,117,12834,356.8,4.0,2.33,Yoga,191,115,77,1.28,34.0,2,3
20,1.9,53.7,14.88,Female,high,87,13816,674.8,5.5,2.09,Cardio,148,75,77,0.82,31.8,1,2
18,1.77,111.7,35.65,Female,low,94,6572,443.2,6.8,1.05,Strength,163,155,64,1.43,15.7,2,1
22,1.71,92.5,31.63,Female,low,172,14795,354.7,5.8,1.66,Cardio,187,145,63,1.59,16.3,2,3
43,1.81,92.2,28.14,Male,moderate,142,1165,609.5,5.9,2.67,Yoga,195,158,57,0.52,29.9,6,1
31,1.72,55.7,18.83,Male,moderate,177,5442,278.3,8.2,2.12,None,196,116,81,1.05,21.2,4,1
56,1.62,48.0,18.29,Male,moderate,116,4973,680.7,6.1,1.66,Yoga,133,98,81,1.75,17.4,6,1
44,1.84,97.6,28.83,Male,low,136,8156,330.9,8.8,1.57,Yoga,197,139,64,1.45,17.3,4,1
26,1.94,53.8,14.29,Female,moderate,79,9328,587.4,4.8,1.04,Yoga,170,92,70,1.42,24.4,4,3
32,1.69,54.5,19.08,Female,low,95,7209,474.8,4.5,3.06,Yoga,193,88,78,0.84,32.4,5,1
32,1.92,59.1,16.03,Female,moderate,122,3023,596.4,5.1,3.2,Cardio,128,93,77,1.45,25.5,1,3
43,1.72,52.3,17.68,Male,low,129,4987,372.2,4.4,1.91,Cardio,188,156,63,1.68,25.5,4,1
59,1.7,91.9,31.8,Male,low,103,14680,417.3,5.2,2.75,None,153,81,56,1.1,28.7,5,1
30,1.51,76.7,33.64,Male,low,72,8298,298.2,6.7,1.16,Strength,184,138,60,0.77,29.0,1,2
49,1.85,65.0,18.99,Female,high,92,3017,743.9,5.3,3.22,Strength,146,76,59,0.62,32.7,6,2
56,1.9,78.1,21.63,Male,high,174,6692,249.1,8.1,3.27,Yoga,159,81,57,1.26,14.1,1,2
49,1.83,108.3,32.34,Female,low,109,2629,463.5,5.8,1.39,Yoga,127,102,61,1.53,34.6,3,2
21,1.58,114.5,45.87,Male,low,104,11265,514.4,6.0,2.95,Cardio,125,155,69,0.74,18.2,4,1
47,1.55,81.6,33.96,Female,moderate,114,12490,336.6,4.4,2.18,Strength,172,104,75,1.13,17.0,3,1
54,1.79,87.5,27.31,Male,moderate,109,4179,469.4,5.4,2.7,None,124,159,60,1.35,22.7,5,3
40,1.7,64.3,22.25,Female,high,143,6564,492.7,4.6,2.19,Yoga,173,147,58,0.73,16.6,5,1
56,1.71,83.5,28.56,Male,low,111,9704,357.0,5.2,1.2,Cardio,137,110,77,0.9,15.8,5,3
62,1.98,101.1,25.79,Male,high,106,14458,647.5,7.3,3.1,Yoga,190,96,83,1.41,34.2,6,1
32,1.86,81.9,23.67,Female,low,102,13922,221.6,5.9,1.21,Yoga,155,153,67,1.59,12.6,2,1
60,1.71,67.7,23.15,Female,high,146,2500,338.3,4.1,1.9,Cardio,173,152,77,1.45,34.7,1,3
46,1.51,88.7,38.9,Male,low,69,9505,636.9,5.3,3.46,Strength,153,101,59,1.57,25.6,2,2
53,1.52,116.0,50.21,Female,moderate,165,3747,639.3,8.4,2.07,Strength,151,156,69,1.37,34.0,6,1
30,1.84,111.6,32.96,Male,moderate,137,3905,385.7,5.9,3.05,Yoga,170,84,61,1.75,32.4,4,2
49,1.92,102.7,27.86,Female,low,173,5148,678.1,6.8,1.42,Strength,122,96,61,1.74,26.2,6,3
24,1.85,65.7,19.2,Male,low,107,11838,528.9,6.4,3.08,Cardio,184,97,64,1.69,24.7,3,1
39,1.7,63.1,21.83,Female,high,127,5836,569.1,8.9,2.15,Strength,132,126,67,1.36,34.8,2,3
45,1.52,107.9,46.7,Male,high,137,13818,432.8,5.4,2.27,Yoga,127,116,78,1.99,22.9,5,1
19,1.98,58.6,14.95,Male,low,174,7054,889.0,7.5,3.42,Yoga,163,115,84,0.56,14.5,6,3
59,1.99,90.4,22.83,Male,moderate,164,10695,716.2,7.0,3.22,Cardio,149,122,65,0.79,34.8,3,3
62,1.77,77.9,24.87,Female,low,176,9603,373.9,7.1,1.87,Yoga,127,143,55,1.71,18.1,6,2
23,1.54,80.1,33.77,Male,low,114,1386,365.6,8.0,3.37,Strength,177,125,74,1.74,12.2,5,2
45,1.77,79.1,25.25,Female,moderate,101,14586,741.9,4.8,1.26,Cardio,127,75,65,1.73,27.9,1,2
45,1.95,112.5,29.59,Female,moderate,154,11007,471.6,8.2,1.07,Yoga,180,130,55,1.81,21.2,5,1
61,1.84,51.5,15.21,Female,high,151,9887,264.1,4.5,2.33,Cardio,198,145,57,1.13,19.7,5,3
61,1.86,103.7,29.97,Male,high,90,9538,224.9,7.3,2.92,Cardio,172,98,62,1.9,25.8,1,2
37,1.54,107.6,45.37,Female,moderate,89,6511,489.8,5.0,1.55,Strength,190,89,67,0.81,11.3,4,1
47,1.55,115.7,48.16,Female,low,129,9656,490.3,7.2,1.2,Strength,195,149,82,1.91,27.5,4,2
28,1.56,78.9,32.42,Female,moderate,163,11462,694.8,4.6,3.11,None,155,118,61,1.34,22.6,2,1
45,1.95,82.5,21.7,Male,moderate,168,13210,602.3,7.5,3.47,Cardio,193,155,57,0.75,22.3,1,3
42,1.76,117.1,37.8,Female,low,66,13091,739.1,5.6,2.74,Strength,181,123,74,1.6,32.5,4,3
56,1.9,79.4,21.99,Female,low,91,10425,422.4,7.3,3.44,Yoga,138,123,56,0.94,30.8,6,3
50,1.56,82.8,34.02,Female,moderate,101,14372,637.0,6.7,3.08,None,137,142,72,0.83,23.3,1,1
18,1.96,69.9,18.2,Female,low,85,13117,820.0,5.1,1.63,None,163,148,59,0.76,24.5,3,3
44,1.91,47.4,12.99,Male,high,71,3758,248.5,6.7,1.27,Yoga,139,111,83,0.54,30.2,4,1
30,1.61,77.5,29.9,Male,moderate,73,4738,695.9,4.8,3.02,Strength,121,148,72,1.65,20.3,5,1
58,1.94,94.1,25.0,Female,high,100,1548,701.1,9.0,2.65,Cardio,149,116,70,1.23,26.8,2,1
20,1.63,96.7,36.4,Female,low,102,14874,755.8,7.0,3.03,None,170,133,81,1.97,23.5,6,3
56,1.6,45.5,17.77,Female,high,89,7352,388.3,6.6,2.8,Yoga,163,149,61,1.16,22.5,4,3
23,1.63,105.1,39.56,Female,high,68,4568,491.6,8.6,2.26,Yoga,166,84,55,1.77,34.6,6,3
25,1.95,81.9,21.54,Male,high,137,4362,367.8,5.5,3.35,Yoga,162,127,63,1.95,10.4,4,1
44,1.96,84.1,21.89,Male,moderate,79,10516,416.0,5.1,2.88,Yoga,130,116,69,0.53,20.4,3,3
26,1.66,117.1,42.5,Male,moderate,175,8426,878.0,7.2,1.02,None,161,82,80,0.66,33.3,1,1
54,1.85,66.3,19.37,Male,low,127,9385,512.0,8.5,2.76,Cardio,138,149,55,1.02,33.2,6,3
50,1.84,102.1,30.16,Female,low,84,4074,794.0,7.2,2.36,Strength,122,158,81,1.81,28.7,5,1
59,1.9,88.1,24.4,Female,high,177,7356,756.4,4.1,1.35,Yoga,123,98,71,1.76,24.8,6,2
61,1.65,97.6,35.85,Male,moderate,62,8162,511.2,8.3,2.09,Yoga,157,125,84,1.05,27.3,5,3
41,1.76,76.3,24.63,Male,high,96,1548,894.5,5.5,2.31,Cardio,192,145,63,0.8,16.3,3,3
32,1.83,65.9,19.68,Female,moderate,87,1266,788.5,8.3,2.17,Cardio,191,134,77,1.7,22.2,1,1
49,1.51,86.0,37.72,Female,moderate,133,9954,537.9,8.9,2.09,Strength,153,95,84,1.4,23.4,2,1
49,1.69,73.1,25.59,Female,low,119,10856,416.8,7.3,2.58,None,170,127,69,0.55,11.6,1,1
41,1.85,61.7,18.03,Female,moderate,133,12003,252.7,5.4,2.65,Cardio,150,80,64,1.71,31.7,5,2
58,1.63,107.9,40.61,Female,moderate,119,6266,525.4,5.1,2.74,None,156,105,82,1.94,21.4,2,3
29,1.98,80.7,20.58,Male,low,167,13116,452.0,7.5,2.9,None,163,86,74,0.56,32.5,5,1
56,1.52,108.5,46.96,Male,low,79,6171,698.0,4.3,3.08,Yoga,178,87,57,0.93,19.7,6,2
19,1.98,80.6,20.56,Female,low,139,9475,213.8,7.3,2.44,None,137,123,82,1.73,20.2,4,2
20,1.61,86.8,33.49,Female,low,128,1593,782.0,5.5,1.18,Yoga,144,105,59,1.38,16.1,5,1
54,1.52,119.6,51.77,Male,moderate,179,9137,491.6,4.0,1.91,Yoga,129,83,56,1.98,26.1,6,3
34,1.65,116.4,42.75,Female,moderate,67,9298,528.8,7.2,1.01,Strength,188,101,76,1.87,23.7,3,1
19,1.89,65.4,18.31,Male,moderate,136,6412,328.0,6.9,2.49,None,198,127,60,0.77,32.8,4,1
19,1.88,110.1,31.15,Male,moderate,145,3194,856.2,6.6,3.44,Cardio,144,155,70,1.51,20.7,1,1
45,1.6,74.3,29.02,Male,high,131,11573,478.9,5.2,3.07,Cardio,170,125,66,1.48,26.2,4,2
40,1.6,50.3,19.65,Male,moderate,152,2339,789.9,8.6,2.22,Cardio,172,146,71,0.67,27.7,6,2
54,1.82,88.2,26.63,Female,moderate,91,14056,366.2,4.2,2.77,Strength,129,101,66,0.63,18.0,1,3
49,1.73,118.3,39.53,Female,high,167,10818,267.7,4.6,2.85,Yoga,168,114,80,1.35,32.0,1,2
50,1.9,118.1,32.71,Male,high,83,10983,645.0,5.9,2.49,Yoga,157,136,79,1.1,19.5,3,1
18,1.51,54.5,23.9,Female,high,145,2931,889.1,5.9,3.21,Cardio,165,132,71,1.32,25.9,2,2
36,1.81,102.8,31.38,Female,high,142,2834,652.9,4.6,1.8,Yoga,189,89,76,0.86,25.4,5,3
19,1.87,105.2,30.08,Female,high,84,5278,626.1,8.9,2.68,Yoga,130,113,61,1.33,20.5,4,1
61,2.0,72.7,18.18,Female,moderate,134,9676,509.6,8.9,1.16,Strength,135,144,78,1.08,14.6,3,1
43,1.84,94.4,27.88,Male,low,171,11200,398.7,7.9,1.35,None,151,82,70,1.83,24.8,3,2
49,1.62,81.6,31.09,Female,moderate,147,12590,501.6,5.5,3.35,None,121,109,72,0.96,19.4,4,2
23,1.55,62.1,25.85,Male,moderate,79,13394,304.3,5.7,2.36,Strength,177,137,81,1.81,19.5,6,3
49,1.82,102.1,30.82,Male,low,112,3555,383.3,8.5,2.89,Strength,157,105,62,1.08,22.3,2,1
21,1.76,64.7,20.89,Female,moderate,175,4311,541.2,4.0,3.17,Yoga,198,116,81,1.37,26.9,5,3
28,1.95,70.5,18.54,Male,moderate,172,6661,301.4,4.8,3.34,Strength,176,140,80,0.93,28.2,3,2
34,1.86,59.3,17.14,Female,low,162,1347,754.1,5.4,1.22,Yoga,196,115,84,1.71,20.7,1,1
55,1.75,98.9,32.29,Female,moderate,168,1519,208.1,9.0,2.75,None,190,75,72,1.77,13.0,2,2
41,1.7,79.4,27.47,Male,low,80,13502,425.1,4.2,2.57,Strength,178,148,56,1.71,29.8,5,1
22,1.7,78.3,27.09,Female,moderate,88,14579,561.7,7.2,2.5,Yoga,176,107,63,1.46,26.7,4,3
51,1.61,90.3,34.84,Male,high,132,12711,850.3,8.0,1.36,None,186,111,77,0.96,30.0,3,1
23,1.51,56.8,24.91,Male,low,121,4160,601.4,4.5,2.93,None,134,131,78,1.45,17.9,5,2
39,1.79,112.4,35.08,Female,moderate,150,14128,406.4,4.6,1.79,Cardio,177,85,70,1.94,32.7,3,1
28,1.61,79.9,30.82,Female,high,131,12245,446.5,5.4,1.56,None,122,158,71,1.47,16.6,5,3
33,1.6,72.5,28.32,Female,moderate,93,7815,437.4,6.9,2.77,Strength,177,121,64,1.93,17.2,1,2
50,1.56,54.5,22.39,Male,moderate,106,14712,326.3,5.2,1.54,Strength,146,140,76,0.96,23.4,5,3
26,1.59,57.6,22.78,Female,moderate,101,8537,301.4,6.5,2.25,Yoga,134,78,55,1.77,34.9,6,1
23,1.52,114.0,49.34,Male,low,157,7245,536.4,4.9,1.79,Strength,179,157,75,1.58,15.1,1,1
33,1.84,79.2,23.39,Male,high,68,10131,389.2,7.8,3.06,None,122,151,72,1.73,31.0,4,1
46,1.7,99.2,34.33,Female,high,138,9451,264.3,6.0,3.39,Yoga,147,157,69,1.57,10.1,2,1
20,1.78,51.0,16.1,Female,moderate,139,13197,351.5,5.0,3.06,None,166,151,63,1.22,15.9,5,2
37,1.82,93.3,28.17,Female,low,153,6981,564.5,8.0,1.99,Cardio,184,129,57,1.53,18.7,6,1
53,1.99,114.1,28.81,Male,high,160,12095,379.8,5.2,1.41,Yoga,172,86,70,1.9,26.2,3,2
36,1.53,67.5,28.84,Female,high,95,8233,366.4,6.6,2.75,Cardio,139,140,80,1.13,12.8,4,2
43,1.71,88.4,30.23,Male,low,66,2840,634.5,4.2,3.26,Yoga,130,111,77,1.93,13.2,5,2
20,1.62,115.5,44.01,Female,high,126,10190,682.6,5.6,2.0,Strength,144,97,69,0.57,13.7,4,1
36,1.74,98.9,32.67,Female,moderate,155,12961,368.9,4.9,1.1,None,182,129,56,0.52,26.6,4,1
37,1.96,49.7,12.94,Male,moderate,173,7408,530.5,5.3,1.31,Yoga,123,93,64,1.24,12.9,4,3
49,1.86,73.4,21.22,Male,low,172,3775,735.2,8.9,1.96,Strength,173,141,58,1.77,20.0,4,1
24,1.83,51.4,15.35,Female,high,93,13055,682.9,5.9,2.25,Strength,179,97,80,0.87,13.9,3,1
58,1.72,109.6,37.05,Female,high,168,9654,248.5,4.7,1.73,Strength,147,78,73,1.54,19.6,1,1
50,1.84,91.6,27.06,Female,moderate,163,11630,452.0,8.9,2.22,Cardio,129,92,71,1.32,27.9,1,2
57,1.52,116.7,50.51,Female,high,177,10015,706.3,5.5,3.4,Strength,155,86,64,0.94,16.9,6,3
56,1.79,46.5,14.51,Female,high,158,6651,325.6,7.7,1.19,Yoga,199,109,76,0.93,25.4,3,1
35,1.78,76.7,24.21,Male,high,115,10714,337.1,8.4,3.01,Cardio,152,101,75,0.61,16.2,4,3
57,1.67,52.8,18.93,Male,low,96,8675,641.1,5.8,2.14,None,178,117,60,1.3,28.4,3,2
18,1.6,71.3,27.85,Male,low,129,9611,398.6,7.2,2.63,Strength,164,152,84,1.18,29.4,4,3
28,1.9,57.1,15.82,Male,low,114,3510,426.6,4.3,3.42,Yoga,170,141,55,0.93,17.8,6,3
45,1.53,69.7,29.77,Female,high,95,5903,566.0,6.0,2.15,Yoga,165,143,65,1.96,10.6,4,3
42,1.53,106.4,45.45,Male,high,178,3731,725.4,8.5,1.24,Cardio,132,138,70,1.73,13.2,2,3
40,1.72,57.1,19.3,Male,high,69,4734,548.8,8.0,3.07,None,123,126,78,1.29,22.3,1,3
48,1.63,80.5,30.3,Male,low,136,10681,825.4,5.2,1.66,Cardio,161,91,74,1.28,19.6,3,2
47,1.87,114.1,32.63,Female,high,162,6384,274.6,4.1,3.26,Strength,146,157,61,0.79,18.6,5,1
59,1.82,119.9,36.2,Male,high,100,12177,727.9,7.1,1.2,None,127,107,78,1.47,24.5,6,3
52,1.89,63.8,17.86,Female,moderate,110,4285,580.5,4.6,1.57,None,165,146,57,1.93,14.0,6,2
24,1.66,115.2,41.81,Male,moderate,64,10249,771.7,8.1,3.42,None,127,126,68,1.85,21.4,4,2
33,1.87,64.6,18.47,Female,moderate,96,3874,421.5,6.3,3.2,Cardio,145,109,58,0.63,15.1,5,1
43,1.93,76.0,20.4,Male,high,116,3421,537.5,6.0,1.55,Yoga,120,94,63,0.58,34.5,2,2
19,1.67,110.8,39.73,Female,moderate,179,8914,776.5,5.2,2.94,Cardio,180,155,69,1.94,11.2,6,1
18,1.67,104.0,37.29,Male,low,161,9285,782.2,6.7,1.22,Yoga,158,119,66,0.8,10.4,1,3
29,1.95,109.3,28.74,Female,moderate,88,6970,463.2,8.1,1.39,Cardio,128,151,79,1.33,24.1,4,2
22,1.52,105.0,45.45,Female,moderate,115,13098,775.5,6.4,1.46,Yoga,146,142,70,0.61,11.6,5,2
54,1.68,62.6,22.18,Male,moderate,133,14019,677.7,4.5,1.11,Yoga,189,124,77,1.76,30.3,2,2
49,1.56,86.9,35.71,Female,low,156,2353,486.6,6.8,2.21,None,139,132,73,0.68,30.5,1,3
26,1.51,73.9,32.41,Female,low,90,10736,878.8,5.6,1.98,Yoga,184,104,68,1.47,20.8,5,1
58,1.56,79.5,32.67,Male,moderate,170,3203,221.6,6.6,2.47,Strength,135,144,81,0.58,31.0,3,1
52,1.72,56.5,19.1,Male,low,155,4594,467.9,4.4,2.72,Strength,187,76,58,0.74,28.5,4,2
36,1.84,68.7,20.29,Female,high,177,11255,414.9,4.4,2.49,Yoga,186,153,77,1.27,13.4,2,2
33,1.64,109.3,40.64,Male,low,111,7678,855.0,7.7,1.7,Yoga,141,108,83,0.57,31.5,5,3
20,1.92,112.3,30.46,Male,moderate,72,7306,269.6,6.4,1.21,Yoga,192,126,60,0.79,31.9,3,3
37,1.72,90.8,30.69,Male,low,159,6834,639.6,6.0,2.83,Yoga,175,158,76,0.7,18.1,5,1
41,1.98,82.4,21.02,Female,moderate,88,10239,701.6,8.8,1.77,None,176,90,65,0.56,29.4,2,2
50,1.98,98.5,25.12,Female,moderate,168,10890,328.9,5.0,1.62,Strength,173,117,58,1.96,32.4,4,2
41,1.89,90.7,25.39,Female,low,146,8156,305.0,8.5,2.73,None,127,138,80,1.18,28.6,1,2
28,1.97,118.8,30.61,Female,high,117,8757,233.5,8.2,2.1,Strength,126,101,62,1.79,12.4,6,2
25,1.85,59.3,17.33,Female,high,87,4226,311.2,6.7,1.51,Yoga,195,139,63,1.04,12.4,1,3
53,1.95,78.7,20.7,Female,low,164,4610,765.8,6.3,2.92,Strength,120,87,80,0.56,34.6,1,3
55,1.62,113.9,43.4,Female,moderate,90,7188,860.8,4.6,3.02,Strength,173,114,77,1.54,23.5,2,1
57,1.67,113.6,40.73,Male,moderate,106,11916,831.0,5.9,3.46,Cardio,131,106,78,0.56,26.1,6,2
37,1.88,82.2,23.26,Female,high,124,13825,455.7,6.7,2.17,Cardio,199,141,80,1.33,32.8,6,3
52,1.71,55.1,18.84,Female,low,119,10080,708.1,5.8,1.09,Yoga,133,88,56,0.71,10.2,1,2
42,1.92,106.1,28.78,Male,low,89,5517,778.9,8.6,2.29,None,138,132,74,1.51,20.7,4,1
52,1.94,88.9,23.62,Male,moderate,127,5474,768.7,4.2,1.06,Cardio,138,120,57,1.84,24.2,2,2
42,1.65,103.0,37.83,Male,moderate,161,11225,243.9,5.5,3.37,Yoga,196,159,60,1.93,10.1,5,3
46,1.91,79.7,21.85,Female,high,177,10226,350.4,8.7,1.44,None,193,149,56,1.29,25.6,6,3
35,1.58,60.3,24.15,Male,low,131,12001,857.3,4.4,3.31,Cardio,147,133,77,1.3,31.3,6,1
63,1.67,46.8,16.78,Female,moderate,113,11101,717.9,6.3,3.38,Strength,196,139,62,0.56,11.4,6,1
35,1.76,86.9,28.05,Female,high,145,5938,784.0,7.7,2.94,Cardio,134,107,74,1.65,30.1,5,2
19,1.61,57.1,22.03,Female,moderate,123,13228,559.9,5.7,1.22,Yoga,182,120,78,1.93,34.4,2,2
52,1.79,59.0,18.41,Male,low,71,13932,475.1,8.0,2.4,Cardio,142,156,62,1.16,33.0,4,3
33,1.79,77.7,24.25,Male,high,175,10551,655.9,4.7,1.89,Cardio,162,128,57,1.69,23.4,2,3
58,1.6,78.2,30.55,Female,moderate,71,5365,531.0,8.9,3.05,None,129,140,71,1.7,31.5,2,3
53,1.9,65.6,18.17,Female,high,115,7903,461.6,7.2,1.76,None,155,78,65,1.68,29.3,5,1
50,1.82,54.9,16.57,Female,moderate,78,13960,443.5,5.5,2.13,Strength,182,128,57,1.64,30.4,2,1
21,1.66,115.9,42.06,Male,high,95,4891,310.5,4.4,2.43,Yoga,168,78,80,0.82,20.0,4,1
50,1.62,54.9,20.92,Female,high,174,8575,570.6,6.8,1.09,Strength,133,91,66,1.63,21.9,1,2
31,1.94,71.3,18.94,Male,high,136,4625,563.9,6.9,2.52,Strength,153,154,68,0.72,16.0,4,1
38,1.92,67.9,18.42,Female,low,73,4998,613.5,6.2,1.86,Cardio,158,147,83,1.57,11.3,4,2
37,1.61,110.0,42.44,Male,low,156,6938,281.4,8.7,2.32,Strength,151,148,55,0.51,24.9,5,2
25,1.52,75.8,32.81,Female,low,63,12938,840.4,5.6,1.31,None,199,145,66,1.88,17.7,6,2
24,1.9,54.3,15.04,Male,high,64,10872,719.4,6.9,1.84,Strength,141,147,84,1.74,22.6,1,1
20,1.81,45.8,13.98,Male,low,101,1060,291.7,4.3,2.45,Yoga,154,129,72,1.52,34.1,3,3
34,1.55,99.1,41.25,Male,high,166,3635,255.5,6.3,2.43,Strength,142,122,78,0.64,11.6,2,1
50,1.79,98.6,30.77,Male,low,119,13011,650.0,7.9,1.39,Yoga,144,123,58,1.74,31.8,1,1
29,1.73,76.3,25.49,Male,high,96,12683,439.1,7.7,2.04,Yoga,188,97,84,1.81,12.2,5,1
39,1.89,54.5,15.26,Male,moderate,90,5006,423.3,6.4,2.3,Strength,125,101,83,1.53,26.3,6,2
39,1.6,72.9,28.48,Female,low,116,10542,788.0,8.3,1.2,Strength,179,99,79,1.96,18.6,2,3
63,1.73,89.2,29.8,Female,moderate,111,6175,441.6,8.7,2.5,Strength,125,98,77,0.64,12.5,5,1
47,1.58,97.8,39.18,Female,low,173,3127,642.5,6.2,1.58,Yoga,138,154,57,1.56,28.9,2,1
55,1.98,50.9,12.98,Female,moderate,102,2950,576.0,5.8,3.3,None,138,154,84,1.29,27.5,5,2
55,1.89,86.7,24.27,Male,low,133,2774,384.1,7.2,1.67,Cardio,131,94,71,0.72,26.0,5,1
62,1.87,65.7,18.79,Female,moderate,114,3284,432.1,9.0,2.97,Strength,132,127,67,1.49,34.1,5,1
25,1.85,91.3,26.68,Male,low,148,11723,860.2,4.2,2.46,Cardio,169,157,71,1.7,10.6,2,2
44,1.71,93.6,32.01,Male,high,143,13338,432.0,5.8,2.71,Strength,186,148,84,0.75,20.9,3,1
44,1.96,113.3,29.49,Male,low,143,14886,748.8,6.5,3.25,Yoga,195,100,71,1.69,24.1,6,3
51,1.54,75.8,31.96,Female,low,68,9682,802.9,8.9,3.12,Yoga,150,134,80,0.64,18.9,1,2
38,1.9,85.3,23.63,Male,high,135,3005,249.7,8.1,1.32,Cardio,196,76,73,1.39,26.7,2,3
47,1.61,65.1,25.11,Female,moderate,111,6098,664.2,5.5,3.33,None,142,77,59,1.7,32.5,3,1
50,1.66,66.5,24.13,Female,low,167,5377,724.5,7.9,1.35,Yoga,196,130,62,0.72,27.4,1,2
45,1.76,48.5,15.66,Female,low,136,8156,503.8,5.0,1.79,Cardio,189,140,78,1.36,24.2,2,2
64,1.89,66.5,18.62,Female,high,112,1890,598.5,7.0,2.31,Yoga,177,99,56,1.14,28.4,1,1
50,1.92,49.8,13.51,Female,moderate,166,12134,313.3,4.2,3.33,Strength,186,142,79,1.41,12.7,3,3
22,1.79,117.3,36.61,Male,high,92,14388,422.9,6.1,2.57,Cardio,190,89,63,1.14,25.7,5,1
36,1.7,91.8,31.76,Male,moderate,61,1715,695.4,7.8,3.19,Cardio,129,156,61,0.88,20.2,6,2
21,1.97,58.0,14.94,Female,moderate,82,1356,621.8,5.4,3.35,Strength,187,81,70,0.88,18.0,4,2
52,1.62,53.8,20.5,Male,moderate,75,10997,295.5,7.6,2.87,Cardio,163,156,66,1.8,22.7,1,2
34,1.9,72.8,20.17,Female,low,107,7999,891.6,5.6,2.2,Strength,189,145,80,0.73,30.1,2,1
61,1.81,68.1,20.79,Male,low,179,14068,856.5,4.4,1.97,None,190,115,75,0.68,20.3,4,1
45,1.69,65.9,23.07,Male,low,164,10607,356.9,8.5,1.69,Strength,127,134,59,0.65,27.6,1,1
47,1.5,80.1,35.6,Male,high,145,4316,812.6,6.1,2.27,None,147,118,78,0.61,24.7,1,3
46,1.72,113.5,38.37,Male,low,63,6598,387.0,7.7,1.12,Cardio,174,107,78,0.52,32.9,4,3
63,1.64,87.6,32.57,Male,high,175,13780,594.6,7.0,1.57,Strength,186,140,75,0.74,21.1,5,3
23,1.55,84.1,35.01,Male,moderate,84,9794,747.4,7.4,1.9,Cardio,196,156,76,0.79,30.5,2,2
52,1.54,105.5,44.48,Male,high,127,3846,440.9,6.7,3.13,None,158,97,60,0.9,31.0,2,3
58,1.67,45.3,16.24,Male,moderate,126,12072,588.6,6.7,1.94,Yoga,152,138,76,0.69,21.6,5,2
54,1.81,59.8,18.25,Male,high,173,12042,515.2,8.3,1.6,Yoga,199,80,75,0.64,22.2,3,3
41,1.92,82.2,22.3,Male,moderate,167,1631,732.1,6.8,2.96,Yoga,194,137,79,1.31,18.3,1,3
46,1.59,97.9,38.72,Male,low,98,9703,535.1,8.0,3.36,Yoga,148,117,84,1.58,22.4,3,2
63,1.71,81.4,27.84,Male,high,168,6291,596.8,6.2,2.94,Yoga,136,99,71,1.45,16.2,6,1
48,1.7,57.3,19.83,Male,low,169,14776,791.9,8.9,1.31,None,156,157,69,1.34,31.5,4,3
52,1.76,114.7,37.03,Female,high,175,8224,689.1,4.3,1.8,Yoga,125,82,64,1.16,16.2,2,2
50,1.9,69.6,19.28,Male,low,81,1853,569.3,5.9,2.51,Yoga,165,111,57,1.45,16.4,4,1
38,1.78,104.1,32.86,Male,moderate,119,6488,522.9,4.9,1.49,Cardio,133,133,61,1.85,32.4,1,1
49,1.92,111.9,30.35,Male,moderate,95,7044,288.7,5.5,2.59,Strength,156,102,83,1.44,23.3,2,1
40,1.76,71.0,22.92,Male,high,108,6946,239.5,4.6,1.59,Strength,195,127,79,0.59,12.6,4,2
50,1.8,108.4,33.46,Male,low,148,1267,866.9,6.5,2.36,Strength,148,145,56,1.36,18.6,2,3
20,1.72,98.3,33.23,Male,high,138,5740,330.6,4.1,2.77,Strength,168,129,67,1.29,27.6,2,3
35,1.91,112.8,30.92,Female,low,92,14766,393.8,6.9,2.97,None,121,110,81,1.18,20.1,2,3
42,1.96,63.8,16.61,Female,moderate,136,3769,627.7,8.7,3.0,Strength,189,136,83,1.35,20.6,3,1
59,1.82,114.8,34.66,Female,high,142,1761,779.5,4.8,2.94,Cardio,189,89,68,1.51,22.5,6,3
48,1.91,49.9,13.68,Male,low,78,13697,783.2,7.3,1.34,None,184,128,58,0.56,15.6,4,2
20,1.53,104.5,44.64,Male,high,130,8823,780.8,5.3,3.47,Yoga,165,135,62,1.22,20.6,5,3
57,1.95,77.7,20.43,Male,low,172,1454,884.7,4.7,2.93,Cardio,182,128,59,1.73,15.4,2,3
63,1.59,58.3,23.06,Female,low,65,9466,239.0,8.2,1.26,Cardio,140,143,66,1.3,18.8,1,3
41,1.63,51.0,19.2,Male,high,87,13622,479.9,6.4,2.74,Yoga,146,103,81,0.6,23.3,6,3
49,1.53,74.2,31.7,Male,low,154,4844,839.5,4.3,2.18,Yoga,182,155,78,1.66,27.3,3,2
64,1.98,74.2,18.93,Female,high,124,1968,527.1,6.7,2.07,Cardio,142,101,66,1.91,25.8,3,3
39,1.93,62.2,16.7,Female,low,135,9916,809.9,8.9,2.69,None,158,155,65,1.78,24.4,6,1
40,1.96,61.2,15.93,Male,low,136,9168,212.4,8.0,1.42,Yoga,177,142,56,1.04,24.9,5,3
19,1.92,75.0,20.35,Male,moderate,137,4822,553.1,6.8,3.5,Strength,164,86,82,1.3,22.8,5,1
44,1.74,75.8,25.04,Male,moderate,73,5193,845.7,8.8,2.36,Cardio,133,97,78,1.39,25.4,3,1
59,1.96,78.2,20.36,Male,high,167,3709,382.9,8.0,2.49,Cardio,141,124,76,1.57,19.4,3,1
19,1.98,110.2,28.11,Female,low,71,2688,850.8,6.2,2.06,Yoga,136,149,59,1.5,32.5,4,2
43,1.75,90.8,29.65,Male,high,154,1001,205.9,6.4,2.51,Yoga,148,150,67,0.8,24.8,3,1
34,1.59,46.5,18.39,Male,moderate,118,6935,255.2,8.6,2.66,Strength,157,147,72,1.76,33.4,3,1
57,1.83,83.9,25.05,Female,moderate,130,1076,533.8,4.2,1.86,Strength,150,156,77,1.77,20.1,2,3
50,1.99,102.2,25.81,Male,moderate,159,6773,274.5,5.6,2.16,Strength,177,101,71,1.11,19.9,5,2
26,1.94,49.2,13.07,Male,moderate,140,13781,357.9,6.2,1.64,Strength,136,133,84,0.7,34.1,4,2
60,1.93,76.7,20.59,Female,low,67,11561,408.3,5.0,2.93,Cardio,142,83,60,1.41,28.2,3,2
56,1.97,78.8,20.3,Female,moderate,137,9032,537.0,4.9,2.84,Yoga,139,107,73,1.04,23.0,4,1
46,1.95,116.6,30.66,Male,moderate,69,3814,473.4,6.5,3.03,None,195,144,76,1.61,28.0,5,1
59,1.89,80.7,22.59,Female,moderate,145,4763,845.5,6.9,2.76,Yoga,123,125,71,0.97,19.9,3,1
43,1.86,101.2,29.25,Female,moderate,160,3833,820.2,6.3,1.05,Yoga,192,114,71,0.89,29.0,2,3
52,1.63,67.7,25.48,Male,moderate,139,1010,723.6,6.0,1.48,Strength,194,80,72,1.8,15.2,6,1
42,1.81,103.4,31.56,Female,low,129,2575,661.5,7.5,1.97,Strength,168,78,80,1.42,33.8,3,2
41,1.76,69.2,22.34,Male,high,107,5366,343.0,7.7,1.59,Cardio,145,77,69,0.63,21.5,5,3
30,1.93,77.3,20.75,Male,high,147,8588,621.3,4.9,2.33,Strength,151,87,77,1.53,12.3,4,3
24,1.75,81.0,26.45,Male,low,113,7384,302.9,4.3,3.25,Cardio,147,100,82,1.63,31.1,2,2
53,1.56,114.5,47.05,Male,high,109,12446,516.9,4.3,2.85,Yoga,170,108,84,0.85,32.4,1,1
62,1.5,49.0,21.78,Female,moderate,106,9248,523.1,7.7,1.67,Yoga,159,151,82,1.95,28.2,1,3
37,1.84,59.8,17.66,Male,moderate,88,3403,682.8,4.1,1.99,Yoga,156,127,74,1.06,25.7,5,2
18,1.77,97.9,31.25,Male,low,161,8825,784.6,8.9,1.13,Cardio,170,121,58,1.91,33.2,5,1
25,1.67,88.3,31.66,Male,moderate,68,11620,424.4,7.5,1.02,Cardio,176,82,58,0.94,25.6,2,3
63,1.58,63.9,25.6,Male,moderate,172,4788,228.8,7.0,2.06,Cardio,199,150,59,1.41,29.8,6,3
33,1.73,66.7,22.29,Female,low,171,12281,232.9,4.2,2.82,Strength,191,82,69,1.28,21.8,4,3
31,1.55,72.5,30.18,Female,low,125,6660,812.4,4.2,3.15,None,186,93,56,1.99,28.2,3,3
29,1.67,78.8,28.25,Female,low,158,7230,540.4,6.3,2.08,Strength,122,148,65,1.11,35.0,1,3
40,1.69,106.4,37.25,Male,low,128,11094,373.6,5.9,1.45,None,193,106,77,0.77,19.6,1,1
32,1.73,46.0,15.37,Female,low,113,7122,222.6,5.4,1.65,Strength,182,95,57,1.75,28.0,5,2
45,1.73,112.4,37.56,Female,moderate,75,3601,570.1,4.6,2.11,Yoga,131,138,65,0.56,13.7,5,3
51,1.63,76.0,28.6,Male,moderate,174,14186,296.0,5.4,2.62,Cardio,198,97,57,1.83,25.9,4,2
19,1.93,62.3,16.73,Female,high,67,13949,491.9,7.2,2.36,Strength,170,145,65,0.67,18.1,2,2
49,1.68,83.1,29.44,Male,high,81,11426,561.3,6.0,3.1,Cardio,130,116,83,1.36,31.7,6,2
40,1.61,94.5,36.46,Female,low,74,4656,360.4,5.6,1.05,Strength,125,109,56,1.57,19.0,1,1
39,1.59,48.4,19.14,Female,moderate,87,9751,339.2,8.6,3.48,Yoga,131,76,76,1.0,21.1,4,2
42,1.66,98.7,35.82,Female,low,88,5828,213.9,5.7,3.32,Cardio,144,145,74,1.77,34.5,2,2
39,1.53,102.1,43.62,Female,high,91,4797,609.9,8.6,1.37,Yoga,145,150,74,1.39,15.4,1,2
39,1.52,57.5,24.89,Male,moderate,168,1835,340.3,4.4,1.12,None,177,126,69,1.09,24.1,3,3
59,1.8,57.6,17.78,Male,low,75,14663,814.8,8.1,2.54,Cardio,199,91,62,0.99,31.6,4,3
23,1.81,60.3,18.41,Female,low,92,14854,622.6,6.6,2.8,Strength,155,83,82,0.67,17.9,1,2
32,1.76,104.7,33.8,Male,low,142,6340,589.5,6.5,2.19,Cardio,155,126,56,1.46,10.4,2,1
60,1.88,65.4,18.5,Female,high,95,11694,553.3,7.0,1.7,None,140,77,77,1.05,32.4,1,3
54,1.52,104.7,45.32,Female,moderate,98,14065,350.7,7.3,2.6,None,168,96,72,0.98,25.5,3,3
50,1.97,85.5,22.03,Female,moderate,109,5574,878.6,8.1,2.59,Strength,179,128,76,1.92,15.8,5,2
25,1.55,102.5,42.66,Female,moderate,127,3154,876.9,4.3,1.37,Yoga,181,110,83,0.91,16.9,5,2
61,1.84,86.5,25.55,Female,moderate,158,14927,424.9,5.6,3.0,Cardio,138,113,75,1.81,30.0,6,1
61,1.57,70.2,28.48,Female,moderate,73,4084,743.4,6.3,2.87,Yoga,130,92,62,1.96,26.1,4,3
22,1.94,113.3,30.1,Male,high,98,6566,283.5,8.8,1.21,Yoga,197,155,76,1.73,28.3,2,2
56,1.76,98.6,31.83,Male,moderate,148,13273,746.4,4.3,2.16,Strength,199,101,66,0.53,24.4,3,3
21,1.54,81.3,34.28,Female,low,130,8124,400.4,6.0,1.98,Cardio,122,141,77,1.8,29.8,2,2
23,1.81,92.8,28.33,Male,low,79,10453,402.4,7.9,2.16,None,176,87,60,0.82,30.5,4,2
62,1.5,91.2,40.53,Female,moderate,109,5547,555.1,8.7,2.15,Strength,188,91,78,1.03,19.7,3,1
49,1.89,71.9,20.13,Male,moderate,98,13605,474.6,8.0,2.31,Yoga,172,135,56,1.99,32.5,1,3
47,1.83,76.8,22.93,Male,high,67,5757,282.5,8.9,1.69,None,185,92,66,1.11,22.6,5,3
64,1.61,68.9,26.58,Male,high,89,2709,615.2,6.6,2.17,Yoga,131,91,77,1.48,14.0,1,2
52,1.69,120.0,42.02,Female,moderate,178,4524,349.7,7.6,1.25,Cardio,181,130,75,0.97,15.5,6,1
57,1.5,88.5,39.33,Male,high,143,7097,511.1,8.4,1.44,Yoga,164,122,84,1.05,28.3,1,1
33,1.85,51.9,15.16,Female,high,162,13926,361.7,6.1,1.22,None,176,90,66,1.4,19.4,2,1
30,1.66,83.9,30.45,Female,high,79,12394,800.3,4.4,1.47,Cardio,121,99,67,1.92,16.6,6,3
59,1.79,48.7,15.2,Female,low,87,3484,436.6,4.3,1.01,Strength,174,139,63,0.92,25.1,2,2
47,1.98,66.6,16.99,Male,low,129,5405,821.2,8.6,1.09,Yoga,138,101,69,0.87,29.6,6,2
36,1.65,78.4,28.8,Male,moderate,113,12432,428.3,4.0,2.99,Cardio,180,88,65,0.54,12.7,4,1
34,2.0,85.1,21.28,Male,moderate,132,2390,325.6,5.6,1.5,Cardio,143,124,63,0.8,21.2,1,1
36,1.82,118.2,35.68,Female,moderate,79,13000,603.6,8.3,2.3,Strength,124,103,78,0.89,29.3,1,1
45,1.62,118.7,45.23,Female,low,82,4096,588.6,6.0,1.93,Strength,145,155,62,0.59,32.6,1,3
43,1.72,52.4,17.71,Male,moderate,146,11095,633.2,5.0,1.82,None,154,102,84,1.35,10.3,6,2
54,1.87,85.4,24.42,Female,high,132,8674,411.5,4.7,3.14,Cardio,138,95,74,0.69,26.4,5,1
43,1.72,106.3,35.93,Male,low,98,7995,424.0,4.2,2.22,Cardio,150,98,82,1.27,24.9,3,1
40,1.53,62.8,26.83,Male,low,93,13237,366.2,7.2,2.29,None,163,120,78,0.78,22.9,5,2
26,1.58,101.3,40.58,Male,low,81,6884,849.9,5.6,2.15,Yoga,138,134,72,1.9,14.0,1,3
29,1.9,110.9,30.72,Male,high,147,8688,678.1,4.1,1.67,Cardio,131,94,65,0.96,28.5,4,3
18,1.82,94.7,28.59,Female,low,116,6899,729.4,4.4,2.71,Cardio,154,126,59,0.64,19.8,3,3
18,1.78,69.6,21.97,Male,high,106,14831,335.9,8.3,1.12,Yoga,177,96,58,1.75,15.9,6,2
64,1.58,114.2,45.75,Male,high,77,5149,663.1,4.6,1.7,Strength,191,142,75,1.1,31.3,3,3
51,1.92,111.3,30.19,Male,high,67,11643,733.9,6.5,2.65,Strength,144,90,59,1.73,17.7,1,1
49,1.98,98.7,25.18,Male,moderate,120,3875,439.7,5.7,1.08,Strength,144,95,75,0.97,15.0,4,3
42,1.52,72.3,31.29,Male,high,144,9771,310.4,5.0,1.06,None,132,118,61,1.25,17.8,5,2
57,1.54,104.4,44.02,Male,high,89,2139,687.9,4.6,1.93,Yoga,161,136,71,1.17,14.5,2,3
62,1.94,68.7,18.25,Male,low,177,5785,627.8,7.2,1.63,Strength,134,95,83,1.34,29.4,5,2
18,1.91,64.0,17.54,Female,moderate,108,3361,602.9,8.4,2.75,None,142,85,72,1.1,14.6,3,2
33,1.81,83.6,25.52,Female,moderate,131,7939,327.8,7.0,2.89,Yoga,147,134,77,1.25,27.9,4,3
56,1.97,119.8,30.87,Female,moderate,122,3513,383.7,5.9,1.09,Strength,132,111,55,1.52,14.1,1,1
22,1.82,105.3,31.79,Female,moderate,108,8156,637.4,5.5,2.09,Cardio,194,118,70,1.12,15.7,5,2
39,1.61,99.7,38.46,Male,high,102,9906,629.5,5.8,3.36,Cardio,163,96,63,1.53,18.6,3,3
46,1.86,78.9,22.81,Female,low,152,11165,588.3,5.8,1.78,Strength,197,158,66,1.57,33.8,2,2
20,1.82,68.4,20.65,Female,high,76,10193,737.7,6.6,1.49,Strength,171,140,73,1.62,32.8,1,3
29,1.99,109.2,27.58,Female,moderate,131,10969,770.3,5.8,2.3,None,154,117,65,1.21,12.1,1,1
43,1.61,87.6,33.79,Male,moderate,102,3560,393.6,6.9,2.13,Cardio,166,149,60,0.51,18.4,2,2
33,1.8,106.0,32.72,Female,low,114,9514,310.3,4.5,1.55,Yoga,154,95,58,1.63,18.7,5,1
54,1.89,81.6,22.84,Female,low,121,8275,340.8,5.4,1.57,Strength,169,107,70,1.86,15.3,6,1
39,1.67,101.5,36.39,Male,high,176,13611,396.9,7.6,2.72,Yoga,159,91,57,1.48,20.9,3,1
46,1.69,110.1,38.55,Female,high,81,13211,863.4,7.8,1.81,Strength,196,110,62,1.29,28.7,5,1
31,1.94,74.4,19.77,Male,high,76,2208,296.0,7.4,3.47,Cardio,189,88,70,1.34,12.5,2,1
45,1.7,46.0,15.92,Female,moderate,127,11799,815.1,5.7,1.72,Strength,161,111,83,1.46,26.8,4,3
22,1.81,64.1,19.57,Male,high,79,5453,342.4,6.2,2.37,Yoga,134,105,56,2.0,16.5,6,1
64,1.94,113.6,30.18,Female,moderate,88,12026,443.9,4.9,1.18,Cardio,179,78,67,0.59,26.1,4,3
47,1.6,96.6,37.73,Female,low,105,11217,288.1,8.8,2.35,Strength,177,80,73,0.53,27.0,2,1
63,1.99,100.3,25.33,Female,high,73,12080,272.4,8.4,2.15,Cardio,188,124,78,1.95,28.2,6,1
22,1.85,69.4,20.28,Male,high,90,2757,266.6,8.7,1.87,None,152,159,70,1.16,31.5,1,2
29,1.75,97.6,31.87,Female,moderate,90,14857,439.9,6.8,2.07,Yoga,159,151,73,1.42,32.5,3,3
33,1.72,93.5,31.6,Male,high,62,13094,566.6,6.3,1.45,Strength,121,112,62,1.63,29.0,3,1
43,1.98,58.4,14.9,Male,moderate,154,10367,340.6,8.3,3.05,Strength,152,153,77,1.61,22.0,1,1
43,1.6,117.7,45.98,Male,moderate,81,6604,852.9,6.0,3.3,Strength,144,79,56,1.47,11.1,6,1
38,1.66,71.6,25.98,Male,low,112,6086,610.5,5.3,3.09,Yoga,178,112,55,1.21,33.4,6,3
56,1.65,69.7,25.6,Female,high,113,11536,819.5,6.5,3.01,None,146,98,71,1.36,25.0,4,3
53,1.64,72.7,27.03,Female,moderate,86,6718,304.2,4.8,2.37,Yoga,175,92,72,1.59,23.4,1,3
50,1.73,51.9,17.34,Female,high,165,12215,300.4,7.8,1.83,Strength,144,106,61,1.78,16.0,4,2
47,1.99,91.9,23.21,Male,low,91,3361,792.7,6.2,1.43,Yoga,124,145,63,0.69,27.1,5,2
54,1.94,62.9,16.71,Female,high,147,6549,597.6,7.3,3.05,Strength,181,146,77,0.92,34.9,2,1
40,1.66,105.2,38.18,Male,moderate,90,4344,857.0,6.9,1.11,Yoga,162,104,57,1.1,18.3,4,3
27,1.71,74.6,25.51,Male,high,155,5359,302.8,6.9,1.45,Cardio,187,104,78,1.5,30.0,1,3
22,1.83,79.4,23.71,Male,moderate,175,2138,218.2,8.7,2.0,Yoga,197,79,78,1.09,17.3,2,2
53,1.51,93.5,41.01,Female,moderate,98,1519,841.6,4.3,1.49,Strength,155,78,79,0.86,22.2,4,1
51,1.91,102.1,27.99,Female,low,121,12169,689.2,7.1,2.46,Strength,129,125,65,0.55,15.3,1,3
48,1.94,62.3,16.55,Male,high,171,10663,765.0,5.3,2.81,Yoga,141,83,82,1.76,22.8,5,3
27,1.93,117.5,31.54,Female,high,116,1267,407.2,4.6,3.27,Yoga,147,129,70,1.13,21.5,6,1
36,1.69,91.7,32.11,Female,moderate,126,12948,202.1,4.3,1.53,Cardio,167,107,83,0.99,11.0,1,2
49,1.73,45.4,15.17,Male,low,162,2233,538.0,8.2,1.7,None,179,105,63,1.3,19.5,5,2
18,1.51,76.2,33.42,Male,moderate,121,10379,893.0,6.0,2.79,None,182,157,66,0.68,11.6,2,3
22,1.7,77.8,26.92,Female,low,150,5665,835.3,7.5,1.54,Cardio,121,128,68,1.1,21.3,5,1
62,1.73,105.7,35.32,Male,high,92,3461,250.4,8.7,1.96,None,142,135,79,1.63,34.5,4,1
21,1.95,67.9,17.86,Male,moderate,119,2684,331.4,8.3,2.88,None,170,140,58,1.6,17.3,5,1
33,1.95,69.8,18.36,Female,moderate,89,5873,417.9,5.2,1.94,Strength,199,94,80,1.66,22.9,1,3
41,1.98,50.3,12.83,Female,moderate,72,2105,781.3,7.2,1.37,Strength,147,150,58,1.2,13.3,4,2
33,1.94,66.3,17.62,Male,high,79,11882,777.3,5.5,1.67,Strength,197,159,65,1.05,13.8,5,2
19,1.5,98.8,43.91,Female,high,131,13436,329.5,4.2,1.2,Yoga,120,135,56,1.75,18.9,1,2
45,1.82,92.6,27.96,Male,low,67,11526,573.2,8.5,2.69,Yoga,134,110,78,0.76,22.2,2,2
49,1.53,51.1,21.83,Male,low,158,1866,551.3,7.5,1.11,None,134,158,72,1.59,27.5,6,2
44,1.64,53.6,19.93,Female,high,135,4138,490.0,8.2,2.44,Yoga,162,94,57,1.83,21.4,3,3
37,1.79,73.3,22.88,Male,moderate,80,2491,575.1,5.4,3.38,Strength,124,119,79,0.93,10.6,6,3
41,1.85,100.8,29.45,Male,high,72,6692,405.0,5.4,3.15,Yoga,191,120,56,0.8,16.8,6,2
29,1.83,107.5,32.1,Male,low,177,13452,572.1,5.0,1.18,None,157,92,55,1.27,10.6,1,2
52,1.52,46.1,19.95,Female,high,89,9578,679.9,5.4,2.79,Strength,182,144,59,0.82,32.9,4,3
50,1.55,69.7,29.01,Female,low,153,9926,243.8,4.5,2.73,None,162,148,61,1.81,10.7,6,2
50,1.56,76.8,31.56,Female,high,108,12211,877.1,7.7,1.75,Yoga,170,92,74,0.87,11.2,6,2
60,1.55,113.3,47.16,Male,low,117,6822,315.7,8.9,1.27,Cardio,197,138,58,0.97,17.5,2,2
54,1.59,82.6,32.67,Male,high,105,2794,452.2,8.5,3.14,Cardio,145,108,81,1.83,25.8,2,1
29,1.84,65.2,19.26,Female,high,61,6636,529.4,4.7,2.39,Strength,165,153,57,0.81,18.9,2,2
20,1.92,74.3,20.16,Female,high,78,13999,228.7,5.1,2.75,None,131,77,60,1.83,11.5,5,1
18,1.7,77.7,26.89,Female,high,86,11406,583.9,5.8,2.14,Cardio,131,146,66,0.81,30.9,2,2
50,1.85,95.2,27.82,Male,moderate,66,8085,809.0,5.0,1.56,Cardio,148,85,83,1.87,27.5,6,2
57,1.6,48.1,18.79,Female,high,109,11321,830.7,7.4,1.65,Strength,180,120,70,0.98,19.9,2,3
27,1.99,74.2,18.74,Male,high,150,14588,428.3,7.7,2.34,Strength,160,116,62,0.87,26.9,3,3
60,1.67,93.5,33.53,Female,moderate,112,2794,591.2,7.8,1.59,None,139,91,65,1.22,16.9,5,3
61,1.92,66.2,17.96,Male,low,133,6551,743.8,6.9,2.0,Cardio,165,121,67,1.05,23.2,1,1
46,1.97,89.4,23.04,Male,high,100,2002,377.0,5.3,1.19,None,149,104,68,0.8,32.0,1,1
30,1.93,71.8,19.28,Female,high,71,14615,569.9,4.6,3.49,None,158,117,81,1.01,12.7,4,2
29,1.53,101.9,43.53,Male,high,76,9855,456.7,6.4,2.54,Strength,159,82,72,1.57,31.2,2,1
48,1.83,49.5,14.78,Female,low,131,3608,464.7,8.4,1.37,None,170,114,76,1.75,29.7,4,3
63,1.56,113.8,46.76,Male,low,115,13370,265.9,5.4,1.33,Yoga,121,145,62,1.73,33.7,1,1
19,1.5,57.9,25.73,Male,low,136,7998,484.8,5.6,2.21,None,184,94,55,1.64,22.8,2,2
52,1.53,56.9,24.31,Female,low,179,12782,312.6,7.6,1.06,Cardio,147,150,58,0.51,16.9,2,1
40,1.96,108.0,28.11,Male,high,80,8255,410.9,5.7,2.03,None,170,159,71,1.14,18.8,1,3
34,1.95,110.2,28.98,Female,low,132,11451,431.2,8.4,3.36,Yoga,127,102,84,0.75,26.0,2,2
43,1.61,52.0,20.06,Female,low,160,11525,501.4,8.3,3.06,Yoga,150,102,74,0.61,13.5,5,1
25,1.77,113.2,36.13,Female,low,73,13634,841.8,8.5,3.32,Cardio,158,133,84,1.6,18.8,2,2
46,1.98,65.5,16.71,Male,high,167,1474,641.7,7.9,1.28,Cardio,179,136,81,1.69,28.2,2,2
43,1.75,91.4,29.84,Male,moderate,81,2022,882.1,4.3,1.93,None,196,154,79,1.72,24.3,4,1
27,1.7,50.1,17.34,Male,high,68,9752,613.5,6.7,2.39,Yoga,135,148,76,1.84,11.6,3,2
43,1.74,73.5,24.28,Female,moderate,65,4200,763.8,6.4,2.8,Yoga,142,128,60,1.39,22.4,1,1
51,1.9,78.8,21.83,Female,moderate,88,7508,783.9,6.3,1.98,None,130,81,59,2.0,23.1,1,3
58,1.74,90.0,29.73,Male,moderate,103,5998,717.3,7.3,1.8,Cardio,173,142,68,1.23,27.5,6,3
24,1.89,84.4,23.63,Male,moderate,177,6929,668.9,7.8,1.76,Yoga,193,98,73,1.83,10.3,1,1
21,1.72,79.6,26.91,Female,low,75,3974,492.5,6.7,2.97,None,188,115,68,0.67,20.7,4,1
62,1.63,117.0,44.04,Male,low,157,1996,597.1,7.8,1.95,Cardio,131,128,56,0.72,32.2,6,2
28,1.66,58.9,21.37,Female,moderate,103,3700,335.6,5.2,1.04,None,155,88,63,1.39,10.6,2,1
46,1.54,56.8,23.95,Male,low,88,10866,632.8,7.2,2.93,Cardio,176,118,79,0.69,26.8,3,2
53,1.75,98.5,32.16,Female,high,80,13955,560.0,7.1,1.4,Cardio,145,123,61,0.61,15.6,4,3
42,1.57,50.6,20.53,Male,high,125,6895,763.0,5.7,2.57,Yoga,199,137,72,0.79,19.7,3,1
38,1.91,81.2,22.26,Male,low,131,6006,831.8,6.5,1.07,Strength,185,155,74,1.68,32.1,5,3
53,1.71,81.3,27.8,Female,high,95,11577,293.0,8.9,1.97,Yoga,123,119,65,1.89,19.1,6,1
27,1.88,68.3,19.32,Female,moderate,62,5419,683.6,7.5,2.14,None,135,146,62,1.0,23.6,6,3
54,1.98,114.8,29.28,Female,moderate,116,14646,865.0,6.2,3.43,Cardio,141,151,80,1.96,12.2,5,1
26,1.92,66.2,17.96,Male,low,172,3566,842.5,7.5,1.22,Yoga,183,81,76,1.71,18.1,4,1
41,1.98,66.6,16.99,Female,moderate,108,9127,784.1,5.9,2.88,Cardio,189,77,75,0.84,13.5,4,2
52,1.78,62.6,19.76,Female,moderate,100,12453,233.8,5.6,3.41,Yoga,130,121,81,1.38,24.0,3,2
52,1.58,55.9,22.39,Male,low,160,3292,376.7,6.5,1.69,None,161,135,64,1.97,21.5,4,1
53,1.97,72.3,18.63,Female,low,151,9809,303.8,6.2,1.56,None,158,145,72,1.77,16.6,2,2
35,1.93,96.1,25.8,Female,moderate,109,3382,848.9,8.8,3.38,None,166,104,71,1.05,35.0,4,1
56,1.93,100.7,27.03,Female,high,73,14634,724.2,8.9,2.22,Yoga,141,79,71,0.96,13.8,4,1
49,1.85,106.0,30.97,Male,low,82,12690,572.2,5.6,3.06,Strength,149,159,55,1.73,30.6,6,3
41,1.81,59.8,18.25,Male,low,171,12974,885.6,4.3,2.99,None,149,146,81,1.32,10.9,2,2
40,1.51,47.7,20.92,Male,low,125,4073,336.3,5.0,1.82,Yoga,152,81,76,0.75,31.2,1,2
49,1.87,118.1,33.77,Female,low,99,2023,649.1,8.6,1.47,Strength,149,113,58,0.99,21.9,1,3
54,1.55,46.1,19.19,Male,high,80,11912,626.6,4.8,2.76,Yoga,156,76,65,1.49,30.7,5,1
29,1.63,117.1,44.07,Female,high,152,10937,438.3,7.1,2.25,Yoga,172,117,63,0.73,28.7,4,2
30,1.78,107.2,33.83,Female,low,156,11793,539.8,4.2,2.23,None,149,86,63,1.55,24.3,5,1
40,1.73,113.4,37.89,Female,low,102,7842,364.8,6.5,2.37,Strength,145,102,57,1.56,19.3,4,2
42,1.51,74.0,32.45,Male,moderate,105,10442,674.0,6.0,1.06,Yoga,125,93,60,0.91,26.6,2,2
52,1.91,59.8,16.39,Male,low,107,8099,492.8,7.6,1.01,Yoga,173,102,60,1.1,30.8,3,1
58,1.94,90.5,24.05,Female,low,148,14222,216.5,6.6,1.79,Yoga,175,150,64,1.9,22.6,4,1
47,1.84,100.6,29.71,Female,moderate,128,6326,865.5,6.4,1.81,Yoga,123,144,64,1.62,20.4,5,2
34,1.77,54.8,17.49,Male,high,89,5480,551.0,7.1,2.8,None,198,93,71,1.68,13.6,5,3
37,1.98,104.8,26.73,Male,moderate,99,13377,693.9,7.5,1.81,Yoga,155,138,69,1.27,32.4,4,3
42,1.56,60.6,24.9,Male,low,101,9736,337.9,7.2,1.9,Strength,182,83,79,0.82,16.7,5,3
39,1.87,81.9,23.42,Female,high,151,10000,289.1,8.4,2.37,Cardio,122,115,58,1.39,13.1,5,3
30,1.56,109.2,44.87,Male,low,172,7532,831.7,4.6,2.48,Strength,176,124,76,1.66,11.7,2,3
36,1.69,59.5,20.83,Male,high,174,13504,613.7,8.8,1.83,Yoga,199,84,64,0.51,28.8,5,1
53,1.79,63.1,19.69,Male,moderate,83,3135,545.3,7.4,2.4,Yoga,135,148,82,0.67,26.9,1,2
29,1.87,49.7,14.21,Female,moderate,140,14023,564.8,5.0,2.54,Strength,159,156,62,1.21,13.0,1,3
58,1.5,56.0,24.89,Male,low,118,8240,365.3,6.1,1.65,Cardio,172,128,55,1.16,23.3,3,2
36,1.63,56.0,21.08,Female,low,124,4898,838.9,5.5,1.59,None,125,84,78,1.97,13.8,1,1
29,1.77,60.3,19.25,Female,moderate,113,11840,350.0,7.6,3.23,Cardio,140,81,76,0.64,19.6,1,2
26,1.77,66.5,21.23,Female,low,118,12112,310.6,9.0,2.62,Cardio,196,106,71,0.99,29.6,2,1
24,1.82,106.1,32.03,Male,high,165,5795,851.0,8.3,1.78,Cardio,128,128,66,1.72,15.7,4,2
45,1.65,113.7,41.76,Male,moderate,138,10643,380.3,8.3,2.38,Strength,182,144,66,1.42,10.7,2,2
31,1.77,75.5,24.1,Male,moderate,119,7464,803.7,6.1,2.77,Cardio,162,157,79,1.34,14.8,5,1
48,1.59,54.6,21.6,Female,moderate,171,5209,740.8,6.2,1.06,None,191,137,67,1.61,20.0,1,2
36,1.59,61.8,24.45,Male,moderate,97,7093,467.4,5.0,3.3,Yoga,147,108,79,0.56,16.0,5,1
64,1.79,100.2,31.27,Female,high,61,9051,377.8,5.9,2.79,Strength,164,117,80,1.92,28.1,6,2
33,1.84,95.8,28.3,Male,moderate,124,7941,731.3,7.1,1.98,Strength,177,79,68,0.79,29.7,6,2
22,1.56,117.5,48.28,Male,low,67,13262,618.3,8.2,3.33,Cardio,148,93,62,0.62,16.0,6,3
52,1.56,46.1,18.94,Male,high,159,6978,377.8,4.3,1.14,Yoga,173,128,68,1.01,16.7,4,2
29,1.78,101.3,31.97,Male,high,70,11614,823.6,8.7,2.89,Yoga,176,88,61,1.55,24.0,4,3
42,1.64,82.9,30.82,Female,high,101,2915,704.7,5.2,2.32,Yoga,152,84,71,0.85,28.8,3,3
38,1.7,112.7,39.0,Female,low,175,8272,836.5,5.0,2.66,Strength,189,123,65,0.57,34.0,3,1
53,1.7,88.2,30.52,Female,low,114,10608,506.2,6.0,2.18,None,183,85,55,0.59,17.5,2,1
40,1.59,78.5,31.05,Female,low,100,1161,289.7,7.2,1.37,Yoga,123,105,62,0.88,32.8,1,2
33,1.5,94.9,42.18,Male,moderate,167,4011,846.9,6.8,1.65,Strength,135,140,67,0.7,14.5,6,1
56,1.93,107.5,28.86,Female,high,169,5369,621.0,5.3,2.16,Cardio,122,84,80,1.06,11.0,5,3
62,1.86,66.2,19.14,Female,low,160,9231,624.2,8.8,3.3,Yoga,182,95,78,0.76,29.8,3,2
59,1.85,53.1,15.51,Female,high,62,12055,609.0,7.0,1.17,Cardio,141,75,71,1.02,22.0,4,1
56,1.77,77.5,24.74,Male,moderate,70,1655,530.7,8.1,1.26,Yoga,137,120,78,1.17,11.9,4,1
31,1.85,61.1,17.85,Female,high,119,6300,378.5,8.6,1.38,Cardio,176,149,78,1.61,11.8,3,1
48,1.97,77.2,19.89,Female,high,69,5061,629.1,6.0,2.58,Strength,144,148,66,0.84,10.3,4,3
22,1.83,119.3,35.62,Male,moderate,71,7218,703.0,5.2,1.92,Cardio,147,94,80,1.21,17.7,1,1
52,1.63,88.1,33.16,Male,high,127,6222,841.6,7.2,1.37,Strength,159,95,70,1.72,28.4,1,2
40,1.79,97.0,30.27,Female,low,60,6506,250.5,5.7,1.3,Cardio,142,111,64,1.98,26.6,2,2
46,1.72,95.8,32.38,Female,low,99,13607,378.3,5.9,2.69,Cardio,127,88,83,1.34,35.0,1,2
60,1.78,106.6,33.64,Male,low,98,12436,743.7,4.7,2.16,Cardio,132,132,70,1.15,24.8,3,3
28,1.76,115.8,37.38,Female,high,75,9574,742.6,8.1,3.18,Yoga,163,131,84,1.45,12.8,3,1
35,1.93,94.4,25.34,Male,moderate,175,7518,348.4,7.9,2.01,None,166,131,82,1.23,34.5,1,2
64,1.83,80.7,24.1,Female,moderate,158,1567,329.3,7.2,2.64,None,129,143,57,0.75,27.3,3,1
29,1.59,68.8,27.21,Female,low,84,1577,457.0,5.9,2.99,Yoga,160,144,55,1.19,19.4,2,1
26,1.53,72.0,30.76,Female,moderate,87,3566,244.0,8.8,3.38,Cardio,186,98,73,1.97,16.2,2,2
27,1.71,70.1,23.97,Female,low,102,8725,711.3,5.8,3.17,Cardio,193,154,78,1.46,15.6,4,3
61,1.51,69.3,30.39,Female,high,66,5668,668.9,7.1,2.94,Yoga,168,134,84,0.93,33.9,2,2
34,1.66,97.1,35.24,Male,high,139,8134,801.1,4.7,2.03,Strength,183,97,62,1.92,20.5,5,2
55,1.68,89.1,31.57,Male,high,140,3297,501.0,4.7,3.46,Strength,134,121,70,1.08,22.2,1,3
24,1.69,60.1,21.04,Female,high,176,7976,645.7,8.8,1.66,Yoga,180,112,82,1.09,30.9,6,1
63,1.99,117.7,29.72,Female,moderate,88,3762,867.8,7.6,2.65,None,193,154,69,1.42,34.1,3,1
30,1.65,77.1,28.32,Female,high,134,1895,871.2,4.1,1.33,Strength,171,126,61,1.35,10.1,3,3
57,1.63,87.5,32.93,Male,low,141,11853,249.8,7.2,2.51,Yoga,165,87,56,0.94,34.8,2,2
59,1.56,97.7,40.15,Male,low,135,5734,201.3,4.2,2.72,Strength,178,82,67,1.2,11.9,2,3
26,1.76,91.0,29.38,Male,moderate,143,14558,872.0,7.7,1.23,Yoga,167,106,59,1.0,30.9,2,2
44,1.58,68.3,27.36,Male,low,122,4132,574.7,4.3,1.74,Strength,158,91,64,1.61,33.8,3,3
19,1.81,104.8,31.99,Male,low,70,9708,690.3,5.8,2.6,Strength,161,79,62,0.68,24.0,5,1
22,1.58,53.3,21.35,Male,moderate,60,11526,838.8,5.9,2.51,Yoga,170,146,67,1.63,23.8,3,3
46,1.79,87.7,27.37,Male,moderate,87,14884,503.2,7.0,2.67,None,169,124,73,0.74,26.7,2,3
54,1.91,65.5,17.95,Male,moderate,178,3287,508.5,5.1,1.31,None,185,157,60,0.96,18.8,5,2
55,1.52,91.2,39.47,Female,moderate,105,7319,316.9,7.5,2.29,Strength,160,86,72,1.0,14.1,2,2
36,1.71,61.3,20.96,Male,moderate,141,14281,834.1,6.7,3.32,Strength,177,118,62,1.99,11.7,5,2
25,1.73,102.9,34.38,Male,low,62,1778,653.4,5.7,3.38,None,123,151,63,1.38,32.0,6,3
62,1.9,62.1,17.2,Male,moderate,73,2290,326.2,7.9,1.32,Yoga,168,142,71,1.67,23.7,6,3
18,1.73,111.8,37.36,Male,high,98,11475,591.9,7.0,3.24,Cardio,122,133,58,1.33,27.4,2,2
39,1.78,109.6,34.59,Female,moderate,84,8780,429.7,8.5,2.44,Strength,151,84,76,1.97,18.3,5,1
34,1.9,72.2,20.0,Male,moderate,94,4847,303.0,6.6,2.88,Cardio,166,122,84,0.77,30.2,1,2
24,1.78,73.9,23.32,Female,high,89,3521,327.3,5.6,1.38,Strength,181,102,72,1.41,18.7,5,3
42,1.68,97.6,34.58,Female,high,99,9965,591.5,4.0,2.84,None,135,79,60,1.7,10.7,6,3
62,1.54,51.8,21.84,Female,high,143,10503,595.1,6.9,1.18,Yoga,187,118,65,1.44,18.4,2,2
21,1.86,51.1,14.77,Male,high,154,4508,753.0,8.5,2.58,Strength,137,105,77,1.85,31.3,4,2
53,1.94,55.2,14.67,Male,moderate,162,13009,373.6,4.7,2.67,Cardio,125,90,76,1.4,31.9,2,3
23,1.99,87.2,22.02,Male,high,70,9732,841.1,8.9,2.66,None,184,97,64,1.74,33.4,4,3
48,1.96,56.2,14.63,Female,low,125,8631,563.0,7.2,1.15,Strength,199,95,80,0.76,22.5,3,1
36,1.9,65.8,18.23,Female,low,98,5971,342.9,5.2,1.96,Yoga,156,76,65,0.89,33.9,5,2
61,1.82,93.5,28.23,Female,moderate,87,5823,489.3,8.7,2.86,Strength,192,97,62,1.17,22.5,5,2
56,1.89,46.2,12.93,Female,high,123,2983,846.4,8.9,2.99,Yoga,182,154,75,1.78,13.8,2,1
44,1.72,58.5,19.77,Male,high,162,8527,534.7,4.2,2.04,Yoga,178,85,57,1.14,22.6,3,3
27,1.8,114.7,35.4,Male,low,62,14842,812.3,8.8,1.41,None,153,147,56,1.44,31.7,6,3
43,1.67,94.8,33.99,Male,high,143,4178,311.9,5.3,2.25,Strength,156,76,72,1.09,29.6,2,1
36,1.66,67.9,24.64,Female,high,133,2987,839.8,7.7,2.63,Yoga,153,156,56,1.71,20.9,1,2
56,1.88,48.4,13.69,Female,low,151,14784,501.4,5.4,3.3,None,164,87,80,0.8,15.3,1,3
20,1.73,89.0,29.74,Male,high,178,5318,855.3,6.3,2.7,Strength,120,119,66,1.39,24.5,6,1
62,1.61,61.7,23.8,Male,low,172,2600,806.3,5.3,3.06,Yoga,172,146,59,1.37,33.3,4,1
30,1.6,117.0,45.7,Female,moderate,65,5914,662.0,7.6,1.66,None,181,84,80,1.1,14.4,6,1
45,1.93,96.5,25.91,Male,high,168,11614,671.0,8.0,3.08,Strength,134,155,58,1.56,30.7,5,3
37,1.84,118.1,34.88,Male,moderate,168,11320,348.1,7.7,2.53,Yoga,170,95,70,0.54,13.7,4,3
45,1.77,108.7,34.7,Female,low,95,10140,622.0,8.8,2.37,None,133,75,68,1.76,33.0,6,1
25,1.7,81.2,28.1,Female,moderate,62,8745,584.6,4.7,1.67,None,178,90,56,1.02,27.3,6,1
58,1.72,95.2,32.18,Female,low,144,8647,433.9,6.9,1.51,Strength,171,117,75,1.69,12.7,4,3
56,1.53,105.9,45.24,Male,moderate,146,5198,553.9,8.7,2.36,None,120,80,61,0.96,15.1,5,3
18,1.73,88.4,29.54,Female,moderate,79,8367,850.4,6.3,3.23,Strength,194,150,75,0.78,33.2,1,3
20,1.9,49.6,13.74,Male,high,129,4320,203.7,8.4,1.59,Strength,136,85,65,1.08,22.7,4,3
30,1.69,80.3,28.12,Male,low,175,5529,492.0,4.1,1.7,Yoga,175,156,78,1.7,21.3,5,3
45,1.69,54.8,19.19,Female,high,116,1431,433.5,8.7,3.37,Strength,124,140,66,1.56,11.5,6,1
42,1.51,98.6,43.24,Male,low,111,4945,872.9,4.3,1.07,None,136,123,76,1.1,12.1,1,3
50,1.73,96.0,32.08,Female,moderate,68,10554,881.7,4.3,2.21,Strength,137,94,83,1.91,27.3,5,3
55,1.51,119.5,52.41,Female,moderate,164,12576,610.0,5.8,2.32,Yoga,174,95,79,1.11,29.4,5,1
23,1.79,92.2,28.78,Male,low,134,6230,585.0,8.2,2.69,None,166,110,80,1.03,31.7,2,1
61,1.75,105.0,34.29,Male,low,166,9121,832.2,4.4,1.48,Yoga,199,112,59,0.72,22.6,1,2
62,1.92,65.1,17.66,Female,low,127,2704,204.6,8.6,2.43,Cardio,168,130,78,0.61,18.2,4,3
49,1.79,70.5,22.0,Female,low,129,12292,593.6,5.1,1.27,Yoga,142,85,70,1.02,25.6,6,2
62,1.66,113.8,41.3,Female,high,109,12458,217.2,4.2,1.67,Cardio,140,92,84,0.64,25.5,5,2
64,1.76,101.6,32.8,Female,low,65,12615,877.7,6.8,1.04,Cardio,148,155,76,1.19,10.9,2,1
38,1.85,94.1,27.49,Female,low,102,9846,424.1,8.1,2.13,Strength,179,119,61,1.79,33.5,3,1
33,1.55,64.1,26.68,Female,low,115,6096,564.6,8.9,1.44,None,165,100,82,1.21,26.1,6,2
38,1.81,97.4,29.73,Male,moderate,76,6756,492.3,5.2,1.24,Strength,129,133,62,1.22,10.2,3,2
28,1.96,111.5,29.02,Male,high,91,4764,825.5,8.2,1.86,None,172,80,58,0.88,34.0,2,2
54,1.65,62.3,22.88,Male,moderate,147,12084,899.9,4.7,1.2,Yoga,126,117,58,0.75,33.8,1,2
53,1.81,98.0,29.91,Male,low,70,7165,247.9,7.7,2.66,Cardio,149,126,81,0.83,33.6,3,3
52,1.91,74.5,20.42,Female,high,166,2868,712.4,4.2,1.5,Cardio,174,136,60,1.35,32.2,4,2
36,1.76,53.9,17.4,Male,moderate,85,2685,457.6,5.9,2.78,Cardio,184,91,56,1.39,14.6,2,1
37,1.86,102.3,29.57,Male,high,77,10863,297.4,8.1,3.1,Yoga,140,151,63,0.83,34.4,5,2
35,1.66,57.5,20.87,Female,moderate,89,12067,483.8,4.6,2.85,Yoga,126,120,82,1.1,29.0,2,2
64,1.65,64.0,23.51,Male,low,123,13190,898.7,7.0,2.91,Strength,163,115,62,1.35,26.0,4,1
58,1.83,103.7,30.97,Female,low,166,7234,450.3,8.1,2.61,Strength,187,87,72,1.64,33.6,2,2
31,1.85,100.7,29.42,Female,low,91,6412,394.2,5.0,1.94,None,134,80,82,0.98,19.5,4,1
32,1.97,64.1,16.52,Female,high,116,8697,792.3,8.0,1.87,None,121,107,66,0.91,33.3,4,3
48,1.61,115.6,44.6,Female,low,121,10247,807.6,5.5,2.42,Cardio,122,78,70,1.6,25.1,2,3
18,1.73,61.1,20.41,Female,low,66,5075,437.2,6.0,1.62,Yoga,167,152,84,1.27,24.5,2,1
20,1.63,119.5,44.98,Male,moderate,64,9100,409.1,7.8,1.86,Yoga,187,124,55,1.79,26.1,2,3
33,1.54,100.3,42.29,Male,low,129,10106,653.1,8.1,1.39,Strength,166,122,80,0.82,28.9,5,3
40,1.7,74.4,25.74,Male,high,73,13677,343.6,5.5,2.95,Strength,162,101,74,1.66,21.1,5,3
28,1.69,54.8,19.19,Female,high,143,4225,538.6,5.1,2.84,None,146,80,84,0.74,34.5,6,1
29,1.64,69.0,25.65,Male,moderate,142,14842,298.9,6.8,2.26,None,123,132,81,1.38,12.2,4,2
27,1.65,59.5,21.85,Male,low,156,3555,413.3,6.9,1.92,Strength,155,137,58,0.93,32.8,3,3
49,1.68,91.6,32.45,Male,moderate,162,6638,408.2,4.4,2.74,Strength,199,75,68,0.65,26.4,2,2
33,1.99,71.8,18.13,Male,low,105,11844,686.4,6.8,1.21,Yoga,171,102,72,1.43,32.7,6,2
25,1.89,67.1,18.78,Female,moderate,71,4077,397.6,7.2,1.12,None,164,103,59,1.26,19.2,3,3
55,1.54,101.8,42.92,Male,moderate,142,7008,828.9,4.5,2.75,Strength,170,102,82,1.23,30.7,1,3
29,1.94,62.3,16.55,Female,low,172,11954,888.1,8.1,2.38,Strength,151,148,57,1.39,25.4,1,2
41,1.82,89.0,26.87,Female,moderate,179,5206,256.7,6.5,2.83,Cardio,121,156,73,1.06,30.8,2,3
45,1.95,59.6,15.67,Male,low,162,14059,478.4,7.0,1.7,Strength,136,142,66,1.51,18.1,1,1
25,1.67,98.6,35.35,Female,moderate,109,14182,411.3,6.6,1.27,Strength,142,115,80,0.7,32.9,3,1
45,1.73,91.9,30.71,Female,moderate,167,7133,446.4,6.4,2.07,Yoga,163,129,82,1.57,33.1,1,3
53,1.95,104.9,27.59,Female,high,138,7205,385.7,5.5,2.07,Strength,165,106,73,1.37,21.9,2,2
43,1.64,50.1,18.63,Female,high,132,10440,467.9,5.8,2.9,None,131,143,74,1.23,20.0,4,3
25,1.96,60.8,15.83,Female,high,100,4992,299.0,7.6,1.31,Cardio,173,96,65,0.69,24.4,5,1
45,1.91,56.6,15.51,Female,moderate,140,2372,395.9,7.2,3.37,Yoga,132,131,75,0.92,15.0,5,2
45,1.99,59.3,14.97,Female,low,67,2998,723.5,7.0,1.14,None,193,96,74,0.94,22.4,5,3
54,1.66,52.7,19.12,Male,moderate,62,12968,440.8,8.0,1.78,Cardio,187,140,63,0.85,32.4,4,1
58,1.62,87.2,33.23,Male,high,111,1020,345.5,6.7,2.76,Cardio,190,115,74,1.93,19.1,1,2
53,1.67,89.5,32.09,Female,moderate,137,1014,275.9,5.5,2.79,Strength,185,117,81,1.87,28.4,5,1
44,1.98,108.3,27.62,Female,low,70,9841,443.6,7.0,2.42,Cardio,134,108,77,1.32,25.6,3,3
34,1.67,76.3,27.36,Male,moderate,107,7893,650.4,7.9,1.18,Cardio,181,76,80,0.81,16.5,1,3
26,1.78,84.9,26.8,Male,moderate,71,5624,377.3,8.4,3.14,Strength,192,133,81,1.87,23.3,4,1
50,1.7,119.3,41.28,Male,moderate,176,4416,495.7,6.5,2.59,Yoga,143,110,59,1.62,31.3,6,1
37,1.7,84.9,29.38,Male,low,110,11240,866.7,5.8,2.9,Strength,189,82,64,0.56,23.9,5,1
30,1.6,88.0,34.37,Female,low,63,7685,586.7,8.2,1.97,Yoga,180,107,63,1.24,27.4,1,1
45,1.77,119.7,38.21,Female,high,173,4282,572.4,6.1,1.61,Cardio,190,107,79,1.41,29.4,4,1
46,1.92,119.6,32.44,Male,low,76,2280,487.0,8.8,2.8,None,199,142,67,0.6,11.2,2,2
30,1.52,76.8,33.24,Male,moderate,174,1496,589.8,6.2,3.04,Yoga,191,92,83,0.57,11.3,6,3
63,1.94,92.6,24.6,Male,low,88,6815,889.2,8.9,3.03,Yoga,122,138,83,1.2,12.9,5,2
52,1.83,81.1,24.22,Male,high,169,2066,377.7,4.5,2.79,Yoga,148,135,62,0.5,14.1,2,1
23,1.81,99.1,30.25,Female,low,82,8870,859.3,5.7,1.35,Yoga,140,157,76,0.57,30.3,2,2
35,1.81,115.4,35.22,Male,high,121,4894,304.3,5.4,1.55,Cardio,173,84,67,0.75,20.9,5,3
22,1.65,68.2,25.05,Male,low,179,4039,277.8,9.0,2.25,None,125,124,82,1.86,14.6,3,1
64,1.71,106.4,36.39,Male,moderate,138,10138,658.3,8.3,2.27,Yoga,130,96,81,1.65,23.3,2,1
42,1.9,94.1,26.07,Female,moderate,71,3147,375.8,7.7,2.22,None,189,113,76,1.18,29.1,4,3
19,1.65,66.0,24.24,Female,moderate,107,12500,511.1,8.6,3.07,Cardio,146,139,82,1.22,13.5,3,2
27,1.74,104.8,34.61,Female,low,92,4361,710.8,8.6,1.31,Yoga,196,104,72,1.53,18.6,2,3
47,1.51,77.0,33.77,Male,moderate,72,13350,574.4,5.0,2.98,None,179,79,77,1.21,14.9,2,3
62,1.87,54.0,15.44,Male,moderate,154,10348,209.6,5.7,1.06,Yoga,192,100,63,0.6,26.2,5,2
22,1.71,119.5,40.87,Male,low,133,13832,414.1,4.2,1.81,Yoga,191,137,63,1.61,13.4,5,2
50,1.76,76.9,24.83,Female,high,158,9361,245.3,5.5,1.49,Cardio,146,120,56,0.59,29.5,1,1
18,1.56,85.6,35.17,Female,high,97,7143,848.3,7.6,2.32,Yoga,151,105,79,1.23,15.2,6,1
35,2.0,105.6,26.4,Male,moderate,175,8373,756.3,7.6,2.31,None,152,115,61,1.79,11.5,5,1
49,1.65,117.1,43.01,Male,moderate,146,9159,888.7,6.2,2.27,None,124,86,59,0.68,32.8,5,3
64,1.82,110.5,33.36,Female,high,170,2242,819.6,4.8,1.72,Cardio,128,91,75,1.56,18.3,1,2
28,1.79,84.4,26.34,Male,moderate,136,13758,532.7,4.2,2.3,Strength,132,92,60,0.57,22.6,3,2
38,1.89,85.9,24.05,Male,high,173,6323,817.8,5.2,2.76,Strength,125,140,67,1.99,12.5,6,1
43,1.65,66.1,24.28,Male,moderate,154,10707,670.7,4.4,1.98,Cardio,193,113,78,1.52,22.0,6,3
42,1.88,79.7,22.55,Female,moderate,109,11845,567.2,9.0,3.32,Cardio,155,148,72,1.95,15.6,1,3
39,1.69,116.0,40.61,Male,moderate,162,2111,459.5,4.7,1.17,Strength,169,107,57,1.5,31.0,5,2
44,1.71,99.5,34.03,Male,low,71,5998,676.7,8.1,3.47,Strength,180,149,64,0.86,27.8,3,2
30,1.84,45.9,13.56,Male,high,146,11435,613.1,5.9,2.9,None,167,82,77,1.89,26.6,6,2
50,1.89,53.7,15.03,Male,low,85,8623,629.9,7.1,2.48,None,130,100,57,1.44,29.5,1,2
51,1.83,114.3,34.13,Female,moderate,154,7750,479.9,6.7,1.51,None,136,150,55,1.36,17.3,1,3
58,1.95,108.7,28.59,Female,high,150,3586,717.5,4.3,2.57,Strength,121,109,60,1.14,21.3,6,1
52,1.64,81.5,30.3,Female,low,142,12672,256.9,8.5,3.01,Cardio,126,131,77,0.93,12.2,1,2
18,1.95,91.3,24.01,Male,high,172,14474,708.3,8.5,1.63,Yoga,176,153,70,1.3,11.7,5,2
38,1.57,66.7,27.06,Female,moderate,136,2057,711.5,5.5,1.1,None,150,95,79,1.05,18.2,2,2
23,1.83,104.5,31.2,Male,moderate,153,6695,561.2,4.7,2.11,Yoga,178,111,71,1.78,30.6,1,3
45,1.77,90.2,28.79,Female,moderate,124,11937,384.3,4.5,1.76,Cardio,165,79,81,0.54,24.9,3,1
34,1.75,97.1,31.71,Male,low,62,7532,563.5,8.2,1.72,Strength,198,91,70,1.3,20.6,5,3
22,1.66,73.1,26.53,Female,moderate,67,9845,286.2,6.9,2.81,None,126,156,79,1.75,34.2,3,1
48,1.75,77.3,25.24,Female,moderate,149,11883,399.6,5.9,1.37,Strength,133,99,64,0.54,21.1,2,3
22,1.58,60.6,24.27,Female,high,132,13919,494.9,5.7,2.63,Cardio,128,135,61,0.92,21.7,6,2
55,1.68,116.1,41.14,Male,moderate,89,3089,671.3,6.7,1.15,None,128,111,62,0.58,34.8,6,2
20,1.55,116.0,48.28,Male,low,102,12994,331.1,5.4,3.3,Cardio,121,158,57,1.39,13.3,3,1
40,1.79,106.3,33.18,Male,high,73,12029,310.7,4.1,2.47,Cardio,135,140,59,0.98,16.4,1,3
54,1.55,115.2,47.95,Female,moderate,76,14301,625.5,6.1,3.33,None,121,87,73,1.94,21.3,6,1
54,1.58,94.9,38.01,Male,low,176,13354,675.7,8.4,3.17,Yoga,198,114,61,1.42,24.3,3,3
27,1.54,62.6,26.4,Male,high,130,7036,258.6,8.0,3.17,None,189,116,72,1.34,13.7,3,2
27,1.69,102.0,35.71,Male,moderate,99,3980,223.2,8.6,1.3,Strength,142,158,76,1.88,18.2,5,1
36,1.92,69.4,18.83,Male,low,125,14567,303.0,7.3,2.74,Yoga,147,144,80,0.84,15.5,6,1
34,1.95,78.0,20.51,Male,high,144,13166,830.7,4.2,2.0,None,162,149,72,1.34,31.2,3,2
38,1.54,65.6,27.66,Male,moderate,67,12398,670.8,6.3,2.15,None,182,99,79,1.31,30.9,4,2
31,1.82,76.8,23.19,Female,low,161,3791,844.7,4.1,1.7,None,136,116,60,0.62,16.0,4,2
26,1.84,95.9,28.33,Female,moderate,179,5972,665.3,8.8,1.35,None,155,84,59,1.9,20.9,5,2
63,1.77,53.3,17.01,Male,high,65,11100,875.7,7.4,1.77,None,138,117,60,1.55,26.3,4,2
18,1.83,52.9,15.8,Female,moderate,77,3140,507.2,4.1,2.37,Strength,124,142,83,1.83,11.2,5,2
62,1.62,96.3,36.69,Female,low,162,12500,619.4,8.8,2.03,Cardio,142,102,82,1.97,32.1,3,3
30,1.74,103.5,34.19,Male,moderate,125,14420,620.8,5.9,2.76,Strength,138,98,60,1.22,22.8,6,3
21,1.7,86.4,29.9,Male,low,61,13500,202.2,4.7,3.1,Cardio,120,115,76,1.71,15.7,5,1
18,1.54,58.6,24.71,Female,high,119,12428,219.2,7.6,1.53,None,146,135,80,1.37,19.9,4,3
57,1.81,77.3,23.6,Male,moderate,62,10299,301.7,4.8,1.14,Strength,162,79,76,1.97,32.5,1,1
49,1.75,101.9,33.27,Female,moderate,152,6790,557.8,5.1,3.48,Cardio,144,85,79,0.87,10.6,1,3
51,1.64,96.4,35.84,Female,low,172,3297,501.4,4.4,3.21,Cardio,173,82,77,0.52,13.6,4,3
45,1.74,53.2,17.57,Female,high,66,14100,577.8,7.5,1.66,None,125,95,65,0.78,14.8,1,2
48,1.89,117.7,32.95,Male,moderate,106,10926,760.3,5.1,1.41,None,195,138,71,0.69,11.5,5,3
25,1.9,61.8,17.12,Female,low,89,3274,775.6,8.1,3.38,Yoga,144,79,80,1.16,15.6,4,3
56,1.82,61.5,18.57,Male,low,94,4866,883.9,7.1,1.58,Yoga,193,108,63,0.62,30.4,2,3
43,1.73,79.5,26.56,Male,low,118,8361,590.3,5.9,1.55,Cardio,165,83,76,0.83,23.2,3,2
51,1.79,69.5,21.69,Male,moderate,177,2506,443.1,8.9,1.27,Yoga,178,112,70,0.64,25.1,2,2
20,1.69,118.8,41.6,Male,high,140,8708,415.6,5.0,1.72,Strength,174,117,64,1.23,13.9,5,3
29,1.56,50.7,20.83,Male,high,121,6340,438.5,7.8,3.1,Cardio,143,84,69,0.9,17.0,4,1
18,1.69,68.0,23.81,Female,moderate,106,1365,426.7,4.8,2.42,Strength,194,86,62,1.21,32.9,3,3
61,1.77,73.7,23.52,Male,high,178,7972,475.0,5.1,1.23,Yoga,143,92,68,0.63,15.3,2,2
22,1.8,82.0,25.31,Male,moderate,140,4873,252.4,4.6,3.42,Strength,122,86,70,1.28,32.7,5,2
47,1.97,46.2,11.9,Male,low,76,14329,643.4,8.7,2.35,Cardio,159,105,73,0.7,26.6,6,1
47,1.89,51.2,14.33,Male,low,173,8579,597.6,6.4,2.04,Strength,139,85,57,0.65,22.6,5,2
34,1.58,64.3,25.76,Male,moderate,112,1285,523.4,8.2,2.96,Cardio,188,101,67,0.97,14.3,1,2
64,1.59,86.6,34.25,Female,moderate,92,1382,256.8,4.3,2.4,Yoga,196,95,84,1.81,26.8,3,3
40,1.55,102.6,42.71,Male,low,122,6250,265.2,6.9,3.24,Cardio,189,148,82,1.68,32.2,3,1
32,1.87,96.5,27.6,Male,low,101,11915,581.6,6.3,2.76,Yoga,185,87,63,1.94,14.0,2,2
54,1.85,87.5,25.57,Female,low,107,12236,225.6,8.9,2.67,None,188,119,66,1.19,10.2,3,2
38,1.99,74.8,18.89,Male,high,121,11234,707.4,8.0,1.84,Yoga,198,121,79,0.97,28.5,2,3
31,1.76,110.3,35.61,Female,high,158,12032,895.6,8.6,3.47,Cardio,127,99,59,1.96,25.0,4,3
19,1.91,79.5,21.79,Female,moderate,66,14846,618.2,6.4,2.63,Cardio,174,151,75,1.07,22.6,4,3
28,1.79,67.4,21.04,Female,moderate,174,4904,706.4,8.1,2.1,None,156,138,73,0.51,21.4,4,3
56,1.94,92.2,24.5,Female,moderate,162,12428,507.3,5.0,1.37,None,192,144,61,1.73,22.4,2,1
55,1.86,96.9,28.01,Male,low,114,2684,667.2,7.5,2.39,Yoga,191,102,61,0.75,19.4,6,3
51,1.82,74.9,22.61,Male,moderate,160,4549,656.2,8.9,2.67,Strength,133,94,73,1.58,12.1,6,1
55,1.78,47.1,14.87,Female,low,143,4935,776.9,7.1,1.93,Strength,167,158,62,0.52,29.4,2,2
51,1.86,52.1,15.06,Female,moderate,97,2966,697.9,4.1,1.16,None,186,115,60,0.67,21.7,4,2
35,1.71,108.4,37.07,Male,low,149,8895,724.3,5.7,3.0,Yoga,151,78,57,1.23,30.6,4,3
47,1.55,49.2,20.48,Female,high,128,12695,589.6,7.0,2.63,None,155,158,76,0.6,34.6,3,3
32,1.52,89.4,38.69,Female,low,176,3212,539.2,4.6,2.71,None,124,143,55,1.83,14.3,3,3
44,1.74,58.8,19.42,Female,low,98,6082,521.1,6.0,1.61,Cardio,198,98,60,1.62,29.8,2,2
51,1.8,62.2,19.2,Male,high,88,9293,474.4,6.3,1.33,Cardio,137,91,77,0.99,34.4,1,2
55,1.54,65.5,27.62,Female,moderate,137,10539,386.2,8.4,2.13,Cardio,130,79,74,1.4,28.1,6,2
50,1.64,47.9,17.81,Male,high,88,8837,223.3,6.9,1.6,None,193,131,74,1.57,16.1,1,1
41,1.66,58.3,21.16,Male,low,168,11001,669.8,6.7,2.95,Yoga,123,100,73,1.63,32.4,3,2
32,1.78,93.8,29.6,Male,moderate,162,9325,830.7,5.8,2.33,Strength,139,146,75,1.09,29.8,5,3
47,1.64,82.4,30.64,Female,moderate,161,11413,851.3,5.9,1.33,Strength,124,147,82,1.85,21.2,1,1
59,1.55,104.8,43.62,Female,moderate,114,10000,606.4,6.8,1.49,Cardio,182,91,67,1.91,24.3,2,1
34,1.58,49.6,19.87,Male,low,138,6518,265.9,4.8,3.22,Yoga,173,130,81,0.79,28.0,5,1
22,1.59,111.7,44.18,Male,moderate,119,9038,815.1,6.3,2.58,Cardio,184,82,71,1.87,13.1,2,2
46,1.92,119.7,32.47,Male,moderate,165,7436,723.4,6.5,2.0,Yoga,196,138,76,1.57,33.2,3,2
21,1.64,46.2,17.18,Female,high,125,12289,376.0,7.4,2.8,Yoga,132,143,72,1.83,34.7,6,2
27,1.86,117.6,33.99,Female,high,63,7630,762.5,7.0,3.02,Yoga,198,84,74,1.14,18.3,2,2
34,1.78,62.7,19.79,Male,moderate,79,7720,530.4,5.6,1.29,None,192,124,84,1.49,27.9,1,3
27,1.99,96.9,24.47,Male,moderate,161,11477,821.3,6.7,3.1,Yoga,122,129,60,0.85,20.5,4,1
34,1.64,66.9,24.87,Female,high,110,10369,373.3,4.1,3.37,None,121,88,65,1.63,10.7,2,1
37,1.58,84.1,33.69,Male,high,141,5145,760.6,7.4,1.23,Strength,131,101,81,1.37,34.0,1,1
41,1.53,83.3,35.58,Female,moderate,165,5726,698.3,5.2,1.81,Strength,175,79,60,1.22,13.6,4,1
22,1.62,72.1,27.47,Female,low,129,6661,210.1,8.2,1.42,None,177,153,82,1.54,11.9,2,1
51,1.84,98.8,29.18,Male,low,114,6281,594.3,7.6,2.07,Strength,171,102,80,1.33,30.9,5,3
23,1.54,90.0,37.95,Male,high,105,6871,700.9,4.8,1.55,Strength,134,79,61,1.65,10.8,2,3
19,1.62,83.1,31.66,Female,low,106,7189,309.5,5.6,1.91,Cardio,120,86,55,1.79,27.2,2,1
30,1.93,118.7,31.87,Female,low,145,6698,572.3,7.7,1.6,None,191,82,82,1.7,33.3,2,1
60,1.79,115.5,36.05,Female,low,135,6371,412.9,7.5,1.01,None,190,133,76,0.96,20.2,5,2
60,1.53,116.7,49.85,Female,low,129,11258,687.4,6.7,1.05,None,164,139,79,1.96,11.7,2,1
28,1.52,111.1,48.09,Female,low,73,7329,578.1,5.5,2.29,Cardio,135,134,78,1.47,15.5,5,3
64,1.53,64.1,27.38,Male,moderate,141,6874,635.0,6.6,2.28,None,136,154,62,0.99,33.7,2,2
40,1.97,71.2,18.35,Female,moderate,146,4558,250.8,9.0,1.09,Strength,149,129,81,0.56,21.6,4,3
33,1.92,62.3,16.9,Female,low,143,10580,296.5,6.0,2.75,Yoga,156,117,68,1.98,23.5,4,2
48,1.92,119.0,32.28,Female,high,142,4724,586.5,6.6,1.07,Cardio,137,115,76,1.4,13.9,5,2
28,1.96,56.4,14.68,Male,low,64,8196,326.8,8.0,2.22,Cardio,195,84,74,0.84,33.0,4,1
33,1.75,72.5,23.67,Male,high,91,8092,549.1,4.1,1.99,None,130,149,55,1.24,22.9,2,3
25,1.62,59.9,22.82,Female,low,149,9649,683.0,8.6,3.21,Yoga,179,158,59,1.1,23.2,1,3
21,1.7,61.8,21.38,Female,moderate,172,10616,766.8,8.2,2.44,Yoga,178,81,83,1.93,24.4,1,1
57,1.86,63.5,18.35,Male,moderate,101,1542,300.1,6.7,3.06,Yoga,189,95,59,1.24,29.2,2,2
21,1.94,93.0,24.71,Male,high,175,11931,719.3,6.7,3.5,Strength,145,149,68,1.23,15.1,4,2
42,1.72,50.7,17.14,Male,high,99,12432,454.2,8.6,1.44,Yoga,199,118,61,1.69,33.6,3,3
20,1.77,87.9,28.06,Male,high,154,13763,675.3,7.5,1.16,None,157,156,71,1.09,14.4,1,1
49,1.97,106.4,27.42,Female,low,177,11040,301.7,7.8,2.94,Strength,128,111,83,0.79,14.9,4,1
20,1.55,102.5,42.66,Male,low,79,9071,560.6,5.1,2.58,Yoga,192,118,65,1.65,10.3,6,3
44,1.93,56.3,15.11,Female,high,104,3141,786.3,4.0,2.59,None,165,139,76,1.87,10.5,6,2
46,1.58,113.6,45.51,Female,high,71,10958,274.5,6.2,1.79,Strength,163,80,61,0.57,20.7,5,2
49,1.74,102.8,33.95,Male,high,100,10692,779.4,4.5,1.26,Strength,161,112,55,1.79,14.6,4,1
36,1.61,45.4,17.51,Male,moderate,173,5086,516.9,6.1,2.8,Yoga,192,117,69,1.16,15.3,1,2
38,1.8,100.3,30.96,Male,low,169,7965,776.3,7.2,2.36,Strength,188,131,73,0.93,34.7,3,2
22,1.78,100.3,31.66,Male,high,69,5300,870.9,7.0,2.25,Cardio,142,149,64,0.56,33.2,3,2
35,1.69,82.3,28.82,Female,moderate,176,3842,311.8,7.4,2.84,None,153,154,63,0.81,18.1,1,3
45,1.93,48.4,12.99,Female,high,165,12582,672.2,4.7,3.47,Yoga,141,144,67,1.0,18.6,2,1
59,1.83,88.5,26.43,Female,moderate,61,12995,364.6,5.2,2.85,None,188,139,78,0.61,17.3,1,3
39,1.86,102.4,29.6,Male,high,115,1566,294.9,7.5,3.34,None,184,129,67,0.78,32.1,5,3
38,1.58,65.3,26.16,Female,moderate,75,10515,639.7,4.9,2.0,Cardio,145,109,84,1.61,12.5,4,2
23,1.94,95.0,25.24,Male,moderate,104,10545,275.6,5.1,3.25,Strength,174,98,80,1.53,24.6,1,1
18,1.58,71.5,28.64,Female,moderate,106,7316,525.6,7.4,2.82,Cardio,134,112,60,1.65,14.7,5,2
22,1.61,88.0,33.95,Male,low,100,4279,645.2,7.6,1.93,Cardio,185,77,62,0.75,29.0,2,1
58,1.56,73.8,30.33,Female,low,103,5320,549.7,5.5,2.27,Strength,172,125,66,0.56,25.8,3,2
29,1.72,67.8,22.92,Female,moderate,173,7681,687.9,8.4,1.51,Yoga,198,135,56,1.2,19.7,2,1
43,1.94,109.2,29.01,Male,low,130,10465,761.0,8.2,1.2,None,130,114,83,1.01,12.5,1,1
63,1.63,101.5,38.2,Female,high,117,12924,810.6,7.0,2.17,Yoga,177,128,70,1.67,29.2,3,2
51,1.69,70.9,24.82,Female,low,114,14797,591.9,8.1,3.48,Yoga,161,140,83,1.31,11.9,4,2
31,1.92,77.6,21.05,Male,high,142,3072,393.6,8.9,3.18,Cardio,188,134,66,1.9,16.8,1,3
43,1.81,96.9,29.58,Male,moderate,144,8759,556.8,8.7,1.04,Strength,152,89,77,0.59,16.3,6,3
62,1.88,105.8,29.93,Male,high,84,13730,471.4,4.6,3.42,Strength,163,120,72,1.05,24.5,3,1
44,1.61,96.3,37.15,Male,high,174,7822,358.1,5.9,2.17,None,126,129,57,1.11,22.8,1,2
26,1.86,85.6,24.74,Male,high,174,5033,570.3,7.6,1.45,Strength,198,78,72,0.69,17.0,4,2
43,1.61,116.6,44.98,Female,low,71,14225,215.9,4.4,3.29,Yoga,171,98,65,1.37,20.8,1,3
64,1.99,103.1,26.03,Male,high,77,3709,623.9,4.7,3.31,Strength,132,157,59,0.56,20.9,5,2
39,1.78,53.7,16.95,Female,high,124,14697,775.1,6.0,3.12,Strength,151,114,67,1.57,24.3,2,1
64,1.85,86.9,25.39,Female,low,164,13986,899.6,4.0,2.55,Yoga,158,101,64,0.56,32.5,1,1
47,1.56,75.7,31.11,Male,moderate,138,13426,845.2,6.2,1.59,None,197,153,75,1.81,13.5,6,1
60,1.63,104.6,39.37,Female,high,113,14224,262.9,6.0,1.6,None,182,126,76,0.6,23.9,6,3
34,1.57,48.3,19.6,Female,high,123,1219,313.7,7.5,3.41,Yoga,139,111,69,1.18,10.5,6,1
43,1.7,75.8,26.23,Male,low,122,5227,297.1,4.5,1.7,Strength,135,75,60,0.73,27.5,5,3
53,1.64,68.9,25.62,Female,moderate,74,13954,590.8,6.2,2.06,Strength,149,150,70,0.7,26.0,5,3
18,1.87,55.6,15.9,Male,high,179,10645,232.2,8.8,2.88,None,138,83,77,1.58,27.4,6,1
25,1.55,73.4,30.55,Male,moderate,128,5161,855.9,8.4,3.06,None,193,157,84,1.66,21.9,1,3
52,1.88,95.5,27.02,Male,high,140,6098,243.3,7.6,2.03,None,191,92,62,1.61,14.7,6,3
32,1.52,72.1,31.21,Female,moderate,158,11979,473.9,8.9,1.99,Cardio,197,113,74,1.11,21.2,3,1
64,1.6,88.5,34.57,Female,high,152,2718,825.8,4.5,1.89,None,194,149,79,1.99,10.6,3,1
39,1.9,89.5,24.79,Female,low,65,10893,863.9,5.3,1.97,Strength,149,149,57,1.01,19.5,2,3
31,1.87,89.0,25.45,Female,low,88,1388,525.7,4.7,2.9,None,153,104,59,0.87,31.0,3,3
43,1.74,84.7,27.98,Male,low,85,13552,541.9,7.8,1.15,Strength,158,94,69,1.99,18.5,4,2
45,1.52,53.8,23.29,Female,low,179,13668,645.3,8.3,3.0,Strength,168,89,57,1.97,24.8,1,1
40,1.8,61.4,18.95,Male,moderate,134,8885,485.3,7.2,1.54,Strength,124,138,69,1.39,16.5,3,2
31,1.7,105.0,36.33,Female,moderate,166,8353,427.3,5.3,1.4,None,162,99,56,0.81,13.4,4,3
41,1.66,82.7,30.01,Female,moderate,60,11487,717.6,4.6,1.3,None,166,123,66,0.86,23.0,6,2
19,1.82,98.0,29.59,Female,moderate,139,8163,616.8,6.7,1.59,Yoga,178,141,81,1.28,10.9,4,3
62,1.72,87.7,29.64,Female,low,88,11059,537.2,4.7,3.08,None,188,100,59,1.66,32.6,5,2
43,1.55,47.9,19.94,Female,high,135,7964,270.6,4.8,2.34,None,136,119,63,0.62,29.4,3,3
31,1.96,104.7,27.25,Male,moderate,74,9498,248.2,6.8,1.67,None,138,80,76,1.53,34.9,2,3
24,1.89,49.8,13.94,Female,high,105,3990,557.6,4.5,1.46,Cardio,165,106,58,0.65,34.8,4,3
20,1.53,115.7,49.43,Female,low,123,13712,633.6,8.6,2.92,None,175,149,77,1.77,28.2,6,1
64,1.76,61.2,19.76,Female,moderate,96,5910,660.3,5.0,2.26,Cardio,145,151,80,1.3,29.4,3,3
40,1.54,83.4,35.17,Female,moderate,114,14915,826.4,8.1,1.3,Strength,185,91,75,1.98,23.2,1,1
63,1.92,49.8,13.51,Male,moderate,115,6706,771.4,6.9,1.94,Strength,133,120,82,1.63,15.5,2,3
60,1.81,112.1,34.22,Female,high,133,4667,298.5,4.8,2.11,Strength,171,127,61,1.25,30.2,3,2
64,1.59,118.5,46.87,Male,low,76,12930,756.1,8.9,1.88,Strength,123,78,70,0.71,16.7,1,3
62,1.51,56.0,24.56,Female,high,138,4128,673.4,6.6,1.66,Cardio,122,152,67,1.31,26.2,4,3
35,1.52,67.2,29.09,Male,low,173,4184,779.6,5.2,1.82,Cardio,198,102,56,0.67,28.3,4,2
55,1.75,46.2,15.09,Male,high,148,12384,790.3,5.1,2.85,Strength,141,145,56,1.86,24.1,1,3
52,1.87,104.0,29.74,Male,moderate,131,1560,441.9,4.6,3.38,None,169,90,63,0.85,26.6,3,3
32,1.56,68.4,28.11,Male,moderate,116,8031,384.3,6.8,1.06,Strength,183,152,69,1.8,17.3,4,3
42,1.61,89.2,34.41,Male,moderate,81,8345,586.8,7.1,2.57,Strength,129,113,58,0.96,29.0,6,2
54,1.66,47.9,17.38,Female,moderate,66,5803,409.0,6.9,1.18,Cardio,175,104,71,0.83,33.6,3,3
45,1.61,98.7,38.08,Male,low,132,5399,444.8,8.2,1.51,Strength,135,153,63,0.96,22.1,4,1
27,1.7,84.7,29.31,Female,high,62,3637,248.4,4.3,2.36,Cardio,156,131,69,1.56,13.0,5,1
56,1.78,99.4,31.37,Male,low,113,3565,894.0,4.1,2.98,Yoga,174,130,55,1.29,25.5,6,1
34,1.84,104.2,30.78,Male,high,115,11562,416.5,8.2,2.09,Cardio,141,113,84,0.66,18.5,4,1
56,1.98,51.7,13.19,Female,low,123,8901,746.1,4.6,3.2,Strength,151,116,81,0.71,20.5,4,2
39,1.97,88.4,22.78,Male,moderate,68,6545,895.2,4.7,2.79,None,163,92,56,1.07,13.8,5,3
43,1.79,93.7,29.24,Male,moderate,134,1125,878.4,6.7,1.48,Cardio,192,149,63,1.01,25.6,6,1
61,1.87,83.8,23.96,Male,moderate,109,10163,643.7,6.0,2.72,Cardio,171,96,65,1.78,29.7,6,3
42,1.98,58.7,14.97,Male,high,130,10624,577.1,7.3,1.8,Cardio,152,78,73,1.36,29.2,2,3
34,1.54,104.7,44.15,Female,low,116,13539,416.5,5.0,2.92,Strength,121,77,81,0.78,34.8,5,2
30,1.5,119.8,53.24,Male,low,67,3394,803.1,8.2,1.58,Strength,133,135,55,0.54,15.3,6,3
37,1.51,117.7,51.62,Male,moderate,178,4571,436.6,5.1,1.36,Cardio,180,98,73,0.65,32.9,2,1
42,1.78,103.3,32.6,Female,moderate,112,5834,274.7,6.2,2.59,None,184,152,63,1.55,28.3,4,1
21,1.88,76.4,21.62,Female,high,134,9368,405.9,4.1,2.54,Strength,149,126,82,1.77,27.7,2,2
27,1.68,70.3,24.91,Male,low,166,10378,420.6,8.8,2.43,None,146,141,56,1.67,27.1,1,1
20,1.77,50.1,15.99,Male,high,94,14947,702.9,5.5,1.61,Yoga,183,105,59,1.68,23.5,1,1
58,1.76,76.2,24.6,Female,moderate,172,4795,318.7,6.7,1.51,None,152,127,71,0.89,19.5,1,2
62,1.55,56.7,23.6,Male,high,108,12370,421.8,6.4,3.28,Strength,172,135,80,1.98,33.6,5,2
35,1.66,64.1,23.26,Female,low,177,12977,253.6,6.0,2.33,Cardio,199,132,55,0.63,13.8,1,1
64,1.51,111.9,49.08,Male,high,83,3698,793.9,4.9,2.02,Yoga,129,109,68,1.73,14.4,3,2
53,1.56,117.6,48.32,Female,high,137,10915,707.3,7.1,3.05,None,146,105,66,0.65,10.4,1,2
64,1.91,116.1,31.82,Female,high,66,14416,506.2,6.8,1.13,Cardio,156,131,77,0.9,28.5,4,1
39,1.91,59.5,16.31,Female,high,99,10350,501.0,6.2,2.69,Yoga,121,150,80,1.24,32.3,6,1
51,1.9,112.6,31.19,Male,high,110,6839,316.5,6.7,1.37,None,162,84,64,0.58,14.7,1,2
64,1.86,55.6,16.07,Male,moderate,95,8106,469.1,7.3,1.57,Cardio,138,158,73,1.09,10.9,2,3
25,1.9,83.1,23.02,Male,low,93,6656,834.8,8.3,2.6,Yoga,130,92,69,1.03,16.1,4,3
57,1.84,93.3,27.56,Male,moderate,133,13758,297.1,5.1,1.7,Strength,171,130,55,1.47,32.1,4,1
61,1.83,79.7,23.8,Female,moderate,160,10435,735.5,7.9,2.95,None,151,110,55,1.58,10.4,1,1
36,1.83,116.4,34.76,Female,high,112,3675,233.0,8.1,2.3,None,199,125,83,0.64,12.5,6,3
59,1.76,70.0,22.6,Female,low,126,4668,418.2,7.7,1.81,Yoga,148,135,65,0.56,10.6,2,2
58,1.68,84.6,29.97,Male,low,92,1771,792.9,8.1,3.16,None,155,93,65,1.66,33.6,4,3
54,1.87,50.7,14.5,Male,moderate,161,11743,511.5,6.9,2.57,Cardio,166,155,59,1.29,13.4,4,3
23,1.65,108.9,40.0,Male,moderate,139,8218,691.9,4.1,2.05,None,162,85,57,1.3,32.5,3,1
43,1.77,76.0,24.26,Female,low,177,5394,272.5,7.5,2.13,None,171,79,65,1.97,21.8,5,2
51,1.72,97.5,32.96,Male,high,173,14356,678.4,8.3,1.67,Cardio,172,119,58,1.16,19.9,2,3
62,1.64,96.2,35.77,Male,moderate,163,4114,773.3,5.3,1.27,Cardio,187,119,60,0.79,20.7,1,2
23,1.99,95.7,24.17,Female,moderate,125,5743,763.7,7.7,1.76,Strength,124,122,72,1.52,20.5,4,1
54,1.63,83.0,31.24,Female,low,165,6297,507.2,4.6,1.66,Cardio,167,88,61,1.72,18.5,4,3
50,1.65,65.8,24.17,Male,high,113,2629,832.9,7.2,1.84,None,143,102,75,1.25,30.3,5,1
39,1.58,91.9,36.81,Female,high,124,2123,602.5,4.3,2.17,Yoga,120,83,78,1.54,22.7,6,3
38,1.91,117.1,32.1,Male,high,128,13731,772.5,6.7,1.16,None,121,133,58,1.27,34.8,1,2
23,1.79,107.5,33.55,Female,high,99,6790,349.4,8.4,1.26,Strength,129,112,68,1.11,22.9,3,1
23,1.81,53.2,16.24,Female,high,139,12551,347.2,5.9,2.82,Yoga,182,99,82,0.55,30.5,3,2
21,1.91,46.7,12.8,Female,low,123,9228,728.1,4.9,1.46,Strength,178,146,62,0.76,28.6,2,3
47,1.67,82.4,29.55,Male,moderate,169,2763,652.6,7.4,1.85,None,125,122,74,1.22,20.0,5,1
28,1.6,103.2,40.31,Male,moderate,69,13785,673.4,8.2,2.59,Cardio,167,93,65,1.09,29.7,6,2
47,1.6,68.5,26.76,Male,high,141,9547,365.6,5.5,3.44,Yoga,155,76,84,1.76,13.9,6,2
48,1.87,97.6,27.91,Female,low,73,5474,479.7,6.9,1.33,None,167,80,68,0.66,15.1,5,3
41,1.81,114.9,35.07,Female,moderate,134,3213,380.9,7.3,2.89,Yoga,148,104,75,0.58,25.5,4,1
26,1.6,79.4,31.02,Female,low,110,7003,247.7,6.0,2.23,Strength,160,135,57,0.63,27.8,4,2
20,1.57,63.3,25.68,Female,high,150,11849,342.8,4.3,1.23,None,192,76,65,1.52,26.1,4,1
48,1.56,113.8,46.76,Male,high,60,3525,896.6,8.2,1.42,Yoga,151,125,58,1.39,22.7,4,1
57,1.81,80.4,24.54,Male,moderate,84,3970,363.8,8.2,2.74,None,124,157,63,1.45,13.4,1,1
54,1.5,75.6,33.6,Male,high,157,7578,311.5,4.5,3.2,None,136,87,59,0.74,19.3,1,1
53,1.51,71.5,31.36,Female,high,81,12773,687.8,6.9,1.03,Strength,143,123,67,1.27,25.1,2,3
41,1.69,76.7,26.85,Female,low,95,13478,621.5,7.7,1.56,Strength,125,82,74,1.65,15.7,3,2
48,1.85,95.5,27.9,Male,moderate,86,2927,722.2,4.5,1.89,Strength,147,83,58,1.53,25.9,2,1
23,1.85,77.5,22.64,Female,high,169,14153,657.6,8.2,3.47,Cardio,139,97,61,1.16,15.9,4,2
19,1.72,69.3,23.42,Male,low,80,3382,356.1,5.8,2.63,Yoga,199,146,56,0.66,12.4,5,2
37,1.85,100.8,29.45,Female,moderate,90,1006,550.6,6.9,1.9,Strength,138,147,74,1.81,18.1,1,2
45,1.76,60.2,19.43,Female,high,152,4779,323.6,5.9,1.5,Cardio,127,90,73,1.29,16.8,1,3
28,1.99,60.1,15.18,Male,moderate,65,2256,377.5,6.6,1.57,Cardio,137,90,61,1.83,30.3,6,1
21,1.58,97.2,38.94,Male,high,111,14486,890.8,7.3,1.12,Yoga,156,86,74,1.16,22.1,6,1
32,1.8,110.0,33.95,Female,high,150,6679,710.1,7.5,3.49,Yoga,180,85,78,0.86,11.6,1,2
23,1.75,63.1,20.6,Male,high,139,6127,748.0,6.0,3.46,Strength,164,156,75,0.96,30.4,6,2
47,1.6,59.3,23.16,Male,low,67,9278,221.0,4.6,1.03,Cardio,157,87,79,1.13,16.7,1,3
55,1.87,95.3,27.25,Female,low,121,14726,467.5,5.7,1.68,Yoga,121,109,63,1.42,24.2,5,3
19,1.64,91.6,34.06,Female,low,154,9857,588.7,8.2,1.05,Yoga,174,156,73,1.65,23.5,6,2
32,1.69,78.5,27.49,Female,high,69,6455,304.8,6.9,1.75,Yoga,134,117,79,0.86,34.3,2,1
28,1.69,52.2,18.28,Male,high,130,4370,794.0,6.2,3.25,Yoga,178,104,74,0.78,16.4,1,3
25,1.62,51.9,19.78,Female,moderate,174,1049,297.7,7.4,3.19,Cardio,194,134,79,0.8,13.6,4,1
43,1.72,103.3,34.92,Female,low,99,13470,645.6,8.1,2.71,None,124,141,82,1.9,16.5,4,3
62,1.74,78.9,26.06,Female,high,139,8316,587.2,8.4,3.47,Yoga,139,103,84,0.75,24.4,2,1
61,1.87,109.3,31.26,Female,moderate,94,2676,794.5,7.6,2.87,Cardio,131,99,56,1.02,15.4,2,2
22,1.88,88.1,24.93,Female,low,145,9501,418.3,4.5,1.6,Yoga,176,140,75,1.23,18.5,6,3
23,1.58,91.4,36.61,Male,high,144,3098,398.9,5.1,3.09,Cardio,187,79,70,1.33,26.5,2,2
43,1.8,115.1,35.52,Female,low,85,14060,792.5,8.8,2.27,Strength,138,79,60,1.79,12.9,2,3
21,1.95,57.3,15.07,Female,moderate,171,6578,355.0,7.6,2.26,None,146,159,73,0.67,33.6,5,2
36,1.55,85.7,35.67,Male,high,133,2901,722.2,8.5,3.08,Cardio,172,123,72,0.66,23.3,6,3
37,1.74,49.4,16.32,Female,moderate,131,12571,333.8,6.7,2.34,Cardio,161,100,71,0.97,22.1,1,3
50,1.88,71.9,20.34,Female,moderate,123,13544,813.0,4.5,1.82,Cardio,164,145,65,1.12,19.1,5,3
37,1.81,56.1,17.12,Male,high,168,8433,787.3,4.7,3.32,Yoga,197,104,77,1.06,16.1,6,1
29,1.55,59.1,24.6,Female,moderate,147,5049,751.2,8.8,1.18,Strength,187,102,58,1.09,22.1,5,1
64,1.7,115.1,39.83,Male,high,63,1205,544.0,5.7,2.64,Yoga,187,88,78,1.78,22.2,1,3
18,1.75,90.8,29.65,Female,moderate,130,11407,223.7,5.9,2.96,Strength,143,92,62,1.76,11.4,5,2
43,2.0,111.9,27.98,Male,moderate,63,8529,292.7,8.9,1.13,None,155,131,78,1.71,31.2,2,2
31,1.59,78.3,30.97,Male,moderate,164,1197,519.6,6.4,1.59,Yoga,194,155,72,1.63,30.5,3,3
55,1.99,89.8,22.68,Female,moderate,75,10080,230.6,4.1,1.56,Cardio,124,99,67,0.56,21.2,4,1
54,1.69,47.4,16.6,Male,high,167,11345,244.4,6.7,3.22,None,146,144,75,0.72,18.4,2,1
28,1.6,80.2,31.33,Male,high,72,2686,287.9,7.7,2.63,Yoga,156,79,62,1.6,22.5,6,1
53,1.71,87.3,29.86,Female,high,158,7209,382.6,6.7,1.54,Strength,146,127,64,1.39,15.5,2,1
30,1.81,46.3,14.13,Female,moderate,109,3904,724.5,7.2,3.27,Yoga,195,159,72,1.51,10.0,1,2
60,1.61,104.2,40.2,Male,moderate,126,4356,233.6,6.6,1.61,Yoga,166,113,72,1.58,18.9,6,3
20,1.65,67.2,24.68,Female,low,91,2793,888.5,5.1,2.66,Cardio,183,131,71,1.87,10.5,3,3
50,1.93,78.9,21.18,Male,low,62,3890,391.7,4.4,2.13,Cardio,125,158,70,1.45,11.0,1,3
23,2.0,85.2,21.3,Male,low,155,11060,424.1,4.1,1.24,None,195,85,60,0.91,10.7,2,2
27,1.66,119.4,43.33,Female,low,154,12064,373.5,7.4,2.88,Cardio,175,143,68,0.62,32.0,6,1
22,1.57,52.4,21.26,Female,high,163,10587,621.7,5.9,1.82,Yoga,133,99,84,1.15,13.6,5,1
40,1.9,86.6,23.99,Male,moderate,97,13238,213.6,6.6,1.9,Yoga,141,104,59,1.56,16.4,6,2
27,1.8,84.8,26.17,Female,low,126,7083,265.5,4.6,1.54,Strength,174,76,69,0.92,22.3,4,2
61,1.55,50.2,20.89,Female,high,169,1776,269.1,6.8,3.01,Yoga,194,158,67,0.68,23.2,6,3
19,1.97,92.5,23.83,Male,moderate,98,13961,665.2,5.2,1.4,None,171,110,70,2.0,13.1,4,3
30,1.54,66.5,28.04,Male,high,116,6089,430.7,8.1,1.55,None,175,111,70,1.13,32.7,2,2
57,1.81,52.8,16.12,Male,low,114,5017,506.2,7.0,2.02,Cardio,196,76,71,0.82,15.8,1,2
19,1.71,58.4,19.97,Male,moderate,86,13706,865.0,4.3,1.37,Strength,125,121,81,0.75,33.6,3,2
37,1.78,106.8,33.71,Male,low,75,6792,340.0,5.1,1.28,Yoga,139,133,78,1.79,16.4,3,1
18,1.61,52.8,20.37,Male,moderate,63,8841,249.1,5.2,2.3,Cardio,173,78,78,1.73,10.1,2,3
54,1.84,80.0,23.63,Female,low,109,1598,509.0,8.0,3.38,Yoga,121,141,59,1.42,34.3,3,2
26,1.98,59.6,15.2,Male,moderate,162,12888,314.9,6.4,3.0,None,194,120,65,1.32,22.1,6,2
34,1.73,57.2,19.11,Female,low,105,12802,301.3,7.2,1.44,None,191,110,69,1.93,32.0,1,1
26,1.76,60.4,19.5,Female,low,101,10781,487.1,6.4,2.47,Strength,149,139,57,0.84,28.4,3,2
28,1.62,82.0,31.25,Male,moderate,108,10125,668.8,6.0,2.98,Yoga,173,130,62,1.12,14.5,1,3
32,1.95,62.8,16.52,Female,low,145,2078,370.0,8.1,1.36,Yoga,123,150,57,0.54,31.1,2,1
41,1.99,52.3,13.21,Male,high,103,1704,813.2,8.1,1.2,None,190,109,83,1.13,11.3,6,2
55,1.89,105.1,29.42,Female,moderate,91,7455,453.7,8.2,3.23,Strength,166,156,58,1.08,22.7,3,3
52,1.77,85.5,27.29,Male,low,131,1686,853.8,8.8,1.61,Cardio,138,97,81,1.92,16.4,1,3
47,1.98,56.8,14.49,Male,moderate,105,3001,544.7,5.7,2.24,Strength,161,152,68,1.04,19.0,5,1
48,1.58,80.4,32.21,Male,high,149,2080,708.7,7.5,1.52,Cardio,161,118,77,1.75,28.9,3,3
22,1.74,50.1,16.55,Male,high,135,14371,794.3,5.7,1.12,Cardio,170,75,77,1.65,27.1,6,1
61,1.77,88.5,28.25,Female,high,130,2797,570.8,8.5,2.28,None,122,140,74,0.72,21.0,4,3
31,1.75,70.5,23.02,Female,high,96,5226,795.2,6.6,2.09,Cardio,156,86,79,1.94,11.1,3,2
28,1.9,52.8,14.63,Female,high,146,6315,464.6,5.9,2.82,Yoga,141,87,60,1.45,11.0,3,1
26,1.84,58.8,17.37,Female,high,61,10516,454.4,4.0,3.14,None,152,101,78,1.39,27.6,5,3
51,1.56,70.9,29.13,Female,low,126,4590,755.8,7.4,1.35,Strength,168,94,77,0.52,33.7,3,1
29,1.67,105.5,37.83,Male,high,128,8106,368.9,6.3,1.43,Strength,173,80,58,1.55,31.2,6,3
52,1.67,58.0,20.8,Male,moderate,140,2424,701.9,4.5,3.38,Cardio,181,82,66,0.58,13.1,3,1
52,1.78,53.2,16.79,Male,moderate,122,10253,254.0,5.9,2.04,Yoga,154,95,56,0.78,13.0,2,2
18,1.65,83.7,30.74,Male,high,70,14102,644.9,6.6,3.38,Strength,148,95,81,0.65,25.3,2,1
57,1.56,86.9,35.71,Male,low,77,6056,859.3,5.7,1.85,Cardio,185,119,83,1.07,26.4,1,1
39,1.83,51.8,15.47,Female,low,108,6569,519.5,7.8,1.87,Strength,169,144,72,1.69,25.4,4,2
46,1.93,66.3,17.8,Male,moderate,147,11880,491.2,7.7,2.77,Yoga,133,118,68,1.56,32.1,3,3
25,1.97,64.7,16.67,Male,low,143,11250,578.4,4.6,1.24,Cardio,167,133,62,0.66,15.8,2,2
28,1.99,59.0,14.9,Female,high,73,9765,703.7,6.6,2.03,Yoga,163,104,62,1.7,14.3,1,1
58,1.89,68.7,19.23,Female,moderate,81,2800,451.2,6.3,1.95,Cardio,191,84,66,1.19,32.9,5,2
54,1.57,47.8,19.39,Male,low,81,11884,200.1,7.8,1.09,Yoga,120,149,55,0.55,28.1,6,2
31,1.93,93.9,25.21,Male,high,149,1807,551.5,6.4,1.78,Strength,147,75,83,0.84,27.8,4,1
47,1.7,119.1,41.21,Female,high,176,11040,493.5,5.6,2.0,Strength,122,84,55,1.68,18.4,5,1
52,1.86,92.6,26.77,Male,moderate,140,8675,572.9,6.3,1.14,Yoga,190,99,58,1.6,25.7,1,2
38,1.77,72.1,23.01,Male,low,84,12173,700.7,6.4,1.05,Strength,167,154,71,0.78,28.2,5,1
54,1.91,95.1,26.07,Male,high,75,6559,398.4,4.9,2.5,Strength,151,157,64,0.56,25.0,3,3
22,1.71,87.9,30.06,Female,moderate,98,3942,553.7,5.8,1.51,Cardio,128,148,55,0.94,28.4,5,3
36,1.53,108.5,46.35,Male,moderate,153,8525,377.4,6.1,1.91,Yoga,176,88,80,1.69,24.8,2,3
31,1.78,91.6,28.91,Male,moderate,144,12766,521.5,4.3,1.2,Cardio,165,77,65,1.91,34.6,2,3
43,1.59,92.6,36.63,Female,moderate,89,4026,441.2,7.1,1.25,Strength,177,142,75,1.36,22.3,6,2
21,1.98,61.6,15.71,Female,high,158,2053,458.3,5.1,1.39,Strength,175,114,71,0.64,10.3,5,2
42,1.76,76.2,24.6,Female,low,80,1252,605.6,5.7,1.07,None,134,107,64,1.25,14.1,4,2
62,1.78,70.8,22.35,Male,moderate,131,3533,682.7,4.9,2.91,Yoga,180,158,82,2.0,34.1,2,1
59,1.95,45.9,12.07,Female,high,102,13628,208.9,7.7,3.27,Yoga,135,153,60,1.91,21.7,5,2
42,1.81,68.5,20.91,Male,high,152,12943,813.6,6.8,2.31,Cardio,165,81,58,1.99,13.0,3,2
35,1.65,81.5,29.94,Female,high,154,5547,455.0,5.0,3.04,Yoga,190,77,80,1.55,13.9,6,1
57,1.65,90.0,33.06,Male,low,120,12262,650.5,5.0,1.34,Cardio,154,111,67,1.14,10.7,2,1
25,1.75,115.1,37.58,Female,low,164,8156,285.7,5.1,2.12,Strength,185,100,81,1.84,15.7,2,1
56,1.93,62.9,16.89,Male,low,163,6013,600.0,8.8,1.36,None,176,99,65,1.84,34.7,6,3
57,1.9,56.4,15.62,Male,low,78,12030,674.9,6.4,3.49,Strength,153,114,59,0.72,18.2,5,2
31,1.98,110.2,28.11,Female,low,79,12748,310.2,8.6,1.15,Cardio,150,117,68,1.66,16.3,5,2
49,1.54,115.6,48.74,Female,moderate,106,2480,838.5,9.0,2.11,Cardio,131,118,79,1.88,26.7,5,2
55,1.63,81.6,30.71,Male,low,83,6013,730.2,6.5,1.28,None,184,158,56,1.85,26.9,4,1
50,1.54,53.6,22.6,Female,moderate,123,1956,573.7,4.4,1.17,Strength,166,145,57,1.56,34.2,2,2
40,1.88,81.4,23.03,Male,moderate,79,9227,316.2,8.1,2.84,Yoga,184,103,83,1.31,28.2,3,3
32,1.57,53.2,21.58,Female,high,141,10722,805.9,7.1,1.2,None,120,131,57,1.67,12.7,3,2
50,1.55,111.2,46.29,Female,moderate,163,3811,248.0,4.4,1.06,Yoga,198,83,65,1.27,34.6,1,2
42,1.78,98.1,30.96,Male,moderate,124,13416,280.6,6.4,3.37,Strength,186,96,63,0.98,28.8,5,1
34,1.71,63.1,21.58,Female,low,130,2355,688.7,7.3,1.46,None,133,150,73,0.89,16.5,1,3
50,1.86,111.5,32.23,Female,low,84,10183,377.7,6.2,3.11,Strength,173,144,64,1.31,16.5,1,2
64,1.74,92.8,30.65,Male,low,149,6442,521.5,6.9,3.38,Strength,129,80,75,1.18,34.0,4,1
19,1.71,116.5,39.84,Male,low,165,13184,577.2,8.7,2.88,Yoga,186,101,60,1.29,14.8,6,3
31,1.71,118.5,40.53,Female,low,116,4026,520.8,4.7,1.26,Yoga,169,157,76,0.89,15.7,4,3
57,1.94,45.2,12.01,Male,moderate,134,7748,258.7,6.4,1.43,Yoga,155,126,60,1.39,19.0,5,1
57,1.7,54.0,18.69,Female,high,92,5432,716.2,4.0,1.45,Strength,130,144,55,1.49,27.0,5,1
56,1.67,86.0,30.84,Female,low,164,3325,368.0,6.2,2.63,Cardio,122,123,76,1.71,20.7,6,1
23,1.67,116.7,41.84,Male,low,132,12704,717.0,5.0,1.45,Strength,158,155,55,1.38,17.8,5,1
23,1.6,119.6,46.72,Male,low,120,5743,805.7,5.1,1.07,Cardio,129,97,76,1.63,16.7,3,1
20,1.93,87.6,23.52,Male,moderate,103,2629,575.5,5.2,2.15,None,170,155,83,0.75,13.1,5,1
24,1.57,58.0,23.53,Male,moderate,120,1938,694.5,7.8,2.47,Yoga,151,95,80,0.68,23.7,3,2
25,1.95,57.2,15.04,Male,high,161,14031,225.9,6.5,2.15,Yoga,171,148,76,0.77,16.8,1,1
59,1.64,102.3,38.04,Male,low,158,3231,225.7,5.9,2.22,Strength,191,82,73,1.77,18.3,5,1
32,1.95,89.4,23.51,Female,moderate,106,1646,338.0,4.0,2.14,Cardio,166,128,57,1.33,10.2,2,3
64,1.9,86.2,23.88,Female,low,137,14933,450.9,8.2,1.66,None,132,88,60,1.18,23.3,3,3
46,1.79,79.9,24.94,Male,moderate,138,2939,327.9,4.0,3.39,Strength,186,105,56,1.64,27.4,5,3
50,1.83,99.4,29.68,Female,moderate,91,10740,644.5,8.0,3.1,None,172,125,69,0.69,33.2,3,1
47,1.66,109.4,39.7,Female,low,144,2251,393.8,7.6,1.81,Cardio,172,136,66,0.51,14.9,3,1
56,1.79,67.7,21.13,Female,moderate,167,9689,792.0,4.6,1.1,Yoga,134,92,75,0.97,33.0,5,2
44,1.65,61.6,22.63,Female,low,164,10928,592.4,7.1,3.14,Yoga,172,121,64,0.87,19.0,1,2
53,1.7,95.3,32.98,Male,high,63,10613,464.7,4.1,2.86,Cardio,161,156,73,0.96,30.1,6,2
46,1.88,113.6,32.14,Female,low,170,2807,825.2,5.1,1.2,Yoga,148,126,75,1.96,32.4,5,2
55,1.62,71.1,27.09,Female,low,124,2582,779.9,5.2,2.75,Strength,166,111,84,1.35,34.0,1,1
50,1.92,65.4,17.74,Male,high,138,10615,774.0,8.9,2.13,Cardio,149,104,67,1.38,18.1,1,3
54,1.69,62.0,21.71,Male,high,89,8310,709.8,6.9,1.33,Yoga,133,104,57,1.48,16.5,5,1
44,1.77,64.1,20.46,Male,low,173,4522,630.0,4.0,2.81,Cardio,198,149,72,1.1,21.0,2,1
50,1.97,55.1,14.2,Male,moderate,158,3820,456.8,4.6,1.89,None,178,122,74,1.97,23.9,2,1
21,1.84,89.8,26.52,Female,low,149,14100,495.8,5.0,3.28,Strength,183,113,59,1.96,27.3,1,1
39,1.82,66.1,19.96,Male,high,61,2624,653.0,8.1,1.11,Strength,163,101,76,1.65,27.3,3,3
19,1.86,91.1,26.33,Female,low,107,12619,321.0,7.4,3.34,Strength,133,90,67,0.82,12.9,2,3
27,1.96,51.2,13.33,Female,high,65,6082,779.5,6.4,1.22,Yoga,144,106,83,1.82,25.3,5,2
22,1.62,53.7,20.46,Male,moderate,126,6594,857.1,8.1,1.09,None,163,103,68,0.65,14.2,2,1
27,1.81,85.2,26.01,Male,low,147,14785,268.6,6.4,2.45,Yoga,180,126,84,1.44,27.8,3,2
50,1.7,83.4,28.86,Male,moderate,129,9690,215.7,8.1,2.53,Yoga,121,148,84,1.19,34.4,2,3
55,1.51,65.4,28.68,Male,high,93,6517,299.9,5.1,1.49,Cardio,198,149,69,0.56,29.3,5,3
30,1.56,107.0,43.97,Male,low,62,11349,731.9,8.6,3.19,Strength,193,89,72,1.86,27.4,5,2
48,1.66,59.0,21.41,Male,high,178,11560,275.5,8.8,3.01,Yoga,162,118,83,1.94,11.9,1,3
64,1.78,72.0,22.72,Female,high,96,1473,460.6,7.2,1.71,Strength,128,97,68,1.86,14.6,4,3
53,1.94,86.7,23.04,Female,low,113,3731,244.2,7.2,2.11,None,180,122,73,0.79,18.9,3,1
62,1.9,110.0,30.47,Female,moderate,145,8404,502.8,6.8,2.96,None,186,97,57,1.0,33.3,2,1
41,1.78,76.4,24.11,Female,low,161,10507,622.7,6.2,3.08,Strength,143,145,76,1.93,18.3,6,3
32,1.54,74.9,31.58,Male,high,81,10430,640.0,4.9,2.99,Strength,184,88,55,0.66,30.3,1,3
46,1.64,88.5,32.9,Male,low,171,6447,563.2,5.0,1.67,None,157,147,77,1.37,12.6,4,2
25,1.68,68.8,24.38,Female,high,61,12441,856.7,7.3,2.91,None,189,128,83,1.23,26.6,4,2
22,1.81,98.2,29.97,Female,low,65,13380,571.8,6.3,2.58,Yoga,124,144,78,0.73,29.5,6,3
46,1.53,63.7,27.21,Female,moderate,97,3091,801.5,5.1,2.32,None,187,117,61,1.83,23.6,1,1
64,1.77,106.7,34.06,Male,low,127,11937,895.1,4.5,3.41,Yoga,186,119,74,0.7,29.2,5,1
21,1.95,65.4,17.2,Male,moderate,116,1339,360.8,8.8,2.5,None,149,96,61,1.39,28.1,5,2
29,1.85,119.5,34.92,Male,moderate,65,14520,385.9,7.4,3.17,Yoga,181,135,71,0.98,21.9,3,1
62,1.9,68.7,19.03,Female,low,93,5907,565.3,5.0,2.88,Cardio,126,92,83,1.13,31.6,3,1
19,1.84,110.9,32.76,Female,high,154,8630,327.7,7.7,1.11,Cardio,170,118,69,0.82,18.5,6,2
44,1.6,74.8,29.22,Male,moderate,164,14126,594.9,4.8,1.67,Yoga,151,147,67,1.44,20.6,5,2
48,1.56,63.5,26.09,Male,moderate,111,6197,679.1,6.9,2.52,Strength,193,92,78,1.98,23.5,3,1
53,1.91,62.0,17.0,Female,low,159,4329,242.3,6.8,2.1,Cardio,145,131,84,1.75,13.3,3,2
53,1.85,108.8,31.79,Female,moderate,65,7407,677.0,4.5,3.39,None,162,159,80,1.52,22.9,2,3
43,1.79,68.2,21.29,Male,high,123,3555,311.6,7.3,2.46,Strength,181,89,69,1.63,18.1,3,2
60,1.59,70.4,27.85,Female,moderate,118,1731,409.5,6.8,3.32,None,150,147,80,1.76,16.4,5,3
44,1.8,59.8,18.46,Male,high,99,9329,717.2,8.0,1.51,Cardio,142,132,57,1.21,24.4,1,3
22,1.52,117.1,50.68,Male,low,75,6382,314.5,8.5,3.24,None,183,76,79,1.35,18.2,4,3
37,1.56,63.4,26.05,Female,low,125,2968,572.2,7.5,2.34,Yoga,191,88,71,1.84,31.4,5,2
28,1.66,63.6,23.08,Female,moderate,69,4234,612.4,5.5,1.54,Strength,174,95,70,1.54,20.2,3,2
27,1.72,115.8,39.14,Female,moderate,141,12427,315.1,5.6,1.98,Cardio,135,117,76,0.7,20.3,5,2
57,1.56,112.6,46.27,Male,moderate,89,6575,392.3,5.6,3.42,Strength,128,119,55,1.67,34.5,6,3
55,1.56,63.7,26.18,Female,low,92,5553,624.5,8.3,3.4,Yoga,123,108,78,0.53,18.5,5,2
23,1.86,109.9,31.77,Female,low,127,1257,522.8,6.4,1.05,Cardio,158,145,68,1.77,13.3,4,1
25,1.78,63.7,20.1,Male,high,98,6142,662.0,8.8,1.77,None,163,153,57,1.68,31.9,3,1
40,1.77,51.3,16.37,Male,high,63,11985,798.3,7.3,3.25,Strength,160,86,74,1.75,32.9,1,2
64,1.73,106.5,35.58,Female,moderate,123,4411,294.5,7.0,1.08,Cardio,132,81,82,0.54,15.7,1,3
43,1.99,102.9,25.98,Male,low,150,11710,249.4,8.5,3.39,Cardio,195,143,76,1.96,32.1,2,2
63,1.52,67.1,29.04,Male,moderate,159,10044,666.7,6.9,1.97,Yoga,192,102,58,1.42,22.4,6,1
60,1.59,51.8,20.49,Male,low,84,14681,739.5,8.1,1.29,Cardio,131,99,84,1.7,11.1,4,3
29,1.82,60.5,18.26,Female,moderate,74,4070,514.5,6.5,1.75,Cardio,143,140,78,1.35,23.7,5,2
43,1.57,102.8,41.71,Female,low,133,6100,475.7,7.0,3.02,Yoga,167,125,63,1.01,31.2,6,2
30,1.79,117.4,36.64,Male,high,65,9543,617.7,5.3,3.5,None,196,147,75,0.94,19.9,4,3
57,1.78,64.4,20.33,Male,moderate,128,8849,586.0,8.4,1.33,None,151,108,55,0.6,23.8,4,3
35,1.99,106.4,26.87,Male,high,135,9051,543.1,5.4,2.59,Cardio,157,120,78,1.31,13.5,1,1
42,1.94,62.1,16.5,Female,moderate,102,6398,773.1,8.8,3.31,None,197,121,68,0.72,31.1,4,2
50,1.97,96.0,24.74,Male,moderate,150,4565,321.5,5.9,3.25,Yoga,185,106,67,1.35,12.7,4,1
64,1.56,51.3,21.08,Male,moderate,110,7733,676.8,6.2,1.96,None,173,86,69,1.44,12.4,6,1
57,1.93,88.9,23.87,Female,moderate,74,8844,718.9,6.5,3.16,Cardio,140,93,72,1.16,33.3,5,3
60,1.56,65.2,26.79,Male,low,137,7130,830.9,5.9,1.48,Yoga,150,121,70,0.73,31.8,2,2
29,1.82,114.4,34.54,Female,low,114,9828,861.6,6.9,2.58,None,183,112,60,1.15,24.4,6,1
61,1.86,66.7,19.28,Female,low,62,4357,555.5,7.2,2.49,Strength,171,84,76,1.82,12.7,5,1
53,1.58,74.9,30.0,Female,high,69,8486,503.5,4.9,2.96,Strength,154,84,70,1.19,23.6,4,3
21,1.82,108.1,32.63,Male,low,83,5894,552.7,8.2,1.57,Yoga,135,115,65,1.01,33.0,2,2
22,1.53,77.9,33.28,Male,high,178,5306,712.8,7.3,2.57,None,159,129,61,1.44,25.3,4,2
54,1.65,62.9,23.1,Female,high,101,2449,212.0,7.7,2.53,Cardio,157,145,82,1.43,15.0,3,1
25,1.96,86.1,22.41,Male,low,143,6241,321.9,8.7,1.21,Strength,176,148,63,0.64,32.6,6,3
59,1.59,108.0,42.72,Female,moderate,125,2397,835.4,8.0,1.83,None,122,117,55,0.85,31.6,3,2
45,1.53,77.5,33.11,Male,high,137,4569,336.8,7.1,1.52,None,156,112,64,1.24,23.7,3,2
48,1.72,55.0,18.59,Female,moderate,69,5662,359.9,5.5,3.5,Cardio,121,101,83,1.05,31.3,6,1
26,1.93,73.7,19.79,Female,moderate,173,5910,857.6,7.0,3.48,Cardio,122,106,82,0.98,11.4,2,2
46,1.54,116.6,49.17,Male,high,100,9287,406.0,4.3,1.63,None,166,145,62,1.17,21.5,5,2
31,1.68,50.4,17.86,Male,moderate,80,4200,403.3,7.1,3.02,Cardio,146,122,65,0.94,14.5,2,2
57,1.95,75.6,19.88,Male,low,112,7455,846.6,6.2,3.04,Yoga,182,100,59,1.02,30.9,4,2
58,1.56,93.6,38.46,Male,moderate,128,9458,462.6,7.5,3.34,Strength,157,132,83,1.66,34.3,5,1
39,1.66,50.9,18.47,Female,low,116,3651,545.8,5.4,1.32,Strength,163,150,60,1.27,33.3,1,2
28,1.89,70.9,19.85,Female,high,79,5120,592.3,7.1,2.67,None,127,98,78,1.81,22.6,5,2
40,1.77,115.5,36.87,Male,moderate,171,3427,807.8,8.0,1.51,None,142,128,78,1.92,22.8,5,3
18,1.92,47.3,12.83,Male,high,81,12500,254.3,4.5,2.64,Cardio,125,120,66,1.88,32.7,2,1
63,1.56,101.4,41.67,Female,low,109,1409,382.6,7.4,3.18,Strength,144,132,65,0.88,28.0,3,2
54,1.96,108.1,28.14,Male,high,131,14209,610.9,8.9,1.2,Cardio,178,106,61,1.21,11.9,2,3
38,1.97,65.8,16.95,Male,low,67,10735,504.2,8.4,2.59,None,176,90,61,1.3,13.2,1,1
43,1.58,61.1,24.48,Male,low,139,9680,394.8,4.7,2.34,None,177,144,66,1.78,33.8,3,2
63,1.52,113.6,49.17,Male,moderate,71,8281,486.7,6.2,1.44,None,135,139,66,1.34,19.1,5,3
53,1.99,102.3,25.83,Female,high,150,7595,876.4,5.2,1.59,None,145,87,55,0.88,14.7,2,1
40,1.74,53.5,17.67,Female,low,88,2986,214.7,4.4,2.3,None,198,80,78,1.32,28.4,1,2
18,1.79,60.9,19.01,Male,moderate,154,7330,302.9,8.0,3.15,None,166,86,73,0.57,32.0,2,3
57,1.81,91.6,27.96,Female,moderate,97,12178,213.1,8.2,2.69,Yoga,159,83,75,1.75,15.2,5,1
32,1.89,76.5,21.42,Male,high,164,2261,615.4,7.3,1.07,Yoga,138,158,58,1.35,16.3,4,3
38,1.91,82.8,22.7,Male,moderate,133,12442,209.1,4.5,1.32,Cardio,197,133,80,1.48,32.5,2,3
64,1.6,116.4,45.47,Male,high,154,6034,517.8,4.4,3.21,Yoga,163,141,73,0.8,10.3,2,2
26,1.62,76.5,29.15,Female,low,85,2037,801.4,6.8,2.63,Cardio,145,98,80,1.34,32.7,4,3
26,1.94,111.1,29.52,Female,low,69,13423,268.0,8.5,1.05,Cardio,171,89,75,1.3,11.0,2,2
27,1.91,94.6,25.93,Female,high,170,3601,455.6,4.9,2.49,Yoga,156,137,73,1.43,12.4,1,2
43,1.81,54.1,16.51,Female,moderate,116,6890,464.6,7.2,1.42,Strength,196,124,79,1.77,31.6,3,3
58,2.0,100.8,25.2,Female,low,110,11710,453.6,6.5,3.3,Cardio,166,95,65,1.65,16.2,1,3
52,1.87,84.0,24.02,Male,high,84,3000,709.2,5.3,1.31,None,191,75,83,1.32,15.6,4,3
42,1.61,61.9,23.88,Male,low,108,4369,203.1,6.1,1.19,Cardio,133,85,63,1.84,31.1,1,3
43,1.92,66.7,18.09,Female,high,133,11914,746.0,6.3,2.61,Cardio,145,141,67,1.04,23.6,1,1
28,1.71,86.8,29.68,Female,low,159,5659,787.3,4.8,2.98,Strength,166,96,76,1.24,18.8,5,2
55,1.52,90.1,39.0,Female,moderate,74,14100,502.0,4.9,1.68,None,132,148,73,1.47,27.9,4,3
19,1.66,117.6,42.68,Male,high,101,7514,821.0,7.4,1.75,Strength,130,81,59,1.16,30.2,3,1
24,1.88,109.1,30.87,Female,low,158,13285,466.7,4.6,1.89,Strength,121,123,65,1.04,31.6,3,3
35,1.98,60.4,15.41,Male,high,177,9034,686.3,7.9,2.91,Strength,149,75,78,0.67,13.0,2,1
44,1.64,103.0,38.3,Male,low,80,13545,472.2,8.2,1.65,Cardio,143,139,79,1.45,24.6,4,2
51,1.62,45.6,17.38,Female,high,86,3636,226.5,4.6,1.22,None,142,137,57,0.79,27.0,6,3
44,1.78,54.7,17.26,Male,moderate,139,3663,258.4,8.7,1.77,None,189,138,59,0.71,12.9,4,1
34,1.91,60.0,16.45,Male,moderate,122,8599,509.4,8.9,3.42,Strength,194,100,67,0.77,25.3,3,1
60,1.87,89.8,25.68,Female,low,110,5288,893.1,4.3,2.09,Yoga,126,91,84,1.53,10.8,2,2
61,1.78,59.6,18.81,Male,low,91,2734,324.3,4.0,2.4,None,166,85,68,0.71,18.5,1,3
41,1.82,72.4,21.86,Female,low,71,1136,826.9,8.7,2.91,None,129,141,67,1.96,14.3,3,3
42,1.62,63.2,24.08,Male,high,163,13335,843.6,4.5,2.4,Strength,192,84,56,1.64,24.0,6,2
24,1.72,70.3,23.76,Female,moderate,83,4056,486.8,5.3,2.64,Cardio,149,140,56,1.09,14.8,4,2
23,1.63,115.7,43.55,Female,high,165,2957,523.3,6.4,3.2,Strength,167,106,72,1.39,29.7,3,2
41,1.94,119.8,31.83,Male,low,132,11438,552.0,4.8,1.93,Yoga,144,90,82,0.51,13.0,5,1
50,1.56,96.4,39.61,Female,low,102,1049,739.3,6.1,1.28,Yoga,143,100,60,1.77,28.9,5,1
46,1.84,87.9,25.96,Male,high,152,12458,286.6,8.6,1.24,Strength,131,148,73,0.91,12.5,3,2
60,1.63,98.1,36.92,Male,low,101,13265,430.0,8.4,2.96,Yoga,190,130,64,0.61,21.1,5,3
39,1.74,102.9,33.99,Female,low,134,6102,319.5,4.8,2.64,Cardio,153,83,75,1.64,27.5,6,1
43,1.65,100.4,36.88,Male,moderate,153,14124,814.9,8.7,2.42,Cardio,122,79,62,0.99,14.0,5,2
45,1.66,51.1,18.54,Female,moderate,129,1792,249.4,7.6,3.32,Cardio,125,81,59,1.35,28.8,3,1
38,1.63,68.3,25.71,Male,low,163,7816,723.4,8.9,2.57,Yoga,178,139,56,1.77,33.8,1,1
24,1.88,70.8,20.03,Male,moderate,86,1651,507.8,4.9,1.12,Cardio,146,86,60,1.66,19.3,5,2
34,1.68,72.7,25.76,Female,high,121,6897,700.2,4.3,2.17,Strength,191,154,72,1.01,10.0,4,3
37,1.86,70.8,20.46,Male,low,174,3961,822.9,6.1,1.54,Cardio,155,122,83,1.8,21.9,4,3
58,1.73,104.0,34.75,Male,high,133,3415,437.8,8.9,2.55,Yoga,180,146,62,1.08,32.6,6,1
37,1.77,101.1,32.27,Male,high,73,6603,358.9,6.3,1.47,None,190,99,56,1.25,26.6,4,3
39,1.77,45.3,14.46,Male,low,146,13030,655.2,7.2,2.61,Yoga,184,87,77,1.42,27.6,3,3
45,1.99,67.2,16.97,Male,high,115,8807,898.3,6.7,3.21,Strength,124,115,84,0.61,29.8,1,2
57,1.68,91.8,32.53,Male,low,61,1447,710.7,8.5,1.19,Strength,161,84,74,1.4,32.7,4,2
24,1.6,54.0,21.09,Male,high,128,12737,756.9,8.3,1.65,Yoga,133,114,58,1.37,13.1,2,2
18,1.96,50.3,13.09,Male,low,77,10848,640.9,8.8,2.68,Cardio,184,107,69,1.81,24.8,5,3
49,1.59,107.1,42.36,Female,moderate,164,7625,457.7,7.0,2.78,Cardio,131,109,84,1.03,32.2,6,3
30,1.92,79.0,21.43,Male,high,163,7555,658.3,6.8,2.47,None,121,111,78,0.86,29.4,3,2
47,1.58,109.2,43.74,Male,low,124,5085,290.0,4.3,1.35,Cardio,133,90,74,1.21,16.2,5,3
40,1.83,106.8,31.89,Female,low,63,6527,542.2,5.5,1.61,Strength,186,146,78,1.53,31.9,1,2
36,1.58,112.0,44.86,Female,moderate,106,9511,601.1,5.8,3.27,Cardio,196,107,63,1.34,17.4,6,1
49,1.96,48.6,12.65,Female,high,104,13464,834.7,6.5,3.05,Yoga,186,127,78,0.71,20.3,1,1
47,1.78,59.0,18.62,Male,moderate,129,3648,843.8,4.6,3.38,Yoga,133,109,74,1.02,14.6,4,3
46,1.66,67.2,24.39,Female,high,124,3020,242.1,6.7,2.02,None,153,129,75,0.6,32.1,6,3
62,1.57,55.2,22.39,Female,high,129,11554,642.3,5.3,2.1,Strength,164,150,60,1.61,12.3,2,3
46,1.69,81.4,28.5,Male,moderate,118,2895,757.5,8.8,1.65,Yoga,128,153,63,1.82,34.9,2,3
47,1.85,104.9,30.65,Male,moderate,91,14383,575.5,5.0,2.31,Strength,129,91,67,0.57,18.2,4,1
33,1.69,116.3,40.72,Female,high,102,3588,267.0,4.9,3.07,Cardio,127,101,59,1.29,27.8,3,2
57,1.62,111.7,42.56,Female,high,97,4283,362.9,6.6,1.62,None,148,95,68,1.35,13.2,5,1
36,1.79,79.3,24.75,Male,high,170,12906,419.6,8.6,1.35,None,180,95,68,1.16,22.2,4,2
35,1.71,92.7,31.7,Male,moderate,137,14569,664.0,4.6,2.88,Cardio,173,91,72,1.25,11.0,6,3
18,1.58,62.3,24.96,Male,moderate,88,10958,245.9,8.6,2.73,Yoga,158,101,61,1.57,32.0,3,2
31,1.58,75.2,30.12,Male,low,128,13109,584.7,4.5,3.07,Strength,152,150,60,1.23,21.2,1,2
64,1.85,110.3,32.23,Male,moderate,105,2339,276.3,4.9,2.88,Strength,142,122,81,1.88,28.6,1,2
19,1.99,47.2,11.92,Female,low,60,8988,476.6,4.8,2.05,Strength,191,118,66,1.31,32.4,6,2
45,1.62,85.0,32.39,Male,low,154,1278,497.9,5.2,1.39,Yoga,159,110,68,0.61,11.7,1,1
47,1.89,110.5,30.93,Male,moderate,65,4379,516.3,7.8,2.79,Cardio,142,102,73,1.93,22.8,3,3
55,1.54,54.2,22.85,Male,high,95,13138,697.6,6.1,3.2,Strength,178,99,70,0.72,14.7,3,3
21,1.69,118.7,41.56,Male,moderate,123,10107,256.8,8.1,1.38,Yoga,169,147,78,1.68,11.7,5,2
18,1.75,45.9,14.99,Male,moderate,156,10505,387.8,5.6,2.3,Strength,183,121,73,1.29,25.6,6,3
25,1.63,111.5,41.97,Female,low,150,13447,648.8,6.3,1.82,Yoga,175,97,64,1.61,12.9,6,1
46,1.76,71.5,23.08,Male,low,133,2562,860.5,6.5,2.3,Cardio,162,149,65,1.27,22.3,1,2
56,1.94,55.0,14.61,Female,moderate,86,3284,634.6,6.3,1.08,Strength,177,124,58,0.59,14.9,4,3
20,1.97,56.8,14.64,Male,high,60,4721,818.4,6.0,1.88,Cardio,131,139,79,1.06,14.9,6,3
49,1.55,97.6,40.62,Female,high,88,3428,877.9,5.8,2.21,None,155,90,83,1.43,23.1,3,2
27,1.64,110.3,41.01,Female,moderate,141,2697,818.7,8.2,1.38,Yoga,192,124,74,1.44,23.9,6,1
27,1.99,93.1,23.51,Male,high,137,8541,880.5,6.0,2.02,None,125,87,56,1.96,10.1,2,2
36,1.64,114.7,42.65,Male,high,148,2951,743.9,4.7,1.44,Cardio,151,158,63,1.41,22.5,5,2
63,1.85,108.2,31.61,Male,low,129,8677,821.0,5.0,1.54,Cardio,184,154,64,0.93,26.7,1,3
51,1.63,45.7,17.2,Male,moderate,91,6576,544.0,7.5,3.44,Cardio,179,154,62,0.57,27.0,4,3
50,1.68,95.2,33.73,Male,high,61,12128,441.8,9.0,2.5,Strength,173,109,58,1.68,31.2,5,2
40,1.6,67.8,26.48,Female,moderate,83,8880,899.8,7.4,1.97,Strength,143,106,67,1.83,32.4,1,2
45,1.93,79.1,21.24,Male,low,154,14993,268.4,4.4,2.3,Cardio,148,99,81,1.42,25.6,6,3
49,1.94,52.1,13.84,Male,moderate,159,12916,870.7,6.6,1.96,Cardio,127,117,60,1.22,22.0,4,2
24,1.65,66.2,24.32,Female,high,75,10499,501.6,7.1,2.5,Strength,132,102,60,1.79,15.1,3,1
46,1.91,92.5,25.36,Male,low,140,9350,215.7,6.9,1.0,Strength,182,140,81,0.86,13.2,6,2
25,1.68,61.4,21.75,Female,moderate,111,1647,762.1,4.8,1.59,Yoga,144,141,56,1.1,25.2,2,1
18,1.55,93.6,38.96,Male,low,85,7881,511.0,7.3,3.47,Cardio,148,107,63,1.26,33.7,1,2
20,1.88,114.2,32.31,Female,low,60,6489,759.1,4.1,1.28,Strength,178,121,60,0.57,17.0,5,2
41,1.8,45.4,14.01,Male,moderate,83,11103,231.4,7.8,1.2,Strength,180,109,59,1.53,12.5,6,2
40,1.64,103.9,38.63,Female,moderate,87,7839,881.9,5.3,2.23,None,145,138,56,0.78,20.6,5,3
25,1.63,93.1,35.04,Female,low,92,12421,669.7,8.8,1.73,Cardio,187,86,83,1.0,10.0,4,3
64,1.99,48.5,12.25,Male,high,161,5707,233.6,5.9,2.33,Cardio,141,127,68,1.12,23.8,5,3
54,1.93,104.3,28.0,Male,high,101,8855,203.3,4.3,3.4,Strength,126,118,64,1.46,11.2,6,3
20,1.9,61.8,17.12,Male,low,109,1911,615.8,9.0,1.32,None,176,120,69,0.6,33.3,5,3
50,1.56,64.9,26.67,Female,low,70,3763,883.5,7.2,2.1,Yoga,181,85,71,1.01,31.7,3,3
45,1.88,52.0,14.71,Female,low,121,10760,566.8,6.8,2.9,Cardio,137,144,61,0.91,12.9,1,2
64,1.61,85.1,32.83,Female,moderate,159,5341,447.7,5.8,1.4,Yoga,129,120,74,0.5,13.7,3,1
25,1.99,82.4,20.81,Male,high,138,1429,857.2,6.3,2.78,Cardio,150,133,65,1.54,33.8,5,3
51,1.53,71.0,30.33,Male,moderate,106,13415,888.8,6.2,2.0,Strength,145,133,67,0.85,30.3,2,3
52,1.68,57.7,20.44,Female,moderate,65,12344,749.1,5.4,2.55,Yoga,174,108,77,0.75,33.6,1,2
49,1.71,107.8,36.87,Male,low,69,2568,702.5,5.7,2.31,Cardio,144,95,75,1.7,18.4,2,3
41,1.91,110.7,30.34,Female,high,133,6285,201.4,8.7,2.13,Yoga,171,156,71,0.56,12.8,5,2
31,1.88,85.5,24.19,Male,low,108,9253,419.6,4.9,2.2,Strength,137,146,59,1.85,25.4,6,3
49,1.69,63.3,22.16,Male,high,67,2784,847.6,6.5,1.37,None,143,126,66,1.53,34.2,6,1
63,1.78,52.2,16.48,Female,moderate,88,8835,457.7,8.5,2.09,None,134,122,58,0.76,13.2,1,3
60,1.92,110.1,29.87,Male,moderate,104,13969,434.2,7.8,2.88,Yoga,127,152,55,1.03,30.5,2,3
33,1.51,52.2,22.89,Male,low,71,11132,576.0,9.0,3.24,Yoga,162,93,64,1.92,19.0,2,2
21,1.9,46.0,12.74,Male,high,174,2468,513.5,7.9,2.57,Yoga,143,158,56,1.43,12.9,4,3
54,1.97,80.2,20.67,Male,low,97,14663,801.2,4.2,3.07,Cardio,184,78,67,1.41,21.5,1,2
38,1.52,99.8,43.2,Male,moderate,114,3126,257.2,5.0,2.27,Strength,145,106,67,1.48,22.2,6,1
31,1.52,79.3,34.32,Female,low,136,4897,661.1,8.7,1.54,Yoga,193,102,79,1.19,10.2,6,3
48,1.67,48.9,17.53,Male,moderate,136,13312,688.0,8.8,2.81,None,145,150,66,0.75,21.9,2,2
35,1.54,96.8,40.82,Female,moderate,111,7883,816.1,6.7,2.75,Cardio,185,132,55,0.73,26.2,1,1
24,1.74,93.2,30.78,Male,high,170,6462,491.0,6.3,1.02,Yoga,159,148,64,1.53,29.1,4,1
27,1.86,96.1,27.78,Male,low,139,3044,406.5,7.1,2.2,Cardio,133,115,74,1.83,12.5,1,2
24,1.78,60.8,19.19,Female,low,143,1715,638.6,8.5,3.34,Yoga,152,107,78,0.95,31.9,2,2
50,1.6,104.7,40.9,Female,moderate,77,4573,707.4,6.3,3.46,Yoga,176,88,59,1.26,14.2,2,3
40,1.83,80.9,24.16,Male,moderate,125,10734,319.7,7.2,2.14,Cardio,158,156,64,1.99,26.5,4,1
38,1.84,85.2,25.17,Male,low,140,10977,310.7,5.1,2.8,Strength,120,127,61,0.89,23.8,3,1
36,1.97,85.9,22.13,Female,high,123,3719,384.5,6.8,1.04,Strength,156,150,69,1.09,32.0,6,2
36,1.57,66.5,26.98,Female,high,162,7590,373.5,4.7,1.67,None,137,116,81,1.05,11.0,5,1
53,1.85,63.8,18.64,Female,moderate,138,11263,725.5,4.1,2.8,Strength,149,110,72,0.55,14.8,5,2
46,1.96,45.4,11.82,Female,high,60,3326,571.5,6.9,2.63,Strength,146,99,74,1.26,13.0,2,3
35,1.75,74.7,24.39,Male,moderate,160,10638,583.5,7.5,2.65,Cardio,179,126,58,0.81,18.2,1,2
19,1.68,81.4,28.84,Male,moderate,128,11465,210.3,5.2,2.74,Cardio,168,114,55,0.69,18.5,3,3
18,1.59,100.7,39.83,Male,high,122,2924,896.0,5.0,2.07,None,149,144,82,1.57,12.2,4,2
64,1.93,50.0,13.42,Male,moderate,135,8903,780.9,7.4,3.34,Yoga,164,154,62,1.65,22.9,5,3
22,1.7,114.3,39.55,Male,high,71,3875,510.6,7.1,1.92,Cardio,140,136,65,1.83,12.9,3,1
37,1.96,64.8,16.87,Female,high,68,12404,246.8,8.1,3.26,Cardio,173,83,57,1.9,11.9,4,2
28,1.92,72.5,19.67,Female,high,75,8370,686.0,5.4,1.15,Cardio,135,152,82,1.8,10.8,2,2
59,1.69,48.6,17.02,Female,low,100,14167,574.5,7.5,3.12,Strength,137,143,83,0.68,33.2,4,2
19,1.79,94.0,29.34,Male,high,172,2607,674.3,5.0,1.76,Cardio,153,95,66,0.84,19.9,3,3
20,1.51,98.2,43.07,Female,low,81,10021,674.3,5.2,2.65,None,140,127,67,0.68,17.1,4,2
40,1.63,114.7,43.17,Male,low,73,10503,308.3,6.5,1.14,None,195,144,74,1.03,22.1,1,2
29,1.86,70.3,20.32,Male,low,174,12729,430.2,8.2,1.2,Cardio,150,75,72,0.69,13.9,3,1
37,1.84,64.3,18.99,Male,low,154,2106,212.4,5.5,1.14,Yoga,129,105,66,1.48,20.2,5,2
22,1.68,99.5,35.25,Female,high,108,5038,887.6,5.0,2.21,Cardio,123,119,64,1.58,14.8,5,2
54,1.9,98.0,27.15,Male,low,115,4966,764.5,7.1,2.04,None,134,102,75,0.74,17.6,2,2
55,1.62,115.3,43.93,Male,low,117,2015,850.2,5.7,1.8,Yoga,172,77,82,1.43,33.1,3,2
47,1.73,60.4,20.18,Female,moderate,177,1616,230.9,6.0,2.11,Strength,178,114,75,0.53,13.7,1,1
26,1.74,97.9,32.34,Male,moderate,176,2322,550.2,7.0,1.78,Cardio,174,78,69,1.15,21.8,5,2
51,1.67,50.0,17.93,Female,low,65,12042,723.2,4.5,3.18,None,181,144,57,0.93,26.5,1,2
61,1.98,81.0,20.66,Male,low,171,14640,272.6,5.5,2.41,Strength,161,150,84,2.0,32.9,3,1
52,1.85,54.0,15.78,Female,high,62,14311,744.0,6.9,1.78,None,147,86,78,1.88,33.1,3,3
39,1.77,94.0,30.0,Male,high,164,5398,653.3,4.7,2.14,Strength,126,136,69,0.72,16.2,6,3
61,1.76,90.1,29.09,Male,moderate,139,8012,889.5,6.7,3.17,None,130,145,71,1.88,33.6,1,1
41,1.58,48.7,19.51,Female,high,149,3170,298.6,7.6,2.02,None,148,122,83,1.13,18.3,5,1
34,1.69,69.0,24.16,Male,moderate,97,10780,640.5,6.5,2.07,Strength,153,81,70,1.36,32.4,2,3
27,1.84,74.6,22.03,Female,high,91,6000,863.0,6.5,1.84,Cardio,144,131,56,1.3,12.3,6,2
47,1.96,63.6,16.56,Male,high,84,3382,720.6,4.8,1.65,None,175,130,55,1.59,15.0,6,3
63,1.91,47.9,13.13,Female,low,65,13117,435.3,4.1,2.18,Yoga,159,141,76,1.0,12.0,5,2
40,1.65,68.9,25.31,Male,moderate,174,8328,283.5,4.4,2.84,Cardio,182,87,58,0.6,17.5,4,1
49,1.72,104.4,35.29,Male,high,170,1288,874.6,6.5,1.92,Yoga,169,126,80,1.13,31.8,6,1
34,1.54,72.0,30.36,Male,high,135,1507,250.3,6.2,1.57,None,130,137,71,1.32,14.0,4,1
34,1.55,69.3,28.84,Female,moderate,93,4871,882.6,8.1,2.65,Strength,179,115,61,1.33,15.6,3,3
31,1.74,115.6,38.18,Female,high,175,2824,412.5,5.9,3.02,Cardio,183,149,79,1.69,15.4,2,1
26,1.77,48.1,15.35,Female,moderate,156,7752,802.2,8.7,1.05,Strength,123,97,59,0.57,16.9,4,3
57,1.63,102.5,38.58,Female,low,96,3391,588.0,5.7,2.58,Strength,150,121,77,1.98,10.5,1,2
19,1.82,81.2,24.51,Female,moderate,119,9051,838.8,6.8,3.25,Yoga,193,139,58,1.99,20.6,5,2
62,1.85,115.8,33.83,Male,moderate,136,7789,498.6,7.4,1.22,Yoga,173,105,74,0.65,34.4,2,2
42,1.65,74.5,27.36,Male,low,66,6056,794.9,7.8,3.25,Cardio,199,110,74,1.02,21.2,2,1
56,1.88,98.1,27.76,Male,moderate,159,12263,366.9,7.3,1.29,Cardio,175,88,83,1.39,30.3,6,2
26,1.6,50.2,19.61,Male,moderate,150,10672,526.7,4.6,3.49,Cardio,163,111,59,1.06,24.3,2,1
39,1.77,114.7,36.61,Male,high,117,5182,792.4,7.4,2.28,Yoga,124,106,62,1.23,10.4,3,3
60,1.9,70.8,19.61,Female,moderate,155,10607,282.9,4.0,2.82,Yoga,186,127,74,0.99,24.6,3,1
63,1.77,84.3,26.91,Male,high,79,11687,710.0,5.7,1.16,Strength,199,102,77,1.57,33.7,1,2
21,1.95,55.4,14.57,Female,high,94,14212,505.8,6.4,1.26,Strength,187,139,63,1.05,23.8,1,1
43,1.53,115.9,49.51,Male,low,136,9721,559.3,6.1,3.41,Strength,128,121,60,1.14,23.2,3,1
46,1.79,95.5,29.81,Female,high,141,8585,605.3,5.3,3.47,Cardio,123,145,58,1.36,26.8,4,3
62,1.78,49.0,15.47,Female,moderate,78,10199,393.0,8.3,1.69,None,193,154,59,1.95,31.8,5,1
51,1.83,56.6,16.9,Female,low,132,1199,267.5,9.0,1.85,Yoga,135,106,62,1.46,24.1,5,2
40,1.92,75.0,20.35,Male,low,70,7712,213.1,7.3,1.02,Cardio,189,98,74,0.65,20.2,2,1
54,1.86,61.3,17.72,Male,moderate,111,5361,501.6,4.6,3.39,Yoga,134,88,67,0.98,10.9,1,1
28,1.9,67.8,18.78,Male,low,116,1546,388.2,4.9,3.29,None,171,121,58,1.13,12.8,4,2
23,1.64,119.8,44.54,Male,low,111,10465,643.1,4.0,1.29,Yoga,150,153,61,1.61,26.2,5,1
35,1.69,94.4,33.05,Female,moderate,72,12351,701.2,5.8,1.91,Yoga,199,75,76,1.17,25.5,2,3
38,1.81,114.2,34.86,Female,moderate,135,5999,552.6,8.1,3.42,Yoga,163,93,55,1.49,16.0,2,2
59,1.78,77.7,24.52,Female,high,85,8562,633.3,5.2,1.31,Strength,155,132,63,1.76,28.0,1,2
53,1.98,98.3,25.07,Female,moderate,113,9580,592.5,6.0,3.18,None,121,81,83,0.66,17.0,5,1
58,1.59,79.5,31.45,Male,high,152,1279,203.2,8.8,1.5,Cardio,147,156,59,1.65,17.6,5,3
55,1.68,69.6,24.66,Female,moderate,76,10924,789.2,6.7,1.17,Cardio,159,151,64,1.62,11.5,4,3
51,1.79,83.9,26.19,Male,moderate,66,14817,241.7,8.7,1.36,Cardio,182,138,65,1.73,23.8,6,2
34,1.93,77.0,20.67,Female,low,78,4827,487.2,4.2,2.77,None,182,92,72,1.93,17.2,1,2
54,1.96,118.5,30.85,Female,moderate,65,3205,277.7,7.4,1.34,Yoga,136,137,59,0.96,30.5,6,1
42,1.67,82.2,29.47,Female,low,134,12466,663.6,4.7,1.01,Cardio,157,142,78,1.14,30.0,1,2
55,1.53,105.8,45.2,Male,moderate,101,14221,427.9,4.1,2.94,None,155,124,76,0.89,13.2,3,3
29,1.71,95.0,32.49,Male,moderate,67,8790,249.8,5.3,2.64,Strength,151,142,78,0.99,14.0,5,1
40,1.7,81.0,28.03,Female,moderate,163,6913,231.7,4.1,3.2,None,173,90,75,0.99,18.0,3,1
59,1.99,80.6,20.35,Female,low,163,5774,366.0,4.8,2.44,Strength,178,88,58,1.8,24.5,4,3
39,1.72,70.6,23.86,Female,high,163,7978,667.1,5.0,1.11,None,144,136,80,0.59,18.6,2,3
38,1.65,53.0,19.47,Male,low,139,10969,702.8,9.0,1.05,Strength,196,152,73,0.8,18.8,1,2
44,1.68,102.1,36.17,Male,high,137,2700,289.9,4.3,2.96,Cardio,133,81,70,1.42,13.5,5,3
48,1.7,113.9,39.41,Male,low,89,14032,297.4,8.8,3.22,None,163,130,56,1.65,18.4,3,1
23,1.91,61.3,16.8,Female,moderate,158,7541,615.3,5.9,3.0,Strength,144,88,69,1.55,21.8,2,1
44,1.54,114.4,48.24,Male,low,99,10305,870.1,6.7,1.94,Yoga,154,116,63,0.57,34.6,4,3
57,1.66,62.4,22.64,Female,high,61,14626,587.0,4.2,2.66,Cardio,198,144,71,1.18,30.9,5,2
51,1.98,84.8,21.63,Male,moderate,161,8497,698.2,4.0,1.19,Cardio,198,136,80,0.78,29.8,5,1
29,1.58,70.8,28.36,Female,high,127,12926,602.8,5.2,2.8,Strength,166,117,84,1.98,24.0,1,2
62,1.87,53.6,15.33,Female,high,107,3371,273.4,7.4,1.62,Strength,166,131,56,2.0,19.0,1,3
24,1.68,49.0,17.36,Male,moderate,86,9908,862.5,7.5,3.34,None,136,149,76,0.58,31.4,3,2
27,1.79,72.4,22.6,Female,low,166,4486,250.4,6.9,1.84,Strength,142,105,83,1.5,18.7,3,1
62,1.55,48.6,20.23,Female,moderate,73,12729,731.9,6.3,1.85,Strength,136,125,60,1.72,24.8,4,3
34,1.65,52.8,19.39,Female,high,109,6544,885.5,5.2,1.72,Yoga,148,141,82,0.99,16.4,2,1
43,1.75,55.7,18.19,Male,high,64,2057,423.3,8.2,2.58,Cardio,121,75,55,1.54,29.4,4,1
38,1.62,45.1,17.18,Female,low,142,2869,320.1,6.9,1.24,Strength,130,154,62,0.78,22.9,5,3
45,1.77,56.5,18.03,Male,high,80,14400,596.3,5.7,1.13,Strength,135,118,65,0.69,32.4,3,2
63,1.61,88.3,34.07,Male,low,164,14784,756.5,4.7,2.74,Yoga,170,124,74,1.89,24.2,6,3
19,1.83,106.5,31.8,Female,high,107,3241,864.6,7.3,3.36,Strength,140,134,84,1.46,14.1,4,1
60,1.95,59.5,15.65,Male,high,158,2361,685.6,5.0,2.86,Yoga,140,77,77,1.73,34.8,4,1
18,1.54,51.1,21.55,Female,moderate,91,14137,435.1,6.6,1.62,Cardio,125,146,80,1.3,22.5,1,1
53,1.61,99.7,38.46,Male,low,60,12113,546.0,6.2,1.91,Cardio,165,154,69,0.73,16.3,4,3
43,1.92,45.6,12.37,Female,high,174,13758,732.8,5.0,1.51,Yoga,142,128,63,1.06,18.2,2,3
46,1.82,100.1,30.22,Male,moderate,164,13225,751.6,7.9,2.71,Yoga,177,76,56,1.82,13.0,4,3
38,1.54,54.8,23.11,Female,high,122,1852,252.1,6.3,1.59,Cardio,176,103,61,0.52,11.8,2,3
28,1.74,62.1,20.51,Female,low,115,5733,629.6,4.1,2.43,Cardio,180,90,71,0.81,21.3,2,2
57,1.6,54.0,21.09,Female,low,172,14047,877.2,6.5,3.1,Yoga,158,133,57,0.88,33.8,6,1
28,1.6,63.6,24.84,Female,moderate,70,7428,749.7,5.0,2.29,None,164,85,58,0.89,13.1,5,2
53,1.97,104.9,27.03,Male,low,69,10406,205.1,9.0,2.48,Cardio,148,98,57,0.65,32.6,4,1
56,1.88,54.9,15.53,Male,low,140,10695,357.5,7.2,3.42,Cardio,150,157,62,1.77,29.9,3,1
57,1.85,119.6,34.95,Female,high,162,14686,511.5,4.5,1.8,Yoga,121,106,65,0.74,30.2,5,2
52,1.62,69.5,26.48,Male,high,161,1547,694.4,6.5,2.99,Yoga,156,148,82,1.74,27.7,1,3
51,1.56,114.1,46.89,Female,moderate,94,7092,588.7,6.0,2.72,Yoga,163,128,84,1.03,24.8,4,1
64,1.94,59.3,15.76,Female,low,90,3508,254.1,7.0,1.28,None,198,130,70,1.19,13.0,5,3
41,1.5,59.1,26.27,Male,low,63,5994,716.8,7.3,3.47,Yoga,189,145,82,1.19,24.4,1,2
39,1.69,87.4,30.6,Male,moderate,175,2584,787.1,6.3,2.72,None,182,154,68,1.57,18.8,6,1
22,1.64,48.8,18.14,Female,high,132,4769,344.0,7.2,1.03,Yoga,194,117,77,1.6,12.6,5,3
50,1.79,105.1,32.8,Male,low,87,8645,247.2,5.4,2.81,Yoga,172,127,73,1.46,30.1,5,2
53,1.63,78.0,29.36,Female,low,149,13133,753.7,4.2,1.33,None,195,75,77,1.66,23.7,5,1
64,1.66,97.4,35.35,Male,high,85,1250,648.3,4.3,1.73,Strength,122,135,56,0.51,28.6,6,2
37,1.93,58.1,15.6,Male,high,113,12171,762.5,8.3,1.87,Cardio,138,108,66,1.26,22.0,2,3
36,1.8,93.2,28.77,Male,moderate,71,1300,596.6,5.7,1.77,Yoga,164,135,65,1.29,23.8,4,1
52,1.57,89.6,36.35,Male,high,95,2905,500.0,8.7,2.86,Strength,180,135,70,0.86,27.8,1,1
60,1.86,101.7,29.4,Male,low,150,5852,874.2,6.4,2.88,None,174,82,65,1.33,16.2,6,1
34,1.6,67.3,26.29,Female,moderate,173,4533,746.0,8.2,2.32,Yoga,190,128,57,1.2,31.2,4,2
62,1.72,115.0,38.87,Male,high,166,12425,488.3,4.7,2.42,None,195,127,77,1.21,20.5,6,2
60,1.82,117.1,35.35,Male,moderate,75,9213,835.3,8.3,1.78,None,148,94,64,0.68,27.7,5,2
51,1.64,110.1,40.94,Female,high,149,8488,895.4,8.7,1.06,None,167,120,83,1.15,18.2,2,2
26,1.69,87.9,30.78,Female,low,128,7973,415.8,8.8,1.88,Strength,191,105,59,1.65,27.6,3,3
43,1.87,76.5,21.88,Female,low,109,14810,824.7,5.5,1.02,None,182,159,82,1.11,11.1,5,2
19,1.97,49.3,12.7,Male,moderate,156,3611,231.8,7.6,3.16,Cardio,140,100,67,1.23,33.2,3,2
26,1.76,116.0,37.45,Male,moderate,140,4670,350.0,4.3,2.6,Yoga,176,137,79,1.95,29.7,2,2
26,1.5,116.4,51.73,Female,moderate,113,9729,312.6,5.4,3.45,Yoga,132,94,78,1.81,26.6,2,3
57,1.67,46.4,16.64,Female,moderate,68,10300,449.6,5.7,1.46,Cardio,146,96,60,1.89,18.1,3,3
34,1.7,71.8,24.84,Female,high,139,8748,593.8,7.5,2.64,Yoga,187,131,82,0.62,31.1,2,1
18,1.67,111.0,39.8,Female,moderate,103,14317,704.0,5.6,1.47,Cardio,183,131,74,1.43,29.2,3,2
42,1.72,51.1,17.27,Male,high,73,6995,832.0,4.3,2.6,Strength,128,100,57,0.84,21.3,2,1
60,1.82,59.7,18.02,Male,moderate,134,5281,311.0,6.3,2.23,None,193,91,76,1.11,14.9,3,1
57,1.56,118.4,48.65,Male,high,112,9867,604.8,5.5,2.66,Strength,194,101,63,1.52,14.4,3,3
59,1.64,108.5,40.34,Male,high,164,2581,588.3,7.9,2.81,Cardio,126,141,75,1.37,22.2,6,3
42,1.75,113.4,37.03,Male,moderate,159,7804,520.9,6.6,2.31,None,130,130,82,1.26,29.6,4,1
56,1.66,55.7,20.21,Female,moderate,107,2206,686.2,5.5,2.23,Strength,147,98,61,1.72,27.9,2,1
52,2.0,60.8,15.2,Male,high,113,14098,559.4,4.3,1.17,None,191,99,77,1.52,22.3,4,2
20,1.72,90.4,30.56,Female,high,62,7050,585.1,5.1,1.91,None,146,84,84,1.73,15.1,4,3
54,1.93,82.6,22.18,Female,low,178,13007,832.3,4.8,1.75,Strength,141,110,61,1.9,16.0,3,3
61,1.95,67.4,17.73,Female,high,79,12032,802.2,5.7,2.56,Yoga,161,156,79,1.57,11.4,5,1
61,1.92,111.3,30.19,Male,moderate,177,6584,604.1,4.2,1.69,Cardio,151,119,56,1.09,14.4,6,3
47,1.52,112.6,48.74,Female,low,154,11478,309.3,4.2,1.58,Strength,133,91,62,0.82,10.3,6,1
55,1.97,66.9,17.24,Male,high,113,2446,871.1,8.6,3.12,Strength,145,152,72,0.91,26.9,3,1
51,1.56,56.7,23.3,Female,low,170,6058,635.9,8.5,3.07,Yoga,174,132,81,1.09,24.7,2,3
29,1.52,56.2,24.32,Male,moderate,63,12494,765.2,7.5,1.82,Cardio,194,157,55,1.61,34.7,3,2
36,1.71,81.3,27.8,Female,moderate,154,12081,238.5,7.6,1.21,Strength,190,156,82,0.56,29.1,1,3
54,1.6,55.0,21.48,Male,high,166,3629,827.8,4.4,2.24,None,174,97,64,1.72,16.2,2,1
61,1.59,80.5,31.84,Female,moderate,102,1692,685.4,4.7,2.13,Cardio,164,82,60,1.64,27.7,5,1
34,1.64,79.6,29.6,Female,low,77,9843,679.8,5.4,3.17,Yoga,149,124,72,1.25,10.3,1,2
27,1.62,111.3,42.41,Female,low,125,10947,277.1,6.5,2.37,Strength,185,90,84,1.1,34.7,3,1
64,1.84,67.2,19.85,Female,high,171,10891,699.0,8.2,3.36,None,145,117,67,0.67,25.4,3,2
29,1.59,87.0,34.41,Male,high,137,11816,253.6,8.9,2.21,Cardio,120,157,75,0.93,13.0,5,3
33,1.77,100.8,32.17,Male,moderate,161,4006,239.1,7.9,2.67,Strength,143,156,55,0.66,22.5,3,2
41,1.99,89.7,22.65,Male,low,148,10893,427.7,4.8,2.2,Cardio,174,120,77,1.73,33.5,5,1
36,1.72,116.6,39.41,Female,low,137,8454,216.2,8.5,1.8,None,184,123,83,1.26,31.2,1,1
25,1.82,90.2,27.23,Female,high,129,4698,311.7,7.5,1.07,None,144,89,55,0.87,17.5,5,2
48,1.98,112.6,28.72,Female,moderate,148,8696,708.3,4.4,2.98,Cardio,161,123,66,0.53,19.9,5,3
38,1.57,63.4,25.72,Female,high,173,9405,784.4,5.7,3.26,None,163,95,82,1.29,31.3,2,2
34,1.71,87.1,29.79,Female,low,99,6793,325.7,8.0,2.83,None,188,149,62,1.63,32.5,6,1
40,1.93,85.7,23.01,Female,moderate,89,3222,776.3,8.4,1.68,Cardio,131,80,82,1.65,32.9,4,3
54,1.97,119.2,30.71,Male,low,82,1563,536.4,7.7,3.04,Cardio,127,129,75,0.82,33.7,2,2
33,1.8,60.3,18.61,Male,moderate,94,5266,870.5,6.4,2.53,Yoga,182,157,59,1.99,22.5,4,2
23,1.57,55.6,22.56,Male,low,103,11268,297.5,9.0,2.71,Strength,197,154,57,1.35,31.5,1,2
25,1.95,90.9,23.91,Male,high,109,8573,237.5,4.0,1.17,Yoga,139,150,72,1.0,18.7,1,1
42,1.59,61.8,24.45,Male,moderate,83,2506,791.6,4.5,2.45,Yoga,159,89,60,1.09,31.0,3,1
35,1.68,92.9,32.92,Male,high,92,13013,453.4,6.3,2.4,Yoga,192,85,58,0.69,18.7,6,1
42,1.69,117.9,41.28,Male,moderate,132,13027,520.0,7.5,2.65,Yoga,124,113,69,1.24,25.2,2,3
29,1.72,116.0,39.21,Male,high,107,14221,558.3,4.1,2.93,Strength,120,148,83,1.63,21.7,3,3
32,1.9,62.3,17.26,Female,high,147,3937,777.6,6.1,2.01,Cardio,130,125,80,1.11,32.3,3,3
43,1.9,57.8,16.01,Female,moderate,77,2231,253.2,5.3,1.39,None,123,111,82,1.8,11.7,4,1
58,1.86,87.1,25.18,Female,high,168,11658,585.8,6.8,3.31,None,157,123,58,1.22,33.7,2,3
62,1.51,89.0,39.03,Female,moderate,162,1822,501.4,5.6,2.94,Cardio,136,131,60,1.85,21.6,2,3
43,1.78,94.7,29.89,Female,low,152,8595,438.2,7.3,2.35,Cardio,187,139,72,1.55,22.0,3,2
64,1.87,100.6,28.77,Female,moderate,114,4589,443.7,4.7,1.89,Cardio,151,91,72,0.58,30.7,3,1
49,1.72,90.1,30.46,Female,low,69,10632,851.2,7.8,3.46,None,124,137,83,0.6,26.7,3,2
27,1.97,53.4,13.76,Male,low,168,4801,387.7,6.7,1.23,Yoga,141,88,80,1.7,33.8,4,1
33,1.91,104.3,28.59,Male,moderate,110,12755,518.2,7.8,3.34,Yoga,197,112,64,1.04,23.7,6,1
24,1.82,51.0,15.4,Female,low,169,13836,545.0,6.4,2.01,Yoga,186,99,67,0.78,24.0,4,3
34,1.53,46.5,19.86,Male,high,150,3903,703.9,5.9,1.24,Strength,130,111,74,1.8,34.3,5,2
40,1.83,102.7,30.67,Male,low,72,12806,563.3,5.2,1.95,Yoga,144,130,76,1.97,33.2,1,2
43,1.96,86.1,22.41,Male,moderate,73,4246,634.9,8.4,2.87,Strength,161,81,72,1.71,15.2,2,3
38,1.69,97.4,34.1,Male,high,169,5929,479.2,6.2,2.06,None,154,85,84,1.59,17.7,2,2
39,1.92,73.7,19.99,Male,high,161,11069,703.0,6.4,2.23,Strength,198,148,61,0.5,25.6,1,2
24,1.66,45.8,16.62,Female,moderate,170,2270,526.1,6.6,3.06,Cardio,178,152,81,0.66,33.5,6,1
31,1.79,69.8,21.78,Male,moderate,155,12899,355.9,6.6,2.54,Cardio,167,109,62,1.51,24.1,3,2
32,1.82,90.6,27.35,Female,low,154,10855,771.9,6.9,2.67,None,122,110,79,1.11,28.3,6,2
24,1.84,61.9,18.28,Female,high,91,7609,735.8,4.7,1.39,Yoga,143,144,60,0.53,12.3,6,1
26,1.94,96.6,25.67,Female,low,85,13776,639.2,8.2,1.63,None,188,126,56,1.61,23.1,2,3
25,1.62,104.6,39.86,Male,moderate,110,10169,565.4,5.7,2.03,Cardio,152,143,76,1.13,13.7,2,1
40,1.63,79.1,29.77,Female,low,95,7044,345.9,4.8,1.27,Yoga,189,116,62,1.49,16.5,3,3
46,1.85,110.7,32.34,Female,high,118,1496,807.8,4.9,1.7,Cardio,166,145,64,1.2,14.2,2,3
35,1.59,109.1,43.15,Female,low,163,2304,268.0,5.8,3.08,None,172,89,71,0.54,14.1,6,1
48,1.73,110.9,37.05,Female,moderate,175,13746,468.2,5.3,1.06,Yoga,164,95,81,1.45,34.8,4,1
47,1.51,94.6,41.49,Male,moderate,163,4595,796.8,8.2,1.13,None,190,156,76,1.68,17.5,1,3
56,1.57,67.9,27.55,Female,moderate,80,2031,616.9,8.4,2.72,Cardio,176,75,66,0.73,24.1,4,1
52,1.84,81.1,23.95,Female,low,72,11843,507.0,7.6,1.97,Yoga,189,142,65,1.84,10.5,4,1
35,1.87,98.3,28.11,Female,low,75,1958,754.0,8.1,2.93,Cardio,159,85,71,0.77,30.2,2,2
59,1.56,60.8,24.98,Female,low,106,9002,892.7,4.1,3.33,Yoga,122,84,70,1.13,27.0,4,1
56,1.61,100.4,38.73,Male,moderate,112,11208,332.2,4.4,1.67,Strength,168,119,76,1.29,15.7,5,1
34,1.55,86.1,35.84,Female,moderate,89,3108,235.5,8.1,1.09,Strength,133,130,64,0.97,10.9,4,2
31,1.72,52.2,17.64,Female,high,139,2895,524.1,6.4,2.14,Cardio,139,93,74,1.25,16.9,2,3
48,1.56,86.8,35.67,Female,moderate,123,7986,401.2,8.7,3.41,None,197,116,57,1.58,25.7,3,3
41,1.72,50.0,16.9,Female,low,85,1723,666.7,8.2,2.36,Strength,185,115,73,1.57,10.4,3,1
52,1.87,46.1,13.18,Female,high,90,14533,546.0,5.7,1.94,Strength,144,94,58,1.88,11.9,6,1
61,1.84,111.7,32.99,Female,low,166,2179,549.3,5.6,2.38,Yoga,123,101,73,1.79,20.2,2,3
62,1.64,81.7,30.38,Male,moderate,81,1883,448.5,8.4,1.41,Yoga,160,86,63,1.98,14.4,4,1
51,1.84,85.7,25.31,Female,high,166,3783,347.5,6.2,2.88,Yoga,182,152,74,1.39,25.8,1,3
20,1.96,66.0,17.18,Male,low,155,8822,349.4,6.2,2.7,Cardio,167,138,71,1.1,14.4,4,3
54,1.67,85.7,30.73,Male,moderate,103,11295,470.9,6.7,2.81,None,174,112,58,0.86,34.8,4,2
60,1.66,57.7,20.94,Female,low,155,3511,677.3,7.8,1.76,None,121,140,71,0.87,20.9,1,2
57,1.79,100.9,31.49,Male,low,141,9836,436.0,5.8,3.03,Yoga,142,132,80,0.73,13.7,4,1
43,1.62,106.8,40.7,Female,low,159,11173,428.2,6.1,3.23,Cardio,167,156,80,1.59,11.8,4,1
40,1.83,109.2,32.61,Male,high,85,10859,497.5,6.2,3.39,Yoga,134,159,57,1.48,20.5,5,3
61,1.92,53.0,14.38,Female,low,154,12139,893.6,8.2,2.6,None,170,85,74,0.94,30.2,5,1
56,1.73,86.8,29.0,Male,high,163,13351,263.9,6.1,1.87,Cardio,143,104,84,1.84,21.0,6,2
32,1.84,105.7,31.22,Male,low,124,14776,406.3,8.2,1.97,Yoga,139,138,58,1.33,13.5,2,3
21,1.83,54.6,16.3,Female,low,68,4469,404.4,6.8,2.41,Yoga,175,157,63,0.6,22.2,4,3
46,1.52,52.5,22.72,Male,high,157,6376,882.2,7.0,2.44,None,157,122,60,0.59,18.4,6,1
39,1.59,106.3,42.05,Male,moderate,136,10288,485.0,7.2,2.98,Cardio,144,114,73,0.71,22.5,3,3
42,1.95,104.8,27.56,Male,high,109,5126,596.9,5.9,1.21,None,171,142,61,0.82,19.8,3,3
30,1.97,78.7,20.28,Male,low,108,7781,338.7,7.0,2.42,Cardio,170,95,81,1.83,26.2,2,3
35,1.89,53.2,14.89,Male,moderate,67,3955,208.9,4.9,1.87,Cardio,166,79,70,1.67,30.1,5,2
50,1.96,83.7,21.79,Female,low,138,13423,437.5,5.6,3.08,Yoga,187,110,69,0.8,32.2,2,3
33,1.65,74.6,27.4,Male,high,135,6821,647.3,8.3,1.88,None,199,81,70,0.87,28.5,2,2
62,1.62,83.9,31.97,Male,moderate,105,7118,684.1,5.8,2.17,Cardio,183,134,68,1.46,18.9,3,3
59,1.69,78.0,27.31,Female,high,119,3198,727.7,5.9,1.57,Strength,162,130,58,1.81,21.2,5,1
61,1.53,87.6,37.42,Female,high,78,14248,802.5,8.5,1.74,Yoga,190,105,77,0.98,26.0,5,1
19,1.9,99.5,27.56,Female,low,171,13736,280.9,5.7,2.39,None,176,158,56,1.29,15.5,4,3
52,1.99,103.1,26.03,Male,low,74,9525,258.0,7.2,2.06,Cardio,158,99,61,1.84,27.5,2,1
59,1.91,93.7,25.68,Male,high,148,13985,751.4,8.7,1.5,Yoga,148,130,78,1.66,26.2,6,2
51,1.78,59.9,18.91,Male,low,86,4629,505.0,9.0,2.18,None,145,155,82,1.84,26.4,4,3
47,1.65,74.8,27.47,Male,high,141,14030,863.0,6.7,1.41,None,133,153,61,0.92,18.3,1,2
30,1.6,50.3,19.65,Female,high,128,2631,860.4,7.0,3.2,Yoga,183,148,60,1.54,25.0,3,3
30,1.68,78.9,27.95,Female,moderate,168,3788,299.2,6.2,3.31,Cardio,166,108,74,0.67,14.9,1,2
35,1.83,117.8,35.18,Male,moderate,122,1747,683.9,7.7,1.57,Yoga,139,118,83,1.42,14.7,1,1
49,1.72,93.1,31.47,Male,high,103,5315,247.0,7.6,1.13,Strength,126,81,63,0.96,29.2,1,2
49,1.97,56.6,14.58,Male,moderate,178,4189,482.4,5.9,3.32,Yoga,193,125,71,1.55,19.5,6,2
52,1.93,65.1,17.48,Male,high,117,14373,789.2,4.3,1.78,None,186,99,75,0.71,23.6,5,1
56,1.55,49.8,20.73,Female,moderate,98,14987,522.7,7.1,1.47,Strength,172,102,65,1.5,17.3,4,1
63,1.57,58.7,23.81,Female,moderate,127,4424,223.5,4.2,3.3,Strength,184,116,70,1.56,15.9,4,3
46,1.84,81.6,24.1,Male,high,165,4674,368.2,7.2,3.21,Cardio,149,101,84,1.79,29.5,2,3
46,1.62,70.9,27.02,Female,moderate,77,12744,260.5,8.1,1.13,Yoga,185,111,55,1.53,29.9,2,2
61,1.9,60.3,16.7,Male,low,177,14314,485.8,6.9,1.52,Cardio,134,129,81,1.28,30.9,2,3
33,1.8,56.0,17.28,Male,high,113,4859,687.7,5.7,3.03,Yoga,194,112,80,1.68,31.4,1,2
61,1.61,94.2,36.34,Female,low,107,9639,662.3,6.5,1.67,None,189,130,81,0.93,20.3,6,3
64,1.74,86.9,28.7,Male,moderate,132,9689,703.3,5.8,2.67,Cardio,189,108,70,1.52,30.2,3,1
27,1.7,108.2,37.44,Female,high,88,10058,468.7,4.6,1.1,None,176,103,71,1.59,18.6,6,1
47,1.94,58.7,15.6,Male,low,89,9100,385.7,5.6,3.1,None,144,122,60,1.09,11.3,3,1
42,1.52,108.6,47.0,Female,low,128,4389,239.9,6.4,2.06,Strength,142,146,76,1.98,27.2,3,1
56,1.95,88.3,23.22,Male,moderate,139,13301,859.1,5.7,2.18,Cardio,131,151,65,1.03,15.0,4,2
37,1.83,65.0,19.41,Female,high,84,2994,282.8,4.1,3.02,Yoga,167,120,61,0.63,21.3,5,1
22,1.87,65.5,18.73,Male,high,154,6503,324.8,4.5,2.14,Cardio,129,111,70,0.96,14.1,6,1
18,1.5,74.3,33.02,Male,high,149,2192,217.5,4.6,1.26,None,136,77,80,0.65,19.8,3,1
47,1.81,79.5,24.27,Female,high,150,14172,422.0,6.1,2.26,Strength,171,152,83,1.01,32.1,6,1
20,1.79,51.2,15.98,Male,moderate,86,10466,773.2,4.2,2.14,Cardio,121,151,79,0.69,25.3,3,3
62,1.77,108.1,34.5,Female,moderate,161,4190,432.6,6.4,2.13,Strength,179,124,76,1.16,13.7,5,2
31,1.89,54.1,15.15,Female,moderate,89,5867,666.2,4.3,1.48,Strength,176,95,56,1.67,28.1,2,2
47,1.78,81.3,25.66,Male,moderate,99,14961,875.9,8.6,1.41,None,192,122,74,0.6,31.2,4,3
21,1.93,73.7,19.79,Male,moderate,136,13870,824.8,9.0,2.94,Cardio,166,132,67,1.34,14.2,6,3
35,1.62,83.4,31.78,Male,high,91,9006,326.0,5.9,2.55,Cardio,190,105,67,0.57,28.6,4,2
54,1.9,111.6,30.91,Male,high,88,3586,451.4,7.9,1.02,Cardio,132,81,69,1.83,23.7,5,2
42,1.59,119.2,47.15,Female,high,159,2953,725.8,8.5,3.09,Strength,193,131,69,1.88,25.1,1,3
18,1.91,46.5,12.75,Male,high,100,5164,884.4,8.2,1.3,Yoga,141,110,63,1.24,33.5,4,1
63,1.97,74.5,19.2,Male,high,155,14021,701.2,6.8,2.84,Cardio,147,157,72,1.65,10.9,1,2
32,1.67,106.3,38.12,Male,high,70,13776,376.5,6.3,1.24,None,174,98,68,1.39,26.0,2,3
26,1.76,69.5,22.44,Female,low,163,9729,293.0,5.6,3.43,Strength,169,98,77,1.01,12.0,6,1
32,1.83,93.7,27.98,Male,high,103,8368,546.6,4.4,3.25,Yoga,197,130,68,0.87,29.7,4,1
41,1.54,119.4,50.35,Female,low,152,1946,335.1,8.9,1.46,Cardio,138,159,58,1.64,32.4,4,3
21,1.75,93.5,30.53,Male,high,93,4362,359.3,4.3,1.02,Yoga,120,135,68,1.14,12.2,2,2
29,1.68,53.3,18.88,Female,low,143,9837,644.1,4.9,1.15,Strength,187,151,64,1.88,10.6,3,2
54,1.94,108.2,28.75,Male,high,138,1956,560.4,6.5,3.02,Yoga,175,144,84,1.96,33.9,3,1
54,1.94,117.5,31.22,Male,low,146,4032,284.5,4.4,1.19,Strength,133,102,65,0.82,33.2,6,3
60,1.85,98.4,28.75,Female,low,93,14297,307.6,7.5,2.95,Yoga,183,106,76,1.34,33.1,2,1
23,1.83,76.4,22.81,Male,moderate,87,12242,213.6,4.1,3.05,Yoga,188,151,55,1.31,33.5,5,1
56,1.87,116.1,33.2,Male,moderate,119,8531,353.8,8.3,1.77,Strength,141,152,81,1.8,22.5,1,1
63,1.68,117.6,41.67,Male,moderate,178,12209,821.1,8.6,2.84,Yoga,163,119,84,1.54,34.4,5,3
41,1.7,115.1,39.83,Female,moderate,113,6522,755.1,7.4,3.05,None,168,143,68,1.41,32.3,5,2
28,1.78,75.9,23.96,Male,low,86,12298,490.3,7.2,2.95,Cardio,155,142,62,1.52,12.4,6,1
30,1.97,104.2,26.85,Female,moderate,105,3662,719.4,7.0,1.48,Yoga,188,152,60,1.08,30.3,4,2
51,1.86,94.1,27.2,Female,low,145,11393,484.9,4.4,2.12,Yoga,153,92,65,1.94,27.8,1,2
42,1.78,58.5,18.46,Female,high,67,14292,754.5,5.7,1.17,Yoga,156,149,68,0.59,13.4,5,3
24,1.89,85.2,23.85,Male,high,88,8202,327.4,7.2,2.31,Cardio,170,157,61,0.54,28.4,3,2
21,1.69,101.1,35.4,Female,low,78,4890,306.8,5.1,2.11,Strength,156,76,83,1.12,22.1,5,2
25,1.87,112.2,32.09,Female,moderate,171,8355,254.6,4.0,3.26,Cardio,144,77,76,0.73,31.3,3,1
37,1.71,109.7,37.52,Male,high,91,6618,369.3,6.7,1.05,Yoga,124,103,61,1.32,30.5,3,3
46,1.64,56.6,21.04,Female,high,60,10538,302.4,5.8,2.33,Strength,127,122,75,0.51,33.6,1,3
62,1.8,81.6,25.19,Female,moderate,126,1644,759.0,5.2,2.83,Yoga,172,139,73,1.19,11.9,4,1
63,1.84,80.9,23.9,Male,low,117,5780,368.0,8.0,2.16,Strength,146,116,76,0.94,27.8,3,1
27,1.73,112.4,37.56,Male,low,85,5667,561.3,7.5,1.6,Yoga,180,80,64,0.8,19.4,6,2
60,1.78,45.1,14.23,Female,moderate,109,3491,729.3,7.2,2.52,Yoga,184,133,79,1.17,29.4,6,2
51,1.85,100.4,29.34,Male,low,66,8964,674.0,8.8,3.47,Strength,190,155,76,1.78,25.1,2,3
43,1.88,91.4,25.86,Male,low,149,14300,343.2,7.3,1.1,None,164,93,63,1.48,22.4,4,3
58,1.95,114.1,30.01,Male,high,175,6874,254.0,7.6,1.49,Cardio,122,126,72,0.74,10.1,2,2
20,1.68,79.3,28.1,Female,moderate,150,1171,838.2,5.3,2.23,Strength,180,135,81,1.25,25.2,6,1
23,1.98,94.3,24.05,Female,moderate,78,4321,635.4,7.8,2.49,Cardio,169,76,71,1.9,20.5,3,3
22,1.82,118.0,35.62,Male,high,127,3273,694.6,6.7,2.56,None,167,153,84,1.16,18.3,3,1
22,1.89,100.8,28.22,Female,high,117,6907,470.2,6.8,1.15,None,192,97,67,1.21,34.7,1,2
64,1.85,50.1,14.64,Male,moderate,167,9783,369.1,4.7,1.31,Strength,166,93,58,1.91,27.5,2,3
40,1.6,57.6,22.5,Male,low,86,2205,571.4,7.7,3.36,None,133,144,75,0.7,23.5,5,3
26,1.54,106.6,44.95,Male,low,96,10696,254.5,7.3,1.19,None,138,124,80,1.6,31.7,5,2
52,1.86,70.1,20.26,Male,moderate,137,1439,760.0,4.8,2.05,Yoga,181,135,61,0.95,15.7,4,2
37,1.76,97.9,31.61,Male,moderate,67,12191,658.2,4.9,2.44,Yoga,125,93,62,1.8,25.5,4,1
59,1.85,97.5,28.49,Female,high,60,6799,733.1,8.3,1.79,None,126,96,70,0.58,31.5,6,1
52,1.74,119.5,39.47,Female,high,131,3965,598.5,7.1,1.64,Yoga,132,77,66,1.99,13.1,3,2
35,1.66,80.2,29.1,Female,low,161,14358,604.5,4.8,1.73,None,165,79,55,1.65,15.9,2,2
34,1.64,100.3,37.29,Female,high,152,14902,620.3,5.1,1.71,Yoga,152,141,60,0.93,12.1,1,2
41,1.87,48.7,13.93,Male,high,157,8867,748.9,6.3,1.95,None,160,134,55,1.64,34.8,1,3
20,1.64,79.7,29.63,Male,high,130,8587,357.8,8.5,1.29,None,192,113,62,1.88,24.5,4,2
49,1.86,59.0,17.05,Female,high,128,5337,677.1,6.5,3.13,Cardio,198,102,66,0.67,22.2,5,3
52,1.69,108.0,37.81,Female,moderate,143,9789,586.9,4.9,2.9,None,188,75,70,1.87,18.5,3,2
55,1.89,108.0,30.23,Male,moderate,145,14345,546.6,8.2,1.09,Cardio,148,96,55,1.04,21.2,3,3
30,1.57,62.7,25.44,Male,high,63,2272,578.6,6.1,2.9,Strength,126,119,58,0.51,29.4,6,1
64,1.6,68.9,26.91,Male,high,124,5184,390.5,7.5,3.07,None,173,125,73,0.67,32.9,5,1
42,1.84,97.7,28.86,Female,low,91,7363,226.0,4.7,3.31,None,130,155,72,1.83,12.6,2,3
26,1.78,100.4,31.69,Male,high,165,9737,731.4,7.8,2.53,Cardio,161,125,62,1.97,17.5,5,1
21,1.6,94.3,36.84,Male,high,142,7810,841.3,8.6,3.13,None,124,102,60,1.84,14.7,4,1
31,1.95,119.8,31.51,Female,low,164,6440,536.5,8.1,2.9,Yoga,166,104,67,1.16,20.9,6,3
54,1.64,110.2,40.97,Female,high,82,1284,786.5,4.2,1.06,Cardio,121,82,82,1.94,23.3,5,2
51,1.71,76.3,26.09,Female,high,77,10759,588.7,6.9,3.03,Cardio,162,115,74,1.11,28.0,3,2
28,1.6,69.5,27.15,Male,moderate,179,14880,851.2,6.9,2.45,Yoga,123,99,57,0.67,31.9,1,3
58,1.69,89.8,31.44,Male,high,65,10612,555.9,8.1,2.63,None,182,133,69,1.01,23.6,2,1
20,1.75,106.3,34.71,Female,low,118,11444,343.4,9.0,3.21,Strength,178,151,60,2.0,22.2,4,2
45,1.65,80.7,29.64,Male,moderate,121,12811,809.1,8.7,1.03,Strength,149,108,60,1.44,24.4,1,2
46,1.88,100.3,28.38,Male,moderate,138,3828,760.2,4.5,1.27,Strength,121,113,59,1.01,32.2,5,1
26,1.7,46.4,16.06,Male,moderate,71,4117,478.6,7.8,2.43,Cardio,193,145,73,1.44,26.2,1,3
20,1.86,114.4,33.07,Female,low,152,7788,789.3,8.6,2.02,Cardio,162,120,81,1.14,29.7,2,3
42,1.6,103.0,40.23,Female,low,105,14177,206.3,6.0,2.05,Yoga,137,112,64,0.57,28.0,2,2
51,1.69,74.6,26.12,Male,moderate,83,1564,759.8,8.6,1.78,None,143,107,63,0.8,33.1,6,3
29,1.5,73.8,32.8,Male,low,72,2353,681.6,8.5,3.05,Yoga,156,96,68,0.53,30.4,2,1
59,1.88,52.7,14.91,Male,high,98,14678,465.8,7.2,1.26,Cardio,149,101,76,0.88,18.5,6,3
26,1.81,106.2,32.42,Male,high,153,11768,754.1,8.5,2.33,Strength,188,137,59,1.61,31.4,6,3
32,1.91,102.6,28.12,Female,low,132,7785,288.7,7.7,2.15,None,178,101,81,0.79,21.7,3,3
57,1.73,92.3,30.84,Female,moderate,61,1481,342.3,7.1,2.38,Strength,142,95,61,1.29,31.2,2,3
42,1.9,52.6,14.57,Male,moderate,133,6967,573.5,5.6,1.13,None,149,127,71,1.55,32.6,4,1
22,1.82,64.7,19.53,Male,high,70,14830,816.7,6.8,2.68,Strength,187,109,77,1.32,27.1,5,3
28,1.5,79.4,35.29,Female,high,178,7561,291.1,7.4,1.03,None,160,121,71,0.52,28.0,4,2
51,1.63,64.9,24.43,Male,moderate,137,10369,595.0,6.6,2.32,Strength,170,124,63,1.05,13.5,5,3
41,1.75,77.5,25.31,Female,high,130,5988,727.2,6.5,1.66,Yoga,186,84,76,1.16,18.1,3,2
32,1.81,61.9,18.89,Male,moderate,114,6433,720.3,8.5,1.78,Cardio,134,102,77,1.01,23.9,3,1
55,1.53,71.2,30.42,Female,high,83,4644,639.6,8.9,2.85,Yoga,175,111,61,1.32,10.1,4,3
25,1.85,93.9,27.44,Male,moderate,129,3931,858.6,7.6,3.46,Strength,184,115,55,1.27,31.2,2,2
22,1.77,111.9,35.72,Male,high,178,4475,537.5,5.7,2.19,None,193,135,56,0.78,19.2,3,3
43,1.76,73.9,23.86,Female,high,67,2513,816.2,8.5,2.67,Yoga,174,125,64,1.63,28.1,5,3
35,1.65,96.9,35.59,Female,low,164,8744,633.7,8.1,1.62,Strength,195,82,73,0.74,29.2,6,2
23,1.8,55.1,17.01,Male,low,148,4144,716.2,7.7,2.39,Cardio,184,132,62,1.19,23.7,5,1
54,1.51,85.6,37.54,Male,moderate,109,14170,525.4,5.9,1.25,None,121,135,63,1.63,29.8,6,1
30,1.53,114.1,48.74,Female,high,128,10365,317.3,7.0,3.13,Yoga,130,107,69,1.55,27.1,4,1
45,1.87,47.1,13.47,Female,moderate,84,2402,276.4,5.9,2.14,Cardio,195,93,65,1.15,19.0,4,1
22,1.66,65.1,23.62,Male,high,172,10310,677.6,4.9,1.9,Strength,161,104,78,1.68,30.4,2,1
30,1.67,54.9,19.69,Male,moderate,63,11640,463.5,7.9,2.28,None,122,152,66,1.57,25.9,2,1
34,1.6,85.0,33.2,Female,moderate,126,14246,597.2,7.5,3.28,Strength,160,88,76,1.08,14.0,4,3
57,1.72,96.0,32.45,Female,moderate,66,13481,722.2,5.5,2.94,None,168,110,72,1.84,29.3,1,3
62,1.53,49.3,21.06,Female,high,166,9847,750.5,6.6,1.38,Cardio,156,81,56,0.71,26.9,1,2
49,1.65,50.3,18.48,Female,moderate,103,3486,556.8,7.0,2.92,Cardio,126,108,84,1.04,17.1,5,1
46,1.76,110.2,35.58,Female,moderate,81,12703,420.2,8.0,1.98,Cardio,157,124,83,1.55,31.0,2,1
20,1.73,79.2,26.46,Male,low,147,10130,743.1,4.1,1.99,Yoga,177,106,82,1.81,19.4,1,1
57,2.0,79.7,19.92,Male,high,117,3505,490.7,8.4,2.89,Yoga,124,116,69,0.98,23.8,2,2
51,1.69,115.8,40.54,Female,low,141,13425,855.7,5.9,2.15,Yoga,180,107,64,1.34,18.6,5,3
57,1.69,69.0,24.16,Male,low,76,1948,777.2,6.6,1.18,Strength,196,88,61,0.52,28.1,3,3
44,1.75,112.3,36.67,Male,low,67,10019,722.8,6.3,1.62,Yoga,158,102,63,1.06,24.5,4,1
30,1.6,118.1,46.13,Female,moderate,116,14922,368.9,7.9,3.24,None,147,113,76,1.0,21.8,2,3
62,1.94,63.1,16.77,Male,moderate,138,5878,453.9,7.3,2.48,Cardio,176,105,71,1.76,10.5,5,3
50,1.79,83.6,26.09,Male,high,91,8378,794.3,7.7,3.16,Strength,121,98,68,0.61,25.2,1,3
23,1.6,85.1,33.24,Male,high,101,13163,216.2,8.9,1.76,Strength,189,78,63,0.59,25.6,5,1
41,1.9,110.0,30.47,Female,high,101,3478,747.0,7.9,2.72,Yoga,198,152,84,1.16,14.5,2,3
36,1.52,67.8,29.35,Female,high,177,7390,482.9,7.7,2.96,None,147,83,61,1.11,18.3,5,3
33,1.99,104.9,26.49,Male,high,99,12029,759.5,4.7,1.46,Cardio,156,144,69,0.74,32.0,4,2
57,1.93,117.8,31.63,Male,low,131,7179,586.7,5.8,1.06,Strength,174,98,57,0.9,23.7,6,1
45,1.79,108.0,33.71,Male,high,151,6778,568.8,7.0,2.59,Cardio,120,139,56,1.96,20.9,5,3
50,1.56,113.2,46.52,Male,high,80,8178,691.1,5.5,2.44,None,122,91,57,1.27,33.4,6,1
58,1.61,98.1,37.85,Male,moderate,166,12007,764.4,7.3,1.1,Cardio,190,111,56,0.63,30.3,6,3
30,1.64,112.8,41.94,Male,moderate,127,10557,685.4,5.3,2.03,Yoga,133,124,67,0.57,12.4,5,1
60,1.62,57.4,21.87,Female,low,94,5078,515.5,5.6,2.41,Cardio,167,119,81,0.56,31.5,4,3
62,1.75,98.4,32.13,Male,moderate,104,14761,424.6,4.2,1.53,Strength,156,94,80,1.08,13.7,6,3
42,1.97,99.9,25.74,Male,moderate,64,7670,791.9,5.2,1.24,Yoga,122,133,67,1.8,14.4,5,2
59,1.72,77.9,26.33,Female,moderate,143,2678,564.5,6.6,3.0,Yoga,168,133,56,1.75,11.9,2,1
53,1.83,51.0,15.23,Male,low,68,6994,748.4,7.2,3.31,Yoga,175,85,74,1.05,22.0,6,3
44,1.84,91.7,27.09,Male,low,170,7225,897.0,6.2,2.12,Yoga,179,129,76,1.66,26.1,1,2
55,1.94,48.9,12.99,Male,low,69,5425,650.7,5.7,1.33,Strength,132,158,73,1.63,28.8,1,2
24,1.52,73.7,31.9,Male,moderate,89,14522,394.8,6.8,2.05,None,172,139,63,1.22,10.7,1,1
22,1.7,74.5,25.78,Female,moderate,105,5720,805.9,4.3,1.7,None,169,151,59,1.11,14.4,4,1
60,1.89,119.9,33.57,Male,low,121,1956,391.6,5.4,2.23,Yoga,138,132,75,0.77,25.5,4,2
62,1.91,67.5,18.5,Female,high,61,2353,382.3,5.9,1.02,None,145,118,61,0.92,23.1,6,1
48,1.96,106.5,27.72,Male,low,112,10144,251.8,6.4,3.17,Strength,172,151,79,1.01,11.3,6,1
40,1.85,49.0,14.32,Male,low,108,10562,255.0,8.0,1.15,None,176,88,67,1.72,33.4,6,1
59,1.62,84.7,32.27,Female,low,60,7000,803.6,7.8,2.07,None,157,150,55,1.33,29.0,6,3
27,1.75,85.3,27.85,Male,low,136,4485,361.5,6.4,2.65,Strength,128,126,63,0.8,19.0,4,1
49,1.52,92.2,39.91,Female,low,147,4278,276.1,6.5,2.63,None,165,108,56,0.64,23.4,2,1
60,1.82,105.8,31.94,Female,low,77,7466,446.8,7.5,1.75,Yoga,123,137,57,1.24,19.4,6,2
47,1.78,102.1,32.22,Female,low,102,14960,699.5,6.5,2.25,Yoga,190,101,66,1.5,21.4,3,2
56,1.83,102.1,30.49,Male,moderate,176,14217,437.7,4.7,2.24,Strength,169,86,59,1.73,24.9,6,2
48,1.97,77.4,19.94,Male,low,92,5576,416.5,6.3,1.33,Yoga,189,112,80,1.7,20.0,2,1
35,1.84,99.6,29.42,Male,low,111,3710,541.6,7.0,1.93,Yoga,124,130,66,1.74,25.5,6,1
53,1.66,81.8,29.69,Male,low,64,9329,214.8,6.9,1.3,Yoga,189,139,58,1.17,21.6,1,2
19,1.6,50.0,19.53,Female,high,160,1892,543.8,4.6,1.14,Yoga,153,114,75,1.8,26.4,1,2
31,1.93,111.8,30.01,Male,moderate,61,4041,893.0,8.9,1.14,Yoga,184,95,83,1.17,16.6,3,3
30,1.6,111.8,43.67,Male,high,161,9877,759.5,5.8,2.09,None,137,106,80,0.75,14.3,6,3
46,1.58,69.2,27.72,Female,low,94,14885,249.3,8.9,2.82,Strength,146,86,75,1.1,10.3,6,3
29,1.6,113.5,44.34,Female,low,140,1320,658.4,8.1,3.46,Cardio,129,100,66,1.01,25.0,4,1
56,1.75,101.8,33.24,Male,moderate,156,6959,522.8,5.2,2.43,Strength,121,110,59,1.09,34.5,1,1
19,1.56,75.1,30.86,Female,low,68,9269,778.4,8.6,1.75,Strength,180,90,68,1.49,20.5,6,2
49,1.97,69.9,18.01,Female,moderate,154,8618,269.0,5.2,1.52,Strength,141,152,68,1.49,15.3,2,3
30,1.98,118.1,30.12,Female,high,130,12467,362.9,4.7,2.74,None,129,108,64,0.84,10.3,5,1
63,1.99,98.4,24.85,Female,high,75,2869,753.8,6.1,1.13,Strength,178,98,80,0.97,22.8,3,3
44,1.52,73.4,31.77,Female,high,89,8732,794.4,4.7,1.66,Strength,131,146,64,1.39,34.8,5,3
58,1.97,93.1,23.99,Male,high,67,13714,570.5,4.2,2.72,None,182,113,59,0.63,34.6,3,1
34,2.0,87.9,21.98,Male,low,106,9317,213.8,5.6,2.11,Yoga,134,138,81,1.53,12.5,3,3
57,1.97,84.3,21.72,Male,moderate,147,11107,825.6,5.5,2.25,Cardio,182,151,72,0.77,30.4,2,2
48,1.84,93.4,27.59,Male,moderate,74,14073,467.9,8.6,3.44,Yoga,184,103,81,1.78,14.3,1,2
51,1.85,85.3,24.92,Male,high,72,5641,227.8,6.1,2.01,Strength,157,105,71,1.1,30.2,4,1
41,1.56,94.1,38.67,Male,moderate,74,6384,773.2,9.0,2.49,Yoga,125,137,64,0.83,31.3,1,3
62,1.94,113.1,30.05,Male,high,94,2913,492.6,4.6,3.5,None,125,117,65,1.5,10.2,5,2
52,1.53,119.5,51.05,Female,moderate,176,3945,333.0,6.7,2.72,Cardio,157,93,69,1.33,15.9,1,3
23,1.66,98.2,35.64,Male,moderate,102,14710,761.1,7.6,2.29,Yoga,167,84,78,0.76,11.4,5,2
36,2.0,114.6,28.65,Male,high,133,10608,520.4,5.5,1.81,Strength,134,130,73,1.74,22.5,6,2
47,1.71,109.4,37.41,Male,low,62,9507,625.5,4.7,3.44,Cardio,191,134,66,1.18,10.7,6,3
24,1.57,67.1,27.22,Female,moderate,92,12914,776.2,7.1,1.73,Strength,148,117,70,0.73,25.7,4,1
27,1.98,115.0,29.33,Male,low,87,3748,565.7,6.9,1.29,Yoga,121,122,77,1.69,24.0,4,1
58,1.99,50.3,12.7,Male,high,150,4773,277.3,5.7,3.31,Yoga,194,114,78,0.7,19.5,6,1
49,1.59,69.7,27.57,Female,low,144,9340,874.6,5.3,1.8,Strength,192,108,81,1.95,21.5,3,3
51,1.93,93.0,24.97,Male,low,74,3112,400.6,8.3,2.47,Cardio,135,75,66,1.16,34.8,1,3
45,1.7,84.5,29.24,Male,low,67,11131,896.0,8.8,2.61,Cardio,177,93,76,1.59,14.2,2,3
32,1.69,85.7,30.01,Female,low,118,8513,204.2,7.5,1.65,Cardio,153,75,84,1.18,28.3,6,1
47,1.63,104.6,39.37,Male,moderate,66,1499,538.7,6.5,2.06,Yoga,162,99,76,0.78,26.1,2,3
54,1.52,59.6,25.8,Female,high,89,7344,693.5,4.5,1.39,Yoga,143,142,81,1.64,26.6,4,1
46,1.63,118.7,44.68,Male,moderate,78,6967,834.4,4.5,3.21,Strength,144,158,73,0.93,18.6,4,2
39,1.53,77.8,33.24,Male,low,73,13850,746.2,6.3,2.46,Strength,160,102,79,1.52,15.4,5,1
21,1.96,116.2,30.25,Male,low,89,7617,378.9,8.5,3.23,None,152,119,57,0.89,26.3,1,1
37,1.83,73.7,22.01,Female,low,139,14948,370.3,7.9,1.64,None,162,98,67,0.86,32.8,6,1
49,1.94,90.1,23.94,Female,high,113,2927,449.6,7.5,2.58,None,136,118,75,1.19,34.4,5,3
53,1.86,78.8,22.78,Female,high,83,6978,277.4,5.3,1.54,Strength,126,76,76,1.72,22.0,3,1
21,1.57,95.7,38.83,Male,moderate,78,11569,668.7,4.7,1.72,Cardio,178,97,69,1.42,20.6,6,2
44,1.97,58.8,15.15,Male,high,78,8726,858.9,8.5,1.9,None,146,152,83,0.6,18.7,1,2
34,1.95,75.0,19.72,Female,low,179,12022,649.5,4.9,2.37,Strength,155,136,71,1.6,30.2,6,2
29,1.67,50.1,17.96,Female,low,79,4313,573.4,5.2,2.39,Yoga,138,89,65,1.37,16.4,4,2
39,1.56,89.9,36.94,Male,low,115,6522,552.3,7.8,1.5,Cardio,134,106,79,1.44,22.8,4,2
34,1.85,117.2,34.24,Male,low,71,6271,614.8,7.9,1.12,None,189,78,77,1.03,18.6,1,2
27,1.86,48.4,13.99,Male,low,105,7924,697.4,7.4,2.93,Yoga,176,158,81,1.33,31.9,3,1
18,1.95,94.5,24.85,Male,high,176,14933,756.5,4.7,2.32,Cardio,188,105,66,1.06,17.1,5,3
39,1.53,103.1,44.04,Female,moderate,116,4837,688.8,4.9,1.78,Cardio,172,133,71,0.62,27.2,3,3
43,1.57,61.0,24.75,Male,high,151,13587,693.5,8.2,1.13,Yoga,188,145,76,1.77,24.7,6,2
35,1.8,65.5,20.22,Male,low,109,14702,866.2,5.6,1.26,None,121,75,77,1.52,18.2,2,1
31,1.81,60.1,18.34,Male,high,98,8750,829.5,6.8,2.06,None,137,143,59,1.51,16.4,1,2
64,1.52,67.3,29.13,Male,moderate,78,8907,776.7,8.0,2.21,Yoga,151,88,83,0.79,30.1,4,2
46,1.7,53.3,18.44,Male,moderate,72,13079,230.4,5.4,1.94,Yoga,148,97,59,1.5,22.8,2,2
29,1.79,72.8,22.72,Male,high,147,5187,668.2,4.9,2.42,Yoga,168,145,61,0.85,25.3,3,2
53,1.87,72.7,20.79,Male,low,95,6730,518.5,5.8,3.04,Strength,199,90,57,1.53,34.1,3,3
52,1.66,105.5,38.29,Female,low,157,8563,632.3,6.6,2.69,Cardio,194,83,57,1.0,20.0,4,3
29,1.74,105.1,34.71,Female,high,83,2502,680.4,6.2,3.17,None,179,105,71,0.74,30.4,2,1
24,1.91,104.8,28.73,Female,moderate,150,14881,700.3,5.4,2.54,None,147,135,84,1.86,26.0,6,1
46,1.98,87.5,22.32,Male,moderate,172,9734,808.6,6.0,1.26,Yoga,146,119,78,0.66,24.8,3,2
28,1.62,69.4,26.44,Female,high,165,14131,837.0,7.7,1.37,Cardio,127,81,56,1.64,11.4,5,3
50,1.63,75.8,28.53,Male,moderate,142,11576,624.8,6.8,1.98,Yoga,191,131,69,0.65,32.8,5,2
23,1.97,68.8,17.73,Male,high,82,10603,825.9,5.6,1.71,Cardio,142,138,73,1.53,15.7,5,3
64,1.7,88.6,30.66,Male,high,174,14113,735.2,6.5,2.63,Yoga,151,76,77,0.67,21.8,2,3
32,1.86,115.3,33.33,Male,high,120,12104,341.9,7.8,2.56,Yoga,134,80,64,1.26,28.8,4,1
49,1.81,66.3,20.24,Female,moderate,164,5281,224.7,5.5,2.16,Cardio,187,135,80,0.78,23.1,1,1
28,1.64,79.4,29.52,Male,high,98,6863,206.9,4.9,2.61,None,159,108,65,1.8,10.1,5,3
40,1.83,94.1,28.1,Male,low,152,7358,610.6,6.8,3.28,None,176,91,78,1.1,33.7,6,1
43,1.83,108.4,32.37,Female,moderate,163,4917,565.1,6.4,2.23,Strength,166,100,63,0.52,10.5,4,2
51,1.8,64.0,19.75,Female,moderate,96,1074,687.5,6.9,1.87,Cardio,129,150,68,1.44,12.2,3,3
63,1.55,66.0,27.47,Female,low,79,9488,790.0,4.6,2.19,None,175,94,78,1.17,15.6,1,3
51,2.0,111.4,27.85,Male,high,85,1105,315.1,5.1,1.36,None,171,115,61,1.79,25.0,3,3
46,1.7,51.0,17.65,Female,low,138,13104,799.5,4.3,1.24,Cardio,182,132,64,1.15,34.3,6,2
21,1.82,90.4,27.29,Male,moderate,179,12619,268.7,8.2,2.03,None,170,128,55,1.12,33.1,2,3
34,1.94,109.5,29.09,Male,low,135,9085,818.3,6.0,3.31,Cardio,198,103,55,1.18,26.3,6,1
52,1.71,114.1,39.02,Female,low,140,7174,795.3,8.5,3.16,None,189,122,68,1.79,28.5,2,2
30,1.89,46.0,12.88,Female,moderate,128,4879,687.9,8.7,2.7,Yoga,128,151,81,1.38,27.8,2,3
58,1.99,72.7,18.36,Female,high,167,12717,410.0,4.3,2.8,Cardio,160,96,62,1.5,27.2,4,2
56,1.68,64.3,22.78,Male,high,148,5459,265.4,6.2,3.15,Cardio,159,146,68,1.58,30.3,3,2
32,1.7,87.6,30.31,Male,high,114,10747,744.7,6.2,3.29,None,135,145,61,1.91,18.5,2,1
46,1.95,92.5,24.33,Male,low,117,2352,352.5,7.2,2.65,Cardio,144,79,72,1.76,15.5,2,1
46,1.58,120.0,48.07,Male,low,164,6479,508.7,4.4,1.96,Strength,129,126,79,1.89,18.7,2,1
28,1.51,83.5,36.62,Male,moderate,71,4667,571.6,8.7,1.37,Strength,149,75,80,1.01,11.2,3,3
49,1.95,86.4,22.72,Male,low,98,1723,679.8,7.9,1.02,Cardio,128,119,77,0.82,34.2,2,3
19,1.91,76.1,20.86,Female,moderate,126,1636,541.2,4.1,2.62,Strength,159,114,63,0.81,28.5,1,1
64,1.99,56.1,14.17,Male,low,94,12555,686.2,4.9,1.99,None,176,138,81,1.79,15.3,3,1
31,1.53,67.7,28.92,Female,low,177,11560,769.8,8.1,1.2,None,165,85,69,1.75,16.4,2,3
37,1.58,63.5,25.44,Female,low,146,5394,699.1,5.1,1.7,Cardio,126,126,55,1.48,34.8,3,1
39,1.55,105.1,43.75,Female,moderate,115,14538,409.7,5.8,2.17,None,162,81,65,0.59,29.2,5,2
28,1.84,85.9,25.37,Female,moderate,122,8848,826.0,7.3,2.96,None,167,125,73,0.98,20.6,1,2
44,1.8,67.2,20.74,Female,low,74,1330,585.4,4.3,1.79,Strength,195,95,64,1.6,15.2,6,2
20,1.68,81.7,28.95,Male,moderate,106,8035,525.8,7.4,2.64,None,176,113,72,0.87,11.0,3,3
34,1.53,61.4,26.23,Male,high,141,4778,602.5,5.4,1.11,None,136,118,76,1.44,26.7,1,1
61,1.82,58.9,17.78,Male,low,125,13591,538.3,4.9,3.41,Strength,144,131,80,1.31,29.5,4,2
45,1.79,109.5,34.17,Male,low,84,6061,728.6,4.5,3.43,Yoga,126,115,58,0.89,12.7,2,3
46,1.56,115.9,47.62,Female,high,109,1212,494.5,4.8,2.32,Cardio,174,113,72,1.9,10.1,6,1
38,1.95,51.0,13.41,Female,moderate,163,4656,743.7,6.8,2.64,Cardio,138,94,72,0.89,18.9,4,1
64,1.6,102.4,40.0,Female,low,64,11865,732.1,8.7,2.91,Yoga,151,96,76,1.84,26.7,6,2
33,1.87,79.0,22.59,Male,low,120,2362,393.8,7.4,3.43,Strength,151,103,79,1.31,33.1,4,1
54,1.94,74.2,19.72,Male,high,138,12225,267.2,6.3,2.36,Strength,145,120,76,0.64,32.0,4,1
37,1.79,96.7,30.18,Male,low,168,14628,795.7,8.8,2.89,None,191,142,74,1.75,27.2,3,2
23,1.62,65.0,24.77,Male,low,85,6005,318.2,5.2,1.48,None,141,77,66,1.69,30.4,6,2
36,1.65,46.5,17.08,Female,low,172,10623,221.8,8.1,1.39,Cardio,174,147,63,1.75,18.9,6,1
22,1.94,61.1,16.23,Female,moderate,110,2346,481.6,4.8,2.78,Cardio,176,79,72,1.46,16.1,6,3
20,1.65,58.9,21.63,Male,low,146,8852,377.9,5.1,3.31,Strength,127,130,60,1.57,13.1,1,3
18,1.87,47.6,13.61,Male,moderate,62,5955,354.3,6.4,2.42,None,165,141,77,1.86,14.5,2,2
55,2.0,69.1,17.27,Female,low,172,9166,320.6,4.5,2.34,Strength,124,106,83,0.69,34.1,3,1
32,2.0,80.6,20.15,Female,low,77,10899,724.4,5.5,2.43,Yoga,131,156,73,0.62,33.2,2,2
51,1.77,100.2,31.98,Female,low,67,8616,748.4,7.4,3.2,Cardio,146,115,74,0.69,11.2,6,3
52,1.91,69.4,19.02,Female,moderate,156,6832,232.5,6.3,3.0,Cardio,130,103,77,1.81,21.7,1,3
42,2.0,59.6,14.9,Male,high,117,10024,582.8,6.8,3.0,Strength,155,140,79,1.34,19.3,4,1
41,1.69,62.3,21.81,Female,low,103,9778,294.6,4.3,1.27,None,171,85,69,0.76,26.3,5,2
29,1.63,111.8,42.08,Female,low,109,11653,549.7,5.3,2.9,None,121,133,59,0.71,18.2,2,2
35,1.56,60.4,24.82,Female,low,154,13274,443.6,7.8,2.92,Yoga,193,78,65,1.17,17.0,3,3
32,1.57,110.9,44.99,Female,high,125,6655,341.3,6.9,1.33,Yoga,190,128,67,1.72,30.2,4,2
61,1.93,78.5,21.07,Male,low,108,1421,863.6,4.0,2.18,Yoga,131,141,56,1.71,33.7,6,2
33,1.79,115.1,35.92,Male,low,78,7042,869.7,7.0,1.24,Strength,174,76,62,1.78,15.1,2,2
44,1.94,75.6,20.09,Male,moderate,125,8254,594.8,4.7,1.99,Cardio,199,152,79,1.65,15.9,3,1
25,1.89,58.3,16.32,Male,moderate,99,5001,331.6,4.7,2.6,Strength,150,122,81,0.59,20.5,2,3
63,1.84,86.2,25.46,Male,high,127,12445,608.3,8.6,1.55,Strength,151,142,65,1.58,27.7,5,2
42,1.8,89.1,27.5,Male,moderate,75,2378,849.9,8.8,1.33,None,183,118,72,1.28,14.2,3,1
34,1.52,92.7,40.12,Female,moderate,162,7022,464.4,6.6,2.6,Yoga,178,136,80,1.59,21.7,3,2
46,1.94,75.9,20.17,Female,low,163,1236,296.4,7.0,3.07,Cardio,144,157,64,1.23,31.0,6,2
25,1.71,48.6,16.62,Female,low,159,11043,685.6,6.0,1.39,Yoga,188,93,55,1.23,15.9,3,3
32,1.78,92.0,29.04,Female,high,71,1327,659.4,8.4,3.26,Yoga,187,118,58,0.69,11.2,1,1
44,1.51,115.0,50.44,Male,moderate,160,5215,201.0,6.6,2.84,Yoga,163,105,83,1.86,32.7,2,2
63,1.97,116.8,30.1,Female,moderate,138,5826,797.5,8.6,2.7,Cardio,162,136,71,1.06,29.7,1,3
24,1.95,89.8,23.62,Male,low,86,7618,662.5,5.1,1.3,None,134,89,71,1.37,27.5,2,1
20,1.77,46.5,14.84,Female,moderate,64,10968,337.0,4.5,3.32,Cardio,132,103,59,0.81,12.2,5,2
46,1.79,53.0,16.54,Female,high,106,12528,202.3,8.9,2.18,Cardio,188,141,77,1.05,32.5,6,3
61,1.85,107.5,31.41,Female,moderate,68,4066,880.6,6.5,2.34,None,189,157,57,1.81,17.6,2,2
41,1.63,107.2,40.35,Male,moderate,82,10093,728.3,7.1,2.28,Cardio,164,121,61,0.81,15.3,4,2
20,1.61,116.0,44.75,Female,high,146,3177,455.5,5.7,2.33,Cardio,144,158,59,0.81,22.2,5,1
37,1.84,87.3,25.79,Male,low,122,11376,503.0,4.7,3.06,Strength,144,81,64,0.89,33.1,3,3
63,1.55,109.8,45.7,Male,moderate,66,12312,577.2,8.2,1.25,Cardio,129,142,81,1.36,34.9,6,1
32,1.73,106.9,35.72,Female,high,173,3795,703.0,4.7,2.21,Strength,181,75,78,1.28,25.4,3,2
42,1.75,89.2,29.13,Male,high,141,6957,321.1,6.5,2.53,Strength,131,145,61,0.76,33.9,5,3
47,1.69,103.8,36.34,Male,moderate,112,1354,337.0,8.2,1.29,Strength,186,96,71,1.54,21.3,1,2
31,1.59,54.4,21.52,Female,high,114,9969,233.8,7.3,2.45,Yoga,148,131,83,1.86,10.7,3,2
24,1.68,92.9,32.92,Female,low,142,11420,890.1,7.4,2.27,None,162,147,71,0.8,16.9,2,2
34,1.67,116.5,41.77,Female,low,89,13435,812.9,5.2,1.56,Yoga,156,132,61,1.51,17.5,3,3
61,1.75,57.1,18.64,Female,moderate,169,6801,587.1,6.6,1.64,None,188,101,60,1.38,29.6,3,2
37,1.84,100.8,29.77,Female,low,110,12794,501.2,4.2,1.22,Cardio,130,112,63,0.99,13.1,2,3
53,1.98,69.1,17.63,Female,low,169,14898,366.2,4.3,2.76,Strength,159,150,62,1.43,14.4,3,2
26,1.57,106.3,43.13,Male,high,142,11330,616.5,7.6,1.37,Yoga,182,87,83,0.81,25.4,2,1
55,1.94,97.3,25.85,Female,high,144,14404,683.4,7.9,2.97,Cardio,141,89,68,1.75,13.3,3,3
39,1.64,114.5,42.57,Female,high,68,14395,682.4,4.7,3.22,Yoga,134,154,76,0.53,22.4,4,2
19,1.8,98.4,30.37,Male,low,165,5846,204.5,8.8,1.6,Cardio,128,147,60,1.35,10.9,2,1
41,1.77,75.8,24.19,Female,high,90,1076,691.4,4.7,1.65,Yoga,189,122,63,0.98,26.7,6,3
25,1.78,45.8,14.46,Male,low,64,10863,806.5,6.1,1.31,Cardio,183,89,82,1.82,32.7,6,1
28,1.86,104.5,30.21,Female,low,120,11642,280.4,5.0,2.35,Cardio,125,114,74,1.25,31.9,6,2
30,1.69,75.6,26.47,Female,high,153,6503,728.8,4.5,3.41,Yoga,162,104,79,1.7,11.8,6,1
34,1.66,95.3,34.58,Male,low,178,14984,776.3,8.8,1.61,Cardio,139,97,65,1.89,24.8,3,2
25,1.93,52.9,14.2,Female,moderate,150,6364,393.3,6.2,1.4,Strength,162,83,65,1.0,12.6,1,2
38,1.61,111.8,43.13,Male,high,144,1375,698.5,5.7,2.52,Strength,181,106,62,1.82,11.3,4,3
35,1.59,77.7,30.73,Female,moderate,152,5328,267.7,5.6,3.14,Strength,186,109,57,1.59,25.3,6,2
47,1.51,114.0,50.0,Female,low,111,2510,654.4,5.0,3.18,Strength,171,123,65,0.66,24.3,6,2
35,1.61,98.0,37.81,Male,high,158,12889,557.2,8.8,1.86,None,193,119,58,0.66,12.3,4,3
63,1.76,54.1,17.47,Female,low,92,10008,794.9,6.4,2.97,Yoga,145,90,77,1.73,19.0,1,3
64,1.77,88.4,28.22,Female,high,117,5323,516.4,6.7,2.48,Strength,150,106,57,1.2,17.9,6,2
48,1.63,113.2,42.61,Male,high,140,12586,499.7,7.6,2.83,Strength,174,99,67,1.24,18.6,4,2
55,1.54,105.0,44.27,Female,moderate,158,11370,853.6,6.0,2.69,Strength,187,111,73,1.84,18.3,2,3
49,1.87,76.3,21.82,Male,low,100,6812,854.0,5.4,1.32,None,176,111,62,1.86,30.6,4,3
28,1.88,116.6,32.99,Female,moderate,176,1252,225.0,5.5,1.89,Yoga,143,109,75,0.67,18.8,5,1
62,2.0,65.1,16.27,Male,moderate,76,8650,539.9,5.7,2.91,Cardio,184,119,82,1.06,18.3,3,1
42,1.95,73.1,19.22,Female,moderate,111,2904,312.7,6.9,2.9,None,145,82,75,1.84,10.7,4,1
50,1.96,101.2,26.34,Male,moderate,70,4553,391.6,8.2,1.31,Strength,168,121,78,1.73,29.8,3,3
55,1.9,62.5,17.31,Male,moderate,162,12570,666.3,5.2,2.16,Strength,157,110,76,1.58,26.5,6,3
58,1.81,83.7,25.55,Female,low,107,2241,290.5,6.9,3.17,None,155,156,75,0.65,18.5,3,3
25,1.56,99.7,40.97,Female,low,90,8403,207.9,7.8,2.98,Yoga,173,84,55,1.43,21.3,2,1
28,1.81,93.3,28.48,Male,moderate,120,13670,709.0,9.0,2.45,Yoga,128,75,75,1.37,29.9,2,2
39,1.53,56.7,24.22,Female,low,179,10630,648.9,8.5,1.52,Cardio,161,142,62,0.75,18.6,4,2
41,1.94,92.2,24.5,Male,high,179,3531,831.9,7.2,1.81,None,143,149,84,1.66,21.8,5,2
58,1.74,88.0,29.07,Female,low,104,11255,579.6,8.7,2.63,Yoga,159,89,63,0.97,10.5,5,3
34,1.85,86.8,25.36,Female,high,90,14907,861.7,8.7,2.95,None,127,153,60,1.43,33.0,2,2
29,1.53,107.0,45.71,Male,low,123,14960,626.5,4.2,2.53,Yoga,173,77,65,1.04,19.3,6,2
63,1.77,58.8,18.77,Male,moderate,66,6151,471.0,7.3,1.99,Yoga,130,106,83,0.63,17.4,2,3
49,1.65,101.4,37.25,Female,high,111,6620,625.9,7.3,2.44,Strength,196,94,83,1.29,25.2,1,3
32,1.64,102.1,37.96,Female,low,152,6696,724.4,7.4,1.01,Yoga,175,130,64,0.96,23.2,6,3
33,1.69,99.2,34.73,Female,low,165,9544,443.3,8.7,2.84,Yoga,148,152,57,0.61,20.0,3,3
39,1.5,82.9,36.84,Female,moderate,121,2047,460.8,5.4,3.11,None,161,116,62,0.8,33.1,3,3
45,1.73,74.7,24.96,Female,low,161,11852,641.0,5.2,1.12,Yoga,125,147,83,1.43,19.1,3,1
37,1.74,74.6,24.64,Male,low,79,9641,518.9,6.4,2.0,Yoga,122,134,59,0.65,35.0,6,3
50,1.93,100.0,26.85,Female,low,119,1240,568.9,5.5,3.12,None,193,130,56,0.63,29.7,6,2
27,1.72,82.3,27.82,Female,low,166,5445,887.5,5.6,2.49,Yoga,184,121,70,1.92,32.6,1,2
57,1.68,70.4,24.94,Male,high,62,4576,230.6,5.2,2.21,None,131,98,55,0.66,17.1,3,1
49,2.0,91.9,22.98,Male,moderate,102,10912,653.5,7.4,1.22,None,155,115,81,1.06,11.8,5,3
50,1.79,107.8,33.64,Male,moderate,173,9081,846.0,7.7,2.84,None,175,78,78,0.7,20.5,6,2
19,1.74,49.6,16.38,Female,high,112,6355,365.3,4.5,2.72,None,171,150,56,1.91,17.8,3,2
50,1.75,117.9,38.5,Male,moderate,117,6582,348.4,8.0,2.47,Strength,151,125,81,1.22,11.5,6,3
50,1.9,52.2,14.46,Male,low,68,7178,454.1,5.3,1.15,Strength,175,75,57,0.67,11.8,6,1
58,1.67,83.4,29.9,Male,low,156,2485,251.9,4.7,2.61,Strength,130,88,63,1.65,14.4,2,3
30,1.69,87.0,30.46,Male,low,158,5212,592.2,6.3,1.13,Strength,120,84,71,1.67,19.4,6,3
47,1.88,55.4,15.67,Female,high,85,2857,651.8,7.1,3.06,None,125,110,78,1.85,33.4,1,3
50,1.54,113.7,47.94,Female,low,169,8169,773.9,7.6,3.17,None,198,116,66,1.56,26.4,4,3
30,1.93,80.4,21.58,Female,low,126,4049,246.3,7.0,2.33,None,193,122,56,0.58,20.0,2,3
43,1.72,55.7,18.83,Male,moderate,146,13759,505.3,8.7,3.12,None,143,92,78,1.33,30.0,1,1
39,1.79,98.4,30.71,Male,low,164,10839,748.9,4.1,2.0,Strength,191,150,84,1.08,24.2,3,2
56,1.88,94.8,26.82,Male,high,166,8818,737.8,8.6,1.73,Yoga,143,134,56,1.62,20.4,6,3
19,1.63,117.2,44.11,Male,high,118,14755,251.5,7.7,2.21,Strength,196,102,77,1.39,13.6,6,2
55,1.95,78.1,20.54,Male,moderate,80,4516,208.0,8.7,2.4,None,128,127,73,1.59,33.2,3,2
56,1.99,65.1,16.44,Male,high,104,10554,748.3,5.2,2.92,None,178,83,74,0.77,25.6,5,3
43,1.75,49.5,16.16,Female,high,166,7909,296.6,5.0,2.51,Yoga,189,98,82,1.16,21.0,3,2
63,1.97,100.0,25.77,Female,high,94,9128,604.5,9.0,3.14,None,142,94,81,1.15,21.0,3,3
32,1.5,91.3,40.58,Male,high,93,12803,266.0,6.2,3.34,Yoga,136,143,71,1.97,29.1,3,3
51,1.95,117.9,31.01,Female,high,144,3586,406.9,5.4,2.3,None,144,101,82,0.53,14.5,3,3
59,1.66,98.4,35.71,Male,high,159,12403,310.6,8.0,2.79,Yoga,157,114,80,1.72,20.4,5,1
61,1.66,115.0,41.73,Male,moderate,126,13256,715.5,6.7,2.2,Cardio,122,145,71,0.65,11.6,6,3
57,1.61,119.4,46.06,Female,low,129,11918,670.9,7.1,3.27,Cardio,186,157,67,0.62,12.0,6,3
28,1.66,77.1,27.98,Male,high,95,8100,294.7,4.3,1.08,Cardio,133,128,66,0.99,23.2,5,2
20,1.61,56.3,21.72,Female,high,166,6840,241.5,7.3,2.8,Cardio,129,156,65,1.55,19.5,3,1
23,1.95,59.7,15.7,Male,moderate,161,1562,526.4,7.5,2.24,None,185,89,80,1.52,28.0,5,2
26,1.95,68.9,18.12,Male,moderate,169,9056,336.9,4.7,1.15,None,190,125,82,1.44,34.7,5,2
23,1.55,83.2,34.63,Female,high,168,13982,205.7,7.7,2.86,None,133,143,65,1.66,31.5,6,3
26,1.57,54.2,21.99,Male,moderate,93,7189,385.0,4.3,1.98,Cardio,129,114,78,0.85,21.0,2,1
56,1.93,67.6,18.15,Male,high,65,3061,350.7,4.5,2.32,Yoga,168,143,62,1.45,19.4,4,1
48,1.7,68.1,23.56,Male,low,102,4961,679.5,7.1,2.78,Yoga,181,117,72,1.46,24.6,4,3
49,1.58,45.3,18.15,Female,low,106,9946,802.6,8.7,1.63,Cardio,167,138,58,1.48,12.3,4,1
58,1.76,71.6,23.11,Male,low,62,12101,366.3,6.2,1.72,None,122,81,72,1.39,34.7,5,3
29,1.71,53.7,18.36,Male,high,62,5185,356.1,4.8,1.89,Cardio,166,76,83,0.83,34.5,4,1
25,1.61,77.2,29.78,Male,high,95,13111,471.4,7.7,2.87,Strength,179,104,69,1.87,33.1,6,1
25,1.86,59.7,17.26,Female,high,111,11143,320.8,6.9,3.45,Yoga,144,149,78,1.96,26.6,2,3
45,1.82,106.7,32.21,Female,low,142,10687,862.8,8.9,1.91,Cardio,126,126,61,1.53,22.6,4,1
37,1.55,51.0,21.23,Female,moderate,139,1682,370.5,4.7,2.53,Cardio,196,107,77,1.17,27.7,3,1
64,1.96,109.9,28.61,Female,moderate,133,10024,265.3,7.8,1.81,Cardio,158,83,80,1.31,17.9,5,1
24,1.78,88.5,27.93,Female,moderate,92,7548,589.8,5.3,3.19,Cardio,162,85,69,0.66,31.3,3,2
28,1.63,79.4,29.88,Male,moderate,60,1217,576.3,8.6,3.34,None,165,150,73,1.05,13.4,1,3
37,1.6,86.2,33.67,Female,high,131,2693,642.3,7.9,1.47,Yoga,162,84,82,1.96,30.1,5,2
33,1.57,73.2,29.7,Female,moderate,152,2272,876.7,6.3,2.64,Strength,148,128,81,1.32,31.7,3,1
21,1.71,54.6,18.67,Male,low,103,10753,426.4,4.2,3.26,None,185,149,75,1.34,14.3,1,1
23,1.57,102.4,41.54,Female,high,93,14226,451.7,7.4,2.19,Cardio,188,94,84,1.93,22.0,2,2
39,1.71,114.6,39.19,Male,low,96,14666,435.9,6.3,1.84,Cardio,146,79,71,1.83,32.3,6,1
43,1.57,116.3,47.18,Female,high,178,7460,640.0,8.0,3.26,Cardio,122,98,64,1.35,34.0,3,1
20,1.83,95.3,28.46,Male,low,70,4379,622.8,7.7,1.64,Cardio,175,106,65,0.9,30.3,4,3
58,1.89,75.8,21.22,Male,low,110,9229,570.2,7.7,1.52,Yoga,183,105,68,0.68,33.5,2,1
59,1.77,80.9,25.82,Female,low,70,4686,455.0,4.9,3.2,Cardio,140,118,58,1.8,33.4,2,3
31,1.84,94.3,27.85,Female,high,163,13566,499.4,6.2,2.58,Strength,143,152,58,1.88,34.5,1,3
28,1.97,106.7,27.49,Male,moderate,173,4491,754.8,6.4,1.46,None,139,93,55,1.24,20.3,3,2
35,1.82,73.1,22.07,Male,moderate,82,5554,626.5,7.9,2.61,Yoga,171,98,66,0.64,17.2,4,2
29,1.68,113.8,40.32,Male,moderate,95,5913,701.4,6.0,3.19,Cardio,132,86,61,1.41,25.8,5,1
40,1.72,69.3,23.42,Male,moderate,111,10677,393.7,8.3,1.22,Strength,189,124,59,1.05,14.7,5,2
29,1.93,84.8,22.77,Male,high,168,9715,838.0,5.4,1.64,None,162,159,55,0.74,23.9,3,3
30,1.57,117.1,47.51,Male,high,120,1285,224.6,8.9,2.51,None,197,99,75,1.88,24.5,3,2
42,1.66,115.4,41.88,Male,high,159,2998,617.0,4.4,1.29,Yoga,156,125,78,0.86,30.2,6,3
62,1.79,97.2,30.34,Female,moderate,91,6813,768.6,6.5,3.26,None,149,88,80,1.57,19.0,6,2
36,1.84,69.3,20.47,Male,high,170,2701,806.4,6.9,2.48,Cardio,134,146,62,1.14,25.0,1,1
63,1.88,61.4,17.37,Female,high,132,2516,423.7,6.2,2.46,Cardio,194,103,83,1.74,32.6,5,2
53,1.66,51.0,18.51,Female,high,111,6881,521.8,6.7,1.14,Strength,144,99,72,1.55,20.5,4,1
62,1.57,98.1,39.8,Male,low,159,10944,224.4,7.9,2.05,Strength,157,133,67,0.68,24.3,4,2
25,1.98,82.8,21.12,Male,high,152,11306,752.8,4.9,1.49,None,162,131,71,1.17,29.7,4,3
46,1.54,87.9,37.06,Female,moderate,161,10986,287.2,8.7,3.02,Yoga,149,86,56,0.89,16.2,1,2
49,1.55,80.4,33.47,Male,low,70,10430,499.7,6.0,1.84,Cardio,159,124,60,1.57,12.6,4,2
61,1.75,81.2,26.51,Male,low,95,1045,893.6,7.1,2.01,None,178,86,83,1.32,27.0,4,3
35,1.91,87.8,24.07,Female,low,112,4761,842.4,6.2,2.6,Yoga,142,156,75,1.01,19.3,5,3
23,1.89,113.6,31.8,Female,high,63,2225,431.0,7.0,2.79,None,163,122,58,0.99,19.5,6,2
35,1.97,47.2,12.16,Female,high,93,12033,356.7,7.6,2.97,Yoga,120,124,62,0.67,33.3,6,3
36,1.57,105.1,42.64,Male,high,102,14886,376.2,6.5,1.44,Strength,197,93,69,0.82,20.2,4,3
39,1.69,74.3,26.01,Male,moderate,112,10696,679.3,4.6,1.66,Cardio,160,127,59,1.57,33.8,3,2
54,1.64,100.9,37.51,Female,moderate,117,8196,708.1,5.7,1.23,Strength,181,109,74,1.41,12.7,3,1
49,1.93,116.1,31.17,Male,moderate,125,13726,351.5,8.0,3.14,Cardio,179,101,83,1.03,18.6,2,2
58,1.74,68.0,22.46,Female,low,112,7390,368.0,6.8,1.79,Yoga,199,141,65,1.75,27.3,1,2
20,1.51,51.7,22.67,Male,moderate,144,12731,426.4,7.8,1.32,Yoga,129,151,62,1.23,13.1,5,1
45,1.85,62.4,18.23,Female,low,121,9807,503.2,8.4,1.78,None,192,125,82,1.69,19.7,2,2
27,1.69,61.7,21.6,Male,high,149,4675,842.2,6.2,1.14,Yoga,197,93,71,1.67,31.3,2,2
52,1.77,100.6,32.11,Female,high,123,10822,218.6,5.8,3.09,Yoga,185,117,63,1.77,29.0,1,3
46,1.95,49.6,13.04,Male,low,112,1701,646.7,4.6,1.72,None,176,109,72,1.77,17.1,6,2
32,1.63,48.8,18.37,Male,high,69,10806,803.2,5.4,1.88,None,161,89,84,1.52,18.9,1,1
50,1.62,97.0,36.96,Female,high,116,10343,706.4,6.1,3.35,Cardio,173,90,68,1.62,22.6,2,1
24,1.63,86.8,32.67,Male,high,134,10035,351.7,4.7,1.47,Yoga,161,143,78,1.67,28.3,4,3
29,1.67,76.3,27.36,Male,high,124,3934,533.7,4.6,1.51,None,185,145,63,0.75,13.8,3,2
47,1.55,88.2,36.71,Female,high,121,4874,837.2,6.2,2.4,Cardio,189,159,64,0.95,23.2,2,2
38,1.85,100.1,29.25,Male,moderate,149,9243,281.0,5.9,3.43,Cardio,130,115,78,0.66,11.8,6,2
48,1.6,52.8,20.62,Male,high,73,6444,891.3,8.2,3.25,Strength,186,128,79,0.78,19.9,1,2
41,1.96,86.5,22.52,Male,high,144,14300,300.5,4.1,2.48,None,130,139,74,1.67,14.8,2,1
37,1.61,106.8,41.2,Female,low,163,8936,299.7,7.8,3.03,Strength,123,104,81,1.92,17.7,3,1
54,1.63,72.2,27.17,Female,low,167,12421,769.0,5.0,2.22,Cardio,198,93,56,1.51,18.3,6,3
21,1.65,102.2,37.54,Female,low,62,1226,779.8,8.4,2.09,Yoga,198,120,57,1.83,29.3,5,2
45,1.88,108.4,30.67,Female,high,144,11677,226.5,5.4,2.0,None,168,134,83,0.98,16.6,3,1
61,1.71,106.6,36.46,Female,moderate,64,14548,317.8,6.8,2.14,None,141,153,78,1.77,26.6,5,2
37,1.91,93.8,25.71,Male,low,101,13866,864.0,5.3,2.77,Cardio,156,98,59,1.01,23.3,1,1
41,1.89,98.8,27.66,Male,low,109,9978,395.5,6.1,3.05,None,129,110,81,1.84,30.1,5,1
49,1.96,104.1,27.1,Female,high,163,12332,208.6,5.2,2.44,Cardio,139,123,58,1.7,18.0,4,3
58,1.88,100.0,28.29,Male,moderate,139,8236,377.8,5.9,3.17,None,192,133,57,1.98,34.9,2,2
53,1.53,78.9,33.7,Male,moderate,122,7439,714.8,8.3,2.6,None,169,88,81,1.74,17.4,2,3
51,1.92,56.9,15.44,Male,high,158,11692,841.5,7.5,3.01,Yoga,150,113,73,1.1,24.5,4,3
53,1.97,68.2,17.57,Male,moderate,169,9429,308.6,5.7,2.72,Cardio,163,82,64,0.67,25.8,6,3
19,2.0,60.5,15.12,Female,low,61,3277,357.1,8.3,2.93,Strength,150,122,80,1.81,23.5,3,3
32,1.56,72.1,29.63,Female,moderate,134,13081,509.1,4.3,1.05,Yoga,194,154,61,1.36,31.5,1,3
51,1.81,81.7,24.94,Male,low,130,12907,723.8,7.5,3.17,Cardio,160,155,81,1.79,12.8,4,3
53,1.6,116.9,45.66,Male,moderate,63,12897,661.1,7.1,3.21,None,123,143,84,1.08,24.9,2,3
23,1.63,117.0,44.04,Female,low,119,8406,429.3,5.9,3.1,Cardio,133,115,66,0.54,22.7,5,2
56,1.87,102.7,29.37,Male,low,97,10741,246.4,6.1,2.83,Cardio,165,109,62,0.58,20.4,3,3
59,1.99,118.5,29.92,Male,low,163,4599,377.1,5.9,2.97,Yoga,173,138,83,1.51,18.7,3,2
29,1.8,119.9,37.01,Male,high,67,11304,353.7,7.2,1.45,Cardio,152,127,59,0.67,13.8,4,2
20,1.93,111.4,29.91,Female,high,151,9457,214.7,5.2,1.12,None,149,128,78,1.62,26.2,2,1
62,1.5,51.0,22.67,Female,moderate,116,7000,882.5,9.0,1.72,Strength,128,111,67,1.13,12.9,2,3
35,1.52,77.0,33.33,Male,moderate,111,13646,378.8,4.0,2.11,Strength,157,126,63,1.34,30.7,1,2
57,1.8,85.1,26.27,Male,moderate,158,14969,785.6,6.3,1.68,None,162,92,58,1.7,21.2,1,1
38,1.69,54.3,19.01,Male,low,133,9655,539.4,5.1,3.18,Strength,126,95,56,0.88,25.1,4,1
32,1.94,105.6,28.06,Male,low,127,7504,880.6,5.8,3.41,Yoga,159,116,59,1.12,11.9,6,3
50,1.65,56.2,20.64,Male,moderate,169,14933,304.7,8.3,2.93,Cardio,181,139,56,1.59,12.3,4,3
52,1.72,73.7,24.91,Male,low,121,5062,277.5,5.8,2.19,Cardio,174,155,80,1.88,15.9,2,3
43,1.76,50.2,16.21,Female,low,158,7843,201.7,5.1,1.36,Strength,154,82,72,0.94,29.5,6,3
25,1.64,84.3,31.34,Female,low,152,12467,702.9,5.8,3.18,Strength,162,158,60,1.43,22.1,4,2
53,1.95,89.8,23.62,Male,high,136,2807,414.5,5.6,3.1,Strength,130,113,80,1.93,17.8,3,2
47,1.73,100.1,33.45,Female,moderate,76,5567,809.2,6.5,1.41,Yoga,121,135,65,1.47,31.2,5,3
40,1.71,70.5,24.11,Male,moderate,119,3239,643.7,8.5,1.12,Cardio,198,134,64,1.84,14.8,2,3
59,1.92,89.3,24.22,Male,high,78,3491,604.2,7.5,3.25,Cardio,198,143,55,1.91,16.5,3,2
61,1.66,100.1,36.33,Female,moderate,110,6972,540.8,8.3,3.05,None,124,133,56,1.89,29.4,5,3
31,1.91,102.2,28.01,Female,low,133,2082,380.7,5.5,3.34,None,159,84,75,1.64,10.7,2,1
31,1.56,67.6,27.78,Male,low,86,7384,245.3,4.1,1.89,Yoga,199,137,64,1.33,15.5,2,2
19,1.59,50.1,19.82,Male,moderate,134,11614,510.5,5.8,2.64,Cardio,165,144,59,0.65,23.0,2,1
54,1.98,47.8,12.19,Female,moderate,177,13175,269.4,7.5,3.16,Cardio,140,81,80,0.83,32.9,3,1
22,1.92,102.6,27.83,Female,low,74,2880,834.0,5.4,1.85,None,128,109,66,0.88,16.6,2,1
55,1.69,73.9,25.87,Male,low,63,13733,780.5,5.4,2.19,None,190,116,73,0.55,15.3,4,1
62,1.82,55.0,16.6,Male,moderate,78,12924,633.8,4.5,2.33,Cardio,146,159,75,0.65,34.4,4,3
58,1.97,58.8,15.15,Male,moderate,147,1259,516.7,5.0,1.07,Yoga,136,103,79,0.94,23.1,6,3
64,1.61,102.5,39.54,Female,low,164,5086,517.9,7.7,3.07,Strength,185,101,56,0.64,11.6,3,3
31,1.53,89.9,38.4,Male,high,123,8845,525.2,6.5,3.36,Yoga,145,112,83,0.75,16.9,3,3
56,1.77,82.6,26.37,Female,high,88,12671,721.8,4.3,2.04,Cardio,191,76,60,0.58,23.3,2,2
42,1.57,91.7,37.2,Male,low,63,8237,288.3,9.0,2.53,Strength,164,99,69,1.12,11.8,4,3
37,1.59,55.3,21.87,Female,low,64,7760,571.9,6.8,2.35,Yoga,174,140,62,1.73,27.3,2,2
19,1.95,68.9,18.12,Female,low,87,2286,768.9,4.8,1.87,Yoga,159,112,70,1.72,23.1,6,1
56,1.5,73.1,32.49,Female,high,64,3559,557.1,4.2,1.21,Cardio,135,133,73,1.86,27.7,6,2
23,1.91,68.6,18.8,Female,high,91,7467,209.6,6.8,2.3,None,151,156,84,1.62,18.5,5,3
34,1.76,109.8,35.45,Male,high,97,1419,371.3,5.3,1.61,Yoga,154,81,72,0.87,20.5,2,1
42,1.78,88.6,27.96,Female,high,164,12755,668.0,5.3,2.63,Yoga,183,123,81,1.55,33.2,6,1
45,1.84,99.7,29.45,Female,moderate,147,14342,853.9,6.5,2.34,None,183,142,71,1.63,15.3,6,3
19,1.72,62.8,21.23,Female,high,72,13248,825.6,6.3,2.48,Yoga,134,115,83,1.31,11.0,4,1
52,1.56,64.8,26.63,Male,low,176,5749,775.9,5.8,2.5,Yoga,161,148,55,1.71,34.6,3,1
54,1.55,61.9,25.76,Male,high,86,6283,865.1,8.0,3.21,None,169,125,65,0.61,10.2,5,1
22,1.88,96.6,27.33,Male,low,165,1447,395.9,6.0,1.37,Cardio,151,98,58,1.39,32.2,6,2
18,1.61,71.2,27.47,Male,low,114,8411,208.7,6.2,3.01,Cardio,149,110,82,1.22,30.6,4,1
57,1.51,75.4,33.07,Male,high,77,9938,448.1,7.1,3.39,Cardio,143,154,60,1.71,22.2,3,1
29,1.99,98.2,24.8,Male,low,161,4115,603.9,7.6,2.8,Strength,185,84,61,0.69,27.6,1,2
53,1.99,117.9,29.77,Female,low,153,7901,421.5,5.9,1.35,Cardio,140,95,83,0.82,12.6,5,3
62,1.69,57.1,19.99,Female,high,92,3884,230.9,6.6,3.13,Strength,161,101,62,1.34,29.1,6,2
40,1.51,49.7,21.8,Female,moderate,169,5299,555.0,6.5,2.98,Strength,199,129,78,1.92,29.6,2,2
64,1.86,59.6,17.23,Male,high,101,8550,339.8,8.4,3.16,Strength,177,159,64,0.62,11.3,3,3
48,1.92,100.1,27.15,Female,moderate,156,13995,709.3,6.1,2.22,None,121,79,84,1.62,22.4,2,3
28,1.56,59.6,24.49,Female,high,108,5893,262.4,6.3,3.05,Strength,135,133,71,0.81,33.7,2,2
27,1.57,88.8,36.03,Male,moderate,121,11610,870.7,6.9,1.39,Strength,126,110,66,0.66,33.8,3,1
20,1.91,89.3,24.48,Female,low,141,4292,813.7,7.3,2.44,None,174,148,62,1.09,34.6,1,3
31,1.96,67.1,17.47,Male,moderate,121,5764,811.7,4.0,2.38,Yoga,134,108,66,1.37,26.4,5,1
33,1.9,50.2,13.91,Female,moderate,144,6753,752.9,7.3,3.24,Yoga,142,126,80,1.74,13.5,1,3
27,1.6,74.9,29.26,Male,low,168,3517,643.5,4.8,3.16,Strength,188,80,71,1.45,20.3,4,1
46,1.71,59.0,20.18,Male,high,168,5761,237.4,8.9,2.79,Cardio,120,88,57,1.24,28.2,1,2
27,1.8,58.8,18.15,Male,moderate,77,9661,663.7,5.8,1.44,Yoga,188,133,68,0.93,17.1,6,2
29,1.58,84.2,33.73,Female,high,91,5928,722.8,6.4,3.02,Cardio,132,131,66,0.94,30.3,1,2
47,1.61,95.5,36.84,Female,moderate,97,5704,291.6,4.3,2.54,None,145,111,59,1.66,31.5,1,2
58,1.64,50.7,18.85,Male,low,156,14794,631.0,8.4,3.04,Yoga,171,132,67,0.67,29.1,2,3
18,1.75,88.4,28.87,Male,high,119,10625,535.2,5.2,3.35,None,132,157,65,0.72,18.6,2,2
22,1.76,63.5,20.5,Female,moderate,139,1864,530.7,5.5,2.13,Strength,174,106,70,1.58,28.5,3,1
37,1.91,95.5,26.18,Female,moderate,132,13378,339.6,7.1,2.86,Yoga,148,94,80,1.94,11.8,2,2
25,1.88,105.8,29.93,Male,high,179,13040,717.6,4.0,3.43,Strength,137,159,64,0.68,18.4,3,2
60,1.96,105.5,27.46,Female,high,164,3503,847.6,9.0,1.53,Strength,121,153,84,1.41,29.1,1,2
29,1.92,72.7,19.72,Female,low,87,14225,751.5,6.5,3.12,None,146,155,82,0.86,29.9,6,2
18,1.63,87.5,32.93,Female,low,86,8217,458.3,8.2,1.35,Yoga,169,135,78,0.54,18.0,2,3
37,1.67,104.5,37.47,Male,high,70,8577,888.9,8.5,1.04,Yoga,161,131,62,1.75,34.0,2,3
45,1.75,49.6,16.2,Male,low,91,8879,454.9,4.0,3.12,Yoga,186,126,60,1.26,16.8,4,3
60,1.51,90.4,39.65,Female,moderate,88,10998,364.1,6.1,3.4,Strength,129,159,74,0.54,26.5,5,1
54,1.95,107.7,28.32,Male,low,131,7715,877.7,8.4,1.08,Yoga,128,122,74,1.84,32.0,5,1
64,1.52,72.9,31.55,Female,high,65,9903,752.9,7.5,3.11,Cardio,122,153,78,1.3,23.8,1,2
54,1.66,79.2,28.74,Female,moderate,165,7145,732.9,7.7,2.75,Cardio,157,85,81,1.61,20.3,1,1
29,1.78,97.4,30.74,Male,low,62,13381,254.2,6.8,2.75,Strength,194,104,57,1.14,15.3,5,1
54,1.76,50.1,16.17,Male,moderate,178,1939,334.4,8.9,2.15,None,189,134,78,0.78,14.9,3,1
61,1.83,73.9,22.07,Male,low,162,12940,213.0,4.5,2.04,Cardio,188,92,74,1.2,14.0,3,1
45,1.76,67.2,21.69,Female,low,103,5442,743.7,8.4,1.93,None,149,151,64,0.93,21.1,5,3
64,1.61,46.3,17.86,Female,high,66,5826,394.8,7.4,1.95,Yoga,133,148,79,0.95,23.7,4,3
32,1.6,59.7,23.32,Male,moderate,130,9181,292.6,6.7,3.34,Cardio,121,121,82,1.47,31.0,2,1
23,1.95,74.7,19.64,Male,low,62,13872,327.3,7.3,3.04,Strength,127,86,72,0.64,15.4,4,1
61,1.63,59.8,22.51,Male,moderate,131,2141,648.8,7.9,1.78,Strength,193,124,64,1.1,28.9,4,3
37,1.64,90.2,33.54,Female,high,149,7364,503.1,4.9,2.85,None,137,114,67,1.32,27.4,4,2
31,1.71,78.6,26.88,Female,high,90,8984,859.0,5.1,2.64,Strength,190,138,68,1.56,25.9,2,3
19,1.57,48.0,19.47,Female,moderate,150,4384,456.1,5.2,3.11,None,132,93,55,1.45,18.5,3,1
26,1.75,65.6,21.42,Male,high,107,5863,783.7,5.7,1.23,None,165,101,74,1.83,17.9,3,1
54,1.83,46.5,13.89,Male,moderate,97,13434,582.5,6.8,2.75,Cardio,173,126,69,1.99,29.0,3,1
37,1.89,71.9,20.13,Female,high,60,4031,693.7,8.6,1.61,Cardio,131,154,79,1.91,16.9,6,3
43,1.86,64.4,18.61,Male,low,92,12155,318.1,5.3,1.6,Strength,159,81,66,1.65,18.2,4,1
46,1.57,96.6,39.19,Male,low,140,8870,724.3,6.8,2.76,None,157,137,70,1.53,34.1,1,3
18,1.73,68.1,22.75,Male,moderate,155,12445,260.0,8.9,3.24,Cardio,131,151,61,0.55,35.0,4,2
52,1.52,73.1,31.64,Male,low,164,2645,683.8,7.4,2.29,Yoga,186,129,68,1.3,10.0,1,1
23,1.51,99.4,43.59,Female,moderate,100,12135,525.9,6.1,2.16,Strength,144,150,63,1.5,27.2,2,1
54,1.72,81.1,27.41,Male,high,179,13536,360.0,4.4,3.04,Strength,154,105,63,1.12,23.4,5,2
22,1.63,86.7,32.63,Female,moderate,179,7841,536.3,5.6,1.06,Yoga,135,85,64,1.08,21.5,4,3
50,1.84,108.1,31.93,Female,moderate,96,8330,799.0,5.6,2.77,Yoga,164,91,63,1.31,16.9,3,1
31,1.86,60.5,17.49,Male,high,144,5914,308.3,7.4,1.14,Yoga,132,140,79,1.86,22.7,1,1
29,1.95,119.2,31.35,Female,moderate,144,6507,318.7,4.9,1.61,Cardio,143,141,84,0.89,21.4,3,1
59,1.88,112.5,31.83,Female,low,151,14836,573.8,6.5,2.67,Yoga,195,106,70,1.1,20.0,4,1
37,1.52,66.5,28.78,Male,low,129,11692,637.7,6.0,1.95,Strength,121,98,77,1.48,31.2,2,2
41,1.69,112.0,39.21,Female,moderate,159,3724,494.1,4.7,1.74,Cardio,129,87,62,0.78,16.8,2,3
60,1.64,101.5,37.74,Female,low,128,9638,386.5,8.4,2.26,None,138,96,82,1.75,24.9,1,2
51,1.69,114.8,40.19,Female,moderate,163,11297,247.0,7.1,3.12,Yoga,143,93,56,1.5,31.6,3,3
42,1.58,96.8,38.78,Female,moderate,158,11250,234.9,7.4,2.06,Strength,180,127,79,1.03,34.5,5,2
46,1.55,95.6,39.79,Female,moderate,157,2807,228.6,6.0,2.33,Yoga,124,113,72,1.58,25.1,6,2
56,1.76,45.3,14.62,Female,low,115,5122,830.9,8.2,1.39,None,199,95,78,0.92,23.0,1,3
48,1.86,80.6,23.3,Female,low,132,9815,292.0,8.6,2.11,Cardio,153,90,72,1.66,31.0,2,1
64,1.85,60.0,17.53,Female,high,177,9210,406.6,4.1,1.04,None,183,81,81,0.61,14.7,1,1
60,1.73,69.3,23.15,Male,low,177,10625,890.1,6.2,3.1,Cardio,131,158,66,1.14,25.8,2,2
40,1.76,118.4,38.22,Male,high,94,12455,849.2,7.4,1.52,Strength,178,152,78,0.89,11.6,6,2
61,1.76,51.4,16.59,Male,low,112,7178,230.0,8.2,3.3,Strength,140,100,57,1.73,26.5,4,2
55,1.85,99.2,28.98,Female,high,69,9258,585.9,7.9,1.89,Strength,197,150,56,1.63,29.9,4,1
37,1.52,58.0,25.1,Female,high,176,3780,643.4,8.9,3.09,None,166,105,60,1.76,11.6,4,3
40,1.85,45.6,13.32,Female,moderate,88,5180,237.9,7.8,1.97,Yoga,172,142,60,1.48,31.2,6,1
62,1.79,82.6,25.78,Male,moderate,178,3773,709.7,4.6,1.38,Yoga,192,114,71,1.69,13.1,2,2
33,1.6,57.1,22.3,Male,moderate,177,13483,891.5,4.8,2.26,None,158,101,70,1.16,14.4,4,1
59,1.52,117.4,50.81,Male,high,107,11831,500.6,8.8,1.65,Yoga,150,83,77,1.52,30.9,4,1
25,1.55,60.3,25.1,Female,moderate,137,7592,514.6,4.1,1.81,None,197,150,82,0.55,13.1,5,1
38,1.76,59.4,19.18,Male,moderate,129,8905,661.5,5.9,1.79,Yoga,165,90,67,1.82,26.8,5,3
18,1.88,47.4,13.41,Male,high,175,1055,715.6,6.2,1.86,Cardio,176,146,66,1.53,17.4,3,2
25,1.67,69.7,24.99,Female,moderate,145,11698,752.8,5.3,2.25,Strength,156,87,65,1.8,16.2,1,1
46,1.69,46.8,16.39,Male,moderate,75,2154,254.3,7.7,1.32,Yoga,146,152,69,1.66,26.3,5,1
49,1.97,82.4,21.23,Female,low,78,13397,760.5,8.2,1.64,None,148,134,82,0.93,12.7,1,2
55,1.61,82.9,31.98,Male,low,100,6860,804.9,8.8,2.58,Cardio,137,153,71,0.91,24.4,1,1
22,1.55,49.0,20.4,Female,low,178,14001,231.7,8.8,2.89,Yoga,123,134,74,1.7,33.1,1,1
64,1.67,63.0,22.59,Female,moderate,134,5507,227.4,6.0,1.61,Yoga,120,83,83,0.78,31.3,3,1
39,1.87,107.4,30.71,Female,high,119,9860,585.6,8.7,1.66,None,143,127,76,0.67,31.3,1,1
64,1.81,79.7,24.33,Female,moderate,89,4669,547.8,6.4,2.2,Cardio,161,106,78,0.52,17.6,2,2
51,1.71,77.6,26.54,Female,moderate,128,3440,886.1,8.2,3.45,Strength,179,129,81,0.95,27.5,5,1
18,1.98,97.4,24.84,Male,moderate,107,3863,406.1,7.9,2.38,None,143,99,81,0.65,29.5,2,3
43,1.87,98.6,28.2,Female,high,159,4787,613.1,5.1,3.03,Yoga,175,115,62,1.7,32.5,2,1
60,1.53,102.1,43.62,Female,low,66,10499,554.7,6.9,3.3,Strength,188,100,80,1.23,16.6,6,3
27,1.87,107.3,30.68,Female,high,113,7468,575.0,8.9,2.59,Yoga,137,103,61,0.88,29.0,2,2
47,1.51,62.4,27.37,Female,low,136,2906,661.8,6.6,2.3,None,184,156,65,1.4,15.8,1,1
35,1.83,50.0,14.93,Male,high,138,5619,576.3,6.6,2.91,Cardio,129,110,75,0.61,10.7,1,3
34,1.61,73.5,28.36,Female,moderate,127,4638,204.9,7.1,1.8,Strength,136,158,83,1.59,22.0,1,3
43,1.85,109.1,31.88,Male,high,123,1181,790.6,8.6,3.43,None,177,158,76,1.25,29.1,4,1
25,1.65,50.9,18.7,Female,moderate,94,1366,340.8,5.9,2.19,None,154,77,62,0.51,15.4,1,1
64,1.94,88.2,23.44,Female,moderate,116,10789,361.8,4.2,3.32,Strength,123,133,73,0.98,11.2,5,2
57,1.67,97.6,35.0,Male,high,173,1577,653.6,4.9,2.9,Cardio,163,108,60,1.63,19.3,1,2
29,1.81,81.1,24.76,Male,high,128,10075,534.4,8.8,1.53,Yoga,194,80,74,0.78,15.1,6,1
44,1.64,64.1,23.83,Male,high,179,11166,602.1,5.3,1.55,Strength,186,105,83,1.94,19.6,5,2
25,1.96,69.5,18.09,Female,moderate,136,1923,548.2,7.7,1.87,None,147,106,73,1.84,33.0,6,2
42,1.89,50.4,14.11,Male,moderate,156,7162,492.5,5.9,1.93,Strength,130,116,73,1.67,28.6,5,2
63,1.62,66.9,25.49,Female,moderate,143,13446,538.3,4.2,1.04,Strength,122,131,58,0.62,19.3,3,2
21,1.97,48.3,12.45,Male,low,174,9969,298.8,5.7,3.14,Cardio,122,147,76,1.03,18.1,4,1
50,1.68,99.5,35.25,Male,low,170,7016,878.5,6.1,1.6,Cardio,144,120,69,0.95,33.0,6,1
18,1.83,112.3,33.53,Female,moderate,131,5207,602.3,5.2,3.06,Yoga,195,130,81,0.71,32.2,1,3
36,1.87,92.5,26.45,Male,moderate,106,13847,400.8,8.8,2.21,Strength,131,124,71,2.0,25.1,6,2
48,1.51,94.3,41.36,Male,moderate,121,10931,699.0,9.0,2.48,Cardio,168,104,72,0.72,18.9,2,1
33,1.98,80.4,20.51,Female,moderate,76,11271,816.1,5.4,2.34,Cardio,175,110,83,0.97,29.8,1,3
31,1.67,56.7,20.33,Female,high,128,2722,407.5,8.8,3.36,None,172,100,74,1.82,26.6,1,2
22,1.59,45.6,18.04,Female,low,122,2983,427.2,8.6,2.04,Cardio,129,124,66,0.72,24.1,6,3
58,1.93,70.8,19.01,Male,high,123,7668,507.0,8.7,1.97,Strength,138,76,64,1.2,28.5,5,2
43,1.85,101.4,29.63,Male,high,154,11967,352.1,7.7,2.54,Strength,166,81,63,1.96,13.4,6,1
45,1.54,117.0,49.33,Male,low,177,3077,766.9,6.4,1.95,None,173,101,62,0.87,33.3,3,3
19,1.56,77.3,31.76,Male,low,118,3476,608.9,6.1,2.52,None,126,154,80,1.55,34.3,6,1
23,1.86,72.4,20.93,Male,moderate,131,1553,239.9,4.1,2.43,None,158,123,62,0.62,18.9,2,2
26,1.54,78.4,33.06,Female,moderate,125,2584,897.7,5.1,2.94,Strength,151,120,65,1.4,33.7,6,2
50,1.96,77.1,20.07,Male,moderate,60,6853,602.5,7.7,3.47,Strength,142,159,77,1.01,29.9,1,2
58,1.87,91.9,26.28,Female,high,149,13862,823.0,4.6,3.44,Yoga,169,100,84,1.55,33.5,6,3
42,1.67,100.1,35.89,Male,moderate,66,5148,551.1,4.1,1.31,Cardio,138,156,66,1.15,32.9,2,3
30,1.68,103.9,36.81,Female,high,71,10855,607.7,8.0,2.13,None,186,139,76,0.95,15.0,2,3
26,1.75,93.7,30.6,Male,low,137,4556,518.1,6.0,2.06,Cardio,144,76,84,1.32,16.5,5,1
30,1.68,77.8,27.57,Male,low,146,3395,495.9,6.0,1.48,Cardio,144,152,84,0.71,16.5,5,3
48,1.89,116.3,32.56,Female,low,84,10759,352.8,5.4,2.86,Yoga,125,153,77,1.72,12.4,3,2
58,1.99,98.3,24.82,Male,high,84,1872,873.5,8.2,3.42,Strength,134,138,60,1.63,19.9,5,1
28,1.79,77.0,24.03,Female,moderate,138,12428,327.2,8.1,1.38,Cardio,182,138,57,1.32,19.1,3,2
21,1.72,78.5,26.53,Male,high,159,14444,568.5,6.5,1.68,None,139,134,69,1.05,18.6,6,2
51,1.61,106.3,41.01,Male,low,163,2111,261.0,6.9,3.14,None,162,83,82,1.87,18.7,3,3
55,1.83,78.0,23.29,Female,moderate,81,1324,895.4,5.2,1.76,Strength,186,89,60,1.45,11.6,3,3
63,1.84,83.7,24.72,Male,low,70,5412,589.0,4.7,2.1,Strength,123,111,82,0.93,14.6,3,3
21,1.84,66.9,19.76,Female,high,85,13191,770.2,5.7,2.85,Strength,125,80,61,1.71,17.4,3,2
55,1.51,107.9,47.32,Male,high,175,1401,594.1,7.9,1.32,None,178,117,60,1.45,32.2,5,1
36,1.95,84.2,22.14,Male,high,179,10528,763.5,8.5,2.32,Strength,171,119,81,0.69,33.2,4,3
23,1.67,86.4,30.98,Male,low,148,2502,574.1,6.1,1.27,Yoga,138,150,56,0.67,17.1,2,3
51,1.87,111.1,31.77,Male,high,100,4521,511.5,8.5,1.76,Yoga,145,145,60,1.91,27.4,5,1
35,1.88,114.0,32.25,Male,low,83,9866,519.1,5.5,1.59,None,167,102,83,0.93,31.3,1,2
30,1.83,106.8,31.89,Male,moderate,122,14402,201.6,5.9,2.83,Yoga,174,126,83,1.5,22.7,4,2
58,1.7,49.9,17.27,Male,high,143,7171,459.5,5.6,1.38,Cardio,178,150,56,0.55,28.9,5,1
40,1.8,78.3,24.17,Female,low,65,7987,866.4,5.2,2.65,Strength,193,109,55,1.33,34.4,5,3
36,1.52,70.7,30.6,Male,moderate,84,5481,672.9,6.0,2.44,Yoga,157,140,69,0.85,14.1,1,1
62,1.88,61.0,17.26,Male,high,74,13550,843.5,5.7,2.69,Strength,124,100,64,0.71,11.8,4,3
28,1.55,113.2,47.12,Male,moderate,111,10491,340.2,5.1,3.19,Yoga,161,94,64,1.66,26.0,5,1
18,1.7,111.8,38.69,Female,high,137,2264,543.8,6.6,2.34,Strength,154,136,64,1.71,22.7,4,2
41,1.55,79.9,33.26,Female,high,148,13425,224.1,7.3,2.8,None,188,159,59,1.57,17.4,2,2
24,1.92,55.1,14.95,Male,high,64,8759,673.9,7.7,3.01,Cardio,122,75,58,0.52,32.9,1,2
42,1.78,46.0,14.52,Male,low,156,13079,748.8,8.0,2.74,Strength,160,127,79,0.93,31.1,5,2
38,1.85,77.9,22.76,Male,low,112,12227,723.5,6.5,1.8,Cardio,151,151,69,1.04,16.6,6,1
32,1.84,48.0,14.18,Female,moderate,140,8132,260.7,5.8,3.4,Strength,155,104,63,1.54,29.4,1,1
18,1.92,90.7,24.6,Male,moderate,171,12663,373.3,5.3,1.15,None,149,134,70,1.63,30.7,6,3
29,1.57,90.6,36.76,Female,high,122,3055,659.1,6.1,1.93,Cardio,158,84,63,1.44,18.1,2,1
24,1.83,112.4,33.56,Male,moderate,92,7316,731.3,5.5,3.05,Yoga,179,96,73,1.68,12.5,5,3
32,1.79,59.3,18.51,Female,high,80,14460,391.9,6.7,1.87,Cardio,175,103,68,1.14,31.3,1,1
38,1.52,72.9,31.55,Female,moderate,154,7262,484.4,4.1,2.36,Strength,195,143,80,1.31,12.4,3,1
36,1.6,109.5,42.77,Male,low,70,2285,445.9,6.4,1.34,Cardio,177,82,66,0.6,22.0,2,1
46,1.63,80.6,30.34,Male,high,149,11283,203.2,7.7,3.14,None,145,127,66,1.14,14.9,4,1
42,1.54,49.5,20.87,Male,moderate,92,4643,603.6,5.4,3.33,Cardio,198,85,57,1.15,33.2,4,2
50,1.68,53.3,18.88,Male,low,165,9778,668.4,8.4,3.46,Cardio,124,100,83,1.42,12.7,1,1
49,1.51,106.0,46.49,Male,moderate,136,3585,393.5,4.9,1.19,Cardio,175,93,73,1.07,12.9,1,3
52,1.78,100.8,31.81,Male,moderate,153,7785,681.4,8.0,1.5,Yoga,152,93,65,0.86,27.5,2,2
61,1.61,110.7,42.71,Male,high,164,1339,369.9,7.7,2.24,Cardio,128,104,80,0.86,15.1,4,1
55,1.64,53.9,20.04,Female,high,156,5134,700.9,6.0,1.68,Strength,151,110,59,0.7,13.3,1,1
43,1.96,102.0,26.55,Male,high,82,10307,520.0,4.0,2.61,Strength,196,116,60,1.55,14.2,3,3
28,1.75,94.1,30.73,Male,moderate,69,10766,810.4,4.5,3.11,Cardio,147,130,60,1.43,24.9,3,2
52,1.63,62.4,23.49,Female,moderate,65,4654,581.3,6.8,1.32,Cardio,142,83,73,1.37,15.6,5,2
25,1.8,118.0,36.42,Male,high,157,3639,329.3,8.6,1.01,Yoga,188,81,68,1.3,19.4,6,2
63,1.6,87.8,34.3,Male,moderate,97,2932,775.4,6.2,3.48,None,181,92,70,1.05,31.2,5,2
31,1.54,113.0,47.65,Male,low,153,3972,744.4,7.8,2.13,Strength,167,83,66,1.65,14.4,2,3
27,1.51,109.4,47.98,Male,high,156,9956,259.0,4.8,1.17,Yoga,185,80,72,1.88,30.7,1,1
19,1.98,70.0,17.86,Female,moderate,179,9813,233.6,8.0,2.47,Strength,181,144,76,1.16,29.4,2,1
63,1.86,85.2,24.63,Female,moderate,169,12797,295.4,5.3,2.88,Strength,188,119,67,1.11,30.8,2,2
26,1.9,77.4,21.44,Male,low,80,10765,791.7,4.6,3.0,Cardio,175,96,74,0.74,18.7,6,3
20,1.99,98.2,24.8,Male,high,130,5033,424.3,6.4,2.42,Strength,193,155,63,1.51,21.8,3,1
38,1.97,89.1,22.96,Female,moderate,165,13471,553.3,6.5,2.7,None,155,153,72,1.34,27.7,1,2
43,1.87,103.9,29.71,Male,high,133,10187,622.1,7.0,2.19,None,155,147,58,1.98,10.9,4,2
25,1.85,45.9,13.41,Female,low,109,3125,720.4,6.4,2.55,None,175,144,65,1.38,26.6,3,3
19,1.67,96.6,34.64,Female,low,66,13443,781.0,6.1,3.38,Yoga,126,155,81,0.93,13.0,1,3
23,1.55,68.9,28.68,Female,low,132,5492,561.1,7.2,3.47,None,151,106,72,1.34,17.2,4,3
45,1.79,61.8,19.29,Male,moderate,65,5081,491.0,7.6,2.57,None,120,141,75,1.98,30.2,6,2
46,1.79,105.1,32.8,Male,moderate,63,12971,337.2,6.0,2.46,Strength,177,90,57,1.59,25.9,4,3
43,1.98,51.7,13.19,Male,moderate,90,11319,625.3,8.1,1.86,Yoga,139,76,58,0.69,25.5,5,2
42,1.72,62.1,20.99,Female,low,173,13417,584.9,5.8,1.81,Cardio,153,141,63,1.01,15.7,4,1
29,1.85,60.3,17.62,Male,low,149,8595,403.8,8.5,3.31,Yoga,170,115,67,0.95,26.7,3,2
22,1.79,76.5,23.88,Male,moderate,132,12184,512.3,5.0,2.66,Yoga,155,125,69,1.79,13.3,5,2
51,1.59,69.2,27.37,Female,moderate,124,12757,717.8,6.9,2.15,Cardio,145,88,64,1.42,34.1,2,1
54,1.8,99.0,30.56,Male,high,161,14585,639.0,8.6,2.66,Cardio,152,152,81,1.72,16.3,2,3
32,1.77,97.5,31.12,Male,low,136,4734,537.2,5.1,1.3,Cardio,120,123,75,0.76,30.7,4,3
61,1.75,69.4,22.66,Male,high,118,5469,390.6,8.9,3.36,Strength,186,123,63,1.86,33.0,6,2
53,1.76,77.8,25.12,Female,moderate,153,7252,667.6,8.0,2.31,Strength,169,101,70,0.59,14.3,4,2
32,1.58,60.6,24.27,Male,moderate,144,1814,639.4,6.0,1.84,Strength,154,155,70,1.06,10.2,3,1
60,1.73,95.3,31.84,Female,low,127,8474,520.8,6.5,1.03,None,154,113,67,0.52,31.9,4,3
40,1.8,74.7,23.06,Female,low,131,3682,367.0,4.5,2.69,Cardio,178,147,59,0.78,29.1,6,1
23,1.74,55.0,18.17,Female,high,75,10558,322.4,6.2,3.42,Strength,196,110,64,1.94,13.9,1,2
63,1.74,54.5,18.0,Male,high,132,5248,437.6,9.0,2.4,Strength,132,84,79,0.62,30.8,6,2
61,1.54,69.2,29.18,Male,high,119,4432,836.1,9.0,1.83,Yoga,141,78,78,0.72,30.3,3,1
60,1.6,101.0,39.45,Male,low,168,14442,727.7,4.8,2.05,Strength,175,159,55,1.89,21.5,2,1
62,1.66,46.9,17.02,Female,moderate,137,4153,823.7,4.1,2.42,Cardio,124,76,83,1.57,33.7,5,3
38,1.71,64.3,21.99,Female,low,132,5508,789.8,4.7,2.72,Cardio,162,153,57,1.11,24.6,4,1
40,1.8,57.2,17.65,Male,moderate,155,9562,521.2,6.8,1.46,None,193,102,75,0.6,21.1,4,3
60,1.93,116.7,31.33,Female,low,95,14301,571.3,8.6,3.34,None,174,100,82,1.68,10.3,5,3
33,1.58,97.9,39.22,Male,low,87,10367,318.7,4.1,2.04,Yoga,134,147,57,1.24,33.8,5,1
64,1.51,62.5,27.41,Male,moderate,139,8004,704.6,5.7,2.56,None,161,104,64,0.98,13.2,3,1
32,1.72,60.6,20.48,Male,low,135,10717,495.4,9.0,3.28,Cardio,128,83,71,1.04,17.4,3,3
42,1.72,109.4,36.98,Male,low,91,10740,312.9,6.7,2.45,None,190,75,84,1.26,28.2,5,1
53,1.78,59.3,18.72,Male,low,170,6517,266.7,6.5,2.71,None,176,130,81,1.33,10.1,5,3
28,1.92,119.8,32.5,Male,high,111,7817,687.3,4.3,2.58,Strength,129,130,72,1.73,23.6,4,3
32,1.9,66.2,18.34,Male,high,177,14849,537.5,5.8,1.62,Cardio,183,150,67,1.66,14.0,4,2
21,1.55,51.3,21.35,Female,low,76,8605,206.3,6.2,3.41,Yoga,160,135,56,1.65,10.6,4,3
38,1.97,96.8,24.94,Male,high,69,7011,777.2,6.5,2.18,None,132,119,70,1.59,26.0,1,2
30,1.56,90.7,37.27,Female,high,173,3823,633.6,8.5,1.25,None,135,87,58,1.64,25.1,1,1
39,1.82,120.0,36.23,Female,low,102,4685,226.9,8.5,3.49,Yoga,191,88,76,1.52,28.4,2,3
36,1.84,105.2,31.07,Male,moderate,115,2670,413.3,6.1,2.63,Yoga,179,84,72,1.8,25.5,3,3
51,1.84,77.2,22.8,Female,moderate,128,1563,705.7,4.1,2.52,Cardio,150,91,68,1.34,21.0,1,1
31,1.63,95.7,36.02,Female,low,152,7748,241.3,8.3,3.29,Yoga,174,91,60,1.28,22.0,3,1
21,1.67,106.3,38.12,Female,moderate,84,2244,715.4,6.8,2.35,None,190,105,65,1.55,15.5,4,1
63,1.77,83.5,26.65,Male,moderate,160,7493,553.4,4.9,1.9,Cardio,153,120,71,0.75,12.1,5,3
44,1.6,65.5,25.59,Male,high,122,1317,748.0,7.1,1.44,Cardio,123,123,62,1.67,31.5,4,1
46,1.51,60.8,26.67,Male,moderate,86,2002,798.7,6.9,3.03,Yoga,174,149,57,1.9,27.3,5,1
64,1.78,67.1,21.18,Male,moderate,102,10400,737.4,5.8,1.83,Cardio,185,154,78,0.94,13.1,5,2
45,1.73,108.6,36.29,Male,high,67,12753,254.7,4.3,2.29,None,178,92,57,1.42,16.6,2,2
52,1.83,73.5,21.95,Female,moderate,104,12116,522.3,4.1,2.27,None,160,149,71,0.55,31.6,3,3
25,1.57,66.5,26.98,Female,moderate,145,13447,423.1,7.5,2.85,None,185,85,58,1.65,34.0,5,1
33,1.92,105.4,28.59,Male,moderate,156,11194,555.9,4.5,2.71,Cardio,166,147,73,1.34,29.8,1,1
59,1.57,47.4,19.23,Female,low,131,6429,876.1,8.6,2.06,Yoga,146,129,62,1.51,24.2,1,2
53,1.95,89.5,23.54,Female,low,66,8877,287.1,4.7,2.07,None,198,77,71,0.71,31.7,4,3
47,1.72,110.5,37.35,Female,low,154,9106,805.9,6.8,1.68,Strength,140,152,79,1.71,25.7,6,1
35,1.77,75.8,24.19,Female,moderate,124,8017,893.6,7.9,1.85,Yoga,130,90,81,0.88,27.5,4,3
19,1.95,65.2,17.15,Male,low,116,4947,893.0,8.3,2.78,Cardio,141,83,84,1.53,30.7,2,2
30,1.65,81.9,30.08,Male,low,173,2061,757.7,8.4,2.41,None,142,142,79,1.39,18.8,2,1
21,1.59,98.8,39.08,Male,low,160,11438,525.9,6.8,1.13,Cardio,184,119,76,1.48,29.6,4,2
43,1.72,83.7,28.29,Female,high,108,4857,324.6,5.2,2.27,None,178,76,59,0.58,15.2,2,2
42,1.62,45.6,17.38,Female,high,115,8646,625.7,5.0,3.39,Cardio,195,96,65,1.61,14.9,5,2
47,1.76,50.9,16.43,Male,moderate,167,1580,627.3,6.2,1.27,Strength,189,143,84,1.69,30.3,4,1
28,1.64,99.1,36.85,Male,low,169,3757,421.5,7.1,1.26,Cardio,147,123,66,1.21,24.1,2,3
24,1.93,75.0,20.13,Female,low,119,8890,631.8,8.3,2.67,Cardio,144,95,75,1.11,20.3,1,1
48,1.8,103.9,32.07,Male,low,62,2577,281.6,6.5,3.39,Cardio,120,148,69,1.01,23.1,2,2
61,1.5,93.7,41.64,Male,low,151,3723,643.8,7.5,1.07,None,151,129,66,1.89,34.4,4,3
27,1.9,88.6,24.54,Female,high,174,5941,827.7,7.5,1.86,Yoga,148,78,76,1.63,32.4,1,2
56,1.67,112.6,40.37,Female,high,133,2097,530.4,4.6,1.17,Cardio,139,132,61,1.55,22.7,6,1
30,1.66,46.6,16.91,Male,high,157,14999,735.2,8.1,1.66,Yoga,165,144,78,1.89,23.7,6,3
48,1.69,56.6,19.82,Female,moderate,145,11855,644.9,6.2,2.39,None,196,133,57,1.02,25.4,6,1
24,1.82,91.8,27.71,Male,high,177,7555,202.1,4.3,2.11,Cardio,176,100,64,1.45,29.8,5,3
59,1.72,49.9,16.87,Female,moderate,64,9114,285.4,6.8,1.91,None,131,148,70,1.53,31.8,3,2
59,1.81,93.4,28.51,Female,low,156,11249,742.4,8.5,1.53,Yoga,191,143,55,1.99,13.7,2,2
53,1.57,118.8,48.2,Male,moderate,172,12646,228.3,7.8,2.55,None,158,113,75,1.14,25.7,6,2
37,1.99,110.9,28.0,Female,moderate,80,8572,869.4,4.6,2.44,None,127,75,65,1.1,15.7,2,1
21,1.86,89.3,25.81,Male,moderate,118,9331,825.9,8.0,2.66,Yoga,147,131,71,0.63,25.5,3,1
24,1.63,112.0,42.15,Female,moderate,94,11692,453.7,4.2,2.98,None,150,122,68,0.65,14.3,3,2
18,1.86,53.7,15.52,Male,high,179,4865,417.3,6.9,2.82,Yoga,134,146,72,1.27,30.2,4,2
61,1.79,79.1,24.69,Female,high,91,10212,629.1,4.6,3.39,Yoga,179,95,66,0.76,26.5,5,3
62,1.55,77.2,32.13,Female,high,116,13570,628.3,7.0,1.42,Cardio,158,105,70,0.61,31.6,6,3
59,1.59,70.2,27.77,Male,moderate,82,5873,262.3,4.8,3.38,Cardio,199,132,62,1.95,33.6,4,1
64,1.52,45.0,19.48,Female,low,83,14017,350.8,8.5,1.43,None,140,121,57,1.93,33.3,1,3
30,1.9,111.8,30.97,Male,low,175,8855,645.5,7.3,3.11,None,127,97,65,0.99,13.6,4,1
39,1.78,103.3,32.6,Female,moderate,120,5250,760.5,6.2,2.97,None,161,149,84,1.68,19.4,3,1
38,1.66,94.0,34.11,Female,low,146,7516,334.4,8.5,2.67,Strength,178,154,80,1.81,22.1,5,3
39,1.56,54.7,22.48,Male,low,157,13863,691.4,4.9,2.77,Strength,198,81,69,1.2,29.7,6,3
45,1.74,73.4,24.24,Female,low,93,8086,809.3,8.4,2.73,Cardio,197,123,58,0.84,10.4,4,3
26,1.76,114.3,36.9,Female,high,60,7407,282.5,4.6,2.32,Yoga,139,105,81,0.69,33.1,1,2
43,1.85,91.3,26.68,Male,high,178,14887,507.4,7.9,1.08,Strength,180,121,70,0.71,20.2,3,2
26,1.98,90.3,23.03,Female,high,148,3165,795.4,4.7,2.45,Strength,130,142,76,1.7,25.8,2,3
32,1.72,113.5,38.37,Male,moderate,156,4540,459.4,4.8,1.97,Yoga,151,109,78,1.08,34.5,3,2
27,1.7,87.0,30.1,Male,moderate,90,8991,388.6,8.3,1.68,None,123,149,71,1.54,32.1,1,1
41,1.68,89.8,31.82,Male,high,171,9768,721.9,6.2,2.23,None,148,108,68,1.31,19.1,6,2
59,1.91,70.9,19.43,Female,high,136,1129,480.5,5.3,3.12,Strength,124,132,56,1.09,22.1,4,2
25,1.58,72.9,29.2,Female,low,176,6720,694.4,7.3,2.45,Strength,195,89,81,0.69,29.2,4,2
41,1.67,96.4,34.57,Male,moderate,88,5726,288.5,8.3,3.41,Yoga,158,152,76,1.0,28.6,4,1
33,1.86,69.0,19.94,Female,high,144,6159,587.5,6.1,2.05,Yoga,142,159,69,1.76,27.6,2,1
43,1.51,86.9,38.11,Male,moderate,74,3827,465.6,5.4,1.42,Strength,135,145,78,1.72,10.3,1,3
44,1.64,65.9,24.5,Female,moderate,144,8716,898.1,5.4,1.79,Yoga,169,155,82,0.54,15.0,5,2
54,1.82,57.5,17.36,Male,moderate,110,4791,614.0,7.4,1.36,None,130,116,62,0.71,15.5,2,2
21,1.59,79.1,31.29,Male,high,157,1139,677.5,7.5,2.71,Cardio,191,92,67,1.63,16.3,3,1
41,1.65,61.3,22.52,Female,high,63,2094,291.7,8.6,1.4,Strength,167,152,57,1.0,12.4,1,2
36,1.74,112.4,37.13,Male,high,166,10061,894.4,4.1,2.3,Cardio,153,112,58,1.47,30.2,1,1
53,1.71,67.8,23.19,Male,low,165,3521,236.0,4.7,3.31,Yoga,140,138,80,1.34,18.5,5,2
56,1.55,89.8,37.38,Female,low,173,14605,249.6,6.9,2.08,Cardio,182,103,58,1.48,29.4,6,3
27,1.97,64.8,16.7,Male,low,102,10488,253.0,5.5,2.01,Strength,136,84,58,0.58,33.3,6,1
42,1.52,64.4,27.87,Male,low,66,3990,809.4,6.3,1.51,Yoga,153,91,56,1.9,17.8,1,1
35,1.87,71.3,20.39,Female,low,153,14141,710.0,8.6,2.88,Cardio,170,106,67,0.53,21.3,3,1
36,1.54,113.7,47.94,Male,moderate,104,10956,881.1,4.5,1.76,None,186,135,76,0.51,12.2,2,2
53,1.73,74.4,24.86,Male,high,158,10388,246.6,7.2,3.48,Strength,143,158,62,0.84,17.4,3,3
27,1.59,106.6,42.17,Male,high,77,5966,684.2,8.0,1.42,Strength,141,155,63,1.99,23.7,6,1
50,1.57,59.8,24.26,Male,low,158,2574,573.3,4.6,1.01,Strength,129,120,83,0.61,14.5,6,3
22,1.56,48.6,19.97,Male,low,154,7226,647.4,7.2,2.35,Strength,124,145,55,1.81,23.4,6,1
64,1.73,103.6,34.62,Male,low,60,11535,559.0,8.2,1.17,Yoga,150,130,55,0.74,17.8,3,3
52,1.76,85.6,27.63,Male,high,107,6229,672.7,5.0,1.92,None,143,135,63,0.66,34.8,1,2
61,1.57,82.8,33.59,Male,moderate,117,4862,834.9,4.7,2.13,None,130,118,65,1.67,19.4,2,2
51,1.99,65.4,16.51,Female,high,98,10893,611.2,4.3,1.62,Cardio,170,112,70,1.77,11.0,6,3
50,1.63,50.4,18.97,Male,low,70,3434,827.5,7.6,3.45,Strength,167,124,83,1.69,21.8,6,3
38,1.73,81.2,27.13,Male,high,128,5437,747.5,6.1,1.86,Strength,197,148,58,0.86,18.4,6,2
34,1.61,110.0,42.44,Female,moderate,114,2576,805.4,6.5,1.36,Cardio,123,106,69,1.82,19.3,6,3
39,1.75,54.0,17.63,Male,moderate,94,7471,661.5,4.5,1.09,Yoga,127,127,81,0.61,19.3,5,3
54,1.88,114.7,32.45,Male,low,86,7309,563.0,4.6,1.77,None,126,122,61,1.01,32.0,3,3
32,1.76,65.6,21.18,Male,low,125,12089,248.7,7.4,3.05,Strength,151,155,56,1.19,22.5,4,1
52,1.64,84.9,31.57,Male,low,172,3811,784.4,6.1,1.61,Cardio,141,75,64,0.6,16.3,6,3
45,1.62,50.0,19.05,Male,moderate,153,12740,369.4,8.2,2.5,None,155,104,71,1.37,29.8,2,1
24,1.88,76.9,21.76,Male,low,113,7833,225.7,7.9,3.47,Cardio,148,83,65,1.34,21.1,1,2
49,1.56,54.4,22.35,Female,moderate,70,4319,563.3,7.9,1.86,Cardio,187,107,84,1.99,13.6,3,2
28,1.68,48.6,17.22,Female,moderate,172,1495,642.8,8.3,2.54,Yoga,180,100,77,1.43,35.0,3,2
27,1.58,117.5,47.07,Female,moderate,170,12582,663.3,8.2,2.5,None,172,116,76,1.1,10.7,3,3
26,1.63,99.8,37.56,Female,moderate,145,14026,668.8,6.7,2.49,Strength,191,148,73,1.69,27.7,3,2
31,1.58,98.9,39.62,Female,low,142,7238,657.6,5.4,3.38,None,134,116,64,1.0,31.2,3,1
30,1.94,51.8,13.76,Male,high,142,3020,765.7,6.8,2.96,Yoga,167,113,58,1.3,18.8,6,1
42,1.87,114.7,32.8,Male,high,65,2342,738.6,5.2,1.02,Strength,173,135,83,0.58,13.9,3,3
19,1.78,80.2,25.31,Male,low,164,14724,769.0,5.0,1.07,None,187,121,67,0.98,20.9,5,1
52,1.61,108.9,42.01,Male,low,117,6242,522.2,6.5,1.1,Yoga,188,116,55,1.29,22.1,6,1
24,1.76,45.9,14.82,Male,moderate,152,4685,244.0,7.1,1.91,Strength,183,122,61,1.55,35.0,6,2
38,1.76,67.4,21.76,Female,low,91,6777,647.7,6.3,2.1,Strength,185,126,63,0.65,10.5,6,1
35,1.8,119.7,36.94,Female,moderate,160,3651,347.2,8.0,3.02,Cardio,169,107,55,1.7,26.4,4,2
20,1.53,77.1,32.94,Male,low,100,9178,801.7,6.9,2.59,Cardio,191,101,72,1.85,30.1,5,2
59,1.99,111.6,28.18,Male,moderate,96,5057,705.2,8.9,3.5,Yoga,166,117,72,0.92,25.4,5,1
56,1.73,69.6,23.26,Male,low,110,8980,736.1,4.9,2.99,Strength,187,103,70,1.65,25.7,6,1
58,1.96,84.4,21.97,Female,moderate,81,14669,400.5,5.6,3.18,None,132,93,76,0.77,31.9,6,3
28,1.5,109.1,48.49,Female,moderate,66,14492,643.1,4.4,1.45,Strength,133,156,70,1.29,24.1,6,3
56,1.62,90.4,34.45,Male,high,88,5645,569.7,6.5,2.6,Yoga,128,102,59,1.7,32.0,3,1
41,1.55,99.4,41.37,Female,moderate,99,12981,387.9,4.2,1.37,None,147,84,68,1.08,15.3,3,2
63,1.88,62.2,17.6,Male,low,99,13773,768.6,7.3,2.69,Strength,157,141,76,0.54,22.9,3,2
36,1.66,56.7,20.58,Female,low,177,14803,585.0,5.2,3.02,None,131,90,55,1.31,10.8,2,3
21,1.92,62.3,16.9,Female,high,112,1884,333.6,7.8,1.75,Cardio,132,75,60,1.77,30.1,1,2
43,1.92,82.0,22.24,Male,low,86,14533,413.7,4.2,1.42,None,140,156,81,0.66,29.4,1,3
55,1.83,105.1,31.38,Female,moderate,133,8642,359.0,5.7,1.59,Cardio,174,78,60,0.54,23.5,4,2
59,1.83,71.5,21.35,Female,high,127,1013,418.7,8.7,3.03,None,157,143,77,1.71,19.9,5,1
49,1.85,87.4,25.54,Male,moderate,166,6257,331.7,4.3,2.37,Cardio,171,159,66,0.9,19.3,5,1
56,1.84,105.4,31.13,Female,low,102,4616,459.8,8.4,2.34,Yoga,145,78,72,1.05,15.0,4,2
62,1.69,62.9,22.02,Male,high,168,7072,685.8,5.7,2.44,None,141,94,76,0.63,20.7,4,3
63,1.84,111.2,32.84,Female,moderate,79,14341,871.5,4.2,2.23,Strength,170,137,63,0.64,17.6,2,1
53,1.95,116.5,30.64,Male,high,103,14737,347.4,8.5,3.16,Yoga,191,157,70,1.42,24.4,4,3
57,1.67,47.9,17.18,Male,moderate,85,3811,409.9,6.1,2.27,Yoga,156,109,69,1.33,29.7,4,1
54,1.97,49.4,12.73,Female,moderate,131,13096,201.5,6.2,2.49,None,164,119,79,0.94,27.4,4,2
50,1.51,51.8,22.72,Female,high,169,2298,357.7,7.4,3.45,Yoga,196,131,56,1.18,22.8,3,1
53,1.67,103.3,37.04,Male,moderate,168,8023,492.9,6.3,2.14,Cardio,156,98,59,1.08,33.7,6,2
20,1.57,59.2,24.02,Female,moderate,178,14330,523.2,7.9,1.47,Cardio,133,94,83,1.54,14.9,2,3
26,1.56,99.4,40.84,Female,low,104,11023,386.4,6.8,2.41,None,137,102,77,1.79,26.0,6,1
25,1.91,78.1,21.41,Female,moderate,95,4460,305.2,5.6,2.76,Yoga,126,112,75,1.65,12.2,6,3
50,1.96,107.7,28.04,Male,high,97,3968,594.1,7.2,1.31,Strength,193,98,67,0.51,26.8,6,3
23,1.89,105.6,29.56,Male,low,178,6875,486.4,4.4,1.4,None,179,158,73,0.65,28.1,3,2
58,1.99,117.0,29.54,Male,high,65,1672,498.4,6.5,1.06,None,177,98,55,1.14,29.6,2,3
56,1.61,63.8,24.61,Female,low,117,11039,826.5,5.7,2.86,Yoga,174,144,83,1.78,26.6,1,1
21,1.57,62.2,25.23,Female,moderate,89,3808,593.0,6.0,1.51,Cardio,153,99,70,0.86,13.1,5,2
30,1.76,47.4,15.3,Male,high,91,3294,471.8,7.4,3.25,Yoga,164,155,61,1.82,11.1,5,2
19,1.91,75.8,20.78,Male,low,115,13500,377.7,4.8,2.29,Strength,122,155,67,0.67,27.9,1,2
22,1.52,79.4,34.37,Female,low,69,13702,500.0,4.2,3.39,Strength,159,143,78,0.61,30.0,4,3
61,2.0,117.3,29.32,Female,high,158,1435,803.3,8.4,1.96,Strength,195,91,76,1.87,10.8,1,1
44,1.8,107.3,33.12,Female,low,165,7093,875.6,8.3,3.39,Strength,172,132,70,0.74,13.7,2,1
49,1.99,57.5,14.52,Female,low,86,14759,464.1,8.6,3.44,None,150,147,82,1.2,29.8,1,1
38,1.68,104.9,37.17,Male,high,148,1883,346.3,7.5,1.33,Strength,142,94,66,0.99,34.2,5,2
25,1.73,58.4,19.51,Female,moderate,109,6790,840.2,8.4,1.31,Strength,191,76,61,0.72,23.0,5,2
55,1.88,50.8,14.37,Female,moderate,152,12023,301.1,5.6,2.06,Strength,184,157,79,1.45,13.8,4,1
25,1.9,107.8,29.86,Male,moderate,137,12431,408.2,4.7,2.03,Yoga,174,83,68,1.95,18.0,1,3
20,1.62,118.2,45.04,Male,high,96,1600,342.9,7.5,2.62,Cardio,198,137,72,1.49,29.5,4,2
61,1.96,51.6,13.43,Female,high,119,10412,596.1,5.8,1.28,Cardio,131,157,75,1.03,23.6,3,1
20,1.93,106.0,28.46,Male,low,130,1664,486.0,5.4,2.89,Cardio,120,142,73,1.57,11.4,2,3
39,1.51,109.4,47.98,Female,high,106,7238,401.0,7.0,1.56,Strength,130,80,82,0.71,17.7,6,2
23,1.56,53.9,22.15,Female,moderate,95,6454,737.5,4.7,1.38,Yoga,170,85,67,1.37,28.8,4,2
19,1.75,66.2,21.62,Male,low,127,6734,664.9,7.0,2.99,None,185,95,56,1.2,18.1,5,2
40,1.73,100.0,33.41,Male,high,104,4323,896.9,8.4,1.2,Yoga,164,137,73,1.04,20.8,6,1
61,1.85,105.6,30.85,Female,high,173,4058,418.4,7.4,2.78,None,191,104,58,1.61,32.6,2,2
19,1.54,71.5,30.15,Male,low,129,8016,791.7,6.6,1.28,Yoga,150,156,68,0.68,34.6,6,2
55,1.82,57.0,17.21,Female,moderate,108,6608,411.8,6.4,2.85,Cardio,172,95,56,1.3,28.9,3,3
34,1.81,93.6,28.57,Female,moderate,177,14899,206.3,5.6,2.98,Cardio,164,97,72,1.78,16.0,1,1
52,1.62,97.6,37.19,Female,low,143,14773,305.6,7.8,2.46,Strength,186,135,78,0.8,16.1,3,3
51,1.77,82.8,26.43,Male,high,169,14629,555.9,8.7,1.88,Cardio,160,104,84,0.9,17.6,1,2
40,1.61,55.9,21.57,Female,low,86,13761,767.0,6.4,1.59,Cardio,147,120,73,1.49,14.0,1,1
47,1.57,108.3,43.94,Female,low,97,8289,240.2,8.4,3.02,Cardio,181,134,73,1.66,14.5,4,1
25,1.79,93.4,29.15,Female,low,119,13806,782.4,4.1,1.27,Yoga,121,92,58,0.93,16.4,2,2
39,1.99,110.2,27.83,Male,moderate,130,3562,701.3,4.9,3.44,Cardio,191,136,81,1.04,26.5,6,1
61,1.62,115.0,43.82,Female,low,146,5249,224.2,4.3,2.95,None,184,119,75,1.61,25.3,2,1
53,1.68,105.4,37.34,Female,high,100,6685,274.4,6.7,2.73,Strength,140,135,73,0.93,18.5,3,3
22,1.63,116.9,44.0,Female,moderate,139,4905,252.9,5.6,3.47,Yoga,134,133,76,1.5,14.9,5,1
30,1.63,116.6,43.89,Male,low,124,3847,675.3,8.2,2.72,None,174,109,80,0.74,25.6,3,1
46,1.7,91.5,31.66,Female,low,90,5646,592.7,7.4,1.26,Yoga,127,96,57,1.12,13.3,3,3
48,1.85,99.6,29.1,Female,high,103,14836,451.2,7.1,1.81,Cardio,139,98,62,1.53,13.7,4,2
64,1.52,97.5,42.2,Male,moderate,78,10707,261.8,4.6,2.46,Yoga,196,125,58,1.19,19.6,6,3
33,1.98,91.6,23.36,Male,high,90,14121,475.1,5.4,2.44,Yoga,183,139,75,0.53,24.2,5,2
59,1.52,46.5,20.13,Female,high,159,10546,677.5,7.6,1.03,Strength,158,89,57,1.11,28.2,4,2
47,1.94,71.7,19.05,Female,low,150,10080,265.4,5.0,1.65,Yoga,126,102,59,0.93,27.2,2,2
33,1.95,52.5,13.81,Female,high,178,8534,799.6,7.5,2.84,Yoga,176,116,65,0.65,19.5,4,3
29,1.76,67.5,21.79,Male,moderate,137,12516,244.0,8.5,2.65,Strength,194,94,83,0.51,26.4,6,2
34,1.57,50.1,20.33,Male,moderate,159,7993,625.7,8.3,3.24,Yoga,150,117,77,0.57,15.3,3,3
33,1.78,114.0,35.98,Female,low,88,4257,332.4,4.2,3.4,Yoga,153,154,73,1.92,22.3,2,3
29,1.81,78.8,24.05,Male,high,166,14910,264.1,8.4,3.17,None,194,143,73,1.62,25.4,4,2
25,1.93,59.2,15.89,Female,low,83,8885,448.5,5.5,2.38,None,170,137,71,1.91,28.6,1,2
37,1.78,88.9,28.06,Female,low,89,5922,666.8,6.2,2.36,Yoga,175,117,56,0.67,12.0,3,3
20,1.71,59.7,20.42,Male,low,93,8261,284.7,6.7,1.92,Yoga,148,153,74,1.36,12.5,3,3
33,1.92,105.3,28.56,Female,moderate,115,5936,533.0,6.1,3.25,Cardio,182,76,82,0.62,11.8,4,2
47,1.99,67.9,17.15,Male,low,114,3301,484.3,7.1,3.08,None,152,151,63,0.54,23.7,5,2
62,1.82,68.6,20.71,Male,high,157,4314,499.2,8.2,2.95,Cardio,164,97,57,1.2,24.3,6,2
40,1.94,110.2,29.28,Female,low,130,2271,860.4,7.5,2.95,Yoga,125,86,64,1.47,10.3,1,3
45,1.8,86.9,26.82,Male,moderate,164,12489,444.3,5.2,3.12,Cardio,156,120,75,0.6,26.4,4,3
57,1.84,111.5,32.93,Female,low,165,2624,894.1,8.6,3.3,Cardio,172,107,63,1.05,29.1,3,3
22,1.84,76.0,22.45,Male,high,166,12310,576.9,7.5,3.05,Strength,121,118,74,0.64,12.9,6,2
37,1.85,70.8,20.69,Female,moderate,155,10773,789.7,4.7,3.04,Strength,176,99,58,1.04,18.4,3,1
57,1.66,83.0,30.12,Female,high,94,13118,444.2,7.6,2.65,Yoga,170,109,76,1.21,31.2,3,1
61,1.79,49.6,15.48,Female,low,125,10546,259.3,4.2,2.15,None,158,109,61,1.01,27.2,6,1
18,1.8,56.6,17.47,Male,low,162,9133,259.1,7.1,2.38,Yoga,141,139,84,1.36,17.6,6,1
47,1.66,61.5,22.32,Female,high,90,9243,601.9,8.6,2.34,None,198,117,66,1.38,28.6,6,1
38,1.67,106.3,38.12,Male,moderate,116,12210,850.9,6.9,3.06,Strength,162,142,65,1.0,32.2,4,3
37,1.88,100.0,28.29,Male,high,97,9748,249.9,5.5,1.66,None,157,136,76,1.08,17.7,2,2
23,1.79,59.5,18.57,Male,moderate,149,13414,682.4,8.9,1.91,Cardio,183,105,83,1.16,27.1,6,2
39,1.57,65.8,26.69,Male,moderate,176,1243,594.3,8.0,2.39,Cardio,156,102,83,1.06,12.3,5,2
35,1.92,115.8,31.41,Male,low,75,12387,656.6,5.2,3.46,Strength,157,85,83,1.64,11.5,4,2
25,1.94,51.4,13.66,Female,low,160,1223,350.9,4.4,2.22,Yoga,190,106,81,0.71,24.7,4,2
56,1.73,86.1,28.77,Male,moderate,99,11738,249.4,8.8,1.32,None,150,140,69,1.79,22.3,3,1
49,1.6,84.2,32.89,Female,low,111,13880,252.3,4.2,2.69,Yoga,163,134,74,1.0,30.3,5,2
50,1.97,99.4,25.61,Female,moderate,125,2076,372.7,7.4,2.54,None,133,125,68,1.59,29.5,3,2
33,1.94,64.6,17.16,Male,high,160,3874,349.5,8.9,3.12,Strength,171,133,61,1.83,17.2,1,1
29,1.62,115.1,43.86,Female,high,98,6786,288.5,5.2,3.14,Cardio,186,151,69,1.83,22.8,1,2
55,1.55,75.8,31.55,Female,high,67,8853,385.3,8.6,1.65,Cardio,124,91,68,1.18,28.9,3,1
51,1.72,66.4,22.44,Male,high,115,2535,573.8,6.1,1.11,None,161,142,82,0.88,16.8,1,1
31,1.84,70.3,20.76,Female,high,134,7173,864.7,5.2,2.96,Yoga,126,112,65,1.41,19.0,1,3
53,1.59,71.2,28.16,Male,high,131,9392,845.6,4.4,2.63,Strength,137,138,64,0.78,11.5,3,2
50,1.76,59.9,19.34,Male,high,120,13481,390.2,7.0,1.35,Strength,176,77,73,1.69,13.3,1,2
40,1.71,114.6,39.19,Male,moderate,85,9472,246.3,7.5,3.46,Yoga,193,128,57,1.57,25.3,2,2
62,1.95,58.1,15.28,Female,low,142,12385,896.9,7.2,3.31,Cardio,163,150,66,1.69,22.4,3,1
19,1.71,111.2,38.03,Female,high,151,12179,533.5,7.0,2.81,Yoga,180,118,67,1.15,14.2,2,3
58,1.77,75.4,24.07,Female,moderate,63,7992,884.8,7.1,1.13,Cardio,182,156,61,1.34,10.2,4,2
38,1.98,65.2,16.63,Female,moderate,134,5798,576.3,6.6,1.53,None,151,104,66,0.65,14.2,2,1
19,1.65,59.9,22.0,Male,low,157,14019,820.5,5.1,1.81,Strength,147,149,76,1.53,28.7,6,1
44,1.64,82.8,30.79,Male,moderate,134,14295,513.1,7.0,1.14,None,123,159,56,1.23,12.3,6,1
26,1.9,95.2,26.37,Female,high,125,8395,635.4,8.4,3.07,Yoga,134,128,55,1.26,20.1,4,1
18,1.64,112.4,41.79,Male,low,66,13850,575.0,4.1,1.19,Yoga,121,122,60,1.77,16.0,6,3
28,1.92,93.9,25.47,Female,low,70,5382,353.9,8.9,1.51,None,142,109,79,1.66,23.7,5,3
20,1.55,81.3,33.84,Male,low,172,12403,734.7,8.9,1.8,Yoga,178,142,73,1.3,22.8,1,1
40,1.56,47.5,19.52,Male,low,151,6899,238.4,5.3,1.83,Yoga,142,100,79,1.03,34.6,5,2
43,1.95,113.7,29.9,Male,moderate,123,14075,453.7,6.1,1.66,Yoga,145,146,60,1.17,29.3,1,3
21,1.77,112.7,35.97,Male,low,65,1304,808.9,6.8,3.45,Strength,153,130,67,1.03,33.5,4,2
35,1.86,73.4,21.22,Male,low,160,7220,551.9,8.2,3.4,Strength,132,150,58,0.73,24.4,3,2
23,1.61,47.2,18.21,Female,moderate,142,7253,254.4,4.3,2.55,Cardio,159,143,80,1.47,28.4,1,3
52,1.58,100.0,40.06,Female,moderate,177,9164,345.3,5.1,1.31,Strength,170,154,80,1.54,32.4,2,2
39,1.92,104.4,28.32,Male,high,95,2908,276.7,7.3,2.77,None,129,138,80,1.96,11.0,6,3
60,1.68,85.7,30.36,Female,high,166,5442,394.3,4.3,3.44,None,158,103,68,1.18,32.9,4,3
32,1.73,75.2,25.13,Male,high,112,1073,315.7,8.5,3.5,Strength,123,152,84,2.0,15.3,2,2
39,1.51,108.8,47.72,Male,low,91,14772,698.4,8.4,2.54,None,171,133,70,0.78,27.6,1,2
54,1.69,59.4,20.8,Male,low,168,10340,661.6,4.5,1.47,Yoga,175,99,82,1.48,29.3,6,1
59,1.89,78.0,21.84,Male,moderate,94,7011,294.6,6.1,3.08,Strength,146,146,83,1.99,12.7,6,3
29,1.91,46.8,12.83,Female,moderate,86,4175,511.5,6.6,2.56,Cardio,127,101,56,1.46,33.8,4,2
64,1.85,57.3,16.74,Male,moderate,147,12251,407.1,7.2,2.13,Cardio,172,96,63,1.18,33.2,2,3
59,1.85,115.6,33.78,Female,moderate,108,10585,436.1,6.7,1.37,Strength,132,145,67,1.27,26.4,4,1
55,1.75,88.4,28.87,Male,low,146,7181,603.2,4.0,1.6,None,165,121,75,1.77,13.9,4,1
35,1.77,105.4,33.64,Male,low,71,10347,829.1,4.6,2.45,Strength,155,150,68,1.91,24.2,1,1
62,1.87,81.5,23.31,Female,low,69,10994,828.1,8.2,1.65,Strength,162,129,68,1.18,18.6,1,1
52,1.62,107.6,41.0,Male,low,117,7203,489.1,7.9,2.19,Cardio,154,83,59,1.66,33.3,5,1
47,1.62,85.4,32.54,Male,low,161,10539,475.2,4.1,2.79,Yoga,170,128,56,1.9,20.2,3,1
41,1.97,45.3,11.67,Female,low,130,12486,562.6,4.1,3.47,Yoga,182,138,59,0.92,27.3,1,1
59,1.51,112.5,49.34,Female,high,120,10822,531.9,8.3,1.11,Strength,187,113,60,1.24,25.9,3,1
47,1.57,56.1,22.76,Female,high,121,7715,243.2,5.8,2.99,Cardio,132,157,56,1.99,16.8,3,3
31,1.79,78.8,24.59,Male,high,165,7344,605.1,6.0,1.32,Cardio,166,82,55,1.03,23.4,4,2
23,1.87,80.8,23.11,Male,low,130,13092,609.3,8.7,3.36,Strength,125,101,70,1.43,20.2,1,3
20,1.77,48.5,15.48,Female,high,166,3884,515.2,8.5,2.92,Strength,137,143,76,1.49,19.4,3,3
33,1.68,49.0,17.36,Female,low,73,3090,489.8,6.0,1.99,Strength,127,107,63,0.73,31.6,5,2
24,1.99,102.2,25.81,Male,high,77,8511,857.3,8.0,2.28,Yoga,160,159,79,1.71,13.5,2,2
31,1.85,67.5,19.72,Male,low,96,9317,620.6,6.3,2.69,Strength,180,84,68,1.12,20.3,3,1
26,1.92,75.7,20.53,Female,moderate,80,12690,771.4,6.1,2.4,Cardio,139,90,84,1.25,10.2,2,2
32,1.52,87.3,37.79,Female,moderate,159,1803,867.7,4.1,3.45,Strength,175,85,63,1.46,16.5,5,3
38,1.62,73.0,27.82,Female,low,164,4466,767.1,8.0,3.5,Cardio,121,93,83,1.12,25.5,2,1
52,1.69,103.1,36.1,Female,moderate,76,1388,860.1,8.0,1.14,Cardio,185,138,59,0.99,12.2,6,3
19,1.59,111.3,44.03,Male,moderate,137,13481,731.5,7.8,2.82,None,151,126,69,1.32,16.8,5,2
44,1.54,49.5,20.87,Male,high,97,1229,319.1,8.8,2.87,Cardio,141,151,64,1.02,32.0,1,3
19,1.61,92.7,35.76,Male,moderate,110,7709,358.9,4.2,2.98,None,160,89,69,1.15,27.3,6,3
52,1.77,68.8,21.96,Male,high,72,14580,335.7,8.8,3.29,Strength,129,116,71,0.66,11.8,1,1
35,1.85,88.7,25.92,Female,moderate,117,11635,425.5,8.3,2.48,None,158,157,57,1.77,34.8,3,1
31,1.89,81.3,22.76,Male,high,67,4087,448.5,4.6,1.64,Yoga,164,153,62,1.12,33.6,4,3
37,1.52,70.0,30.3,Female,moderate,66,3853,767.8,4.2,2.68,Yoga,124,112,79,0.62,13.5,1,2
35,1.71,52.1,17.82,Male,high,119,9778,452.6,4.1,1.81,Yoga,131,123,58,1.69,33.0,1,1
27,1.56,87.0,35.75,Male,high,109,8368,709.1,4.6,1.86,Strength,151,151,65,0.53,23.7,1,3
42,1.72,53.5,18.08,Male,high,135,1663,832.7,8.1,2.53,Cardio,159,158,82,1.4,33.2,1,1
19,1.72,56.7,19.17,Female,moderate,99,13386,280.2,5.9,1.72,Yoga,137,123,73,1.55,34.2,6,1
42,1.75,118.7,38.76,Male,moderate,169,1485,200.2,7.1,2.74,None,193,153,68,0.79,27.3,5,2
50,1.95,68.8,18.09,Female,high,156,13567,822.1,6.0,3.13,Strength,183,145,72,0.7,17.3,6,3
53,1.9,88.8,24.6,Female,moderate,61,8539,366.8,6.9,3.46,Strength,120,129,75,0.67,33.1,3,3
48,1.82,65.4,19.74,Male,moderate,76,7437,307.4,5.4,1.42,None,172,96,56,1.99,24.3,6,3
31,1.94,109.9,29.2,Female,moderate,168,2885,406.6,8.5,2.14,None,161,117,81,1.63,18.5,5,3
18,1.84,66.3,19.58,Male,low,88,1489,330.2,7.1,2.85,Strength,157,124,63,0.97,21.5,1,3
63,1.91,72.5,19.87,Female,moderate,80,3210,755.6,6.3,2.44,Strength,136,158,64,1.0,20.2,5,1
33,1.78,90.6,28.59,Male,high,70,4604,644.2,5.4,1.16,Cardio,181,93,81,1.47,33.4,4,1
63,1.76,110.2,35.58,Female,moderate,155,7005,317.1,5.5,1.87,Strength,147,146,79,1.19,30.5,4,1
20,1.86,106.2,30.7,Female,high,141,1755,608.5,7.5,2.98,None,141,92,67,0.91,10.8,1,1
52,1.51,64.8,28.42,Male,high,91,6776,345.7,6.1,2.23,Strength,165,84,73,0.59,10.2,3,2
58,1.85,107.2,31.32,Male,high,106,10715,338.3,6.8,2.74,Strength,157,124,58,1.68,11.7,6,2
23,1.97,97.6,25.15,Male,moderate,114,3647,616.8,8.9,2.6,None,151,123,82,1.83,25.3,2,3
42,1.86,119.2,34.45,Male,high,84,10663,665.3,5.6,3.36,Cardio,174,115,70,0.81,30.4,3,2
30,1.52,115.2,49.86,Female,moderate,158,6914,442.3,6.0,3.15,Strength,128,89,66,0.6,22.9,4,1
51,1.69,85.0,29.76,Female,high,175,11589,734.4,5.6,1.86,Yoga,169,97,79,0.68,23.4,4,1
25,1.9,101.2,28.03,Female,high,114,5216,786.1,4.4,2.24,Yoga,156,150,70,1.12,16.0,3,1
38,1.98,87.8,22.4,Female,moderate,172,8500,841.4,8.7,2.19,None,184,101,71,0.95,21.5,1,1
51,1.69,89.6,31.37,Male,high,70,14634,638.2,7.8,1.7,None,198,80,70,0.61,16.4,5,1
21,1.92,52.6,14.27,Female,high,95,12547,354.0,7.1,2.55,None,163,98,61,1.18,16.9,4,3
42,1.93,45.2,12.13,Male,high,70,14364,723.9,4.1,1.65,Yoga,179,83,56,0.81,19.8,4,3
32,1.56,48.6,19.97,Female,moderate,89,12197,275.5,8.2,1.4,None,148,148,63,0.6,11.2,2,1
21,1.92,117.5,31.87,Male,moderate,172,3965,326.9,4.4,1.28,Yoga,182,136,81,1.49,33.9,5,3
62,1.66,54.5,19.78,Male,high,67,9465,783.0,4.6,1.72,Cardio,195,141,66,1.36,32.9,3,2
29,1.8,48.3,14.91,Male,low,66,14345,837.6,4.4,2.18,None,145,144,67,1.74,29.9,4,2
49,1.77,68.2,21.77,Male,moderate,134,5745,246.7,4.7,1.29,Strength,164,152,68,0.95,24.2,6,1
49,1.83,89.1,26.61,Male,low,133,7181,418.5,7.2,2.69,Cardio,154,116,66,0.7,30.3,5,3
45,1.87,116.1,33.2,Female,moderate,142,4540,640.4,4.4,3.18,Yoga,197,134,57,1.04,34.4,3,1
30,1.72,97.5,32.96,Male,moderate,97,12193,857.1,7.2,2.07,None,126,157,76,1.67,17.1,5,3
48,1.94,65.7,17.46,Female,moderate,67,13221,599.5,7.9,3.18,Strength,186,122,75,0.86,19.1,2,1
31,1.9,115.4,31.97,Female,high,64,4479,774.7,6.3,1.38,Yoga,172,130,70,0.88,28.2,4,1
37,1.89,47.7,13.35,Male,low,136,1524,845.9,7.2,1.19,Cardio,160,79,72,0.72,26.1,4,1
35,1.73,118.4,39.56,Female,moderate,77,8295,563.3,5.8,3.03,Strength,123,153,79,1.98,30.6,2,2
46,1.52,49.4,21.38,Female,low,111,4312,718.3,7.7,3.44,Cardio,121,128,57,1.95,18.7,2,3
23,1.75,101.5,33.14,Female,moderate,88,11602,663.7,8.9,1.85,None,154,112,76,1.49,17.8,1,3
49,1.95,48.4,12.73,Male,high,128,2238,670.0,5.7,2.64,Strength,152,93,63,0.82,24.6,3,2
46,1.6,114.9,44.88,Male,low,141,2694,561.9,7.0,2.64,None,169,143,69,1.65,13.6,4,2
60,1.99,53.1,13.41,Male,moderate,103,3791,636.2,8.9,2.71,Yoga,132,147,62,1.38,11.0,5,3
19,1.9,48.8,13.52,Male,high,108,14961,588.1,4.2,2.43,Yoga,126,145,64,1.62,16.1,2,3
40,1.85,111.7,32.64,Female,moderate,104,7080,646.4,5.4,1.64,Cardio,158,98,75,1.79,14.0,1,1
36,1.84,52.2,15.42,Female,high,160,7401,553.6,4.8,1.2,None,168,154,76,0.98,10.2,2,1
48,1.79,104.8,32.71,Female,low,114,6761,355.7,7.0,1.03,None,122,84,57,1.87,29.5,2,3
22,1.86,101.0,29.19,Female,moderate,107,8410,685.5,4.9,1.45,Strength,136,159,59,1.85,23.6,6,3
36,1.71,89.9,30.74,Female,high,98,14080,468.8,5.6,1.3,Yoga,144,95,60,1.32,26.7,6,1
51,1.92,73.3,19.88,Female,high,152,8773,289.4,6.2,1.1,None,133,89,68,1.53,14.1,4,2
27,1.85,113.7,33.22,Male,moderate,153,9335,795.9,4.3,1.23,None,124,138,73,1.12,16.4,3,3
42,1.89,110.3,30.88,Female,low,121,2150,326.9,5.5,1.12,None,190,87,80,1.48,11.5,6,3
19,1.9,77.0,21.33,Female,moderate,84,4667,578.5,5.1,2.37,Yoga,152,145,72,1.32,34.9,4,2
28,1.55,62.4,25.97,Female,moderate,143,2232,704.8,6.1,1.14,Yoga,170,114,80,0.98,12.6,5,2
48,1.53,65.4,27.94,Male,low,121,11117,653.4,9.0,3.49,Yoga,136,82,79,0.98,12.3,2,2
32,1.9,61.5,17.04,Female,moderate,178,8799,312.6,9.0,2.25,Cardio,180,112,61,1.48,25.4,6,3
26,1.63,85.6,32.22,Female,low,105,12333,335.9,4.9,3.25,Yoga,150,126,58,1.93,18.3,5,3
40,1.79,110.1,34.36,Male,moderate,148,4584,304.2,7.6,2.22,Yoga,134,76,83,0.8,32.2,5,3
36,1.72,103.0,34.82,Female,high,166,4031,250.8,8.5,1.34,Yoga,159,96,57,1.09,30.8,2,1
26,1.51,104.7,45.92,Male,low,156,10577,398.3,6.6,3.1,Strength,184,78,67,1.71,31.7,6,2
52,1.52,78.6,34.02,Male,high,68,6389,566.9,7.7,1.59,Strength,139,126,58,0.68,28.4,6,2
38,1.91,69.2,18.97,Female,high,169,9183,321.1,6.1,1.1,None,153,81,63,1.99,13.3,3,1
26,1.8,101.8,31.42,Female,high,154,2050,879.6,7.0,1.48,Strength,184,75,79,1.52,11.6,5,1
45,1.76,104.5,33.74,Male,low,127,10197,689.2,6.3,2.5,Cardio,151,157,82,1.87,11.6,5,1
63,1.97,97.2,25.05,Female,low,93,12468,608.4,5.5,2.09,Cardio,141,132,60,1.76,30.0,5,1
24,1.59,47.4,18.75,Female,moderate,129,9614,677.0,4.7,1.4,None,181,136,65,1.67,26.4,6,2
33,1.63,89.2,33.57,Male,moderate,116,11829,505.2,5.5,2.33,None,164,140,82,0.55,34.5,2,1
33,1.88,71.0,20.09,Male,moderate,72,12391,528.9,8.4,3.38,Cardio,130,129,63,1.11,26.1,3,1
50,1.89,59.7,16.71,Female,moderate,75,3263,822.1,8.5,2.82,Cardio,152,87,84,0.8,16.2,2,2
21,1.7,97.1,33.6,Male,high,110,4336,705.4,8.3,1.17,Cardio,157,102,63,1.81,12.2,2,2
21,1.98,65.1,16.61,Female,low,123,5117,611.7,5.5,1.8,None,184,88,76,1.52,19.1,3,2
56,1.97,113.5,29.25,Female,low,121,8330,865.1,8.5,2.73,Cardio,182,77,75,0.66,15.0,5,2
57,1.51,67.4,29.56,Female,low,70,8396,663.8,4.8,1.35,None,157,90,81,1.04,25.7,1,3
34,1.59,86.6,34.25,Female,high,72,9885,479.1,8.3,2.35,Cardio,192,120,73,0.6,12.4,3,3
54,1.91,107.1,29.36,Male,low,129,13936,233.2,5.4,2.37,Cardio,132,77,55,1.61,29.3,3,3
56,1.67,75.2,26.96,Female,high,178,5720,473.5,7.3,1.22,Strength,167,77,58,1.13,27.4,4,3
46,1.55,107.1,44.58,Male,moderate,137,12438,847.4,7.8,2.52,Cardio,143,115,55,0.85,28.4,6,2
53,1.89,99.3,27.8,Female,low,108,2113,231.3,4.4,3.25,None,155,103,67,1.28,34.1,6,3
55,1.73,114.1,38.12,Female,moderate,91,4011,329.2,5.4,2.63,Cardio,139,114,70,0.56,26.3,1,1
56,1.75,69.4,22.66,Male,low,119,13368,766.1,7.1,3.29,Yoga,162,93,66,0.89,29.7,1,1
54,1.59,52.9,20.92,Female,moderate,79,7817,455.5,7.0,2.53,Strength,176,94,55,0.76,12.1,1,1
52,1.83,77.3,23.08,Male,low,164,9668,330.1,8.4,2.88,Cardio,184,95,84,1.9,33.6,2,3
24,1.78,103.9,32.79,Male,high,88,8378,771.0,7.2,3.23,Cardio,179,94,69,1.07,15.5,6,3
44,1.6,78.8,30.78,Female,moderate,161,6484,590.9,5.0,2.16,Yoga,162,121,76,1.38,22.3,4,1
45,1.67,64.6,23.16,Female,moderate,84,1225,583.9,7.9,1.39,Yoga,184,118,81,1.25,33.9,5,3
39,1.8,47.1,14.54,Female,high,177,12018,405.6,8.8,1.3,Yoga,165,76,59,1.49,14.5,6,2
31,1.96,68.5,17.83,Female,high,173,7221,672.6,7.3,3.38,Yoga,181,117,77,0.92,10.9,1,3
24,1.96,98.5,25.64,Male,moderate,71,8416,803.3,6.3,2.37,Yoga,189,131,55,0.68,17.4,5,1
54,1.64,56.1,20.86,Female,high,87,14147,725.1,8.0,2.71,Yoga,145,93,71,0.62,13.9,1,1
39,1.87,70.6,20.19,Female,moderate,82,10321,628.7,6.3,2.53,Cardio,148,138,62,0.79,26.7,5,3
22,1.89,46.5,13.02,Female,moderate,103,14604,445.4,4.8,2.41,None,160,120,76,1.22,17.0,2,3
19,1.9,99.1,27.45,Female,moderate,153,10659,798.4,4.4,2.4,Cardio,134,115,62,0.85,11.6,1,1
44,1.79,111.1,34.67,Female,moderate,150,2723,596.3,6.0,2.18,Cardio,138,141,84,1.15,32.3,1,1
38,1.51,87.6,38.42,Male,high,112,1058,822.7,7.6,3.21,Cardio,192,88,76,0.54,11.2,4,3
55,1.88,46.9,13.27,Female,moderate,147,5946,377.9,7.5,1.3,Strength,178,94,76,1.44,16.8,5,3
32,1.55,61.3,25.52,Male,high,88,12901,658.0,6.7,2.79,None,147,109,80,1.82,16.0,1,1
38,1.56,77.9,32.01,Female,low,139,11023,854.6,6.2,2.7,None,134,99,69,0.57,10.6,6,1
27,1.8,89.1,27.5,Female,moderate,127,7827,461.9,7.3,1.16,Strength,177,78,77,0.83,14.1,1,1
40,1.99,82.2,20.76,Female,low,174,1189,865.9,8.8,1.54,None,172,131,66,0.98,30.4,2,1
56,1.62,113.7,43.32,Male,high,146,13400,474.7,5.4,2.97,Strength,161,76,70,0.93,10.9,5,1
22,1.82,115.4,34.84,Female,moderate,159,10289,506.4,6.8,1.58,Cardio,147,140,72,0.56,10.6,6,1
18,1.65,53.0,19.47,Male,high,170,3723,764.5,8.2,2.44,None,192,95,57,0.66,25.9,1,1
30,1.95,55.4,14.57,Male,high,79,4772,382.5,5.3,1.21,Cardio,138,126,82,1.87,12.2,3,3
38,1.8,71.9,22.19,Female,moderate,124,11319,694.1,5.3,1.56,Yoga,190,149,83,1.57,19.3,2,2
43,1.6,76.6,29.92,Male,moderate,146,9462,408.9,8.4,3.23,Cardio,196,152,58,1.94,10.1,5,2
62,1.63,89.0,33.5,Female,high,83,10809,615.6,8.8,1.9,None,121,155,69,1.16,19.1,4,3
38,1.72,103.0,34.82,Female,low,179,5613,743.2,7.4,3.01,Cardio,137,89,68,1.82,18.0,3,2
35,1.56,55.2,22.68,Male,high,68,3542,218.3,7.2,2.2,Cardio,159,120,55,1.72,25.3,2,3
54,1.54,105.2,44.36,Female,moderate,71,4625,261.9,6.6,1.81,Strength,172,105,79,1.81,22.5,1,3
62,1.84,90.8,26.82,Female,low,92,12710,854.1,7.9,2.42,None,127,136,79,0.56,27.0,2,3
49,1.7,118.6,41.04,Male,high,62,13652,771.1,8.8,2.33,Cardio,128,108,74,1.48,33.4,6,3
53,1.86,93.8,27.11,Male,high,140,8791,813.9,5.9,3.46,Strength,196,110,71,1.35,29.9,3,2
34,1.56,98.7,40.56,Male,moderate,125,8530,507.3,5.5,1.86,None,140,118,71,1.32,33.3,2,3
52,1.8,59.6,18.4,Male,low,155,14398,701.4,8.9,2.63,Yoga,163,137,76,1.26,11.4,3,1
28,1.72,102.7,34.71,Male,moderate,106,9796,898.8,6.5,2.72,Cardio,179,151,72,1.69,34.8,3,3
38,1.53,50.9,21.74,Male,high,62,13654,502.8,4.9,2.57,Cardio,190,92,55,1.95,18.1,3,2
43,1.77,94.2,30.07,Female,high,128,10966,792.7,8.4,2.2,Cardio,150,155,80,1.74,16.9,5,2
21,1.54,49.2,20.75,Male,moderate,146,11710,255.5,4.5,2.96,Cardio,132,119,81,1.81,20.1,2,2
51,1.91,53.6,14.69,Male,high,106,11270,580.7,6.6,2.92,Cardio,164,113,82,1.23,29.6,6,2
35,1.82,53.1,16.03,Female,moderate,178,12610,433.3,7.8,3.4,Yoga,121,100,56,1.54,33.9,5,1
57,1.78,48.9,15.43,Female,low,116,14602,566.2,8.4,3.44,Yoga,153,152,77,1.12,23.9,4,3
52,1.57,69.1,28.03,Male,moderate,116,14817,279.9,4.4,1.54,None,188,149,70,1.04,13.9,4,1
58,1.64,119.6,44.47,Male,moderate,68,1538,457.4,7.4,2.64,None,185,98,68,1.84,15.4,2,3
46,1.75,71.1,23.22,Female,high,113,2816,253.6,8.0,3.14,Strength,181,132,74,1.86,20.1,2,3
46,1.82,102.1,30.82,Male,high,144,7468,517.2,7.1,3.41,Strength,166,124,77,1.52,19.1,1,1
55,1.59,54.9,21.72,Male,low,137,8508,509.3,5.3,1.36,Strength,121,146,77,1.76,16.0,6,1
59,1.5,79.1,35.16,Female,low,162,6751,430.8,7.4,3.37,Yoga,191,113,74,1.04,31.3,1,2
38,1.67,58.9,21.12,Male,high,107,7610,863.8,8.5,1.56,None,156,146,83,1.15,17.0,6,3
59,1.74,59.4,19.62,Female,low,80,5840,258.1,8.6,2.43,None,199,105,72,1.73,24.8,5,3
30,1.59,52.5,20.77,Male,moderate,151,5047,777.4,7.6,2.64,Yoga,182,157,63,1.1,22.0,1,3
58,1.75,77.4,25.27,Female,low,137,4688,448.4,5.1,3.2,None,175,110,68,0.56,33.1,4,3
34,1.67,50.7,18.18,Female,high,94,3094,339.5,5.1,3.01,Cardio,165,113,84,1.03,25.7,6,3
26,1.73,113.2,37.82,Female,low,98,3871,390.8,5.8,3.34,None,182,95,67,1.1,18.3,1,3
58,1.67,78.6,28.18,Male,high,99,13965,831.3,4.9,2.97,None,127,97,80,0.73,26.0,6,2
18,1.81,107.9,32.94,Female,low,106,14209,777.4,5.2,1.85,Cardio,174,128,68,1.02,18.0,4,3
19,1.52,118.5,51.29,Male,moderate,125,2819,211.0,5.1,1.45,Strength,162,110,80,1.9,12.3,6,2
46,1.59,95.8,37.89,Female,low,82,4541,303.1,4.5,1.39,Strength,142,89,73,1.79,22.1,5,3
50,1.72,112.6,38.06,Female,high,159,11054,672.5,6.6,1.22,Strength,135,76,71,1.17,31.5,3,3
27,1.68,55.2,19.56,Female,low,95,3688,422.2,5.4,3.33,Yoga,171,150,81,1.56,32.7,4,1
57,1.7,107.2,37.09,Male,high,134,10640,843.4,9.0,2.22,Cardio,173,144,62,0.73,23.6,5,3
38,1.9,65.3,18.09,Male,moderate,60,11868,750.6,6.1,3.41,Cardio,195,112,58,1.63,27.5,2,1
45,1.94,80.4,21.36,Female,high,72,8343,812.5,7.2,2.94,Yoga,156,139,63,1.21,25.3,4,1
28,1.62,93.5,35.63,Male,high,159,11704,335.0,8.7,3.38,Cardio,186,124,78,1.58,30.3,4,1
51,1.92,112.8,30.6,Male,high,82,5968,305.5,8.0,3.17,None,137,75,81,1.47,12.6,2,2
25,1.73,113.3,37.86,Male,low,135,1340,852.4,8.1,2.46,Strength,178,95,65,0.85,20.0,6,1
39,1.64,51.9,19.3,Female,low,174,6968,482.9,8.7,1.56,Cardio,120,131,61,1.75,16.3,3,1
25,1.99,72.3,18.26,Male,low,65,10811,491.0,8.2,1.64,Cardio,138,93,69,1.36,10.2,1,1
32,1.91,104.5,28.65,Female,low,73,14021,679.2,8.5,1.93,Strength,132,103,79,1.68,30.7,4,3
34,2.0,97.7,24.42,Female,high,145,4226,478.2,8.6,1.06,Yoga,152,124,72,0.64,13.4,1,2
40,1.58,47.0,18.83,Female,moderate,119,6082,812.6,6.5,2.67,Strength,141,108,74,1.42,18.1,6,2
41,1.57,78.7,31.93,Male,moderate,113,2323,871.4,4.8,2.39,Yoga,146,155,83,0.94,31.7,1,2
62,1.75,107.2,35.0,Female,moderate,96,12688,432.8,8.2,1.25,Yoga,169,156,84,1.79,28.0,4,2
36,1.82,100.3,30.28,Male,low,154,13776,345.6,8.2,3.06,None,196,128,59,1.92,24.2,4,3
22,1.59,75.9,30.02,Male,low,83,5000,252.7,6.9,3.06,Strength,191,106,70,0.58,17.8,4,1
49,1.93,100.1,26.87,Female,moderate,129,8296,350.1,7.9,1.3,Cardio,172,78,75,1.59,22.9,6,3
61,1.77,86.3,27.55,Female,high,127,3826,297.6,8.6,1.51,Yoga,179,104,66,0.65,11.4,5,2
18,1.71,113.4,38.78,Female,low,111,9583,220.4,6.7,1.63,None,169,92,71,1.79,28.2,2,3
40,1.8,89.0,27.47,Male,low,99,1738,232.7,6.6,2.31,Strength,185,143,79,0.69,15.9,1,3
54,1.82,75.1,22.67,Male,moderate,98,14503,556.6,8.5,3.36,Yoga,143,103,69,0.79,22.0,4,2
25,1.52,109.7,47.48,Female,low,93,9505,695.5,6.7,2.66,None,188,86,79,0.88,12.4,6,1
30,2.0,48.7,12.18,Female,moderate,144,4643,888.3,8.1,2.7,Cardio,127,89,75,1.59,27.8,3,3
25,1.68,112.5,39.86,Male,moderate,88,14341,309.0,8.2,1.73,Yoga,139,153,80,0.94,32.4,5,2
40,1.53,97.2,41.52,Male,moderate,93,4044,688.8,5.6,2.56,Yoga,185,127,73,1.39,21.4,4,3
60,1.93,115.5,31.01,Female,moderate,149,11291,587.8,9.0,1.53,Cardio,189,109,78,1.36,12.1,2,3
18,2.0,63.8,15.95,Male,low,100,7951,534.7,8.2,2.78,Cardio,178,126,61,1.1,33.6,5,3
62,1.91,97.1,26.62,Male,low,129,6883,705.3,7.7,1.59,Cardio,199,127,75,1.31,21.2,1,1
41,1.93,105.7,28.38,Male,high,86,2922,367.1,5.9,1.03,Yoga,166,88,66,0.68,12.0,1,3
52,1.81,97.7,29.82,Male,moderate,161,7558,417.9,4.8,2.31,None,155,92,71,1.81,14.7,1,3
41,1.96,60.8,15.83,Male,low,136,6183,469.2,5.7,1.74,None,121,112,61,0.81,13.0,4,1
34,1.52,65.7,28.44,Male,low,120,14928,327.7,4.4,2.57,Cardio,183,112,65,1.82,14.9,5,3
22,1.88,87.5,24.76,Female,high,147,5069,535.0,8.3,2.87,None,197,129,55,1.28,13.9,2,3
37,1.84,78.5,23.19,Male,low,77,9643,292.3,7.8,3.03,Cardio,157,85,71,1.42,33.1,2,1
38,1.52,100.1,43.33,Female,moderate,135,11563,422.7,5.2,3.45,Cardio,145,141,79,0.89,15.2,2,2
57,1.77,73.4,23.43,Female,moderate,124,10543,279.2,5.0,2.39,Strength,139,127,76,0.83,21.0,5,3
48,1.76,109.5,35.35,Male,moderate,161,3723,225.1,5.2,2.21,None,123,152,61,1.24,28.2,6,2
63,1.85,77.4,22.62,Female,low,88,9193,448.6,6.1,1.61,Yoga,184,118,56,0.9,26.9,5,2
53,1.54,48.0,20.24,Female,low,137,7786,632.3,6.4,2.87,Strength,133,99,65,1.13,33.9,6,2
28,1.9,46.3,12.83,Female,moderate,113,2454,306.3,4.4,2.21,Cardio,154,136,70,1.16,34.2,3,1
32,1.57,93.5,37.93,Male,moderate,132,8551,895.4,4.4,1.82,Strength,171,88,69,0.91,24.3,1,1
36,1.71,85.5,29.24,Female,moderate,160,13638,392.0,5.7,2.08,Cardio,142,121,62,0.94,28.8,6,3
24,1.94,85.7,22.77,Male,moderate,95,5282,215.9,7.2,1.93,Cardio,139,129,69,1.96,19.7,6,2
45,1.78,104.3,32.92,Female,low,166,6129,219.6,7.4,3.45,Cardio,146,157,61,1.38,20.7,2,1
60,1.69,73.2,25.63,Female,moderate,75,4055,666.6,7.4,1.57,None,160,86,59,1.75,12.6,2,1
22,1.52,119.7,51.81,Female,low,118,3969,668.9,6.6,2.04,Cardio,197,81,62,0.57,26.8,6,2
22,1.84,115.9,34.23,Female,high,97,7518,831.9,8.8,1.77,Cardio,155,123,56,0.5,16.8,5,1
47,1.99,46.0,11.62,Male,moderate,135,4841,263.6,7.8,1.43,None,123,88,60,1.28,12.0,2,2
49,1.96,112.2,29.21,Female,low,65,2293,463.5,6.4,1.75,None,145,103,58,1.74,12.5,3,1
25,1.86,96.0,27.75,Female,high,70,8169,822.5,6.3,2.22,Cardio,159,121,61,1.42,28.1,2,2
27,1.55,82.7,34.42,Male,low,144,3877,758.4,6.7,2.58,None,199,88,60,1.43,15.7,5,1
55,1.62,88.7,33.8,Male,high,78,12793,363.4,5.7,2.54,Yoga,193,125,82,0.71,29.2,2,1
64,1.59,108.1,42.76,Male,moderate,94,12610,823.0,8.5,2.93,Yoga,185,88,76,1.97,32.6,2,1
49,1.68,116.3,41.21,Female,high,65,6512,676.6,6.6,1.18,Cardio,192,82,59,1.29,18.5,1,1
45,1.62,87.0,33.15,Male,high,145,3619,385.0,7.2,1.79,Strength,122,151,81,0.65,29.8,3,2
34,1.62,58.6,22.33,Male,high,178,4124,231.4,5.1,1.88,None,183,139,59,1.12,20.7,4,3
48,1.81,93.0,28.39,Male,moderate,123,6471,548.2,5.3,2.73,Strength,148,111,72,0.61,29.3,6,3
25,1.66,50.7,18.4,Male,low,147,6114,699.2,8.7,1.52,Yoga,173,142,65,1.13,17.7,2,1
57,1.84,92.6,27.35,Male,low,88,2674,388.1,4.3,1.54,Cardio,126,90,77,1.57,33.3,6,3
42,1.97,105.6,27.21,Male,moderate,146,4005,318.1,5.7,1.24,Yoga,144,157,77,0.99,34.7,4,1
26,1.82,71.5,21.59,Female,moderate,87,12872,252.7,6.5,2.33,None,143,94,62,0.97,19.7,6,3
19,1.88,50.3,14.23,Male,moderate,142,6611,789.4,5.7,2.82,None,162,141,74,1.27,15.0,3,1
32,1.88,96.9,27.42,Female,moderate,108,8569,238.3,5.8,2.74,Cardio,125,145,65,1.25,27.1,4,3
20,1.67,70.4,25.24,Male,moderate,104,7551,626.6,9.0,2.86,None,134,106,81,1.2,24.6,1,3
53,1.51,63.7,27.94,Male,moderate,65,4979,734.3,6.9,1.42,None,198,143,81,1.28,34.8,3,1
21,1.53,96.7,41.31,Male,moderate,144,10678,746.3,6.6,2.47,None,159,159,83,0.57,30.3,2,3
31,1.64,117.7,43.76,Female,low,84,4005,657.6,6.1,1.23,Strength,180,104,79,1.21,30.9,5,1
58,1.84,100.9,29.8,Male,high,64,12391,657.0,7.9,3.42,Cardio,140,94,80,1.99,28.2,6,3
58,1.95,81.9,21.54,Male,high,99,9431,531.9,7.6,1.26,Cardio,177,132,73,1.65,18.8,5,2
42,1.98,90.0,22.96,Male,moderate,143,10733,491.7,7.2,3.19,Cardio,151,103,73,0.93,33.4,4,2
27,1.51,55.7,24.43,Male,high,121,4813,296.1,4.9,1.1,None,131,98,83,1.52,21.6,4,2
38,2.0,106.0,26.5,Female,moderate,110,8289,574.7,4.6,2.33,None,128,75,56,0.99,20.0,3,1
53,1.66,90.3,32.77,Female,high,167,2809,249.7,6.5,3.13,None,139,101,64,0.79,14.9,6,1
29,1.92,117.4,31.85,Female,high,146,7229,527.7,8.0,2.59,Cardio,134,95,61,1.66,17.6,1,1
44,1.59,118.5,46.87,Female,high,62,12999,711.6,4.3,2.23,Strength,196,91,66,0.81,10.1,4,2
57,1.53,71.6,30.59,Female,high,162,9254,510.0,8.5,1.32,Yoga,127,106,80,1.79,26.5,2,3
19,1.69,119.1,41.7,Male,low,163,5388,555.8,8.2,2.65,Cardio,140,118,56,1.07,25.1,5,1
30,1.93,116.8,31.36,Male,low,135,2478,789.5,5.0,2.51,Cardio,164,96,61,1.64,20.1,2,2
49,1.61,93.0,35.88,Male,moderate,95,11546,652.6,6.1,2.15,Strength,159,116,73,0.89,34.2,2,1
48,1.58,70.0,28.04,Female,high,78,1531,289.3,4.3,1.59,Yoga,125,157,55,1.48,27.3,2,1
33,1.95,101.5,26.69,Male,moderate,61,3252,580.1,4.2,1.55,Yoga,130,136,65,0.82,16.1,6,3
49,1.97,65.3,16.83,Female,low,80,10916,455.2,6.1,3.43,None,183,122,62,0.53,19.5,5,1
49,1.51,92.2,40.44,Male,moderate,152,10635,344.8,5.6,3.41,Yoga,161,82,62,1.72,22.9,2,1
51,1.86,46.8,13.53,Female,high,137,6418,653.6,8.0,3.34,None,178,76,68,1.78,23.6,3,3
28,1.65,92.1,33.83,Male,low,78,5715,470.6,5.4,2.29,Cardio,127,79,67,1.82,16.9,2,1
27,1.69,116.4,40.75,Male,low,130,14695,737.1,7.9,3.47,Strength,191,102,64,0.55,16.2,3,1
32,1.73,62.6,20.92,Male,high,148,6697,610.6,5.5,1.74,Cardio,174,78,71,1.64,17.5,3,3
34,1.71,103.4,35.36,Male,low,173,1412,273.0,6.8,2.07,Yoga,158,127,81,1.75,34.1,4,1
57,1.76,67.0,21.63,Female,moderate,160,4346,445.2,8.3,1.44,Cardio,170,75,60,0.97,19.0,6,1
35,1.79,98.1,30.62,Male,moderate,160,4233,388.9,4.8,2.16,Strength,174,153,74,1.21,19.4,4,2
26,1.73,97.5,32.58,Male,high,66,14447,305.0,5.7,1.46,Strength,195,151,75,1.11,28.0,2,3
42,1.85,58.9,17.21,Male,moderate,82,13794,760.2,7.6,1.17,None,122,155,68,1.16,14.1,4,2
57,1.86,89.8,25.96,Female,low,128,10695,465.0,5.0,1.02,Cardio,162,80,78,1.77,26.1,4,3
31,1.72,109.4,36.98,Male,moderate,80,1204,629.3,4.3,1.95,Strength,164,129,62,1.13,26.7,4,1
42,1.57,73.7,29.9,Male,moderate,147,12523,817.4,8.9,3.24,Strength,199,126,61,0.95,11.6,3,2
39,1.82,98.3,29.68,Male,moderate,107,7391,580.1,5.7,2.09,Strength,135,151,59,0.7,14.7,6,2
47,1.89,95.6,26.76,Male,low,117,14166,380.7,8.4,2.61,Strength,124,159,60,1.51,21.7,3,2
37,1.82,64.3,19.41,Male,high,63,10421,753.5,5.1,3.04,Yoga,159,98,62,0.63,30.9,6,2
38,1.79,113.9,35.55,Female,high,170,5334,505.0,6.7,2.38,Cardio,195,136,75,0.59,28.3,4,3
61,1.61,87.3,33.68,Female,moderate,134,5605,594.7,8.3,2.41,Cardio,186,130,57,1.52,31.8,6,1
49,1.82,71.6,21.62,Female,high,71,13847,831.5,4.3,2.31,Cardio,164,98,63,1.54,31.3,1,1
63,1.67,57.3,20.55,Male,high,147,7919,542.5,7.8,1.31,Yoga,122,150,79,0.8,22.8,4,2
38,1.96,80.5,20.95,Female,moderate,98,10746,434.3,4.7,2.59,Yoga,150,94,64,1.94,25.6,3,1
52,1.83,99.8,29.8,Male,moderate,102,5759,709.2,5.1,2.81,Strength,143,108,55,1.68,33.0,1,1
49,1.64,91.8,34.13,Male,moderate,60,8038,293.5,5.8,1.0,Yoga,148,89,61,1.53,28.5,2,3
47,1.74,99.5,32.86,Male,low,151,7448,839.6,5.5,1.21,None,174,125,74,1.63,18.9,1,1
56,1.92,104.4,28.32,Male,moderate,61,4703,840.9,5.9,2.35,Yoga,152,78,60,1.12,18.8,1,1
29,1.67,78.1,28.0,Female,high,81,9591,605.6,7.5,3.1,Strength,170,127,67,1.18,19.2,2,1
58,1.76,84.0,27.12,Female,high,82,10781,308.0,5.2,2.33,Cardio,199,88,61,1.81,22.4,1,1
64,1.84,119.0,35.15,Female,high,108,4904,516.5,7.1,2.09,Yoga,193,139,62,0.54,19.1,3,2
35,1.88,117.6,33.27,Male,moderate,100,6164,496.3,7.0,3.34,Cardio,149,107,81,1.7,14.7,3,3
38,1.59,76.1,30.1,Female,high,104,4342,408.8,5.2,1.19,Cardio,180,124,75,1.17,24.9,2,3
30,1.78,96.4,30.43,Female,low,176,3568,322.6,4.4,1.35,None,179,137,59,1.2,31.7,6,3
38,1.96,65.1,16.95,Male,moderate,98,1681,384.6,5.3,2.71,None,154,124,66,0.99,22.3,2,1
25,1.98,56.5,14.41,Female,high,120,4153,588.9,7.2,1.27,Yoga,126,148,60,1.41,15.5,5,2
63,1.83,102.6,30.64,Male,moderate,110,3819,680.0,5.3,1.34,Cardio,125,110,77,1.51,30.3,1,3
57,1.99,77.7,19.62,Female,high,152,12177,885.7,5.1,3.18,Strength,134,152,69,0.74,28.9,6,2
63,1.79,58.3,18.2,Female,low,83,3741,351.0,8.7,1.53,Cardio,185,145,75,1.35,27.5,2,3
24,1.72,101.9,34.44,Female,low,82,13985,342.8,8.8,2.56,Cardio,136,124,75,1.2,26.9,4,2
40,1.78,113.6,35.85,Male,low,95,9440,281.9,6.0,1.99,None,138,115,82,1.67,29.6,5,1
61,1.56,115.0,47.26,Female,high,108,5223,857.3,7.9,1.34,None,133,144,58,1.32,30.8,6,1
49,1.7,89.7,31.04,Female,high,67,7340,467.3,4.4,1.97,None,168,101,71,1.14,32.5,1,3
28,1.73,81.0,27.06,Female,high,110,2926,846.8,8.5,2.04,None,170,104,68,1.29,25.2,3,3
39,1.92,55.6,15.08,Female,low,104,12825,822.6,5.7,2.57,Yoga,153,106,61,1.24,19.8,5,3
39,1.88,104.5,29.57,Male,high,60,1193,230.8,7.8,1.38,Yoga,140,157,77,1.9,12.2,4,1
60,1.8,115.9,35.77,Male,high,62,2986,395.8,7.3,1.09,Cardio,167,96,67,0.97,28.1,3,1
42,1.67,111.7,40.05,Female,moderate,109,14184,411.8,6.0,2.51,Yoga,186,159,76,0.56,13.5,3,3
39,1.59,101.4,40.11,Female,low,108,2169,394.1,4.4,1.16,Strength,177,143,64,1.49,31.7,5,3
45,1.67,45.3,16.24,Female,high,78,13422,497.7,7.1,1.38,Cardio,197,95,72,1.41,20.1,5,1
46,1.84,75.6,22.33,Male,high,65,5085,549.5,4.4,3.45,Cardio,140,130,56,1.86,31.9,1,3
30,1.63,75.8,28.53,Female,moderate,110,3487,730.7,8.8,1.06,Strength,146,158,76,0.68,23.0,3,3
35,1.71,112.1,38.34,Female,low,127,2157,387.4,6.1,2.61,Cardio,190,105,66,1.28,21.3,5,3
19,1.69,49.9,17.47,Male,low,145,13961,409.1,5.5,1.35,Strength,148,133,67,0.73,19.1,2,1
46,1.88,84.8,23.99,Male,low,160,5067,619.0,5.0,3.05,None,128,144,79,1.18,11.5,2,1
38,1.94,55.2,14.67,Male,moderate,115,10258,325.5,4.4,2.45,None,198,117,75,1.7,10.3,5,2
32,1.85,94.7,27.67,Female,moderate,153,7888,531.2,7.5,2.18,None,163,128,61,1.79,22.7,5,2
44,1.67,104.4,37.43,Male,low,117,4476,375.7,9.0,2.15,Strength,147,92,72,1.75,32.5,1,2
48,1.72,93.1,31.47,Male,high,73,4953,338.6,6.3,2.68,Yoga,157,129,76,1.32,24.7,6,2
32,1.57,104.6,42.44,Female,moderate,167,11838,757.0,7.5,3.1,Yoga,134,103,65,1.45,31.6,5,3
40,1.58,90.6,36.29,Male,moderate,144,11235,695.0,6.4,1.02,Cardio,134,135,76,1.33,35.0,2,1
41,1.58,59.2,23.71,Female,moderate,60,11722,374.9,6.0,1.05,None,149,125,64,1.34,14.5,5,1
61,1.57,73.7,29.9,Female,moderate,61,12392,490.6,5.8,1.68,None,151,150,76,1.83,26.5,5,2
30,1.59,116.8,46.2,Male,high,142,11794,308.0,8.5,2.85,Cardio,159,86,60,0.81,20.4,3,3
39,1.6,66.6,26.02,Female,high,125,6306,237.2,7.8,1.48,None,195,135,68,1.16,15.2,3,1
60,1.56,49.7,20.42,Male,high,153,13690,609.7,8.3,2.02,None,121,145,74,1.42,16.0,5,1
54,1.82,73.9,22.31,Male,low,66,6941,454.5,4.5,2.27,Strength,141,90,59,1.65,16.1,6,3
50,2.0,72.5,18.12,Male,moderate,84,1697,345.1,5.8,1.93,Cardio,145,86,74,1.64,28.2,2,3
20,1.94,80.3,21.34,Female,high,126,12326,280.2,5.0,2.16,Strength,159,136,60,0.68,18.9,4,2
36,1.52,87.0,37.66,Male,high,131,13509,676.0,4.9,3.0,None,127,159,63,0.83,16.4,4,2
40,1.71,119.4,40.83,Female,moderate,117,12177,390.0,8.4,1.57,None,155,142,83,1.87,32.1,5,3
46,1.93,101.7,27.3,Female,low,119,3565,835.2,8.4,1.82,Cardio,145,134,59,1.04,10.9,5,1
47,1.57,47.7,19.35,Female,high,117,4561,335.0,6.9,2.32,None,126,155,59,0.5,28.4,3,3
56,1.92,98.5,26.72,Male,low,110,6813,370.6,5.3,3.16,Yoga,120,102,73,0.8,34.0,3,3
61,1.8,106.8,32.96,Female,low,71,6035,796.2,8.9,1.51,Strength,151,138,67,1.95,25.6,4,1
64,1.97,112.2,28.91,Female,moderate,159,7842,600.7,4.5,2.31,Strength,197,146,81,0.96,23.7,3,1
42,1.94,76.8,20.41,Male,moderate,139,3680,275.9,7.9,3.19,Yoga,128,124,77,1.42,11.5,6,2
54,1.84,68.5,20.23,Male,low,63,8580,584.6,5.6,1.28,Cardio,178,100,59,1.59,22.6,6,3
64,1.83,107.9,32.22,Female,low,124,13134,415.7,6.0,2.8,Cardio,163,114,68,1.47,19.0,1,2
25,1.61,103.3,39.85,Female,moderate,85,6863,715.9,8.0,1.56,None,184,129,56,1.07,29.5,5,3
59,1.56,85.2,35.01,Male,high,156,12602,254.5,4.2,1.43,Cardio,140,105,79,1.15,30.3,3,3
33,1.71,53.8,18.4,Female,low,64,5156,842.5,6.3,1.59,Yoga,139,157,59,1.76,14.2,2,1
25,1.59,93.9,37.14,Female,moderate,87,9404,534.7,6.0,2.26,Cardio,168,145,77,1.49,23.1,6,3
18,1.55,49.9,20.77,Female,high,177,11336,714.0,5.3,2.51,None,152,79,82,0.54,31.5,4,3
61,1.65,52.5,19.28,Female,low,162,4933,693.3,8.8,1.49,Yoga,137,87,77,0.81,25.6,6,1
22,1.93,69.8,18.74,Male,moderate,161,1525,324.8,6.5,1.28,None,160,92,80,0.93,22.0,6,1
20,1.51,72.8,31.93,Female,moderate,70,8070,816.1,6.2,2.13,Strength,136,156,66,1.05,32.5,3,1
18,1.65,79.6,29.24,Male,high,159,9153,362.9,7.4,1.14,Strength,132,124,78,1.37,34.2,3,3
21,1.71,70.4,24.08,Female,high,166,12958,333.4,7.7,2.35,Cardio,162,158,74,1.05,15.9,2,1
57,1.76,47.5,15.33,Male,high,73,11769,564.4,5.3,2.71,Yoga,192,110,61,1.74,14.6,3,3
52,1.59,56.8,22.47,Female,moderate,146,12779,889.2,5.5,3.36,Yoga,184,126,57,1.21,31.6,2,2
49,1.98,53.6,13.67,Male,high,88,1931,419.4,4.2,1.36,Yoga,142,107,63,1.25,16.1,1,1
59,1.79,77.3,24.13,Female,low,117,13364,875.1,9.0,2.08,None,159,138,69,1.14,31.2,1,2
51,1.76,60.9,19.66,Male,high,128,8988,504.6,4.0,1.64,Yoga,153,145,69,0.97,17.5,1,2
60,1.5,67.0,29.78,Female,low,154,7116,784.3,6.4,1.54,Cardio,155,143,62,1.59,10.5,3,1
42,1.74,80.4,26.56,Female,high,82,10737,571.0,6.2,2.3,Strength,169,147,82,0.84,20.5,1,1
27,1.92,62.7,17.01,Male,low,124,8389,343.7,8.0,1.36,Cardio,197,104,80,1.53,11.0,4,3
38,1.61,63.4,24.46,Male,high,170,1638,816.0,4.3,1.04,Strength,149,142,70,1.29,15.2,3,1
63,1.68,107.5,38.09,Male,low,137,1185,250.4,5.6,1.41,Strength,159,96,79,0.65,22.0,5,2
56,1.51,86.1,37.76,Male,high,62,11811,677.9,7.6,1.84,Cardio,131,133,56,0.53,11.0,5,2
44,1.99,109.3,27.6,Male,high,107,4560,781.5,8.9,1.03,Strength,120,82,74,0.75,10.8,1,2
44,1.53,83.6,35.71,Female,low,124,14705,782.4,9.0,3.14,Strength,135,140,55,1.64,13.9,4,3
19,1.95,113.2,29.77,Male,high,176,14801,658.7,4.9,2.46,None,169,111,78,1.08,21.6,1,3
58,1.66,64.1,23.26,Male,moderate,83,14675,375.7,4.4,1.07,Cardio,162,130,83,1.71,34.4,2,1
30,1.79,91.3,28.49,Female,high,144,14735,572.2,6.5,1.57,Cardio,179,135,58,1.25,12.3,3,1
26,1.84,82.7,24.43,Male,moderate,119,13519,640.7,4.2,2.66,Cardio,124,139,58,0.55,25.5,6,1
53,1.57,113.9,46.21,Male,high,119,6915,822.8,6.3,1.07,Strength,140,116,77,1.77,22.4,5,2
39,1.72,76.4,25.82,Male,moderate,73,13993,311.8,8.7,1.94,Yoga,184,123,84,1.9,11.5,4,2
59,1.66,109.1,39.59,Female,high,132,14914,525.4,8.2,1.24,Yoga,140,142,60,0.61,10.9,6,2
43,1.53,87.3,37.29,Male,high,89,9955,433.2,4.2,1.98,Strength,190,83,57,0.81,15.5,4,1
29,1.92,98.1,26.61,Female,high,164,4036,499.4,4.1,3.42,Yoga,184,82,62,1.57,27.1,3,1
34,1.52,111.5,48.26,Female,moderate,67,8941,328.1,6.1,2.14,Yoga,142,132,56,2.0,34.1,1,2
31,1.83,119.8,35.77,Male,high,119,10750,352.2,4.6,2.53,Strength,179,128,83,1.81,23.9,1,1
31,1.66,99.8,36.22,Female,moderate,85,4531,738.9,5.9,2.02,Cardio,121,159,71,0.65,11.1,1,3
51,1.6,68.6,26.8,Male,low,111,8528,534.9,7.5,1.79,None,153,122,82,1.41,16.4,5,1
37,1.83,67.4,20.13,Male,high,166,7087,559.9,5.7,2.53,Cardio,176,128,66,1.5,33.6,2,2
28,1.79,68.2,21.29,Male,low,123,1457,828.2,5.8,2.55,Cardio,135,102,83,1.45,10.3,4,1
33,1.66,52.3,18.98,Male,low,113,5432,368.0,4.4,2.54,Cardio,193,140,66,1.35,25.1,2,3
48,1.76,49.0,15.82,Male,high,96,3112,430.5,8.5,1.07,None,167,155,69,0.94,14.5,3,2
23,1.62,88.6,33.76,Female,low,127,7722,416.0,8.1,2.74,Cardio,144,105,72,1.5,11.7,2,1
36,1.93,105.8,28.4,Female,high,91,12371,661.5,5.9,2.69,Yoga,187,87,63,1.59,16.4,4,1
54,1.66,47.7,17.31,Female,high,177,12132,593.7,6.8,1.18,None,151,133,75,1.36,33.4,1,1
21,1.62,87.5,33.34,Female,moderate,70,1557,530.1,6.5,1.48,Yoga,164,156,59,1.25,29.0,1,1
64,1.88,72.9,20.63,Male,high,67,10705,667.6,5.1,2.3,None,159,105,76,0.83,14.3,5,3
21,1.51,111.9,49.08,Male,high,128,1483,538.7,5.2,1.9,Yoga,132,107,57,1.32,11.6,5,1
37,1.63,55.9,21.04,Female,moderate,134,11042,771.2,6.5,2.44,Cardio,124,127,71,0.69,22.3,6,1
27,1.69,87.3,30.57,Male,moderate,89,8932,487.2,6.1,2.9,Cardio,136,110,83,0.61,11.3,6,2
41,1.94,117.8,31.3,Female,moderate,136,1921,823.4,6.0,2.37,Cardio,190,159,78,1.67,20.1,5,3
52,1.98,70.9,18.08,Female,high,116,1697,283.7,8.2,2.15,Yoga,129,143,77,1.51,30.0,4,2
43,1.86,100.6,29.08,Female,moderate,84,7488,265.8,4.1,1.66,Yoga,178,149,66,1.47,22.5,5,3
54,1.75,111.2,36.31,Female,low,145,1353,659.0,8.8,2.54,Strength,154,108,68,1.89,32.4,5,1
55,1.82,59.0,17.81,Male,moderate,87,4010,472.8,8.0,3.07,Yoga,142,135,62,1.07,29.8,2,3
38,1.71,119.4,40.83,Male,low,153,5408,519.0,8.5,1.66,None,175,134,63,1.1,23.9,2,2
57,1.65,105.7,38.82,Female,low,131,14339,687.2,7.2,2.97,Cardio,135,77,56,1.12,29.8,2,1
56,1.98,55.3,14.11,Female,high,136,9694,350.2,5.4,2.04,None,171,80,75,1.2,12.4,5,2
38,1.56,68.3,28.07,Female,high,139,4356,230.7,6.6,1.28,Strength,146,94,56,1.27,15.0,5,2
27,1.67,91.9,32.95,Female,high,124,1780,507.2,6.2,3.28,Strength,134,78,83,1.67,27.5,3,3
55,1.95,111.4,29.3,Female,moderate,142,13159,826.3,4.9,2.7,Yoga,181,127,78,0.83,10.1,5,1
63,1.86,59.6,17.23,Male,moderate,99,1233,515.5,8.9,3.1,Cardio,125,145,70,1.15,10.1,6,2
21,1.51,99.8,43.77,Female,low,172,9038,600.4,5.5,2.64,None,143,136,74,1.26,19.5,5,2
62,1.51,65.3,28.64,Female,moderate,85,9116,345.9,4.2,1.31,Strength,124,155,65,0.75,31.7,5,3
37,1.76,105.4,34.03,Male,moderate,78,7803,524.9,6.4,2.35,Strength,190,112,74,1.55,34.5,6,2
34,1.74,96.3,31.81,Male,low,176,9566,536.5,4.5,2.58,None,172,110,64,0.58,26.2,6,1
24,1.72,84.2,28.46,Male,moderate,133,2941,364.6,8.1,1.65,Strength,150,108,62,1.38,33.8,2,1
21,1.65,93.7,34.42,Male,low,80,10740,314.7,4.2,2.58,None,154,80,61,0.8,31.2,6,3
46,1.99,110.7,27.95,Male,low,171,11878,445.2,4.3,2.42,Cardio,138,140,55,0.51,15.0,5,2
31,1.64,74.0,27.51,Male,low,156,8352,227.2,8.0,1.05,Yoga,153,92,77,0.97,20.1,2,3
20,1.75,102.7,33.53,Male,high,122,12625,316.5,4.6,3.21,None,120,101,84,1.14,25.6,2,3
41,1.7,56.9,19.69,Male,high,102,6074,711.9,6.8,2.33,Cardio,160,113,64,1.73,13.8,4,2
54,1.59,97.6,38.61,Male,high,124,14124,654.4,7.1,2.46,None,172,125,73,1.11,17.8,5,1
33,1.6,101.3,39.57,Female,high,100,3628,418.9,9.0,1.38,Strength,199,93,59,1.87,28.9,2,3
21,1.96,78.2,20.36,Male,low,144,11849,585.8,5.3,3.01,Cardio,183,108,78,1.76,18.6,2,1
41,1.93,104.5,28.05,Female,moderate,79,1637,780.6,5.5,2.33,None,159,98,76,0.79,33.1,2,1
51,1.6,86.8,33.91,Female,high,78,9752,787.4,4.3,1.22,Cardio,181,99,62,0.73,20.2,5,2
47,1.94,115.2,30.61,Female,low,80,5221,658.1,4.3,2.75,None,174,150,75,0.87,15.5,3,2
35,1.6,53.4,20.86,Female,moderate,94,1865,286.8,6.0,2.22,None,130,144,80,1.04,15.3,5,1
36,1.81,54.8,16.73,Female,high,143,13554,314.0,7.3,1.84,Cardio,171,104,63,1.38,27.2,6,1
48,1.54,108.2,45.62,Female,high,165,2013,404.2,7.3,3.3,Cardio,145,153,83,0.69,19.2,5,1
36,1.94,108.2,28.75,Female,low,158,10701,669.5,7.9,3.05,Cardio,193,128,67,1.3,15.9,3,3
63,1.53,80.3,34.3,Female,high,178,12910,380.6,6.7,1.11,Strength,167,152,68,1.37,27.3,5,1
36,1.78,117.3,37.02,Male,moderate,145,9847,525.1,8.0,2.75,Yoga,164,99,81,1.49,20.5,4,3
39,1.89,96.0,26.87,Female,high,93,2553,777.9,4.9,1.43,None,152,79,60,1.33,31.1,4,2
41,1.56,118.7,48.78,Female,high,101,7341,824.2,7.2,1.04,None,183,76,65,1.74,23.7,6,2
62,1.7,84.9,29.38,Female,moderate,161,1241,787.0,7.9,1.55,Cardio,197,154,63,1.46,34.3,5,1
29,1.52,60.1,26.01,Female,moderate,105,3418,281.5,6.9,1.12,None,128,137,67,1.89,19.4,4,2
47,1.84,78.3,23.13,Male,moderate,169,9827,837.5,7.6,2.6,Yoga,197,128,58,1.55,17.1,6,1
55,1.65,118.5,43.53,Female,low,88,10152,678.9,4.7,2.89,Yoga,121,112,56,1.15,26.1,2,3
48,1.78,72.8,22.98,Male,low,143,7870,633.2,6.2,1.45,None,194,91,84,0.81,27.7,1,1
53,1.97,116.8,30.1,Male,moderate,85,14873,373.3,8.3,1.52,None,133,105,78,0.52,10.4,6,2
36,1.65,104.8,38.49,Female,low,90,2791,849.8,5.6,1.34,Cardio,155,75,75,0.64,26.7,5,1
62,1.52,78.2,33.85,Female,low,128,6188,212.2,8.5,2.41,Yoga,154,80,56,0.78,14.5,6,2
53,1.84,85.6,25.28,Male,high,161,3358,257.5,8.9,2.22,None,183,144,76,0.82,34.0,3,3
47,1.89,90.6,25.36,Female,low,100,11842,307.6,4.7,1.02,Yoga,144,110,67,1.61,24.4,2,2
50,1.98,94.9,24.21,Female,high,127,10708,685.9,4.7,1.92,None,128,82,73,1.08,13.2,3,2
35,1.58,50.8,20.35,Male,high,154,2788,636.0,5.9,1.22,Strength,196,147,55,0.99,11.3,3,2
45,1.7,115.0,39.79,Male,high,97,10201,861.3,6.8,2.45,Yoga,162,84,82,0.58,32.0,1,2
64,1.92,89.8,24.36,Female,high,118,7420,444.3,7.8,2.18,Strength,129,98,60,1.31,31.3,4,2
28,1.9,114.8,31.8,Female,moderate,97,1190,443.3,4.3,2.15,Cardio,176,137,81,1.42,20.9,6,2
62,1.81,92.4,28.2,Female,low,153,9362,668.7,7.9,2.84,Yoga,152,114,62,1.82,12.2,3,1
50,1.63,77.3,29.09,Male,moderate,132,7564,321.9,4.8,2.15,None,128,76,71,1.25,19.7,6,3
34,1.64,87.5,32.53,Female,low,159,4916,524.8,4.4,2.22,None,173,94,57,0.51,29.0,5,1
23,1.56,107.2,44.05,Male,low,93,4261,210.8,7.0,2.58,Strength,132,155,60,0.6,26.5,6,3
21,1.96,69.5,18.09,Male,low,84,7354,614.4,4.4,1.75,Yoga,143,107,80,0.91,31.6,5,1
37,1.59,116.7,46.16,Female,high,115,9076,748.8,4.4,3.34,Yoga,181,88,83,0.71,28.8,2,3
64,1.79,79.9,24.94,Male,high,143,4029,342.6,7.1,1.7,Yoga,159,128,73,1.66,18.3,6,3
44,1.79,116.7,36.42,Female,high,106,8597,415.0,7.5,3.28,Cardio,178,129,61,0.66,18.5,2,1
32,1.68,111.1,39.36,Female,moderate,86,2480,292.3,8.6,3.03,Yoga,175,111,69,0.74,26.2,3,1
23,1.68,102.6,36.35,Male,low,157,10957,631.0,8.8,3.27,Cardio,183,158,60,1.5,17.8,1,3
64,1.83,80.1,23.92,Female,low,169,6487,594.8,6.4,1.46,None,179,80,79,0.86,31.7,6,2
31,1.69,89.0,31.16,Male,moderate,142,8574,778.5,7.2,1.58,Strength,142,107,83,1.95,18.2,4,3
28,1.63,107.9,40.61,Male,moderate,113,6488,879.2,7.9,3.12,Strength,146,124,76,1.79,22.2,1,2
56,1.7,85.8,29.69,Female,high,167,13953,888.6,8.6,3.39,Yoga,180,149,77,1.62,11.1,1,3
26,1.9,100.4,27.81,Female,moderate,117,2801,275.0,4.1,2.88,Strength,163,158,72,1.01,13.0,2,2
43,1.98,104.3,26.6,Female,high,151,5029,587.2,5.1,2.6,Yoga,176,144,64,0.59,13.3,4,1
33,1.82,83.5,25.21,Female,moderate,164,11116,752.8,6.6,3.02,None,162,146,58,1.0,18.6,3,1
22,1.89,85.2,23.85,Male,moderate,81,13661,661.3,5.2,1.1,None,181,157,59,1.07,12.9,1,2
27,1.77,59.8,19.09,Male,low,162,4791,827.9,6.6,3.14,None,145,153,72,0.69,21.4,3,2
20,1.81,63.4,19.35,Male,moderate,166,12720,509.2,7.4,1.7,Strength,194,125,81,0.68,16.7,2,2
30,1.99,112.9,28.51,Female,moderate,128,14105,499.0,7.8,1.14,Yoga,183,140,64,1.5,16.8,3,2
60,1.72,108.0,36.51,Male,moderate,95,1893,218.3,8.2,2.7,Cardio,188,135,64,0.85,21.1,5,1
47,1.53,45.8,19.57,Male,low,76,8283,211.0,9.0,2.88,None,143,102,64,1.52,31.3,4,3
62,1.98,110.2,28.11,Female,high,87,5468,684.9,8.4,2.57,None,192,118,61,1.32,29.0,1,1
23,1.9,46.9,12.99,Female,moderate,103,12046,530.0,5.7,1.88,Cardio,193,156,74,1.85,32.1,2,3
34,1.7,79.4,27.47,Female,high,88,8589,662.2,5.5,1.29,Cardio,130,86,68,1.7,34.8,3,1
62,1.99,50.1,12.65,Male,high,136,1121,366.8,5.5,2.92,Strength,186,157,79,0.73,10.3,2,2
36,1.67,117.7,42.2,Female,moderate,160,12534,804.2,4.5,1.12,None,172,131,84,1.42,27.3,5,1
59,1.69,117.9,41.28,Male,high,152,7815,832.0,7.3,2.9,Strength,162,100,62,1.48,13.0,2,1
52,1.8,90.8,28.02,Male,high,161,14756,663.6,4.1,3.39,None,146,99,80,1.79,33.4,4,2
63,1.64,74.4,27.66,Male,low,169,14631,394.5,5.5,3.49,Strength,120,89,63,1.46,15.7,6,2
43,1.85,83.4,24.37,Male,high,62,6683,351.3,7.8,1.99,Strength,168,148,78,0.71,18.7,4,1
22,1.58,102.2,40.94,Male,low,170,11594,637.8,6.3,1.27,Cardio,167,151,59,0.89,34.5,4,1
46,1.55,61.7,25.68,Female,low,160,4351,858.5,6.1,1.24,Yoga,199,154,79,1.46,31.7,5,3
54,1.77,78.1,24.93,Male,high,160,10187,604.7,7.9,2.23,Yoga,198,127,75,1.87,11.2,4,3
37,1.78,100.3,31.66,Female,high,139,1935,787.5,6.0,2.98,Yoga,172,139,62,1.84,11.2,5,1
38,1.55,74.7,31.09,Male,moderate,148,9314,595.8,6.4,1.12,None,130,128,74,1.04,30.5,1,3
27,1.98,47.4,12.09,Male,low,141,3216,672.2,6.5,1.42,Cardio,128,152,83,1.75,11.8,5,2
22,1.79,83.1,25.94,Female,high,140,5209,597.4,6.5,2.47,Cardio,180,113,59,1.27,31.3,3,1
53,1.58,100.3,40.18,Male,low,70,14913,602.8,4.5,1.21,Cardio,141,125,81,1.2,33.1,4,1
23,1.66,118.3,42.93,Male,moderate,62,2124,717.5,6.6,3.2,None,190,94,74,1.03,10.6,2,3
43,1.9,47.8,13.24,Female,low,96,7952,477.4,5.9,2.26,Strength,163,138,72,1.52,15.5,5,1
21,1.76,85.5,27.6,Female,moderate,115,5630,832.8,8.5,1.97,Strength,149,85,58,1.4,10.6,1,1
56,1.59,78.7,31.13,Male,moderate,90,13818,804.4,4.1,1.03,Yoga,179,126,65,1.06,11.8,3,2
56,1.55,63.2,26.31,Male,low,155,8341,707.7,6.6,1.28,Yoga,174,159,75,1.64,23.4,1,1
52,1.72,92.8,31.37,Male,high,147,10354,720.4,8.9,3.07,None,158,128,76,1.07,28.3,1,3
18,1.67,57.3,20.55,Female,moderate,106,4089,489.3,4.1,2.75,None,160,143,74,1.38,22.0,3,2
41,1.83,66.3,19.8,Male,high,119,2115,782.8,7.5,1.05,Yoga,128,81,65,1.09,19.6,4,3
53,1.96,103.6,26.97,Female,high,148,2742,852.8,4.1,3.43,Strength,120,86,68,0.68,15.2,2,1
23,1.62,79.5,30.29,Female,high,108,8591,756.6,8.3,1.88,Strength,122,76,80,0.74,15.9,3,3
58,1.93,119.5,32.08,Male,high,134,3079,293.1,5.0,2.52,Cardio,188,95,67,1.49,24.6,4,3
63,1.96,74.0,19.26,Female,moderate,83,10166,750.6,8.1,2.81,Yoga,130,143,82,1.72,31.4,4,2
61,1.95,79.7,20.96,Male,high,87,6053,525.2,8.6,3.39,Yoga,123,150,58,1.2,20.1,5,1
48,1.98,67.5,17.22,Male,low,169,11660,626.1,4.7,3.23,Strength,152,110,70,0.99,33.5,6,2
37,1.92,62.7,17.01,Female,moderate,115,11663,893.8,4.5,2.49,Cardio,152,95,60,1.0,11.3,4,1
41,1.8,114.2,35.25,Female,low,167,2714,451.5,8.2,1.35,Yoga,164,127,77,1.4,30.7,3,2
42,1.7,101.2,35.02,Female,moderate,90,13235,444.0,4.9,3.11,Strength,139,93,67,1.2,18.5,6,1
53,1.75,70.0,22.86,Female,low,131,10103,384.2,4.3,3.04,Strength,156,77,77,0.5,31.7,4,2
38,1.94,97.5,25.91,Female,low,88,3244,289.0,5.1,2.6,Strength,140,134,74,1.66,33.0,6,1
47,1.65,117.4,43.12,Female,low,141,12652,317.7,5.0,3.47,Cardio,177,155,59,0.71,27.5,5,2
41,1.58,50.6,20.27,Male,moderate,134,2387,560.0,7.4,2.32,Cardio,170,147,73,1.51,18.9,5,3
61,1.57,64.8,26.29,Male,low,151,8256,836.9,6.4,1.53,Strength,190,108,75,1.02,21.4,2,2
59,1.91,60.0,16.45,Male,moderate,167,14879,766.9,7.8,1.63,Cardio,135,103,64,1.37,23.8,6,3
47,1.88,110.2,31.18,Female,high,125,2395,327.7,5.2,2.02,Cardio,155,148,59,1.78,21.6,6,2
39,1.75,58.4,19.07,Female,high,64,1138,593.2,6.5,2.06,Cardio,169,131,68,0.73,29.8,3,3
45,1.64,68.1,25.32,Female,low,68,8719,792.8,4.5,3.08,Cardio,194,147,58,1.67,29.3,6,1
24,1.84,85.8,25.34,Male,low,108,9457,577.6,6.4,3.22,None,167,114,60,0.56,10.3,3,3
52,1.52,91.6,39.65,Male,low,96,14434,838.0,6.5,1.96,Yoga,148,124,59,1.88,13.8,2,1
45,1.78,105.6,33.33,Female,high,145,9804,835.5,8.6,3.36,Yoga,161,149,78,0.8,19.1,3,3
31,1.7,75.5,26.12,Female,moderate,123,2671,443.8,8.7,3.32,Cardio,178,93,83,1.69,26.8,1,1
27,1.99,85.1,21.49,Female,moderate,80,6075,811.8,8.4,2.03,Strength,174,96,83,0.6,15.7,5,3
33,1.75,117.4,38.33,Female,moderate,98,2404,609.6,8.6,3.17,Yoga,193,125,56,0.99,18.1,6,2
33,1.78,67.3,21.24,Male,moderate,93,4684,535.9,4.2,1.28,Cardio,186,123,60,1.45,21.6,6,1
48,1.86,63.6,18.38,Male,low,173,6602,742.0,8.1,2.28,Yoga,141,126,56,1.49,24.7,1,1
59,1.74,98.3,32.47,Male,low,146,4228,752.7,4.3,2.78,Strength,121,96,66,1.55,32.5,4,3
42,1.61,102.8,39.66,Female,high,160,2952,672.8,6.9,1.86,Cardio,127,136,76,1.03,30.1,2,2
30,1.77,76.1,24.29,Male,high,62,4930,767.6,4.4,1.06,Strength,160,134,58,1.5,19.0,6,1
23,1.97,61.0,15.72,Female,moderate,166,2837,866.0,8.0,1.14,Yoga,130,154,67,1.14,29.2,1,1
61,1.7,103.4,35.78,Female,moderate,158,5934,811.2,4.0,3.24,None,143,155,71,1.35,30.8,4,2
26,1.84,95.3,28.15,Female,moderate,158,4606,252.0,5.9,2.3,Strength,145,81,60,1.32,23.1,3,2
62,1.99,110.7,27.95,Male,low,165,4505,795.0,6.6,1.38,Cardio,154,127,57,0.75,17.4,3,2
53,1.91,108.3,29.69,Male,moderate,162,13151,747.1,5.4,3.26,Cardio,124,105,67,1.77,33.6,4,1
60,1.83,60.4,18.04,Female,low,82,2626,848.7,6.5,3.36,Strength,134,78,77,1.8,34.1,4,3
37,1.87,107.4,30.71,Male,moderate,95,8172,717.7,8.4,1.82,None,133,81,57,0.81,15.6,4,3
35,1.97,58.1,14.97,Female,low,129,13713,814.5,7.1,2.46,Yoga,156,77,80,1.12,29.6,4,1
60,1.98,109.8,28.01,Female,moderate,136,3954,207.2,6.8,1.81,Yoga,137,99,74,1.2,11.0,4,1
38,1.98,102.8,26.22,Female,moderate,106,14556,884.5,8.9,2.81,Yoga,195,108,63,1.32,10.1,6,1
21,1.81,87.7,26.77,Male,high,167,10544,333.6,6.0,3.37,Yoga,186,107,77,0.53,18.8,2,1
50,1.69,93.2,32.63,Male,low,172,4948,805.0,8.4,1.07,Yoga,165,112,58,1.64,21.6,4,2
44,1.57,52.8,21.42,Female,moderate,170,12392,850.7,7.2,2.18,Cardio,187,78,56,1.79,23.7,3,1
24,1.69,48.0,16.81,Male,high,116,8869,201.6,7.9,3.0,Cardio,176,122,59,0.71,19.5,3,1
23,1.97,69.8,17.99,Male,high,94,2451,839.6,5.6,2.72,Strength,159,148,62,1.84,13.2,2,1
32,1.94,106.6,28.32,Male,moderate,66,12228,780.4,7.1,1.46,Strength,164,135,56,1.78,18.6,4,2
35,1.76,79.9,25.79,Male,high,105,5292,845.7,8.2,1.98,Yoga,135,139,79,1.31,30.5,5,2
49,1.77,61.8,19.73,Female,high,118,8247,323.8,7.1,2.17,Yoga,181,155,59,0.91,18.4,3,2
28,1.65,107.6,39.52,Male,moderate,61,4879,744.2,7.4,2.86,Yoga,142,145,60,0.81,24.8,4,1
37,1.73,62.1,20.75,Female,high,87,10535,541.2,6.6,2.15,None,192,152,61,1.23,27.0,5,2
41,1.86,106.2,30.7,Female,high,132,11568,380.4,4.6,1.78,Strength,170,135,67,1.26,28.3,5,1
32,1.7,79.0,27.34,Male,moderate,166,2138,729.3,7.7,2.04,Cardio,120,75,63,1.48,22.2,1,1
24,1.59,79.8,31.57,Female,high,167,13703,531.3,7.5,3.42,Yoga,196,80,61,1.7,13.1,5,3
38,1.77,65.5,20.91,Female,high,89,12488,829.9,6.5,1.12,Strength,164,148,58,1.9,32.5,5,2
59,1.61,112.5,43.4,Male,moderate,66,6673,697.5,6.0,1.83,None,123,95,59,1.69,16.5,3,3
43,1.99,51.7,13.06,Female,moderate,97,14574,297.4,7.3,1.49,None,174,141,82,1.86,18.5,5,3
61,1.7,55.8,19.31,Female,low,141,14222,375.5,7.5,2.0,Yoga,129,157,57,1.25,29.3,5,2
31,1.95,92.7,24.38,Male,high,91,5238,385.2,5.9,2.46,Cardio,149,102,71,0.56,29.1,3,2
54,1.61,108.8,41.97,Male,high,94,11721,440.8,5.5,1.49,Strength,133,140,73,0.58,32.4,1,3
38,1.59,52.2,20.65,Male,low,78,10603,666.5,8.8,2.07,Cardio,149,101,67,0.9,10.8,1,1
35,1.81,100.0,30.52,Male,low,71,12511,826.0,8.9,3.07,Yoga,124,106,55,1.42,31.9,6,3
22,1.89,100.7,28.19,Male,low,174,10611,615.6,5.9,2.61,Yoga,134,86,59,1.0,29.8,4,2
20,1.78,88.6,27.96,Female,high,161,4297,726.3,8.8,2.7,None,136,139,77,0.75,23.1,4,1
40,1.61,81.5,31.44,Female,high,102,6179,421.7,6.9,3.35,None,167,120,63,1.78,14.0,5,3
43,1.52,69.1,29.91,Male,low,135,10717,565.7,4.1,2.02,Strength,195,114,58,1.98,23.6,5,3
54,1.81,71.4,21.79,Male,low,125,3484,552.9,4.6,3.5,Yoga,144,83,64,0.52,14.8,4,3
41,1.57,95.6,38.78,Female,low,101,4028,690.7,5.1,1.96,Yoga,138,156,68,0.63,34.1,4,2
36,1.67,49.9,17.89,Male,moderate,136,3725,562.6,8.1,1.46,Strength,178,136,64,1.25,27.7,5,3
42,1.84,88.9,26.26,Male,high,140,9304,434.0,7.7,3.02,Cardio,172,90,55,1.01,24.9,6,2
38,1.55,65.9,27.43,Female,moderate,139,11280,370.7,8.1,2.27,None,158,142,77,1.67,30.3,6,1
29,1.56,80.0,32.87,Female,high,143,6759,378.3,6.6,1.86,Yoga,124,114,73,1.48,23.3,3,1
58,1.53,86.9,37.12,Female,high,126,1731,886.6,6.8,1.62,Yoga,159,109,71,0.6,11.5,3,3
50,2.0,111.4,27.85,Male,high,166,5482,450.2,4.2,3.05,Cardio,177,157,74,1.32,16.5,3,2
21,1.69,88.4,30.95,Female,moderate,174,13480,764.6,5.1,2.41,Cardio,197,134,84,1.0,34.5,4,3
59,1.95,62.0,16.31,Male,high,68,9359,250.0,6.3,2.56,Cardio,125,144,81,1.95,31.3,1,1
24,1.65,51.0,18.73,Female,moderate,115,7026,262.8,8.0,2.16,None,138,77,79,1.21,33.2,4,2
39,1.88,92.0,26.03,Male,low,131,11451,680.3,7.2,1.54,Strength,187,127,69,1.89,12.4,3,1
50,1.61,85.9,33.14,Male,low,124,9261,520.0,7.1,1.84,Yoga,143,133,76,0.55,16.2,2,1
34,1.75,95.4,31.15,Male,low,109,5923,816.3,8.5,1.32,None,138,110,60,0.65,11.6,6,2
41,1.91,79.5,21.79,Female,moderate,146,5853,803.6,7.0,1.85,Cardio,178,140,61,1.08,30.6,3,2
51,1.91,106.9,29.3,Female,low,179,4242,729.0,5.4,3.28,Yoga,180,111,55,1.83,14.3,2,2
45,1.9,114.0,31.58,Female,low,74,8526,770.7,6.4,2.44,Yoga,151,153,59,1.32,20.3,3,3
60,1.91,48.0,13.16,Male,low,123,14352,809.4,7.6,1.12,None,164,118,74,1.74,16.7,3,3
58,1.61,100.8,38.89,Female,low,119,13067,748.5,8.2,2.91,Cardio,154,138,74,0.93,33.3,2,2
56,1.74,47.6,15.72,Female,high,141,5408,568.8,6.7,2.92,Cardio,173,125,61,0.67,25.2,3,2
39,1.74,78.4,25.9,Male,low,156,10718,385.3,8.1,2.9,Strength,121,80,56,0.87,30.0,2,3
34,1.95,79.6,20.93,Male,moderate,119,8478,751.2,8.9,2.54,Cardio,193,143,75,1.47,25.1,2,2
51,1.65,97.2,35.7,Female,high,106,5717,422.4,4.3,1.08,None,164,95,77,1.81,25.3,4,1
23,1.97,71.4,18.4,Female,low,77,6341,371.4,7.7,1.96,Strength,152,131,57,1.18,19.6,1,2
63,1.73,106.6,35.62,Female,high,112,14437,320.2,8.6,1.81,Strength,142,102,84,0.79,16.0,4,3
23,1.83,70.7,21.11,Male,high,168,5970,639.0,6.5,1.05,Strength,155,159,56,1.46,18.7,1,2
51,1.63,70.7,26.61,Female,moderate,124,10001,369.7,5.9,1.21,Strength,188,98,70,0.8,17.4,1,2
18,1.71,61.7,21.1,Male,moderate,179,14696,462.4,6.8,2.05,Strength,199,149,82,1.36,27.3,6,1
27,1.85,96.3,28.14,Male,low,104,12481,696.3,8.5,3.2,None,190,137,71,0.65,20.6,3,2
38,1.76,50.7,16.37,Female,high,168,8881,755.7,8.3,3.4,Yoga,128,96,75,1.72,23.8,2,3
22,1.97,72.2,18.6,Female,moderate,91,9275,420.3,7.0,2.86,Cardio,168,108,66,1.71,29.3,1,3
19,1.87,65.0,18.59,Male,high,139,10680,790.0,8.7,1.56,Yoga,145,111,82,1.31,16.7,6,1
39,1.78,62.2,19.63,Male,low,90,3527,240.6,7.6,3.3,Yoga,146,115,59,0.56,20.6,1,1
19,1.94,49.6,13.18,Female,high,118,3056,890.1,5.9,3.44,Cardio,160,155,58,0.92,23.0,1,3
27,1.83,59.3,17.71,Female,moderate,120,5859,491.8,5.2,2.08,Cardio,191,153,78,0.71,11.3,2,2
51,1.82,78.5,23.7,Female,low,86,5702,427.4,7.2,2.3,Yoga,125,117,70,1.29,13.8,5,3
33,1.62,82.8,31.55,Male,moderate,171,7805,846.6,7.8,1.87,Cardio,185,96,72,0.65,11.6,1,1
56,1.7,65.2,22.56,Male,high,128,7640,292.7,7.3,3.13,Strength,180,89,67,1.8,28.8,2,3
39,1.84,93.8,27.71,Female,low,143,11239,450.5,7.1,1.74,Cardio,186,95,82,1.78,17.5,2,1
29,1.95,70.2,18.46,Male,low,72,2785,451.2,4.5,1.27,Cardio,185,126,74,0.73,20.6,6,3
41,1.66,72.5,26.31,Male,low,174,3478,497.1,7.0,2.14,Strength,196,78,75,1.54,26.8,5,2
64,1.61,103.7,40.01,Female,low,177,8636,793.8,4.1,1.42,Strength,162,121,63,1.54,34.2,6,2
57,1.8,86.4,26.67,Male,low,136,8844,794.6,4.2,2.08,Strength,144,92,70,1.1,30.3,4,1
55,1.53,116.5,49.77,Female,moderate,98,3985,614.1,5.3,2.46,Cardio,181,145,57,0.73,11.4,1,2
27,1.86,71.9,20.78,Female,low,128,6656,894.2,4.6,3.01,Strength,132,154,83,0.7,17.6,5,1
52,1.85,107.1,31.29,Male,low,97,9450,790.9,5.1,2.73,Strength,143,109,71,1.61,11.2,5,2
49,1.68,100.4,35.57,Male,moderate,156,2731,676.7,8.9,2.85,None,178,150,84,0.83,11.5,4,3
24,1.95,111.8,29.4,Female,high,79,13588,339.6,8.7,2.48,None,196,81,74,1.41,13.2,1,2
38,1.75,116.8,38.14,Male,low,84,13009,584.8,4.4,1.2,Cardio,157,115,64,1.8,18.0,6,3
37,1.82,45.6,13.77,Female,low,164,8802,349.7,4.4,3.2,Strength,127,84,76,1.39,15.8,5,1
43,1.6,51.6,20.16,Male,low,104,8291,411.2,6.9,2.75,Cardio,177,136,77,1.96,18.8,5,2
21,1.71,95.6,32.69,Male,high,78,5132,680.1,8.7,2.97,None,149,139,74,1.47,30.6,4,2
63,1.93,74.3,19.95,Male,moderate,145,14857,329.1,7.8,3.35,None,138,86,58,0.97,29.9,5,3
39,1.61,106.4,41.05,Female,moderate,95,9184,263.6,7.4,3.42,Strength,149,102,76,1.78,18.8,3,1
32,1.7,45.9,15.88,Male,moderate,82,12707,572.1,6.0,3.41,Cardio,174,132,55,0.97,26.5,1,2
57,1.66,105.5,38.29,Female,high,170,13233,200.7,7.5,1.67,None,165,130,75,1.96,19.3,1,1
38,1.58,55.1,22.07,Female,moderate,175,5206,626.2,7.0,3.13,Yoga,157,92,70,1.22,19.6,4,1
32,1.64,66.8,24.84,Female,low,81,12102,830.9,8.0,3.4,Strength,136,139,65,1.93,26.9,5,2
39,1.62,117.7,44.85,Male,moderate,92,14528,333.2,8.6,2.77,Cardio,199,131,73,0.78,19.6,3,3
45,1.96,48.9,12.73,Female,moderate,88,9321,467.9,7.7,2.79,Yoga,178,124,62,0.52,23.7,6,1
31,1.87,71.2,20.36,Female,high,136,14640,841.5,5.2,3.21,Strength,156,155,59,0.79,12.9,3,1
44,1.66,51.3,18.62,Male,low,166,4838,692.7,6.4,1.72,Strength,174,119,77,0.65,23.5,3,2
58,1.88,109.0,30.84,Female,high,86,11840,294.7,7.6,1.48,None,125,136,78,1.6,28.5,6,1
57,1.51,97.7,42.85,Female,high,127,5574,467.4,8.1,2.09,Cardio,185,139,62,0.9,32.2,5,2
45,1.76,105.0,33.9,Male,high,87,11011,729.2,5.1,3.37,None,188,129,83,1.46,13.7,2,1
43,1.63,84.5,31.8,Female,low,70,9959,665.3,6.8,1.15,Yoga,161,112,72,1.5,20.3,4,3
19,1.56,71.8,29.5,Male,low,163,7279,309.0,8.7,2.11,Yoga,184,78,83,1.53,22.2,2,3
42,1.94,45.2,12.01,Female,high,90,8974,243.7,7.4,2.73,Yoga,199,89,69,1.75,32.6,4,3
20,1.6,65.8,25.7,Female,moderate,62,14354,677.2,6.7,2.63,Yoga,129,95,72,0.72,16.4,1,3
25,1.91,83.6,22.92,Male,high,146,11276,626.3,7.5,3.02,Yoga,159,95,67,0.58,14.1,1,2
61,1.71,94.8,32.42,Female,low,80,8706,241.5,6.8,1.67,Cardio,171,125,69,0.54,13.5,5,2
50,1.51,62.2,27.28,Female,moderate,133,11420,882.4,5.5,1.58,Cardio,143,152,80,0.66,13.9,4,2
59,1.87,55.4,15.84,Female,moderate,81,9008,376.7,6.0,3.07,Strength,178,109,75,1.07,31.7,2,2
52,1.8,60.1,18.55,Male,low,70,4774,470.2,8.2,3.06,Strength,140,78,67,1.95,25.5,1,2
23,1.67,71.6,25.67,Male,high,128,1552,324.3,6.9,1.62,Cardio,171,106,57,1.03,20.5,5,3
56,1.64,56.1,20.86,Male,low,177,3195,780.0,6.1,2.1,Strength,198,86,66,1.18,31.7,1,1
40,1.54,56.8,23.95,Male,high,73,11423,873.8,4.6,2.13,None,124,128,66,1.72,17.5,6,1
42,1.97,48.3,12.45,Male,high,127,13489,349.3,4.6,2.28,Cardio,155,104,64,1.88,33.2,2,3
60,1.75,109.3,35.69,Female,high,142,13440,398.2,4.8,3.09,None,141,83,55,1.96,29.0,4,3
36,1.54,61.5,25.93,Male,high,103,8234,694.6,8.6,2.51,Yoga,127,93,78,1.74,10.5,6,2
22,1.93,106.6,28.62,Male,low,148,1640,569.5,8.8,2.3,Yoga,171,154,60,1.25,21.6,3,2
28,1.64,77.9,28.96,Male,high,89,1240,273.5,7.7,1.72,Strength,120,104,73,0.84,31.1,1,1
29,1.6,92.4,36.09,Female,moderate,114,11551,850.0,4.2,1.1,Cardio,147,139,78,1.4,19.9,4,1
27,1.64,50.7,18.85,Female,low,162,13927,627.8,7.0,3.3,Yoga,150,119,67,0.8,34.7,6,2
25,1.78,88.8,28.03,Male,high,84,13558,410.9,7.1,2.79,Strength,172,97,81,0.58,31.2,1,2
41,1.54,66.7,28.12,Female,moderate,147,11999,542.9,8.9,1.19,None,143,150,55,1.88,28.8,4,3
45,1.74,52.1,17.21,Female,high,69,4023,550.2,5.2,1.74,Cardio,164,79,73,1.23,13.4,2,2
58,1.95,113.1,29.74,Female,low,122,1586,567.8,7.6,2.62,Strength,126,158,79,1.26,12.7,3,3
53,1.59,90.3,35.72,Female,moderate,143,6752,548.1,9.0,1.52,Yoga,121,141,60,1.41,26.0,1,2
54,1.67,63.1,22.63,Male,moderate,81,5288,593.3,8.7,1.26,None,192,140,55,1.18,26.5,5,1
38,1.7,76.5,26.47,Male,high,112,13370,475.3,5.8,2.38,None,182,117,79,1.17,13.7,5,3
25,1.79,71.8,22.41,Female,high,84,6385,302.3,4.7,1.82,Strength,160,158,77,1.87,31.3,1,1
26,1.96,97.5,25.38,Female,high,176,4911,665.2,4.4,3.07,Cardio,142,76,71,1.72,31.8,4,3
64,1.7,90.6,31.35,Female,low,112,3515,754.7,4.3,3.38,Strength,169,122,71,0.82,20.4,6,3
32,1.53,46.5,19.86,Female,low,83,10928,788.7,4.4,2.47,Yoga,193,132,75,0.94,25.2,4,1
63,1.67,59.8,21.44,Male,high,179,14062,215.4,8.9,2.78,Cardio,152,114,65,1.49,22.8,1,1
57,1.6,80.9,31.6,Female,high,156,3873,483.2,8.9,3.46,Yoga,162,127,74,1.36,10.9,4,2
35,1.83,78.4,23.41,Male,moderate,155,2931,884.9,4.6,1.56,None,174,133,66,1.65,12.3,1,3
59,1.51,83.8,36.75,Female,moderate,96,13599,243.8,4.4,3.26,None,170,142,78,1.59,29.5,2,2
37,1.65,98.6,36.22,Male,moderate,104,1534,749.9,7.3,2.4,Yoga,156,137,67,1.56,22.2,6,3
23,1.77,96.2,30.71,Female,moderate,73,12496,288.3,8.1,1.47,Yoga,182,110,72,1.82,25.3,3,2
29,1.64,73.0,27.14,Male,high,98,11431,777.2,7.8,1.72,None,186,114,76,1.65,25.3,4,1
19,1.78,110.8,34.97,Male,low,127,7627,670.6,4.0,2.72,Strength,164,80,78,0.86,19.5,3,1
24,1.56,49.7,20.42,Male,moderate,64,2113,707.5,6.2,3.3,Strength,190,88,55,1.81,10.7,2,2
33,1.97,88.8,22.88,Female,low,83,2215,884.1,7.6,1.3,Strength,168,153,57,1.0,29.7,5,1
20,1.65,116.2,42.68,Male,low,162,5263,857.6,8.1,2.6,Yoga,120,107,71,1.87,21.7,2,2
62,1.96,86.2,22.44,Female,low,142,10417,413.1,7.5,1.94,Yoga,173,93,61,1.74,13.5,2,3
20,1.66,79.1,28.71,Male,moderate,99,9797,462.7,5.6,1.8,None,155,150,71,0.61,10.5,4,3
44,1.89,55.0,15.4,Male,moderate,102,12626,485.0,5.4,1.45,Cardio,184,117,70,1.66,10.4,6,1
60,1.62,105.8,40.31,Female,moderate,74,6604,326.4,8.1,3.22,Strength,160,128,66,1.25,10.8,6,1
57,1.83,73.0,21.8,Male,moderate,131,2407,466.8,6.7,1.91,Strength,169,147,79,1.97,13.9,5,1
55,1.66,97.6,35.42,Female,high,80,4305,885.3,5.3,2.11,Strength,168,157,62,1.19,15.8,3,3
50,1.75,59.8,19.53,Female,moderate,150,4616,542.7,8.3,1.52,None,166,135,65,0.6,16.2,5,2
45,1.84,48.1,14.21,Female,low,140,10138,866.8,8.1,2.52,Cardio,129,87,57,0.94,25.8,2,1
18,1.79,67.9,21.19,Female,high,119,3915,250.0,6.5,2.1,Cardio,163,116,82,1.15,16.0,5,2
25,1.79,66.1,20.63,Male,moderate,64,6235,227.5,8.1,1.48,Cardio,163,92,83,1.39,26.8,4,1
54,1.53,110.5,47.2,Male,moderate,151,3154,602.7,4.5,1.78,Strength,123,146,66,0.73,30.6,4,1
49,1.62,109.9,41.88,Female,moderate,173,8156,715.4,8.5,1.98,Yoga,183,139,58,1.27,19.6,2,1
60,1.79,85.0,26.53,Male,low,154,3783,352.2,8.9,1.19,Strength,139,122,63,1.23,28.0,1,2
54,1.51,46.4,20.35,Male,moderate,69,11897,552.4,4.1,1.13,Cardio,173,158,80,1.75,12.6,5,2
21,1.63,62.1,23.37,Female,low,172,11552,811.1,8.3,3.48,None,198,110,76,0.95,18.2,3,2
47,1.61,92.9,35.84,Male,moderate,133,3578,733.2,7.8,3.32,Cardio,160,155,75,1.17,27.1,2,3
23,1.62,52.6,20.04,Female,moderate,109,4275,362.3,8.3,2.48,Strength,149,119,83,1.08,33.3,1,3
63,1.77,97.5,31.12,Male,low,125,1289,434.1,5.5,1.61,Yoga,190,84,75,1.45,25.4,6,3
36,1.79,45.9,14.33,Male,moderate,119,14187,414.1,8.8,1.58,Cardio,160,83,71,1.75,19.1,5,2
49,1.95,96.2,25.3,Female,moderate,154,11263,703.7,8.2,2.1,Yoga,127,120,70,1.51,17.8,1,3
26,1.69,108.3,37.92,Male,high,163,8238,877.7,6.1,1.97,Cardio,190,91,66,1.2,19.8,2,1
29,1.96,80.2,20.88,Male,high,127,7127,396.1,7.9,2.83,Yoga,188,141,84,1.46,26.3,5,2
28,1.83,107.2,32.01,Female,moderate,133,11832,611.8,6.1,2.02,Yoga,151,107,69,0.98,18.2,1,1
63,1.96,103.6,26.97,Male,low,178,6422,892.0,5.6,3.39,Cardio,199,139,69,0.72,21.7,1,1
33,1.92,95.4,25.88,Female,low,173,11726,310.3,4.7,1.63,None,159,94,55,0.98,29.0,4,2
18,1.84,78.4,23.16,Male,high,120,7513,661.4,8.6,1.07,Strength,181,140,57,1.17,15.9,2,1
62,1.68,65.4,23.17,Female,high,71,5375,432.4,5.2,2.51,Strength,146,90,56,1.16,27.9,3,2
38,1.62,109.6,41.76,Female,high,82,9719,894.2,6.6,3.47,Cardio,158,147,80,1.61,29.0,2,3
47,1.61,93.6,36.11,Female,low,91,8448,276.1,6.6,3.13,Yoga,152,88,84,1.9,31.6,2,2
30,1.98,104.9,26.76,Female,low,85,11322,515.9,4.2,1.01,Strength,185,75,71,1.08,10.6,4,2
51,1.98,86.4,22.04,Female,low,117,9096,378.5,8.0,2.44,Yoga,198,109,66,0.63,12.8,3,1
21,1.86,57.9,16.74,Male,moderate,87,13621,222.2,7.5,2.13,None,190,156,59,0.55,33.9,4,1
45,1.94,118.5,31.49,Male,moderate,79,9939,874.5,5.4,2.92,Cardio,132,75,84,0.51,13.1,6,1
55,1.96,58.7,15.28,Female,moderate,114,14270,597.7,8.7,1.63,None,148,117,84,1.91,22.2,2,1
48,1.76,113.3,36.58,Male,high,64,10310,690.6,9.0,1.61,Yoga,187,143,65,1.99,14.2,1,1
44,1.81,60.6,18.5,Female,high,158,1925,634.2,7.4,1.79,Yoga,129,149,73,0.58,30.3,1,1
22,1.71,73.0,24.96,Male,high,109,10287,303.9,7.7,1.62,Cardio,195,129,69,1.04,12.4,2,1
42,1.71,78.0,26.67,Male,high,69,3645,319.4,4.3,1.05,Yoga,177,90,84,1.5,12.1,5,1
20,1.52,114.1,49.39,Female,high,68,4482,638.5,6.2,2.57,Cardio,146,141,61,0.77,22.6,2,1
50,1.72,111.6,37.72,Female,low,60,3525,745.9,4.1,2.53,Cardio,177,137,62,1.39,16.0,2,2
21,1.84,106.7,31.52,Male,moderate,92,10825,627.7,7.6,3.13,None,189,146,64,1.72,26.5,6,1
42,1.71,73.3,25.07,Male,high,118,3241,599.3,8.2,2.74,Strength,164,96,60,1.79,27.1,5,1
37,1.94,45.3,12.04,Female,moderate,75,9780,722.2,4.6,2.6,Strength,169,130,82,1.56,24.7,5,2
51,1.67,96.1,34.46,Male,moderate,125,3687,370.5,4.5,1.58,Yoga,167,126,75,0.62,30.9,4,3
43,1.57,75.8,30.75,Male,high,162,2225,712.2,8.1,2.85,Strength,162,155,69,1.02,27.4,6,3
22,1.91,101.8,27.9,Female,low,132,6976,487.9,6.5,3.14,Yoga,133,101,64,1.95,14.7,1,2
52,1.84,104.6,30.9,Male,low,69,3656,671.8,8.2,2.11,Strength,163,138,82,0.79,12.0,5,3
45,1.62,78.0,29.72,Female,low,86,6160,392.3,6.0,2.35,None,147,119,75,1.18,28.7,6,1
46,1.77,101.1,32.27,Female,low,114,6274,296.2,4.9,2.96,Strength,180,141,71,1.0,28.5,6,1
26,1.7,108.0,37.37,Female,moderate,95,8992,220.4,5.9,2.16,Yoga,157,100,82,0.81,31.3,2,1
55,1.97,114.6,29.53,Male,low,138,4443,762.4,5.4,2.67,Yoga,190,87,76,0.99,15.1,3,3
23,1.8,88.7,27.38,Male,low,114,9666,337.9,6.5,1.54,Strength,194,155,60,0.78,15.6,3,2
36,1.58,103.4,41.42,Female,high,113,5239,454.4,8.5,2.46,Cardio,152,104,73,1.82,24.4,4,1
61,1.75,82.1,26.81,Female,low,90,14492,738.2,5.8,1.09,None,186,152,74,0.76,13.9,3,2
28,1.93,48.1,12.91,Male,moderate,101,12228,515.1,7.7,1.52,Cardio,141,104,74,1.44,17.4,1,2
19,1.84,56.6,16.72,Male,high,85,1546,352.3,7.2,3.3,Strength,132,118,60,1.91,30.3,2,1
64,1.92,54.6,14.81,Male,moderate,79,1941,336.3,5.1,2.49,Cardio,125,122,68,1.93,18.4,6,2
61,1.63,57.9,21.79,Female,high,71,1207,485.6,5.6,2.14,Strength,183,83,78,1.4,10.3,3,2
61,1.94,45.8,12.17,Female,low,162,12802,595.6,5.0,2.3,Yoga,173,122,82,0.91,26.3,1,1
26,1.88,109.4,30.95,Male,moderate,161,6088,474.6,7.8,1.0,Cardio,162,130,67,0.87,14.5,3,2
38,1.86,87.0,25.15,Male,moderate,106,7176,833.2,4.6,2.15,None,174,142,67,1.62,14.9,2,3
41,1.67,73.7,26.43,Male,low,88,8755,202.7,6.9,1.36,Cardio,147,80,63,1.97,10.4,4,1
51,1.94,75.7,20.11,Female,high,110,3313,481.4,4.9,3.15,Yoga,177,139,63,0.62,24.5,1,1
39,1.82,79.8,24.09,Female,low,75,3985,720.0,5.0,2.03,Yoga,134,141,75,1.68,24.0,5,1
20,1.93,50.5,13.56,Male,moderate,85,11148,823.6,4.0,1.58,Yoga,143,95,78,0.68,12.4,5,1
29,1.68,65.6,23.24,Male,low,77,7076,450.9,6.2,2.28,Cardio,181,152,83,0.95,11.3,3,1
45,1.57,108.9,44.18,Female,high,179,10198,671.5,8.0,1.91,Yoga,184,104,62,1.35,22.3,5,1
47,1.67,100.8,36.14,Female,low,112,13244,606.2,4.4,2.15,Yoga,145,131,64,0.95,29.5,1,1
43,1.73,87.3,29.17,Male,high,90,9419,341.1,8.2,2.81,Cardio,180,129,74,1.48,33.8,5,3
38,1.77,81.1,25.89,Male,high,112,14126,676.7,8.2,2.27,Cardio,120,76,58,1.13,11.9,1,2
45,1.76,64.4,20.79,Male,high,155,7347,374.7,5.2,3.29,Strength,165,122,57,0.83,27.7,6,3
43,1.77,80.3,25.63,Female,moderate,146,14843,748.7,8.4,1.64,Cardio,120,96,67,1.3,14.8,6,2
50,1.92,89.8,24.36,Male,high,116,3593,806.1,8.1,1.82,Yoga,170,87,75,0.54,10.8,5,1
38,1.59,98.4,38.92,Female,low,74,1606,534.9,7.3,2.94,None,155,117,62,1.61,18.4,6,3
52,1.66,57.5,20.87,Female,low,83,6509,237.9,8.2,2.96,Yoga,188,149,78,1.28,24.3,4,1
51,1.94,106.0,28.16,Male,low,144,1553,716.1,4.4,3.44,Yoga,188,148,63,1.92,25.0,3,2
58,1.78,70.9,22.38,Male,moderate,118,9451,527.1,5.6,2.57,Yoga,185,123,68,0.65,11.2,1,3
64,1.79,82.7,25.81,Female,high,124,2935,266.2,5.4,2.43,Cardio,194,111,55,1.6,33.2,4,3
35,1.74,90.6,29.92,Male,low,80,11471,431.8,7.9,2.47,None,149,109,68,0.95,11.4,3,2
28,1.77,81.6,26.05,Female,moderate,73,8645,403.4,7.8,1.9,Yoga,127,93,66,1.06,15.4,4,2
40,1.6,87.9,34.34,Male,moderate,141,10503,708.5,8.5,1.96,Cardio,121,102,58,1.02,20.8,5,3
39,1.77,53.4,17.04,Male,low,117,9091,496.8,5.4,1.7,Strength,144,131,76,1.04,33.6,1,3
34,2.0,77.4,19.35,Male,low,88,1706,610.9,6.4,2.49,None,138,135,75,1.15,34.8,2,3
22,1.78,66.0,20.83,Male,moderate,158,1431,550.8,4.1,3.1,None,190,117,58,0.53,10.0,4,2
61,1.52,51.5,22.29,Female,moderate,148,2663,707.0,9.0,2.58,Cardio,133,134,67,1.77,15.6,2,1
28,1.9,59.4,16.45,Female,moderate,126,2210,702.6,6.1,2.18,Strength,123,84,70,1.82,22.5,1,3
47,1.7,90.2,31.21,Female,moderate,124,11481,514.2,6.8,1.16,Yoga,165,153,65,0.56,27.4,5,2
32,1.58,59.8,23.95,Male,moderate,84,11586,294.5,6.7,1.62,Strength,152,141,57,1.66,26.4,6,3
44,1.93,58.6,15.73,Female,low,153,10591,485.5,5.9,3.11,None,156,98,56,0.61,16.3,5,2
52,1.6,86.5,33.79,Female,high,66,11034,312.1,5.2,1.99,Cardio,149,148,79,1.71,14.9,6,3
50,1.96,112.9,29.39,Female,low,72,13456,871.4,7.7,3.21,Strength,197,118,80,1.42,10.4,2,2
37,1.72,104.2,35.22,Male,moderate,179,9028,865.1,5.9,1.61,Yoga,146,104,57,0.96,31.1,3,2
33,1.87,112.9,32.29,Female,high,163,8404,519.7,7.4,2.44,Strength,132,119,74,1.42,19.5,2,3
51,1.77,88.7,28.31,Male,moderate,141,5108,219.3,7.7,3.41,Strength,190,134,71,1.26,31.6,2,2
19,1.63,75.7,28.49,Male,low,170,3476,462.3,7.6,2.39,Cardio,157,127,55,1.45,18.1,2,2
52,1.84,99.7,29.45,Female,low,166,11303,826.6,4.4,1.52,Cardio,171,99,80,1.21,28.9,2,2
57,1.98,64.6,16.48,Male,moderate,166,9174,401.6,8.9,1.57,None,192,150,79,1.66,11.7,1,2
45,1.88,50.9,14.4,Female,moderate,166,6683,635.4,7.8,1.39,Cardio,185,78,65,0.57,30.3,1,2
64,1.8,70.8,21.85,Female,low,152,7474,328.8,7.0,1.05,Strength,159,158,70,1.02,32.3,2,2
56,2.0,67.4,16.85,Female,low,79,12684,777.6,5.4,2.73,Yoga,157,148,74,1.34,16.6,2,2
23,1.63,95.7,36.02,Female,low,165,8324,824.3,4.8,2.96,None,160,105,64,1.38,13.5,5,2
26,1.53,86.4,36.91,Female,high,172,4062,630.6,8.0,3.05,Cardio,124,93,74,0.75,14.9,4,3
37,1.52,55.4,23.98,Male,high,153,14558,636.6,6.0,1.18,Strength,183,76,60,0.61,31.7,1,2
18,1.86,113.1,32.69,Female,low,68,11798,465.0,8.6,3.36,Strength,175,78,56,0.53,17.2,6,1
25,1.92,89.5,24.28,Male,moderate,64,12430,695.0,8.7,2.55,None,168,153,76,1.12,15.8,3,3
40,1.82,79.3,23.94,Female,low,87,2735,534.9,4.3,1.22,None,178,112,83,1.0,34.5,6,3
20,1.95,115.3,30.32,Female,low,85,6733,721.8,6.9,1.21,Cardio,158,107,61,1.35,26.8,3,1
21,1.85,52.3,15.28,Female,moderate,129,9537,878.0,5.9,2.27,Cardio,199,92,71,1.17,30.8,3,2
42,1.69,104.2,36.48,Male,high,146,12137,775.7,6.0,1.61,Yoga,174,106,62,1.09,28.7,4,1
64,1.59,72.3,28.6,Male,high,135,14795,562.1,7.1,1.6,None,194,151,67,1.76,19.4,6,1
55,1.96,97.2,25.3,Male,low,65,11751,885.2,7.9,1.03,None,197,154,76,1.43,31.6,6,1
32,1.55,114.8,47.78,Male,moderate,150,13426,625.0,6.7,2.21,Strength,183,107,79,1.47,24.7,6,3
38,1.77,83.8,26.75,Female,low,88,10841,245.4,7.8,1.22,Yoga,122,108,83,1.07,26.4,5,2
52,1.66,46.7,16.95,Female,low,119,6527,711.3,8.8,1.19,Cardio,127,125,58,1.67,18.2,4,3
63,1.64,47.2,17.55,Male,moderate,164,13060,774.0,6.1,1.4,Yoga,198,137,65,0.73,34.5,2,2
31,1.82,69.8,21.07,Male,low,134,1820,294.4,6.2,1.03,Yoga,192,152,56,1.1,31.4,5,1
53,1.62,103.6,39.48,Male,moderate,69,11198,675.5,7.4,1.26,Strength,135,121,79,0.57,13.7,5,3
29,1.96,66.6,17.34,Female,high,162,9068,844.6,4.2,2.49,None,145,140,62,0.67,15.1,2,2
34,1.7,70.1,24.26,Male,moderate,120,3047,376.0,4.6,1.64,None,151,87,72,0.62,28.7,3,2
56,1.84,103.8,30.66,Male,high,158,12853,609.5,4.8,1.17,None,127,126,62,1.16,10.6,3,1
26,1.86,53.7,15.52,Female,low,73,6200,392.2,6.9,1.34,Cardio,179,126,65,1.55,18.4,1,3
52,1.84,108.5,32.05,Male,low,142,1550,742.1,6.7,1.11,None,193,117,78,0.97,23.3,3,3
30,1.95,64.9,17.07,Female,high,158,4755,606.5,5.5,2.94,Yoga,131,135,59,0.54,15.1,4,3
32,1.62,48.8,18.59,Female,low,150,5928,499.7,6.9,2.4,Yoga,195,155,61,1.56,31.8,5,3
35,1.54,53.8,22.69,Female,low,80,12255,220.3,8.8,2.19,None,178,77,77,0.81,32.2,6,3
50,1.53,116.4,49.72,Female,moderate,114,12915,861.4,8.3,3.18,Yoga,178,142,58,1.58,33.9,1,3
23,1.94,78.8,20.94,Female,moderate,113,3277,548.4,5.8,1.2,Cardio,193,133,76,0.51,13.7,1,3
44,1.99,64.2,16.21,Male,high,144,5020,762.9,8.8,1.09,None,153,128,64,0.97,12.0,3,1
40,1.65,84.1,30.89,Male,moderate,143,7379,474.3,5.8,2.06,Cardio,149,143,60,1.43,23.9,1,2
44,1.85,96.2,28.11,Female,low,96,11319,794.4,6.9,1.66,None,163,76,67,1.81,29.8,1,1
51,1.5,68.9,30.62,Female,moderate,105,4619,312.0,7.4,2.19,Cardio,157,142,70,1.63,17.3,2,2
63,1.59,99.4,39.32,Male,moderate,106,3050,362.0,7.0,3.26,Cardio,144,118,76,1.17,16.0,6,2
55,1.84,63.9,18.87,Male,low,156,12187,433.4,8.2,2.12,Cardio,143,112,79,1.58,22.9,3,2
31,1.53,53.4,22.81,Female,low,73,6927,262.0,6.8,1.43,Yoga,180,134,56,1.31,22.1,3,3
53,1.73,86.2,28.8,Male,low,177,9058,510.7,5.9,2.99,Cardio,128,101,80,1.72,22.0,5,3
25,1.83,56.3,16.81,Male,moderate,172,4140,540.1,6.7,1.97,Strength,167,89,78,1.66,20.1,4,2
52,1.88,115.5,32.68,Female,moderate,123,5895,280.4,8.7,2.89,Cardio,171,113,69,1.96,28.2,1,2
36,1.73,45.0,15.04,Male,low,98,14072,499.0,7.6,1.35,Cardio,189,112,62,0.66,25.4,1,3
47,1.82,101.7,30.7,Male,low,173,14506,338.1,5.4,1.84,Cardio,183,128,71,1.01,22.2,6,3
31,1.77,66.0,21.07,Male,moderate,159,13512,812.6,4.1,1.06,Cardio,155,137,81,0.79,28.0,6,2
37,1.53,108.5,46.35,Male,moderate,157,10618,556.5,7.0,1.59,None,139,132,83,1.45,16.5,4,2
42,1.87,49.5,14.16,Female,low,116,3486,866.4,4.7,2.62,Yoga,169,136,68,1.5,32.3,6,1
57,1.59,116.5,46.08,Male,low,72,10193,439.0,6.5,1.73,Yoga,131,152,84,0.81,19.6,4,3
41,1.52,52.6,22.77,Female,low,145,2079,439.0,5.2,1.35,Yoga,126,92,72,1.13,18.2,1,3
31,1.73,104.1,34.78,Male,high,159,11543,437.1,8.5,1.14,None,159,103,83,1.4,23.6,4,2
43,1.93,83.8,22.5,Female,high,89,14864,387.8,4.6,2.51,Cardio,161,145,68,1.49,16.8,6,1
55,1.58,77.3,30.96,Female,low,157,9719,749.0,8.9,1.19,Cardio,186,131,58,0.65,16.7,2,3
40,1.51,66.0,28.95,Male,high,67,7018,397.9,4.6,3.0,Yoga,169,98,75,1.88,11.9,4,1
39,1.55,108.1,44.99,Female,low,72,5119,401.6,7.0,1.89,Strength,160,112,75,0.55,26.3,3,1
36,1.68,60.0,21.26,Female,low,95,6226,232.8,6.6,1.76,Cardio,143,80,76,1.96,32.8,1,3
63,1.79,99.1,30.93,Female,high,120,12546,875.8,7.6,2.56,Cardio,188,94,77,0.97,27.1,1,2
20,1.6,78.4,30.62,Female,low,115,12556,820.4,5.1,2.39,Cardio,132,116,55,0.97,24.2,4,1
59,1.9,119.9,33.21,Female,high,164,3890,404.8,6.1,3.47,None,153,148,77,1.17,27.8,6,2
36,1.88,90.9,25.72,Male,high,85,11680,564.5,4.0,1.13,Cardio,122,96,60,1.54,34.2,5,3
26,1.85,52.8,15.43,Female,moderate,68,8933,537.9,7.4,3.13,Yoga,192,107,59,0.74,18.4,6,1
45,1.74,76.5,25.27,Female,high,146,12636,261.4,5.6,2.5,Cardio,122,120,69,0.88,20.8,2,2
37,1.68,50.0,17.72,Male,low,100,4781,571.8,8.8,3.21,Yoga,143,128,84,1.94,17.2,3,1
62,1.69,66.4,23.25,Male,low,74,5006,279.3,6.3,2.73,Strength,193,116,70,1.82,10.4,4,1
24,1.75,70.7,23.09,Female,low,60,6872,503.9,7.5,2.91,None,154,125,76,0.82,18.7,6,1
31,1.54,109.0,45.96,Male,high,142,3754,261.5,4.9,2.97,Strength,139,142,81,1.36,11.8,5,3
26,1.84,107.8,31.84,Male,low,60,8075,612.2,8.0,1.04,Cardio,163,159,62,0.81,31.5,4,2
36,1.68,45.9,16.26,Male,moderate,121,2377,234.3,4.1,3.1,Strength,195,130,83,1.33,27.9,6,1
64,1.61,84.9,32.75,Male,moderate,160,5599,639.9,4.3,2.7,Cardio,167,151,82,1.05,17.6,1,2
31,1.64,61.8,22.98,Male,low,65,3531,695.1,7.9,3.37,Yoga,162,116,60,1.04,18.2,3,3
55,1.59,69.0,27.29,Male,low,60,3103,599.6,6.0,1.33,Cardio,195,87,59,1.45,24.2,4,1
53,1.95,46.6,12.26,Female,high,177,6326,528.6,4.3,3.3,None,187,128,60,0.88,30.0,1,1
57,1.58,101.2,40.54,Female,high,78,9608,242.6,6.0,3.14,Strength,191,86,79,1.11,28.0,2,1
34,1.94,116.3,30.9,Male,high,125,9736,207.9,4.8,1.57,Cardio,190,109,82,1.89,10.7,1,2
47,1.79,61.4,19.16,Male,moderate,145,9196,439.7,6.3,1.31,Yoga,174,157,55,1.63,29.6,6,2
26,1.93,70.6,18.95,Female,high,175,11244,739.9,8.9,2.57,Strength,145,83,68,1.07,32.0,4,1
50,1.74,60.5,19.98,Male,high,131,3162,653.1,4.1,2.69,None,150,87,73,0.85,12.2,4,2
42,1.96,114.8,29.88,Female,high,61,5098,287.7,7.9,2.78,Cardio,173,96,73,1.49,29.3,2,2
31,1.61,45.7,17.63,Male,moderate,75,8146,681.6,5.8,3.11,None,175,114,79,1.71,16.3,4,1
28,1.78,88.8,28.03,Female,low,138,6918,602.4,7.9,2.39,Yoga,175,110,69,1.79,14.3,5,1
52,1.56,110.3,45.32,Female,moderate,97,5251,316.7,6.2,1.71,Strength,172,115,73,1.35,23.6,2,1
58,1.72,59.0,19.94,Male,low,125,12933,728.7,7.8,3.14,Strength,191,81,60,1.28,23.8,6,3
31,1.78,89.2,28.15,Male,moderate,61,6904,781.2,6.7,2.08,Strength,180,129,79,1.58,21.8,3,1
47,1.8,48.8,15.06,Male,low,76,10780,362.8,7.7,2.09,Yoga,153,149,80,0.76,32.5,1,1
58,1.68,106.1,37.59,Male,low,139,9263,645.1,6.6,2.23,Cardio,165,153,59,1.78,16.0,3,1
21,1.54,65.6,27.66,Female,moderate,147,4743,464.7,7.4,3.09,Cardio,199,87,80,0.61,25.1,6,1
21,1.83,119.2,35.59,Male,moderate,111,11806,240.9,6.3,3.43,Cardio,193,94,70,1.4,20.2,2,1
45,1.74,114.2,37.72,Female,high,128,10742,802.9,5.2,1.43,None,169,132,81,1.38,31.8,5,1
25,1.57,99.9,40.53,Male,low,147,6198,774.5,7.8,1.31,Yoga,188,97,63,0.97,13.3,2,1
19,1.97,82.3,21.21,Female,low,106,14341,422.6,6.5,1.72,Strength,130,127,79,0.55,12.1,5,1
58,1.98,102.5,26.15,Male,low,149,6863,572.1,6.0,3.26,Yoga,194,111,69,1.58,34.8,4,3
63,1.93,54.8,14.71,Male,moderate,153,13223,558.7,9.0,2.32,Yoga,137,94,76,0.54,24.4,2,2
39,1.92,68.3,18.53,Female,low,92,4364,324.2,4.3,1.01,Yoga,150,93,62,0.77,32.8,3,3
58,1.55,47.0,19.56,Male,high,137,14600,302.0,7.6,2.45,Strength,181,92,79,1.32,20.2,1,3
33,2.0,93.4,23.35,Male,low,110,4736,791.0,6.1,2.37,Strength,142,142,79,1.91,25.1,2,1
46,1.7,105.4,36.47,Male,low,165,11704,807.2,5.7,1.2,None,172,135,62,0.6,27.4,1,1
47,1.58,116.0,46.47,Male,low,81,9952,707.6,8.5,1.37,Yoga,181,146,83,1.37,34.7,2,1
29,1.91,96.5,26.45,Male,low,142,8154,250.9,7.9,1.23,Cardio,193,120,58,0.99,12.8,2,1
52,1.61,99.9,38.54,Female,low,123,12522,836.4,4.1,2.3,None,136,122,78,1.5,13.1,2,2
28,1.76,112.2,36.22,Male,high,164,13305,886.5,7.7,2.33,Strength,160,94,56,1.93,23.1,6,2
63,1.56,115.2,47.34,Female,low,166,6418,742.9,4.0,2.15,Strength,127,146,70,0.9,11.4,4,3
38,1.74,81.8,27.02,Male,high,117,5998,447.4,4.2,2.13,None,150,143,57,1.93,28.2,3,2
38,1.78,53.2,16.79,Male,moderate,85,11968,484.0,5.3,2.45,Cardio,168,108,63,1.81,34.8,4,3
22,1.72,80.0,27.04,Female,moderate,94,9237,808.7,8.9,2.66,Yoga,176,81,80,1.41,30.3,3,1
37,1.53,86.7,37.04,Female,moderate,135,1974,396.1,6.0,3.41,Yoga,167,124,58,1.64,16.6,6,3
54,1.74,92.4,30.52,Female,high,61,4785,299.3,6.8,2.36,Cardio,172,127,56,1.8,30.0,1,3
20,1.73,119.2,39.83,Female,high,97,11137,776.0,7.9,1.66,Yoga,181,147,73,1.71,25.7,4,2
61,1.63,113.8,42.83,Female,moderate,127,2940,335.3,5.3,3.44,Strength,169,85,77,0.99,13.0,1,3
50,1.96,74.7,19.45,Male,moderate,103,11811,835.1,8.7,1.26,None,174,150,79,1.72,24.1,2,1
26,1.71,53.5,18.3,Female,low,109,9201,617.0,6.3,1.78,Cardio,128,82,69,0.97,32.4,4,1
26,1.93,61.1,16.4,Female,high,143,8598,588.8,8.4,3.26,None,151,106,61,1.8,17.2,4,1
21,1.55,58.0,24.14,Male,moderate,170,8251,743.0,6.3,3.36,Yoga,176,137,62,0.88,26.5,2,1
52,1.66,71.7,26.02,Male,high,118,8265,211.5,8.5,2.61,Yoga,124,129,57,1.36,11.0,5,2
34,1.59,110.7,43.79,Female,high,84,11918,699.5,8.3,1.04,Strength,184,133,77,1.54,30.9,1,3
51,1.7,77.8,26.92,Female,high,80,11899,618.9,5.7,2.11,Strength,169,137,69,1.14,15.1,3,3
41,1.56,87.5,35.95,Female,moderate,130,4313,566.6,4.4,3.33,Yoga,182,91,55,1.67,25.2,3,3
49,1.72,58.4,19.74,Male,moderate,117,12862,352.1,4.3,3.22,Yoga,177,100,70,1.89,23.1,3,3
18,1.68,82.0,29.05,Female,low,101,14197,780.6,6.3,3.23,Strength,176,125,82,0.78,23.7,4,1
25,1.61,110.5,42.63,Male,high,109,8273,375.5,4.2,1.73,Strength,128,107,76,0.55,16.3,3,2
62,1.82,103.0,31.1,Male,high,103,14014,542.8,7.1,3.06,Cardio,145,100,57,1.44,24.0,3,3
40,1.98,51.1,13.03,Male,high,117,12879,310.7,8.0,2.68,Strength,182,96,56,1.4,25.1,2,3
64,1.6,109.7,42.85,Male,low,162,1515,881.6,8.3,3.23,Cardio,185,141,84,1.01,20.6,1,2
57,1.86,65.5,18.93,Female,high,78,13513,336.2,8.7,2.59,Cardio,153,152,69,1.68,25.8,4,3
29,1.87,94.9,27.14,Male,low,172,10595,762.3,4.4,1.94,None,125,156,58,1.74,14.8,2,2
29,1.75,56.0,18.29,Male,low,72,4026,384.2,8.4,2.59,Strength,181,137,81,1.0,22.8,2,3
63,1.95,95.6,25.14,Female,low,75,1409,379.2,4.5,1.89,Cardio,194,91,68,1.52,27.9,6,2
64,1.98,47.7,12.17,Male,low,155,7538,495.2,9.0,1.01,None,160,115,63,1.46,19.2,4,3
32,1.68,90.0,31.89,Female,low,83,13445,792.1,4.5,3.04,None,173,150,76,1.01,20.3,2,1
58,1.83,93.4,27.89,Male,low,111,6009,681.3,9.0,3.12,Strength,155,113,82,1.95,14.1,5,3
36,1.83,63.3,18.9,Female,low,116,13817,810.1,6.1,2.87,Strength,121,107,63,1.02,25.4,6,1
43,1.7,115.3,39.9,Male,moderate,133,10401,233.0,7.7,1.57,None,146,106,68,1.43,13.1,4,2
46,1.66,48.4,17.56,Male,high,165,10546,869.0,4.9,1.34,Cardio,137,95,69,1.07,22.5,1,1
39,1.97,111.9,28.83,Female,moderate,147,14889,254.0,4.4,1.42,Strength,196,127,78,0.52,15.3,6,3
57,1.89,73.6,20.6,Male,moderate,93,4090,704.7,7.4,2.25,None,130,138,59,0.64,14.9,6,1
38,1.56,98.5,40.48,Male,low,141,13308,345.0,6.8,1.66,None,197,152,78,0.85,12.4,4,1
55,1.56,93.9,38.58,Female,low,168,1763,788.6,8.5,3.2,Cardio,163,140,56,1.72,18.9,2,3
37,1.96,57.6,14.99,Male,moderate,148,11106,803.7,7.4,2.36,Yoga,123,123,78,1.16,31.7,6,2
46,1.54,68.9,29.05,Male,moderate,98,4856,585.9,7.2,2.13,Cardio,196,145,71,1.38,25.1,6,1
21,1.84,84.7,25.02,Female,moderate,138,5843,482.0,7.3,3.18,None,162,153,65,1.92,29.5,2,3
24,1.61,108.5,41.86,Female,low,63,7127,755.4,6.0,1.2,Cardio,158,105,67,0.72,12.9,1,1
45,1.52,116.6,50.47,Female,moderate,80,7990,811.8,7.6,3.18,Strength,178,115,66,1.79,17.8,1,2
45,1.53,46.5,19.86,Female,low,91,9742,716.8,8.5,3.01,None,144,146,57,1.07,19.7,6,2
21,1.69,71.4,25.0,Female,moderate,111,13964,834.8,7.5,2.72,Cardio,198,145,77,1.01,31.5,5,2
39,1.54,95.1,40.1,Male,moderate,148,14907,638.6,4.6,1.28,Cardio,174,110,74,1.44,26.6,4,1
29,1.8,84.6,26.11,Female,high,61,8440,669.3,6.3,1.13,Cardio,184,148,67,1.85,22.3,3,3
62,1.82,115.7,34.93,Male,moderate,132,5888,600.3,6.0,1.42,Cardio,144,113,69,1.02,17.5,2,2
20,1.69,46.3,16.21,Female,moderate,93,5871,541.7,6.4,1.68,None,156,115,65,1.64,29.0,3,3
39,1.87,77.8,22.25,Male,low,118,13216,658.4,5.5,2.54,Cardio,194,115,70,0.53,32.2,2,2
61,1.75,95.2,31.09,Male,high,139,1885,592.8,6.8,1.2,Strength,199,79,61,1.43,23.4,1,1
19,1.72,61.3,20.72,Female,high,91,6992,711.9,8.0,1.46,Yoga,173,159,55,1.45,11.1,3,1
41,1.7,99.4,34.39,Male,moderate,106,1794,854.0,5.7,1.5,Yoga,192,80,77,1.33,16.8,2,2
51,1.72,51.1,17.27,Male,high,67,5254,461.1,8.6,2.68,Yoga,147,136,84,1.91,28.6,4,3
44,1.98,78.8,20.1,Female,low,82,13871,487.8,5.4,1.87,Strength,171,90,73,1.91,19.7,4,3
58,1.84,95.7,28.27,Female,moderate,104,1280,210.5,6.5,1.69,Yoga,183,154,72,1.01,25.6,4,2
18,1.66,65.0,23.59,Female,low,152,12067,568.9,7.3,1.07,None,157,93,63,1.18,23.1,2,1
25,1.87,50.5,14.44,Female,high,107,13360,292.0,8.1,1.24,None,163,157,72,1.69,32.7,6,3
40,1.67,116.8,41.88,Male,moderate,162,11793,701.2,7.3,2.37,Strength,181,111,57,1.77,17.7,4,3
55,1.56,113.5,46.64,Male,high,142,3859,745.7,8.4,2.58,Strength,187,138,57,1.13,21.2,5,1
23,1.74,114.5,37.82,Male,low,174,10962,705.9,8.2,2.86,None,157,133,58,1.02,11.6,5,3
39,1.88,118.4,33.5,Male,high,74,12264,582.7,5.0,2.24,Strength,169,143,70,1.73,30.1,1,2
42,1.69,58.9,20.62,Male,moderate,135,6731,574.0,5.9,1.67,Strength,180,147,65,1.07,18.1,3,1
35,1.93,56.8,15.25,Male,high,143,7365,652.6,4.1,1.73,None,147,159,77,1.11,28.0,6,2
34,1.69,47.6,16.67,Female,low,178,2136,588.3,5.4,2.63,None,189,81,77,0.7,10.1,2,1
29,1.67,111.9,40.12,Male,moderate,63,3869,725.2,4.1,2.07,Cardio,150,116,69,1.31,31.7,6,2
23,2.0,101.5,25.38,Male,low,155,7385,826.2,7.4,1.4,Cardio,176,99,63,0.99,34.3,4,2
43,1.74,92.5,30.55,Male,moderate,79,12631,575.3,7.6,1.01,Yoga,129,130,80,1.39,21.7,4,2
44,1.9,114.6,31.75,Female,moderate,149,5333,277.2,7.9,1.65,Strength,131,121,62,1.17,22.1,1,3
25,1.9,88.1,24.4,Female,low,123,11166,291.7,4.7,2.89,None,126,159,76,1.62,25.4,2,3
36,1.96,54.7,14.24,Female,low,108,4853,463.1,5.6,2.66,Yoga,147,151,60,0.92,34.4,2,2
59,1.54,58.3,24.58,Female,low,121,13841,547.4,7.1,1.24,Cardio,194,124,75,0.76,24.0,4,2
18,1.64,54.9,20.41,Male,high,161,14615,357.5,8.3,2.11,Strength,139,159,72,1.55,11.8,2,1
46,1.88,68.1,19.27,Male,low,144,5333,516.9,8.2,1.36,Yoga,184,148,60,1.08,24.1,4,3
62,1.78,73.5,23.2,Male,low,67,13185,295.0,6.0,2.18,Strength,146,107,60,1.35,20.5,5,2
52,1.78,104.8,33.08,Female,high,93,6645,368.6,5.7,1.28,Yoga,135,100,66,1.91,29.0,4,3
57,1.58,59.3,23.75,Male,moderate,130,9127,713.8,6.3,2.7,Strength,155,91,59,1.23,17.6,1,1
31,1.64,99.4,36.96,Male,high,121,14223,889.9,4.8,2.46,Strength,189,95,68,0.73,33.1,1,2
52,1.76,81.8,26.41,Male,moderate,159,12052,330.3,5.2,1.65,None,129,76,60,1.14,30.0,4,3
62,1.64,120.0,44.62,Female,moderate,130,3851,437.4,4.1,3.48,Strength,163,153,75,1.22,18.2,2,1
37,1.61,103.2,39.81,Female,low,68,12694,445.5,7.7,2.47,Cardio,138,118,81,1.65,18.8,3,2
30,1.54,117.7,49.63,Female,low,124,12449,356.3,9.0,1.67,None,193,140,84,0.79,22.9,6,3
55,1.58,70.7,28.32,Male,high,70,6075,342.8,4.4,1.89,Strength,184,145,82,1.02,12.5,5,1
63,1.88,54.2,15.33,Male,low,141,6497,292.2,4.8,3.29,Cardio,193,110,74,0.58,27.3,3,1
25,1.86,82.9,23.96,Male,moderate,130,11516,835.3,5.0,1.51,Cardio,181,120,73,1.55,25.2,5,3
60,1.52,54.3,23.5,Male,high,125,13170,654.6,6.7,1.51,Yoga,152,124,68,1.62,18.0,5,2
37,1.6,81.9,31.99,Female,low,128,1602,403.3,5.9,2.43,None,156,141,55,1.19,26.0,2,3
50,1.78,65.2,20.58,Male,moderate,107,6085,380.7,4.4,1.83,None,132,77,81,1.31,12.5,5,1
43,1.66,81.8,29.69,Female,high,90,7582,612.8,4.0,1.76,Yoga,156,107,74,1.62,33.8,1,1
56,1.91,116.2,31.85,Male,moderate,99,5493,688.1,5.7,2.03,Yoga,138,119,83,0.9,11.7,1,2
38,1.89,66.7,18.67,Female,low,151,11577,377.1,6.2,3.08,Yoga,185,99,79,1.41,18.2,5,3
59,1.95,119.5,31.43,Male,moderate,143,14893,443.0,7.4,3.1,None,149,111,77,1.95,34.3,4,2
60,1.78,62.2,19.63,Male,high,159,12563,403.4,8.9,2.66,Cardio,151,110,61,1.49,20.0,3,2
58,1.68,60.6,21.47,Female,moderate,65,13200,261.4,6.1,2.44,Cardio,152,109,61,0.62,32.1,2,1
26,1.8,85.9,26.51,Female,moderate,61,2120,470.6,6.6,1.04,Strength,159,93,68,0.94,13.8,5,3
41,1.54,108.2,45.62,Male,low,170,10075,573.5,7.7,2.41,None,134,119,74,1.28,11.7,5,3
54,1.5,101.2,44.98,Male,low,121,4327,658.8,6.1,3.39,None,189,157,70,0.61,12.7,5,1
58,1.51,99.3,43.55,Male,moderate,121,14430,491.7,7.0,3.09,Yoga,199,92,66,1.51,34.3,1,1
34,1.7,66.2,22.91,Female,moderate,129,1843,888.4,5.8,1.36,None,157,101,77,1.48,12.2,1,3
41,1.61,46.7,18.02,Male,high,74,10539,638.1,9.0,3.43,None,127,105,65,1.81,26.3,3,2
38,1.58,57.1,22.87,Female,high,125,9369,820.6,5.1,1.54,Cardio,195,113,72,1.25,21.0,2,2
56,1.81,71.2,21.73,Male,high,161,6557,841.2,7.7,1.31,None,158,141,66,1.54,31.5,5,3
58,2.0,117.9,29.48,Male,high,170,7755,775.0,4.5,1.72,Cardio,179,96,78,0.77,17.4,1,2
56,1.59,114.0,45.09,Male,moderate,92,12114,389.0,5.4,1.35,Cardio,179,126,64,0.5,10.7,1,2
30,1.77,60.0,19.15,Male,moderate,91,3762,501.9,7.5,1.56,None,175,84,78,0.76,28.7,4,1
28,1.56,99.4,40.84,Female,high,159,4299,200.3,5.5,1.77,Cardio,137,82,79,0.59,24.7,5,2
63,1.97,88.4,22.78,Female,high,127,6454,516.0,5.5,2.48,Yoga,167,108,59,1.14,20.9,5,1
36,1.65,48.7,17.89,Male,high,126,11806,405.6,5.0,2.53,Cardio,140,127,80,1.2,18.1,2,2
28,1.94,72.9,19.37,Male,low,76,1288,278.3,4.4,2.34,None,175,92,78,1.47,32.5,6,3
30,1.64,81.5,30.3,Male,low,111,5571,787.0,5.8,1.75,Yoga,131,86,56,0.71,13.0,6,1
63,1.9,95.1,26.34,Female,low,138,4751,671.4,4.5,3.38,Yoga,125,138,64,0.82,13.5,6,3
62,1.6,67.1,26.21,Male,moderate,176,5355,899.4,8.9,1.74,None,150,131,80,1.7,10.4,4,1
18,1.65,115.0,42.24,Female,low,98,12467,548.9,5.5,2.0,Strength,190,76,78,1.36,11.8,5,2
57,1.6,78.9,30.82,Female,low,135,8119,431.5,6.7,2.06,Cardio,180,91,80,0.54,31.4,1,3
61,1.63,63.6,23.94,Female,high,66,9493,384.7,5.4,1.06,Cardio,187,126,70,1.77,29.8,3,1
36,1.92,68.7,18.64,Female,low,61,13116,504.8,5.2,2.07,Strength,176,150,79,1.44,12.6,2,3
29,1.82,101.4,30.61,Male,moderate,127,7088,416.9,7.6,1.85,Yoga,180,145,60,0.78,29.5,5,3
25,1.7,93.0,32.18,Male,low,96,14971,893.5,5.8,1.18,Strength,136,153,60,0.88,26.0,5,2
25,1.99,100.7,25.43,Female,high,83,9821,328.0,4.8,3.03,None,148,76,74,1.33,19.7,1,1
62,1.73,66.9,22.35,Male,low,142,14524,213.4,5.0,2.78,Strength,186,101,83,1.34,12.1,3,2
29,1.98,69.5,17.73,Male,high,106,9260,291.0,8.4,1.71,Yoga,178,100,78,1.71,25.1,1,3
50,1.6,74.8,29.22,Male,high,179,8155,824.1,6.8,1.65,None,122,99,77,1.04,31.0,1,1
62,1.95,59.1,15.54,Female,high,61,14756,685.7,7.3,3.26,None,146,86,66,1.32,20.5,6,3
43,1.51,96.8,42.45,Male,high,114,1251,748.8,4.4,1.47,None,120,91,63,1.37,20.6,3,3
56,1.77,69.7,22.25,Male,low,155,2220,424.3,6.9,3.18,Cardio,198,139,71,1.34,30.7,1,1
45,1.71,69.5,23.77,Male,moderate,156,2743,635.9,4.9,1.19,Cardio,197,114,64,0.61,15.3,1,3
22,1.76,65.2,21.05,Male,high,151,3273,695.5,4.6,3.1,None,123,79,62,1.12,14.3,1,1
25,1.78,79.0,24.93,Male,high,102,11365,428.5,6.4,2.35,Strength,123,102,78,1.01,27.4,3,1
42,1.69,102.9,36.03,Male,low,118,12583,707.2,7.0,2.94,Cardio,194,146,63,1.99,26.4,1,1
44,2.0,107.7,26.92,Male,low,96,1149,640.8,5.8,1.23,Yoga,152,126,61,1.2,32.8,3,3
63,1.99,105.3,26.59,Male,moderate,61,6134,407.4,7.4,2.05,Cardio,130,88,79,1.15,18.4,5,2
40,1.98,91.6,23.36,Male,high,145,4423,237.0,8.1,2.13,Strength,195,80,64,1.23,15.1,6,3
47,1.99,66.0,16.67,Male,moderate,73,11720,366.5,7.1,2.29,Cardio,198,92,78,1.88,20.7,6,3
62,1.9,100.1,27.73,Female,moderate,170,4682,633.7,7.9,2.57,Strength,176,111,79,1.42,19.6,5,1
64,1.99,48.0,12.12,Male,low,77,10283,619.3,8.2,1.97,Strength,145,148,79,1.08,33.5,1,2
40,1.95,104.9,27.59,Female,low,93,12215,555.4,8.9,2.12,Cardio,145,138,55,1.87,32.9,4,1
64,1.71,103.5,35.4,Male,high,93,5553,376.0,6.9,1.93,Strength,173,109,73,1.89,20.7,5,3
37,1.89,95.3,26.68,Female,high,95,1876,511.2,4.6,2.75,Strength,146,91,76,0.9,20.3,3,2
35,1.96,52.3,13.61,Female,high,174,12178,300.8,6.1,3.27,Yoga,173,84,82,1.09,21.1,6,1
35,1.86,119.8,34.63,Male,moderate,134,8392,663.7,7.7,1.29,None,121,125,65,1.95,28.3,5,3
19,1.71,101.7,34.78,Female,high,164,13619,808.4,8.4,1.72,None,128,155,77,1.31,23.8,6,3
21,1.53,100.1,42.76,Female,moderate,163,13476,524.6,5.0,1.55,Cardio,191,126,74,1.15,17.2,5,2
47,1.9,49.8,13.8,Female,moderate,114,4322,349.1,7.0,3.35,Strength,183,138,64,0.79,29.2,1,3
50,1.98,74.9,19.11,Male,high,111,10550,779.5,7.7,2.49,Cardio,184,107,56,1.08,32.6,3,3
53,1.68,51.5,18.25,Female,moderate,95,9094,419.2,8.9,1.36,Cardio,140,91,68,1.45,27.9,4,3
35,1.58,72.1,28.88,Female,high,75,11338,615.8,5.9,1.99,None,145,156,66,0.56,14.9,3,3
54,1.66,87.8,31.86,Male,low,148,13975,252.8,4.2,2.18,Strength,134,123,58,0.62,29.8,5,2
36,1.79,110.9,34.61,Female,moderate,100,1751,702.6,8.8,2.56,Cardio,162,81,76,0.51,34.7,5,3
64,1.66,66.2,24.02,Female,moderate,115,1472,522.5,4.2,1.54,Cardio,158,139,67,0.83,27.1,1,3
45,1.81,91.8,28.02,Female,high,91,3756,496.3,5.2,2.26,None,135,136,74,0.77,16.1,4,3
57,1.98,57.3,14.62,Male,high,153,5724,854.4,6.8,3.0,None,154,149,82,1.78,10.1,6,2
37,1.84,71.5,21.12,Female,low,101,14753,544.0,4.4,2.65,None,142,84,64,0.78,19.6,2,2
50,1.68,116.0,41.1,Male,high,81,14172,211.7,8.7,1.26,Cardio,131,105,56,1.49,21.8,6,1
29,1.97,101.1,26.05,Female,moderate,151,3472,871.9,6.8,3.28,Strength,175,99,79,0.68,32.7,4,2
32,1.78,85.9,27.11,Female,low,96,9397,208.5,5.8,1.85,None,171,131,71,1.39,25.5,3,3
58,1.56,63.9,26.26,Female,low,167,6918,575.1,5.8,2.06,None,138,139,64,1.15,17.0,1,2
56,1.75,73.5,24.0,Female,moderate,162,12981,643.5,4.1,2.73,Strength,181,117,77,1.11,27.3,6,2
19,1.83,56.8,16.96,Male,low,145,10769,826.1,8.1,2.15,Cardio,127,77,70,1.78,12.3,2,2
46,1.92,71.5,19.4,Female,low,67,14837,675.4,6.0,2.47,Cardio,130,129,63,0.75,15.3,2,3
58,1.97,56.3,14.51,Male,moderate,66,14629,767.8,4.0,2.19,Strength,162,122,73,1.39,28.6,6,1
27,1.66,104.6,37.96,Female,high,170,5293,738.9,8.0,1.77,None,188,139,65,1.73,17.4,3,1
19,1.58,51.1,20.47,Male,moderate,69,8996,349.5,8.6,2.1,Yoga,156,145,60,1.57,10.8,1,1
28,1.54,59.2,24.96,Female,moderate,103,5154,690.3,7.2,1.78,Strength,144,134,79,1.98,22.4,2,1
30,1.87,96.8,27.68,Female,moderate,99,13248,646.3,8.9,2.12,Yoga,143,88,79,0.5,26.5,1,2
27,1.9,112.7,31.22,Male,moderate,93,6419,370.8,6.7,1.51,Cardio,153,155,58,1.83,29.7,3,1
31,1.7,117.3,40.59,Male,high,66,14531,289.8,4.4,1.15,Cardio,131,88,70,1.42,17.7,3,2
35,1.7,107.7,37.27,Male,high,83,11160,726.1,8.8,2.75,Yoga,161,83,66,0.5,20.6,1,2
26,1.98,60.9,15.53,Male,low,71,14187,879.8,5.5,1.31,None,198,159,78,1.2,23.9,6,1
56,1.96,66.4,17.28,Female,moderate,106,10414,716.9,7.6,3.06,Yoga,131,119,78,1.65,11.9,6,3
45,1.62,110.3,42.03,Male,moderate,125,6993,724.6,6.5,1.91,None,148,76,81,0.77,14.9,3,1
20,1.89,111.7,31.27,Male,low,131,1248,316.7,4.9,1.62,Strength,139,106,70,1.52,19.2,6,1
37,1.81,93.0,28.39,Male,high,100,5869,372.9,5.9,2.02,Cardio,198,82,77,0.71,16.7,6,2
23,1.58,68.5,27.44,Female,moderate,141,14417,610.0,6.0,1.37,Cardio,122,110,76,1.71,21.6,3,2
44,1.68,61.8,21.9,Female,moderate,154,4511,222.0,7.8,3.12,Yoga,199,111,57,1.35,26.3,2,1
19,1.59,108.9,43.08,Female,moderate,166,6604,667.5,5.4,1.42,Strength,180,89,66,0.55,23.5,1,1
46,1.65,60.4,22.19,Female,moderate,79,4385,301.4,9.0,2.23,Yoga,190,108,69,0.64,29.4,3,3
55,1.81,94.6,28.88,Male,high,79,7122,489.4,8.1,1.4,Yoga,141,95,74,1.8,25.7,4,3
20,1.69,117.6,41.18,Female,low,71,6872,424.1,7.1,1.11,Yoga,198,83,84,0.55,17.3,4,3
33,1.7,97.9,33.88,Male,low,172,13764,274.5,6.6,2.99,None,192,114,66,0.95,13.0,3,2
47,1.77,64.3,20.52,Female,moderate,129,13927,605.1,7.7,2.39,Cardio,136,100,63,1.35,26.0,5,3
57,1.54,66.2,27.91,Male,moderate,126,4163,452.9,8.8,1.2,Cardio,121,96,64,0.82,15.3,4,2
19,1.87,52.0,14.87,Male,high,89,1082,230.8,9.0,3.23,Yoga,126,87,77,0.84,18.0,2,2
34,1.7,96.5,33.39,Male,moderate,83,7221,511.1,8.3,1.98,None,133,99,81,1.66,29.9,2,1
58,1.74,83.9,27.71,Male,moderate,114,13397,613.2,4.2,2.07,Cardio,123,145,62,0.94,15.5,2,3
29,1.99,60.5,15.28,Male,moderate,107,4070,291.3,8.8,2.24,None,164,89,67,0.56,23.4,3,1
52,1.67,62.1,22.27,Female,low,137,14324,609.5,7.7,1.56,Strength,182,150,76,1.58,12.4,6,1
60,1.82,45.7,13.8,Male,high,108,4100,411.4,7.1,2.38,None,129,119,69,1.93,20.4,3,2
18,1.7,118.4,40.97,Male,moderate,122,2320,381.8,4.9,1.62,None,164,95,82,1.75,34.5,6,3
62,1.95,107.1,28.17,Male,high,88,9124,756.8,4.6,3.09,Strength,163,114,71,1.32,33.9,4,1
32,1.92,74.6,20.24,Male,low,88,13801,527.4,6.3,3.07,Cardio,174,121,81,1.14,33.7,2,2
43,1.62,116.0,44.2,Female,low,133,2152,464.5,7.6,2.19,Cardio,137,135,66,1.89,24.9,2,1
54,1.85,95.8,27.99,Female,moderate,165,5315,769.1,7.7,2.33,None,130,88,70,1.65,17.4,5,3
38,1.53,101.4,43.32,Male,moderate,164,7820,837.2,6.7,3.48,None,173,146,79,1.36,18.9,3,2
48,1.98,96.0,24.49,Male,high,98,6601,420.6,8.0,2.99,Strength,120,141,65,1.82,15.2,4,3
42,1.67,101.8,36.5,Male,moderate,92,8277,235.3,6.9,1.16,Strength,172,150,73,1.4,12.4,4,1
40,1.92,57.8,15.68,Male,low,131,2047,578.5,6.2,1.43,Cardio,199,121,83,1.96,14.2,3,2
41,1.66,87.2,31.64,Female,high,165,2135,700.6,5.8,2.49,Cardio,197,90,67,1.79,21.7,6,1
55,1.82,108.7,32.82,Female,high,72,11588,611.5,5.4,1.93,Strength,152,145,57,1.33,10.7,2,1
45,1.99,46.5,11.74,Male,moderate,165,10697,681.6,8.1,3.01,None,126,92,79,1.88,33.5,1,3
38,1.94,54.3,14.43,Male,low,179,8419,652.7,5.1,2.6,Strength,144,119,58,1.01,24.0,6,2
60,1.58,63.4,25.4,Male,high,87,1629,869.2,8.5,3.48,Cardio,188,97,78,1.55,14.3,6,1
35,1.77,67.1,21.42,Male,moderate,171,14792,806.1,5.5,1.03,None,168,100,69,0.76,20.4,4,3
53,1.67,58.7,21.05,Male,moderate,70,3597,292.3,6.1,2.1,Yoga,193,140,68,1.84,19.4,6,3
52,1.72,91.8,31.03,Female,moderate,140,8969,516.8,4.7,2.02,Yoga,123,76,82,0.87,30.9,3,2
62,1.67,67.1,24.06,Female,moderate,75,11180,518.3,4.6,2.09,Strength,143,96,65,1.92,13.0,2,1
26,1.67,56.9,20.4,Male,moderate,147,1733,519.4,4.7,3.21,Cardio,165,112,82,0.53,20.7,2,2
55,1.77,112.9,36.04,Female,low,92,8125,851.5,7.7,2.01,None,189,116,67,1.52,27.8,6,2
47,1.6,97.1,37.93,Female,low,117,10346,429.0,7.4,2.99,Yoga,131,102,74,0.73,19.3,2,1
61,1.77,63.5,20.27,Female,high,172,11396,630.0,7.5,2.58,None,181,137,72,1.66,18.9,5,2
51,1.64,72.1,26.81,Male,low,101,6406,827.4,8.2,2.22,None,195,91,67,1.24,18.5,6,2
49,1.64,100.6,37.4,Female,low,72,5701,235.4,5.0,2.73,None,181,156,75,1.86,29.1,2,2
20,1.87,104.3,29.83,Female,low,125,10052,815.0,5.3,1.57,None,181,133,81,1.57,13.0,5,3
20,1.51,58.2,25.53,Male,high,109,14214,735.5,8.8,1.36,Strength,195,76,73,1.65,31.4,6,1
45,1.69,115.2,40.33,Female,low,85,12095,345.5,4.5,3.42,None,177,153,58,0.68,11.8,3,2
61,1.7,103.9,35.95,Male,moderate,119,5084,427.9,5.4,1.98,Yoga,157,153,66,0.64,18.0,2,3
32,1.74,109.3,36.1,Female,moderate,152,8528,417.4,8.8,1.76,Yoga,187,124,57,1.78,19.7,3,3
58,1.83,55.8,16.66,Male,low,71,2174,354.9,6.7,1.66,Strength,136,89,70,0.84,19.8,4,2
40,1.68,55.8,19.77,Male,high,62,5271,647.0,8.6,2.56,Yoga,129,92,55,1.8,14.7,6,1
57,1.61,67.9,26.19,Female,low,77,14477,888.0,8.0,3.49,None,162,151,58,0.71,25.1,2,3
28,1.94,49.8,13.23,Female,high,113,9825,316.6,8.7,3.24,Yoga,152,112,63,0.96,21.3,5,2
49,1.99,51.8,13.08,Male,moderate,163,2716,362.5,7.7,2.0,Cardio,156,82,77,1.89,24.2,4,1
53,1.51,55.7,24.43,Male,high,109,12952,403.3,5.3,3.24,None,147,154,67,1.76,25.4,3,1
50,1.77,98.4,31.41,Female,low,153,2904,856.3,7.8,2.14,Strength,165,94,76,0.58,14.8,1,2
41,1.67,47.3,16.96,Female,moderate,162,5769,638.1,6.0,1.27,Cardio,121,134,84,1.17,33.0,3,3
56,1.64,51.2,19.04,Female,high,165,2623,348.9,4.8,1.47,Yoga,165,100,64,1.86,30.8,4,1
51,1.67,115.8,41.52,Female,low,158,9344,762.8,5.2,1.61,Cardio,157,109,63,0.52,30.7,4,1
45,1.82,51.3,15.49,Male,high,172,11493,846.0,5.5,3.29,Yoga,157,155,74,0.66,23.3,6,1
54,1.6,85.3,33.32,Male,low,132,7529,482.4,4.5,3.45,Yoga,140,100,60,1.47,30.5,4,1
24,1.96,93.2,24.26,Male,low,169,12845,321.0,6.0,1.57,Yoga,142,92,73,0.66,25.7,2,3
21,1.73,116.9,39.06,Female,high,68,1680,416.9,8.7,2.01,Strength,152,118,57,1.17,21.3,3,3
54,1.66,112.5,40.83,Female,moderate,101,10725,352.0,5.0,3.45,Cardio,162,81,64,1.26,28.8,6,2
18,1.88,78.1,22.1,Male,moderate,114,12193,341.0,8.9,3.12,Strength,187,109,64,1.79,25.0,3,2
18,1.51,115.7,50.74,Male,moderate,100,4167,319.6,6.4,2.11,Yoga,189,86,78,1.94,10.1,5,3
64,1.72,77.4,26.16,Male,low,173,11603,813.2,7.8,2.13,None,183,118,75,1.27,34.9,3,2
37,1.68,95.2,33.73,Male,high,123,1204,260.1,4.6,3.2,None,183,115,78,1.27,20.7,5,1
36,1.67,64.5,23.13,Male,high,108,7745,489.3,8.3,1.07,Strength,156,128,79,1.59,24.3,1,3
46,1.67,92.7,33.24,Male,low,143,12657,210.3,6.9,3.33,None,198,75,56,0.79,20.1,2,1
27,1.52,85.4,36.96,Female,moderate,171,5867,405.4,4.6,1.22,Cardio,142,99,67,1.91,12.5,6,3
35,1.58,90.5,36.25,Male,high,140,8949,694.9,6.5,3.25,None,192,154,61,0.5,30.9,6,3
45,1.57,96.2,39.03,Male,high,171,10111,342.0,7.4,1.16,None,153,89,83,0.5,27.1,3,2
52,1.99,58.0,14.65,Male,moderate,135,13005,899.1,6.1,3.42,Yoga,153,149,67,1.44,30.7,1,3
60,1.51,67.6,29.65,Male,moderate,61,13516,233.8,5.6,1.02,Cardio,146,77,84,1.01,22.1,3,2
64,1.58,100.2,40.14,Male,moderate,90,8014,295.5,5.5,3.41,Cardio,199,119,68,1.1,29.8,5,3
48,1.99,57.3,14.47,Male,moderate,138,12862,750.8,6.7,1.16,None,123,119,82,0.83,29.9,6,1
44,1.81,70.8,21.61,Male,low,115,4530,883.2,6.2,1.31,Yoga,195,125,72,1.11,18.4,1,1
28,1.73,95.0,31.74,Female,moderate,66,11759,867.8,7.7,3.41,None,188,116,68,1.74,10.1,3,1
55,1.54,115.3,48.62,Male,low,120,5229,758.8,8.7,2.98,None,182,113,77,1.55,31.5,1,1
22,1.83,50.6,15.11,Female,moderate,93,7308,881.1,4.9,3.1,Strength,197,94,81,0.64,14.6,1,1
25,1.57,83.7,33.96,Female,moderate,99,6118,788.6,6.5,2.08,Yoga,133,153,67,0.59,31.7,6,1
51,1.84,51.1,15.09,Female,low,176,13384,240.6,6.4,1.2,Strength,185,92,73,1.26,25.5,2,3
29,1.99,73.4,18.53,Male,low,107,2846,791.9,6.0,1.37,None,147,113,62,1.6,25.9,2,2
55,1.77,58.2,18.58,Male,moderate,80,9575,538.6,7.7,3.31,None,140,103,58,1.5,16.2,1,3
18,1.61,93.7,36.15,Male,low,175,12721,519.7,6.3,1.96,Yoga,198,94,63,1.8,20.1,6,1
48,1.81,101.8,31.07,Male,high,136,8011,201.8,4.5,2.89,Cardio,129,116,66,0.7,17.8,3,1
21,1.76,63.6,20.53,Male,moderate,108,1434,634.2,6.5,2.73,None,145,153,74,1.41,14.8,1,3
62,1.77,98.5,31.44,Male,moderate,174,12219,670.1,7.8,2.18,None,154,86,56,1.65,28.1,3,2
22,1.74,78.5,25.93,Male,low,165,6625,753.5,8.8,3.15,Strength,153,130,83,1.91,12.4,5,2
47,1.84,66.3,19.58,Male,moderate,61,8662,428.2,4.6,2.64,Strength,121,86,58,0.65,22.8,4,2
41,1.79,84.3,26.31,Male,high,131,2051,289.7,7.2,2.85,Yoga,162,127,75,0.86,23.4,3,2
20,1.99,73.5,18.56,Male,moderate,79,11711,507.9,5.8,3.09,Strength,163,82,78,1.03,33.9,2,1
28,1.91,62.2,17.05,Female,high,78,5901,453.6,5.1,1.56,Cardio,163,132,73,1.31,31.7,3,1
62,1.63,101.8,38.32,Male,moderate,148,10672,727.2,7.0,1.73,None,162,98,63,1.11,22.3,4,2
21,1.86,104.8,30.29,Male,high,172,14109,360.6,6.0,2.89,Strength,171,135,63,1.79,31.1,1,3
43,1.61,105.0,40.51,Male,moderate,89,4549,296.7,4.4,3.07,Cardio,124,75,65,1.93,29.8,5,3
44,1.89,73.7,20.63,Female,low,79,10524,508.1,8.5,2.49,None,138,152,64,0.61,10.7,5,1
63,1.57,57.7,23.41,Male,moderate,90,1675,639.6,6.2,3.48,None,149,144,57,1.55,33.1,4,3
60,1.74,108.0,35.67,Male,low,173,5797,396.7,8.8,3.2,Cardio,168,119,62,0.67,27.2,5,1
44,1.9,69.7,19.31,Female,moderate,76,10971,280.1,5.1,3.0,None,182,83,76,1.85,26.8,3,1
59,1.64,101.1,37.59,Male,high,146,14967,507.4,4.3,1.61,Cardio,148,75,65,0.71,27.8,1,2
23,1.92,106.3,28.84,Female,high,172,6665,873.3,4.1,1.83,Cardio,195,147,60,1.99,15.6,3,2
32,1.82,102.6,30.97,Female,low,160,12994,877.1,7.1,1.9,Strength,191,98,72,1.14,10.7,4,2
47,1.7,74.2,25.67,Female,low,62,12250,696.1,8.2,1.23,Yoga,198,134,62,1.07,15.8,6,2
59,1.71,115.4,39.47,Female,high,174,5486,744.0,7.2,2.83,Cardio,172,156,77,1.38,29.9,2,2
54,1.96,94.5,24.6,Male,moderate,145,10648,342.5,8.1,2.03,Strength,147,122,56,1.09,24.9,5,2
54,1.61,88.2,34.03,Female,high,70,13639,462.3,6.6,2.55,None,172,113,74,0.85,19.0,6,3
59,1.85,97.3,28.43,Female,high,62,2874,623.3,4.6,2.77,Strength,136,92,59,1.44,16.0,4,2
54,1.85,48.4,14.14,Male,moderate,104,9176,725.3,8.0,1.02,Cardio,143,126,79,1.59,30.0,1,2
52,1.96,74.3,19.34,Male,moderate,118,2049,316.6,5.8,1.12,Strength,195,76,64,1.92,21.4,2,1
40,1.86,111.1,32.11,Male,high,115,5735,520.3,7.5,1.84,Yoga,184,110,84,1.11,25.3,1,1
23,1.79,57.1,17.82,Female,moderate,172,13906,313.9,4.6,2.64,None,155,122,72,1.56,10.3,3,2
21,1.95,76.1,20.01,Male,low,163,1170,643.4,5.4,2.2,Strength,151,109,66,1.75,20.7,2,1
35,1.91,75.4,20.67,Female,low,114,6557,740.5,6.1,3.35,None,188,144,82,1.75,10.4,5,3
26,1.86,71.7,20.72,Female,high,86,10282,783.3,8.8,1.64,Cardio,145,155,77,0.55,29.7,2,3
46,1.52,87.2,37.74,Male,low,60,10363,712.7,7.2,1.26,Yoga,175,146,75,1.03,16.2,3,3
30,1.69,119.7,41.91,Male,moderate,130,8634,311.4,7.5,1.29,Yoga,186,116,56,0.52,14.2,5,3
64,1.82,64.2,19.38,Male,high,64,3586,779.9,7.9,1.56,Strength,152,148,64,1.34,33.2,6,2
34,1.76,97.9,31.61,Male,moderate,159,7060,434.1,6.5,1.59,None,158,154,66,1.8,10.5,3,3
62,1.66,101.8,36.94,Male,high,143,10907,785.0,4.8,1.95,None,177,112,73,1.72,14.9,3,3
49,1.57,88.8,36.03,Male,moderate,109,10484,375.6,5.5,2.41,Strength,131,100,59,1.72,16.0,5,3
39,1.78,52.3,16.51,Female,high,63,3366,533.0,5.2,1.62,Strength,162,105,64,1.03,30.6,5,3
21,1.64,87.9,32.68,Female,low,137,1160,603.6,8.5,2.29,Strength,191,126,55,0.57,27.8,3,1
22,1.62,116.5,44.39,Male,moderate,165,9766,224.3,7.6,2.19,Strength,132,134,61,0.76,34.2,3,3
54,1.7,70.7,24.46,Female,moderate,100,1170,832.6,6.8,1.77,Yoga,192,82,55,1.51,27.4,5,3
58,1.89,93.0,26.04,Female,high,78,4223,558.1,5.2,2.09,Strength,124,135,76,0.7,15.9,3,1
30,1.74,117.0,38.64,Female,moderate,84,8242,334.4,4.8,1.96,None,164,109,82,0.69,14.2,1,1
51,1.61,104.8,40.43,Female,moderate,66,1452,312.6,7.0,3.38,Cardio,124,108,76,1.03,28.9,1,2
62,1.56,96.6,39.69,Female,moderate,76,14034,680.6,4.6,1.17,None,142,84,71,0.64,32.5,1,1
39,1.75,117.8,38.47,Female,high,163,2150,257.2,6.3,2.92,Strength,154,114,66,0.99,32.8,1,1
40,1.9,57.8,16.01,Male,high,92,8791,507.9,6.9,1.77,Yoga,173,126,61,1.95,29.3,3,1
20,1.83,103.0,30.76,Male,high,119,13605,578.2,5.8,1.46,Strength,168,86,62,0.53,29.9,3,3
59,1.62,75.5,28.77,Male,low,92,4298,363.2,8.6,3.18,Cardio,189,101,57,1.75,26.6,2,2
51,1.72,72.0,24.34,Female,low,169,13787,290.4,4.5,2.17,Strength,197,93,69,1.99,28.4,2,2
49,1.93,84.1,22.58,Male,moderate,87,3546,543.5,6.1,2.28,Cardio,156,131,66,1.15,12.9,2,3
62,1.59,47.5,18.79,Male,moderate,76,6714,438.2,8.5,2.04,Strength,141,128,80,1.91,18.2,6,2
38,1.77,68.4,21.83,Male,high,107,9636,298.2,4.9,2.01,Yoga,127,89,71,0.89,21.5,6,3
63,1.68,57.5,20.37,Female,low,176,11176,347.3,7.1,2.73,None,176,111,56,1.97,26.6,6,1
61,1.56,55.4,22.76,Male,moderate,154,2678,529.7,6.9,2.9,Cardio,190,135,71,1.79,20.4,2,3
38,1.52,70.3,30.43,Female,moderate,71,2923,293.1,8.5,2.97,None,179,92,79,1.83,19.4,3,3
61,1.78,105.2,33.2,Male,low,149,7360,855.3,8.4,2.31,Strength,174,118,58,0.7,24.1,2,1
28,1.51,60.1,26.36,Male,low,174,4117,742.8,8.6,2.75,None,153,158,61,1.81,19.9,3,1
56,1.55,84.9,35.34,Male,moderate,62,4299,427.9,6.9,2.94,Yoga,160,95,69,1.91,11.8,1,2
21,1.67,101.1,36.25,Female,low,125,1903,380.8,4.9,2.71,Yoga,147,103,75,1.73,34.2,3,3
18,1.52,63.1,27.31,Female,moderate,139,7188,812.0,4.7,1.48,None,150,89,79,0.64,33.2,6,1
45,1.7,114.3,39.55,Female,high,111,11352,498.8,7.9,2.78,None,140,142,70,0.63,11.0,2,2
41,1.57,110.0,44.63,Female,high,135,4097,803.9,6.1,2.62,Yoga,193,138,79,1.04,23.2,3,3
52,1.67,63.8,22.88,Female,high,120,5963,719.7,5.2,1.24,Cardio,170,88,60,1.56,27.8,3,1
30,1.9,119.2,33.02,Male,high,177,9209,264.5,7.3,2.62,Cardio,155,111,59,0.52,25.2,5,1
64,1.81,95.2,29.06,Male,low,73,13315,769.5,7.9,3.19,Yoga,196,128,80,1.93,18.8,2,3
51,1.72,66.5,22.48,Female,low,132,14024,577.9,8.5,2.03,Yoga,145,133,70,1.29,30.1,6,1
28,1.55,96.1,40.0,Female,moderate,137,5835,674.3,4.2,1.33,Cardio,138,133,55,1.04,25.4,4,3
53,1.81,95.0,29.0,Male,low,126,11997,353.3,4.5,2.53,None,125,159,69,1.34,16.0,4,3
34,1.58,90.5,36.25,Female,low,173,5451,200.2,7.4,1.6,None,167,129,74,1.57,25.3,3,3
52,1.54,98.4,41.49,Male,high,64,1946,433.6,4.7,2.36,Strength,134,117,59,0.91,16.9,5,1
35,1.83,65.1,19.44,Female,low,122,5635,333.4,4.6,2.67,Cardio,168,126,67,0.94,24.9,6,1
57,1.96,118.4,30.82,Male,low,118,1848,504.7,4.9,2.28,Yoga,137,113,68,1.2,29.1,6,3
39,1.73,109.3,36.52,Female,low,117,12853,263.6,5.5,1.77,Strength,184,151,79,1.5,17.6,3,2
41,1.52,100.9,43.67,Female,high,112,7328,826.5,8.4,3.14,None,141,93,56,1.56,17.1,2,3
36,1.94,47.0,12.49,Male,low,132,8452,283.1,8.0,1.34,Cardio,179,130,56,0.99,28.2,1,3
54,1.53,89.3,38.15,Male,low,137,5223,734.9,5.7,1.11,Strength,155,110,73,0.98,22.7,3,3
56,1.93,98.0,26.31,Female,low,103,5916,857.5,7.1,3.07,None,129,126,73,1.23,13.5,4,2
38,1.7,109.1,37.75,Female,moderate,162,8758,303.8,7.4,1.09,Yoga,139,118,66,1.31,23.6,3,1
25,1.68,116.0,41.1,Male,moderate,171,11178,442.5,8.9,2.22,None,189,120,77,1.47,26.6,2,1
45,1.77,113.7,36.29,Female,low,172,8554,711.7,4.4,2.34,None,180,114,84,1.43,22.3,2,3
22,1.98,75.5,19.26,Male,high,131,5918,700.1,5.8,1.85,Cardio,178,154,71,1.06,25.6,4,3
34,1.95,112.2,29.51,Male,low,133,8651,226.2,8.7,1.69,Yoga,141,127,56,0.95,19.1,6,1
54,1.74,45.1,14.9,Female,low,86,9702,249.5,6.7,2.85,Cardio,187,131,65,0.96,31.9,4,3
53,1.85,71.4,20.86,Male,moderate,73,12759,284.1,7.9,1.92,Yoga,123,93,71,1.47,16.0,5,1
36,1.79,53.5,16.7,Male,high,166,4878,597.6,5.2,1.31,Strength,148,152,68,1.15,17.0,5,2
44,1.85,111.2,32.49,Female,high,66,2679,238.5,5.4,2.16,None,177,118,63,0.7,29.3,1,3
51,1.91,114.6,31.41,Male,high,176,6759,611.9,8.5,2.82,Cardio,177,94,80,0.51,11.4,6,1
28,1.52,64.2,27.79,Male,high,128,12762,439.7,7.4,1.77,Yoga,173,118,79,0.54,34.7,6,1
62,1.66,72.5,26.31,Male,high,123,13247,668.6,8.2,1.33,Cardio,147,117,83,1.8,25.7,4,2
64,1.98,118.8,30.3,Male,low,157,7183,747.4,5.1,1.85,None,196,81,73,1.19,30.2,6,3
29,1.97,87.5,22.55,Female,low,91,4692,754.0,5.2,2.36,None,158,116,82,1.49,24.6,5,2
38,1.51,82.3,36.09,Male,high,91,7234,226.3,5.5,1.25,Strength,176,136,73,1.89,29.7,6,1
28,1.6,82.5,32.23,Female,moderate,153,7726,863.0,8.1,1.59,Yoga,183,76,55,0.69,20.9,4,1
56,2.0,97.2,24.3,Male,low,78,14693,610.7,5.1,3.43,Yoga,149,151,59,1.17,24.4,3,2
45,1.75,116.6,38.07,Female,moderate,135,13296,827.0,7.4,1.51,Strength,169,120,73,1.31,26.5,5,2
22,1.79,72.5,22.63,Male,low,113,2068,630.6,5.6,1.16,Strength,173,112,56,1.76,32.5,4,2
34,1.58,57.9,23.19,Female,moderate,76,1758,538.9,7.1,2.08,Yoga,142,75,83,1.99,10.9,4,3
37,1.95,58.9,15.49,Male,high,108,1505,710.8,6.1,1.18,Yoga,137,121,68,1.57,12.7,3,1
58,1.62,46.5,17.72,Male,low,70,6123,353.6,5.3,1.03,Cardio,173,87,73,1.46,27.3,4,3
63,1.59,86.7,34.29,Male,high,150,2725,272.3,7.3,1.04,Yoga,147,134,78,1.88,18.6,5,3
29,1.61,114.7,44.25,Male,moderate,81,10060,263.3,7.5,1.74,Cardio,127,155,62,1.76,26.9,6,2
23,1.96,98.5,25.64,Female,high,84,12873,794.4,7.8,1.18,Cardio,151,138,71,1.8,15.7,5,3
34,1.85,119.5,34.92,Female,low,104,1326,838.7,8.1,1.48,Cardio,125,142,56,0.5,25.7,1,3
36,1.88,113.2,32.03,Male,high,96,8619,770.1,5.3,2.62,Cardio,191,129,71,1.27,22.0,1,2
43,1.69,81.9,28.68,Female,low,70,2736,833.1,5.9,1.72,None,159,105,62,1.67,13.1,5,2
61,1.95,81.5,21.43,Male,moderate,103,3945,889.3,7.3,2.44,Strength,170,88,68,0.77,33.2,1,2
61,1.89,92.1,25.78,Male,moderate,159,11621,568.2,7.4,2.03,Strength,166,159,71,1.63,29.8,1,1
49,1.88,53.3,15.08,Female,low,147,14622,307.7,9.0,3.21,Yoga,189,79,60,0.51,29.5,3,1
23,1.99,90.6,22.88,Female,high,171,14210,625.5,5.0,2.74,Strength,187,128,80,1.36,27.4,2,3
53,1.68,79.8,28.27,Female,high,160,4453,447.7,6.9,3.13,Strength,126,127,83,1.78,10.5,6,3
55,1.81,93.2,28.45,Male,high,101,7879,442.5,4.6,2.3,None,146,111,65,1.15,22.6,1,1
28,1.95,87.4,22.98,Male,low,142,6651,709.5,4.6,2.95,Cardio,185,131,62,1.61,28.8,2,3
50,1.9,68.3,18.92,Female,low,86,1312,263.5,6.1,2.54,Cardio,173,77,67,1.3,15.4,6,2
41,1.78,90.6,28.59,Male,low,102,12510,226.3,6.8,2.86,Cardio,133,151,62,1.47,25.4,1,1
40,1.54,72.5,30.57,Female,low,175,4284,686.7,5.0,2.71,Strength,141,85,61,1.28,33.2,2,3
32,1.83,59.6,17.8,Female,moderate,125,8824,382.5,4.3,1.75,Strength,188,116,78,1.21,28.8,6,3
44,1.76,95.6,30.86,Female,low,141,1681,469.9,5.7,1.31,Yoga,175,129,78,1.76,23.7,4,3
28,1.59,68.0,26.9,Female,low,92,9618,415.3,5.1,3.02,None,179,112,84,0.64,17.7,2,1
34,1.94,111.7,29.68,Female,low,61,4506,630.4,4.4,1.19,None,170,98,80,1.38,25.9,2,1
31,1.67,59.9,21.48,Female,low,176,12404,308.2,8.1,2.51,Yoga,135,83,84,0.67,27.9,4,1
44,1.69,90.0,31.51,Male,high,153,11775,704.4,6.9,3.47,Yoga,125,87,57,1.34,25.9,4,2
35,1.84,87.9,25.96,Male,moderate,69,6317,847.4,7.6,1.46,Yoga,120,92,56,1.95,28.9,1,3
45,1.74,59.8,19.75,Female,low,92,4929,785.3,7.8,2.86,Cardio,131,84,66,0.59,17.0,1,3
64,1.54,78.0,32.89,Female,low,128,6755,834.9,4.8,3.38,Cardio,143,86,58,1.13,22.7,2,2
64,1.69,95.7,33.51,Female,low,169,11015,855.9,5.3,2.24,Cardio,194,121,59,1.7,23.7,5,1
21,1.55,68.9,28.68,Male,moderate,164,3614,460.6,4.3,2.43,Cardio,162,157,70,1.05,12.2,2,1
24,1.6,53.5,20.9,Female,moderate,158,9385,757.0,8.4,1.92,Yoga,153,157,56,1.28,14.4,5,1
62,1.5,91.1,40.49,Female,moderate,83,12012,546.4,8.0,2.1,Yoga,176,84,81,0.67,17.7,4,2
52,1.59,61.8,24.45,Female,low,141,2741,388.8,5.4,2.58,Yoga,140,75,78,0.83,11.2,2,3
26,1.67,96.1,34.46,Male,high,135,5179,722.8,5.6,3.18,Cardio,159,131,78,1.53,15.8,6,2
25,1.77,108.0,34.47,Female,high,110,4873,370.9,6.9,3.38,Cardio,152,145,67,1.74,23.1,1,3
62,1.96,54.3,14.13,Male,high,131,1400,276.7,7.0,2.36,Strength,152,85,82,1.47,23.5,3,3
34,1.77,77.8,24.83,Male,moderate,124,8350,693.2,8.4,2.96,Yoga,147,127,58,1.76,16.2,6,3
34,1.85,78.4,22.91,Female,high,90,7688,401.3,4.1,2.84,None,184,78,82,1.41,33.7,6,2
50,1.68,92.4,32.74,Male,moderate,85,5936,414.1,8.6,1.62,None,195,135,59,1.72,21.7,1,1
49,1.88,70.1,19.83,Male,high,158,3184,816.8,8.3,2.15,Strength,165,159,81,1.97,25.9,3,1
25,1.81,76.4,23.32,Male,high,140,4025,294.9,6.5,2.71,Cardio,152,84,66,0.62,10.8,5,2
36,1.73,45.9,15.34,Female,low,120,11087,735.4,4.6,1.32,Yoga,188,79,69,1.22,20.0,6,3
55,1.6,54.2,21.17,Male,low,152,14191,470.3,7.1,3.21,Cardio,185,135,59,0.78,23.6,1,2
20,1.65,87.7,32.21,Female,high,150,3678,825.1,7.1,2.01,Cardio,155,150,59,1.2,17.8,2,1
22,1.81,61.2,18.68,Female,low,143,2816,508.2,4.4,2.13,None,173,104,70,1.25,14.3,3,2
30,1.71,55.8,19.08,Female,low,163,4416,486.3,8.7,3.17,None,169,131,79,1.43,15.0,6,3
64,1.94,69.3,18.41,Male,low,106,12892,500.9,7.1,1.43,Yoga,170,107,63,1.16,21.7,4,1
63,1.62,57.3,21.83,Female,low,174,1314,786.4,6.7,1.09,Yoga,171,111,69,0.99,11.8,2,3
48,1.54,49.5,20.87,Male,high,151,1707,207.4,6.9,1.72,Cardio,140,156,84,0.56,15.9,1,2
33,1.79,66.3,20.69,Male,low,102,11702,693.4,6.6,1.38,Cardio,149,142,81,0.55,28.0,4,3
49,1.94,57.3,15.22,Male,low,169,9206,343.7,4.5,3.46,Strength,134,97,58,0.76,15.4,4,2
39,1.68,105.0,37.2,Male,low,71,1528,817.5,7.8,2.42,Cardio,128,144,71,1.17,12.9,4,1
46,1.82,49.7,15.0,Female,moderate,73,11277,463.1,4.0,2.41,Strength,151,81,78,1.13,12.1,4,1
39,1.62,101.1,38.52,Female,low,64,3404,437.3,8.1,2.99,Cardio,191,93,81,0.79,34.7,2,1
60,1.78,73.7,23.26,Male,moderate,147,9066,698.8,4.7,1.65,Cardio,142,89,55,1.73,12.2,5,3
20,1.89,95.6,26.76,Female,high,154,4218,705.7,5.5,2.31,Cardio,146,106,70,1.53,20.8,6,2
27,1.93,49.0,13.15,Female,low,177,3748,643.6,5.8,1.36,Yoga,161,153,77,1.01,22.8,4,2
59,1.55,114.1,47.49,Female,low,91,1660,430.9,6.2,1.23,Yoga,127,133,82,1.7,34.1,5,2
38,1.68,102.6,36.35,Male,moderate,140,12317,627.2,6.3,2.1,Yoga,130,144,83,1.98,32.3,5,3
33,1.82,55.5,16.76,Female,high,148,3278,238.0,7.2,3.28,Strength,140,144,74,0.87,15.9,1,2
29,1.52,61.4,26.58,Male,moderate,67,4200,868.6,6.3,2.1,Strength,163,80,71,1.04,12.1,2,1
19,1.85,93.3,27.26,Female,moderate,172,5113,516.9,7.8,2.13,Yoga,158,150,58,1.99,20.9,4,2
58,1.76,114.1,36.83,Male,low,168,8583,413.1,4.6,3.16,Strength,152,140,77,0.71,12.5,3,3
41,1.64,78.4,29.15,Male,low,166,6359,802.5,5.6,1.72,Yoga,186,78,67,0.62,31.8,1,1
52,1.91,81.4,22.31,Male,low,81,10921,426.9,5.2,2.22,None,174,144,62,1.28,27.6,6,1
47,1.65,62.8,23.07,Female,low,126,4135,898.0,5.6,1.41,Yoga,132,131,72,1.2,33.6,2,3
47,2.0,73.7,18.42,Male,moderate,166,3280,683.4,5.0,3.12,None,155,135,67,0.62,24.2,2,1
64,1.91,66.5,18.23,Female,high,154,10794,654.7,8.4,1.09,Cardio,145,130,63,0.94,19.1,5,2
52,1.85,71.3,20.83,Male,high,106,9251,306.3,6.5,2.03,Strength,193,88,59,1.13,22.5,1,3
36,1.53,46.5,19.86,Female,high,97,3054,626.9,7.1,1.69,Strength,157,157,84,1.73,14.0,2,2
25,1.95,48.1,12.65,Male,low,92,2685,308.6,7.8,1.64,Yoga,142,81,65,1.56,21.6,1,3
43,1.9,96.1,26.62,Female,low,167,7467,748.5,5.5,1.61,Cardio,127,128,82,1.87,35.0,2,3
57,1.61,96.1,37.07,Male,moderate,136,6610,296.9,8.4,1.92,Cardio,133,156,68,1.0,27.3,5,3
24,1.7,69.8,24.15,Male,high,108,9298,451.2,6.2,3.25,Cardio,143,132,78,0.96,11.6,6,2
47,1.63,111.4,41.93,Male,low,111,3580,533.7,7.2,2.77,Cardio,159,135,72,1.19,28.1,4,3
24,1.99,65.0,16.41,Female,low,120,7564,763.6,4.1,3.22,Strength,144,146,72,0.51,12.5,4,1
20,1.93,74.7,20.05,Male,high,156,10205,642.9,6.1,1.49,Yoga,144,102,74,0.81,19.8,6,2
18,1.97,99.9,25.74,Male,moderate,109,3766,723.6,5.5,3.12,Yoga,136,159,70,0.82,29.7,2,3
53,1.89,100.8,28.22,Male,high,109,11203,370.8,4.2,2.07,None,123,129,58,0.59,13.2,2,3
42,1.73,109.6,36.62,Male,low,117,13345,366.1,5.8,3.45,Strength,160,148,73,1.18,17.3,1,2
54,1.6,47.2,18.44,Female,low,152,9617,466.4,8.2,2.48,None,179,127,59,1.86,14.9,5,1
18,1.6,58.8,22.97,Male,low,133,12438,213.1,8.5,2.22,Cardio,162,157,56,0.51,31.8,1,1
32,1.58,93.0,37.25,Male,low,134,3372,781.5,6.9,3.31,Yoga,173,118,71,1.44,13.7,6,3
54,1.77,70.4,22.47,Female,moderate,107,14088,459.0,8.9,1.95,None,171,102,82,1.82,23.4,1,3
30,1.96,48.3,12.57,Female,low,61,13091,247.3,8.6,2.87,Strength,140,120,58,0.66,16.9,3,1
57,2.0,89.0,22.25,Female,moderate,136,8043,810.6,7.3,2.18,Yoga,143,123,60,1.88,22.7,3,3
25,1.64,74.5,27.7,Male,high,138,4436,877.5,5.0,2.83,Strength,156,141,84,1.73,14.2,6,1
22,1.85,72.3,21.12,Female,low,105,13852,652.6,4.6,1.69,Yoga,163,101,76,0.82,28.9,4,1
26,1.8,64.8,20.0,Female,low,101,14378,449.6,7.3,2.02,Strength,124,155,72,1.86,26.1,5,1
18,1.74,45.4,15.0,Female,low,173,4067,489.6,6.0,1.86,Strength,180,153,60,1.71,11.1,5,1
53,1.83,58.7,17.53,Male,high,68,8862,379.3,4.2,3.17,Yoga,163,113,74,0.67,33.7,4,3
52,1.69,80.6,28.22,Male,high,111,2364,697.9,8.5,3.32,Strength,125,158,80,1.75,32.3,5,2
19,1.97,65.7,16.93,Male,moderate,167,4141,449.3,4.3,2.84,Strength,197,101,69,1.31,17.4,3,2
57,1.85,110.6,32.32,Female,moderate,78,8754,222.7,8.0,3.05,Cardio,122,109,55,1.72,17.3,3,1
40,1.88,55.7,15.76,Male,low,95,4032,232.3,6.7,1.88,Yoga,184,121,71,1.43,22.5,3,3
26,1.62,110.7,42.18,Female,high,97,7663,630.3,6.1,1.38,None,150,126,56,1.09,25.5,6,2
51,1.58,75.4,30.2,Female,low,119,8092,403.3,7.4,2.72,Yoga,174,143,58,1.4,17.3,1,2
63,1.7,65.7,22.73,Female,moderate,131,10563,318.0,6.4,2.59,Yoga,164,140,78,1.45,29.9,2,1
31,1.88,67.8,19.18,Male,low,151,14760,586.7,7.0,1.66,Cardio,193,115,57,1.65,12.0,6,1
21,1.97,69.8,17.99,Female,low,121,2139,394.9,6.9,3.28,None,174,124,81,1.75,19.9,4,3
47,1.71,83.0,28.38,Female,moderate,95,13895,251.3,7.0,1.89,None,179,119,75,1.49,23.9,1,2
48,1.89,71.5,20.02,Male,moderate,141,2603,335.5,9.0,3.04,None,150,94,57,1.98,30.0,5,1
55,1.74,93.5,30.88,Female,low,157,9174,744.5,5.5,1.32,Strength,158,145,78,1.67,31.8,6,1
28,1.65,76.9,28.25,Female,low,171,5247,796.4,5.5,1.72,Strength,167,110,68,1.87,16.1,2,3
52,1.87,95.4,27.28,Female,high,121,10322,810.5,5.8,2.54,Strength,199,146,74,0.98,16.0,5,1
25,1.9,90.3,25.01,Male,high,111,6601,574.4,8.5,1.6,None,146,144,81,0.97,19.2,6,1
20,1.6,63.3,24.73,Female,low,141,8726,865.7,6.8,3.39,Yoga,135,98,62,1.04,20.7,4,1
31,1.65,106.0,38.93,Male,high,116,2047,306.2,8.6,2.38,Yoga,171,110,83,1.16,31.2,2,1
30,1.75,104.9,34.25,Male,high,76,4118,674.8,7.8,2.83,None,123,79,62,1.94,10.2,6,1
62,1.59,119.2,47.15,Female,moderate,170,2950,693.0,5.3,2.4,None,161,158,63,0.61,27.1,3,3
49,1.96,58.1,15.12,Female,moderate,119,12577,237.2,6.9,2.02,Cardio,173,94,72,1.25,15.5,3,1
51,1.8,108.6,33.52,Female,low,131,13360,397.7,4.4,3.06,Strength,128,127,81,0.74,32.1,2,2
62,1.56,110.4,45.36,Female,moderate,78,9505,864.3,6.8,1.06,Strength,144,114,80,1.72,17.9,3,1
36,1.59,93.2,36.87,Male,moderate,93,11930,731.3,5.0,2.07,Strength,177,124,61,0.55,23.4,3,1
55,1.98,83.0,21.17,Male,moderate,71,4086,238.3,6.1,3.2,Cardio,137,148,64,1.18,18.2,6,2
33,1.87,116.8,33.4,Female,low,109,5937,578.6,6.9,1.21,Cardio,163,141,84,1.09,20.6,6,2
19,1.87,118.0,33.74,Male,moderate,167,7896,654.0,5.0,1.52,Cardio,193,109,84,0.64,23.1,3,1
57,1.54,93.1,39.26,Female,moderate,118,1204,881.2,7.8,3.4,None,168,138,55,1.07,28.7,4,3
34,1.95,72.0,18.93,Female,moderate,146,6569,701.5,6.4,3.4,Cardio,163,111,83,1.71,13.0,2,2
51,1.72,106.3,35.93,Female,high,178,5941,647.1,8.4,1.96,Yoga,194,119,58,0.71,18.8,2,3
59,1.83,51.7,15.44,Female,moderate,85,11996,836.0,5.5,2.88,None,197,112,74,1.98,26.0,1,1
33,1.98,66.8,17.04,Male,high,96,6288,662.7,7.8,2.56,None,157,159,58,0.59,24.7,5,1
55,1.55,118.9,49.49,Male,moderate,131,13623,852.5,4.1,2.23,Strength,184,101,77,0.93,29.5,5,2
19,1.74,106.1,35.04,Female,low,122,7970,544.9,6.8,3.03,Strength,129,139,83,1.66,32.2,1,2
19,1.52,115.5,49.99,Female,high,124,13867,703.0,8.2,2.63,Cardio,182,147,68,1.04,12.4,5,3
43,1.75,89.6,29.26,Male,low,112,10429,642.2,8.2,1.23,Yoga,165,77,59,1.22,27.8,3,1
30,1.63,75.6,28.45,Male,low,98,8965,586.8,6.8,3.1,None,121,133,59,0.78,17.1,6,2
64,1.96,118.5,30.85,Male,high,118,10684,426.9,7.1,1.69,None,139,104,73,1.57,22.0,2,2
48,1.7,68.2,23.6,Female,moderate,166,7503,832.6,7.8,2.58,None,122,90,80,0.77,25.7,1,2
51,1.82,101.8,30.73,Male,low,103,13807,389.0,6.7,2.94,Strength,155,103,75,1.77,13.8,4,3
56,1.93,86.9,23.33,Female,low,133,11339,311.6,8.0,3.24,Strength,124,144,59,1.31,18.7,3,1
20,1.99,62.1,15.68,Female,low,62,4645,698.4,7.0,3.31,Yoga,139,152,78,1.32,34.4,4,2
25,1.75,46.3,15.12,Male,low,146,1014,582.6,4.8,3.31,Strength,122,148,65,1.9,13.4,3,2
40,1.73,73.8,24.66,Female,low,148,12581,384.0,7.8,2.64,Yoga,122,98,56,1.66,12.1,6,2
31,1.54,86.1,36.3,Male,high,120,3289,809.2,5.8,2.56,Strength,189,81,69,1.61,30.9,1,1
44,1.51,58.7,25.74,Female,high,156,10295,400.3,8.4,1.04,Yoga,166,123,68,1.79,20.8,2,3
46,1.8,76.1,23.49,Female,low,161,6742,244.6,5.9,1.21,Strength,156,137,68,0.64,26.9,4,3
56,1.53,91.1,38.92,Female,high,86,11062,210.8,5.2,1.98,Strength,127,120,62,1.59,17.6,6,1
56,1.69,98.6,34.52,Female,high,67,8462,846.0,5.5,2.98,Cardio,199,122,74,0.85,15.0,2,3
18,1.5,49.0,21.78,Female,moderate,123,5710,481.5,4.9,2.48,Cardio,120,99,79,0.92,15.3,3,3
34,1.81,94.8,28.94,Female,moderate,82,3027,349.4,6.2,1.59,Cardio,197,117,62,0.52,14.9,2,2
58,1.71,49.3,16.86,Male,moderate,99,11626,597.0,7.7,1.31,Yoga,164,129,59,1.84,16.2,2,3
47,1.56,47.1,19.35,Male,high,85,11292,541.5,7.3,2.17,Yoga,193,108,59,1.61,15.5,6,2
30,1.65,56.4,20.72,Female,high,112,8952,899.9,8.4,3.28,Yoga,129,139,79,0.71,30.3,2,3
38,1.78,94.0,29.67,Male,high,122,3044,822.0,4.1,1.13,Yoga,187,102,83,0.99,23.3,2,2
36,1.83,49.0,14.63,Female,high,174,7582,389.8,7.8,2.16,Cardio,162,115,68,1.22,17.4,2,1
36,1.73,46.6,15.57,Male,high,130,7269,688.4,7.0,1.15,None,160,103,59,1.24,18.6,5,1
42,1.9,53.8,14.9,Male,high,174,3443,471.0,8.8,1.63,Strength,131,106,83,1.39,33.9,2,3
39,1.56,116.2,47.75,Female,high,146,11096,455.1,8.2,3.38,Strength,127,143,63,1.21,14.6,4,2
48,1.54,113.0,47.65,Male,high,111,3658,457.0,5.4,1.26,Yoga,164,108,76,1.47,32.2,5,1
34,1.52,51.5,22.29,Female,moderate,164,11358,647.5,8.3,1.13,Cardio,120,133,81,1.83,28.4,6,1
40,1.77,67.8,21.64,Male,low,96,13033,576.6,8.4,1.22,None,145,135,65,1.1,25.3,4,3
49,1.85,116.0,33.89,Female,moderate,121,7434,728.5,8.1,2.73,Cardio,150,126,71,1.82,25.6,3,2
27,1.57,52.3,21.22,Male,low,61,10930,307.1,6.6,1.03,Strength,175,137,81,0.83,20.6,4,2
27,1.82,52.1,15.73,Female,high,127,8834,497.8,8.2,1.98,Yoga,156,100,66,0.68,21.0,5,1
53,1.74,51.5,17.01,Male,high,101,1402,802.2,5.6,3.38,Yoga,194,151,66,0.86,29.9,3,3
25,1.99,118.2,29.85,Female,high,60,13435,202.2,5.7,1.17,Cardio,123,86,78,0.81,30.3,6,1
37,1.86,100.7,29.11,Male,low,145,4146,636.4,7.2,3.33,Yoga,191,96,70,1.98,24.3,3,1
49,1.83,61.1,18.24,Female,high,140,3042,750.0,4.1,1.29,None,163,147,84,1.07,29.2,2,3
31,1.79,48.4,15.11,Male,moderate,120,10205,468.7,7.3,1.32,Strength,168,130,55,1.48,30.3,4,3
45,2.0,117.4,29.35,Female,low,64,7288,818.5,5.6,2.51,None,159,80,72,1.54,18.3,2,3
63,1.99,76.9,19.42,Male,low,146,8307,715.0,8.5,1.61,Cardio,187,110,60,1.17,25.6,2,2
41,1.77,89.9,28.7,Female,moderate,149,11692,624.2,6.1,1.01,Strength,190,148,59,0.84,20.9,2,3
32,1.73,65.9,22.02,Female,moderate,96,3982,338.8,7.7,2.87,None,129,133,72,1.16,12.5,2,3
39,1.73,101.9,34.05,Female,moderate,128,2782,669.1,5.4,1.93,None,189,133,67,1.21,26.2,5,1
47,1.71,59.8,20.45,Female,moderate,169,14721,783.6,5.6,3.27,None,123,142,60,1.93,24.7,6,3
21,1.77,104.0,33.2,Male,low,111,8382,710.9,4.9,1.7,Strength,140,126,61,1.35,12.6,4,3
30,1.64,62.3,23.16,Male,moderate,161,13135,602.4,5.2,2.67,Strength,161,142,57,1.95,11.8,5,1
40,1.96,52.3,13.61,Male,moderate,68,9395,700.2,4.5,1.82,Yoga,125,151,65,1.37,16.2,6,2
25,1.75,80.9,26.42,Female,low,73,9001,883.8,7.1,1.37,Cardio,130,154,62,0.72,30.8,5,3
35,1.92,106.0,28.75,Female,moderate,155,1198,207.6,8.2,3.44,Yoga,192,125,58,1.08,11.6,3,1
29,1.74,73.9,24.41,Female,moderate,110,10099,664.8,5.4,2.47,Cardio,131,142,64,1.69,21.5,2,2
48,1.86,47.2,13.64,Female,moderate,165,1490,755.1,5.5,3.1,Strength,150,100,63,1.13,14.5,4,2
31,1.67,86.5,31.02,Female,moderate,171,6578,647.2,8.5,1.63,None,150,147,77,0.65,16.3,4,3
51,1.81,96.0,29.3,Male,low,125,6143,391.2,4.5,1.98,Yoga,162,115,67,0.64,29.2,4,2
35,1.75,100.6,32.85,Male,high,120,13272,775.9,4.5,2.19,Strength,177,149,73,0.86,31.3,4,3
51,1.68,75.1,26.61,Male,high,127,10419,839.3,7.9,2.57,Strength,169,79,84,1.35,24.5,2,2
28,1.94,52.3,13.9,Female,high,126,4007,678.5,5.3,1.99,Strength,199,127,69,1.75,31.6,3,2
58,1.56,88.8,36.49,Female,high,167,11284,557.7,6.7,1.62,Yoga,160,112,59,1.3,31.4,6,2
29,1.74,69.7,23.02,Female,high,101,9859,456.4,6.3,1.47,Strength,195,127,79,1.62,15.5,5,3
32,1.6,116.0,45.31,Female,low,96,14025,431.0,6.8,2.5,Cardio,196,130,67,1.47,26.1,3,2
48,1.93,82.7,22.2,Female,low,172,9228,706.3,4.4,1.62,Cardio,155,93,66,1.29,29.5,3,1
46,1.63,80.4,30.26,Female,low,146,6824,625.0,5.9,1.99,None,196,139,63,0.82,24.0,6,1
43,1.82,68.2,20.59,Female,moderate,119,7853,309.8,7.2,1.09,Yoga,163,143,78,1.82,30.1,2,2
35,1.58,70.4,28.2,Male,moderate,150,14695,298.8,5.1,1.64,Yoga,185,127,62,0.91,25.7,3,3
49,1.7,83.5,28.89,Male,high,130,10091,249.8,4.8,2.21,Yoga,134,93,63,0.88,17.1,6,1
39,1.95,68.0,17.88,Female,low,61,1103,678.5,6.2,2.99,Yoga,196,140,75,0.89,27.1,1,2
55,1.58,111.9,44.82,Female,high,63,12321,420.1,8.7,1.93,Yoga,153,122,67,0.64,24.7,4,1
34,1.83,77.9,23.26,Female,moderate,133,5009,214.2,8.7,1.74,Strength,189,140,81,1.25,25.6,6,1
40,1.6,66.9,26.13,Male,low,147,3877,436.4,8.2,2.29,Strength,163,147,83,0.99,12.4,1,1
41,1.71,56.7,19.39,Male,moderate,110,3316,782.5,5.3,1.12,Cardio,152,92,63,1.28,13.1,2,1
25,1.77,95.4,30.45,Female,moderate,111,9082,373.4,7.5,1.88,Yoga,198,154,60,1.18,30.4,4,1
58,1.79,46.9,14.64,Male,moderate,87,2364,643.5,8.8,1.34,Yoga,125,113,83,1.28,20.8,3,2
23,1.8,78.7,24.29,Male,high,139,7460,507.8,7.4,1.63,Yoga,159,147,84,0.95,15.4,3,1
22,1.82,86.3,26.05,Male,low,72,14025,584.2,7.1,1.98,Cardio,125,125,60,1.72,12.3,4,2
61,1.64,70.5,26.21,Female,moderate,111,4032,617.0,4.6,1.15,Yoga,194,97,65,1.3,16.6,2,1
46,1.7,101.2,35.02,Male,moderate,78,12388,518.4,7.7,2.99,Yoga,133,107,64,0.81,17.4,1,3
45,1.52,95.7,41.42,Male,high,78,13758,240.5,7.8,1.69,Strength,124,134,68,1.85,34.6,2,2
28,1.88,117.9,33.36,Female,low,103,12734,597.4,4.9,1.58,Cardio,164,133,82,0.66,30.9,3,3
18,1.92,83.2,22.57,Female,moderate,85,3565,478.3,6.0,1.86,Strength,178,100,60,1.6,12.0,2,3
60,1.6,85.3,33.32,Male,high,163,3577,339.9,6.8,1.92,None,192,91,61,1.52,28.7,6,1
36,1.6,63.4,24.77,Female,high,80,7439,827.6,5.2,3.03,Yoga,162,127,63,0.61,24.1,2,1
26,1.52,73.9,31.99,Male,low,170,3593,715.2,8.9,1.71,None,172,152,57,1.85,15.7,3,1
44,1.99,47.0,11.87,Male,moderate,145,6829,398.8,4.8,2.15,Yoga,146,151,66,0.97,28.7,4,1
51,1.9,96.7,26.79,Female,moderate,99,12820,577.3,8.8,2.25,None,188,117,70,1.61,10.8,4,1
61,1.68,68.4,24.23,Female,moderate,74,11049,874.2,4.8,1.76,Strength,188,122,67,0.92,28.3,1,3
21,1.74,85.5,28.24,Male,high,131,3510,371.8,6.5,2.96,Cardio,167,156,60,1.29,32.4,2,3
53,1.65,64.1,23.54,Female,low,178,4936,863.2,8.9,2.56,None,198,94,67,1.96,32.1,5,1
35,1.8,91.6,28.27,Female,moderate,68,4882,678.4,5.0,2.8,Strength,192,109,80,1.42,29.3,4,1
32,1.86,78.6,22.72,Male,low,115,11109,578.6,7.7,1.14,None,144,107,59,0.94,33.4,6,2
30,1.72,81.1,27.41,Male,moderate,161,12315,888.2,6.6,3.05,None,127,155,58,1.19,27.7,6,2
36,1.94,115.7,30.74,Male,moderate,169,6633,433.6,6.1,1.6,Cardio,197,150,62,1.51,27.2,6,3
23,1.76,98.0,31.64,Male,low,117,11204,394.8,6.1,1.23,Strength,151,76,57,1.17,10.7,5,3
29,1.57,64.6,26.21,Male,moderate,110,4591,437.7,6.8,2.65,Cardio,180,108,56,1.87,14.4,2,3
54,1.81,82.8,25.27,Male,low,130,6251,725.6,7.8,1.54,Yoga,120,150,74,1.8,29.5,2,1
34,1.73,80.0,26.73,Female,high,62,12968,435.9,5.6,2.02,Cardio,150,106,73,0.72,34.9,4,3
40,1.97,104.6,26.95,Female,moderate,168,10471,271.9,9.0,2.77,Cardio,190,95,61,1.68,28.0,3,3
43,1.7,107.5,37.2,Male,moderate,108,4709,651.0,8.5,1.26,None,134,79,66,1.91,24.5,3,3
46,1.7,66.3,22.94,Female,high,108,12834,356.1,6.5,1.32,None,189,102,83,0.98,14.6,4,2
50,1.83,106.6,31.83,Female,moderate,67,7720,202.9,6.7,2.66,None,135,122,58,0.86,33.7,1,3
44,1.76,58.5,18.89,Male,high,82,6614,339.4,7.6,2.12,Strength,197,143,64,0.51,26.2,3,3
42,1.69,102.2,35.78,Female,moderate,106,4612,773.4,5.5,1.55,Cardio,193,144,82,0.67,22.2,1,2
27,1.99,63.7,16.09,Female,low,81,10259,858.2,6.5,2.29,Yoga,191,157,63,1.94,31.5,6,3
64,1.65,67.3,24.72,Male,high,120,14605,663.4,5.7,2.55,None,176,114,83,1.09,33.8,2,1
40,1.64,108.9,40.49,Female,low,143,5824,417.3,6.1,2.01,Yoga,130,80,66,1.08,19.3,5,2
38,1.93,76.5,20.54,Female,moderate,62,10361,505.5,8.0,1.43,Cardio,137,88,65,0.9,22.9,4,3
38,1.5,119.3,53.02,Male,high,145,5746,336.2,6.5,2.62,Cardio,164,141,75,0.75,12.9,5,2
60,1.6,56.4,22.03,Female,moderate,108,11244,816.5,8.2,1.3,Cardio,139,85,84,1.26,34.0,2,3
30,1.8,79.8,24.63,Female,moderate,107,6052,665.9,5.0,2.63,Yoga,199,113,73,1.58,13.0,2,3
54,1.58,99.9,40.02,Female,low,97,3694,259.1,7.3,1.68,Yoga,133,115,56,1.33,33.2,3,2
50,1.99,45.4,11.46,Male,moderate,161,9634,456.9,8.3,1.0,Yoga,195,98,60,0.55,14.8,3,1
41,1.73,56.4,18.84,Male,low,119,1292,576.6,4.9,2.16,Cardio,146,117,84,1.71,32.7,6,2
61,1.8,46.5,14.35,Female,moderate,142,11218,758.1,6.4,1.77,Cardio,196,156,60,1.9,21.3,1,1
28,1.58,119.5,47.87,Female,high,114,11684,844.4,8.5,1.57,None,199,148,55,1.16,24.8,1,1
34,1.64,102.0,37.92,Male,high,88,2954,292.9,8.8,2.25,Strength,195,100,61,1.05,10.9,1,2
21,1.81,73.0,22.28,Male,moderate,140,9692,784.2,7.8,1.84,Yoga,128,103,66,0.84,19.9,1,3
64,1.77,56.7,18.1,Female,high,71,6320,246.0,7.3,1.74,Strength,132,76,75,0.95,22.3,3,1
42,1.89,51.8,14.5,Male,high,135,2936,368.3,4.9,2.91,Yoga,164,104,77,1.47,10.2,1,2
47,1.63,84.9,31.95,Female,high,137,13091,214.7,8.9,1.21,Yoga,127,148,66,1.66,26.5,1,3
26,1.83,118.2,35.3,Female,high,171,5334,244.7,4.1,1.99,Strength,175,150,74,1.0,31.0,4,3
38,1.65,95.6,35.11,Male,low,165,7062,222.7,6.7,1.62,Strength,126,158,75,1.01,10.6,2,3
37,1.79,72.4,22.6,Male,low,169,12714,302.2,4.9,1.71,Yoga,196,131,77,1.18,22.3,3,2
36,1.8,82.6,25.49,Female,high,77,6095,813.6,8.7,2.1,Cardio,134,133,60,0.76,10.8,3,2
36,1.56,119.9,49.27,Female,high,146,11384,398.7,7.3,3.31,None,175,93,68,1.89,31.8,4,3
29,1.77,83.9,26.78,Male,high,167,14414,535.8,8.4,2.65,Yoga,175,128,71,1.56,14.0,4,3
54,1.51,117.3,51.45,Female,high,154,11572,541.0,6.2,1.48,None,156,144,71,1.15,11.5,4,3
59,1.75,46.2,15.09,Male,moderate,136,3002,896.7,7.7,2.43,Cardio,183,97,72,0.68,31.4,2,3
34,1.85,99.1,28.96,Male,low,124,11404,455.3,7.5,1.38,Cardio,136,157,67,1.77,21.1,3,2
54,1.54,92.0,38.79,Male,low,113,1173,385.6,8.3,3.21,None,140,107,67,1.23,12.4,4,3
56,1.97,96.4,24.84,Male,moderate,142,4013,874.3,4.2,2.06,Yoga,197,140,81,1.7,26.2,1,1
45,1.73,87.8,29.34,Male,low,116,13961,614.8,6.7,3.37,None,171,153,65,0.55,27.6,1,1
58,1.97,48.3,12.45,Female,high,120,10058,402.6,7.8,2.66,Yoga,152,85,57,0.91,24.2,4,2
52,1.55,56.2,23.39,Male,high,149,5646,401.2,8.9,3.08,Strength,196,92,71,1.43,18.3,4,1
64,1.97,114.2,29.43,Male,moderate,147,13237,260.5,7.5,1.45,Yoga,131,139,80,1.23,20.6,3,1
35,1.55,62.5,26.01,Male,low,115,2525,589.8,7.0,3.14,Strength,165,106,56,0.94,33.9,3,1
31,1.73,119.5,39.93,Male,low,127,6387,706.6,6.6,1.47,Strength,189,78,84,0.8,23.4,6,2
52,1.97,96.0,24.74,Male,moderate,88,3470,532.3,5.6,3.44,None,194,110,82,0.95,19.9,4,1
61,1.62,78.3,29.84,Male,high,157,3753,819.1,4.7,1.7,Strength,190,131,56,1.61,27.7,5,3
58,1.52,114.0,49.34,Male,low,179,1166,538.8,8.6,2.71,None,176,107,61,0.78,11.9,2,1
24,1.9,104.6,28.98,Female,high,116,5005,442.5,4.9,2.37,None,139,88,81,1.39,17.3,2,1
58,1.8,77.2,23.83,Female,high,139,13504,375.5,7.6,2.2,Cardio,187,122,83,1.14,15.7,6,1
30,1.76,50.1,16.17,Female,moderate,128,13890,370.3,7.9,2.07,None,163,111,82,1.64,27.0,2,3
35,1.52,110.1,47.65,Female,moderate,140,7524,421.6,8.3,1.96,Cardio,149,79,76,0.8,25.1,2,2
54,1.83,102.4,30.58,Male,high,75,2335,894.4,5.6,1.76,Cardio,144,124,79,0.91,29.0,2,2
30,1.59,104.3,41.26,Female,high,148,7945,452.6,8.4,2.49,None,150,135,64,1.1,20.7,4,1
53,1.97,100.9,26.0,Male,low,119,8423,567.2,6.5,3.46,Yoga,121,143,68,0.75,14.3,4,3
48,1.84,65.7,19.41,Female,high,90,7392,392.3,4.9,2.68,Yoga,173,112,75,1.19,14.6,5,1
19,1.85,109.4,31.96,Female,high,144,1411,300.5,4.5,2.89,None,133,120,73,1.12,32.3,1,2
33,1.62,45.2,17.22,Male,high,128,13778,652.1,4.5,2.64,Strength,142,89,71,1.99,11.9,2,2
26,1.94,62.8,16.69,Male,low,137,7205,581.7,7.3,2.29,None,188,111,70,1.39,24.9,5,3
26,1.77,48.5,15.48,Female,high,89,1557,247.5,7.6,3.04,Strength,171,101,71,0.6,15.8,2,3
55,1.93,53.3,14.31,Female,high,149,14722,818.0,6.3,1.81,Yoga,169,75,72,1.19,15.4,4,2
28,1.64,84.9,31.57,Female,moderate,83,12336,555.4,4.9,1.68,Strength,190,103,83,1.82,12.5,4,2
39,1.88,47.8,13.52,Female,low,159,14148,434.7,8.7,1.96,None,152,146,81,1.8,34.5,6,2
50,1.79,58.6,18.29,Male,high,158,13231,745.6,6.1,2.45,Strength,128,81,65,1.94,11.5,2,1
53,1.52,62.5,27.05,Female,high,174,14813,278.5,4.4,1.0,Cardio,127,103,73,1.84,13.7,2,2
62,1.7,94.2,32.6,Female,low,80,7963,531.6,5.2,3.09,Cardio,194,105,65,0.76,19.1,6,2
40,1.59,80.2,31.72,Female,low,64,1870,584.1,7.0,1.76,None,126,112,64,0.51,21.4,6,3
62,1.68,79.4,28.13,Female,moderate,151,9065,742.6,6.4,2.5,None,140,82,84,1.42,33.8,5,2
62,1.69,102.6,35.92,Female,high,141,14303,459.2,6.5,1.13,None,172,111,68,1.55,16.0,4,2
51,1.74,79.3,26.19,Male,moderate,138,8760,798.5,5.4,2.08,Yoga,134,133,68,0.7,28.0,2,3
26,1.8,71.1,21.94,Male,moderate,121,14542,688.4,4.0,1.17,Yoga,191,153,64,0.75,26.4,5,2
41,1.79,117.2,36.58,Male,high,94,7885,739.8,4.7,1.03,Yoga,171,128,75,1.94,22.9,1,3
25,1.52,45.6,19.74,Male,moderate,140,5045,878.4,8.7,2.97,Cardio,195,132,77,1.92,16.7,5,3
24,1.88,67.9,19.21,Male,moderate,124,11390,791.3,6.9,2.01,Strength,188,100,58,0.74,13.9,5,3
53,1.97,90.7,23.37,Female,low,178,4840,442.8,4.8,3.04,Cardio,191,122,64,0.87,14.4,2,3
35,1.67,103.7,37.18,Male,low,90,11560,652.1,4.9,1.84,Strength,156,85,81,1.84,18.6,1,3
20,1.59,106.2,42.01,Male,high,99,3882,808.0,8.6,2.62,Strength,197,97,60,1.15,13.4,6,3
45,1.77,48.5,15.48,Female,high,103,11215,567.6,5.1,1.24,None,123,108,76,1.7,35.0,3,3
23,1.85,98.2,28.69,Male,high,137,8254,678.0,4.4,1.48,None,198,107,83,1.09,21.1,6,2
61,1.84,99.0,29.24,Male,moderate,135,5763,320.6,8.7,2.18,Yoga,180,155,65,1.6,23.5,1,1
61,1.81,61.1,18.65,Male,moderate,64,8887,771.1,5.2,2.1,None,141,76,72,1.1,25.4,6,2
38,1.57,53.5,21.7,Male,moderate,133,13512,730.2,8.3,1.49,Cardio,168,135,60,1.85,14.9,3,3
45,1.92,101.2,27.45,Female,low,161,7518,822.2,7.9,3.18,Cardio,155,78,75,0.99,22.0,5,3
57,1.71,63.7,21.78,Female,low,140,12798,697.1,5.6,1.71,Cardio,182,86,69,1.28,11.6,1,2
18,1.61,45.1,17.4,Male,low,108,2198,813.8,8.9,2.07,None,157,103,81,1.28,34.2,6,1
53,1.54,61.8,26.06,Female,high,165,11926,313.6,8.7,1.84,None,159,116,60,1.47,21.8,6,2
38,1.71,47.3,16.18,Male,moderate,152,5348,769.6,5.5,3.49,Strength,183,157,74,0.96,10.7,4,2
60,1.81,63.7,19.44,Female,moderate,107,10844,867.1,5.1,1.87,Strength,187,131,55,1.46,25.0,3,2
52,1.83,70.1,20.93,Female,high,80,4744,770.9,4.3,1.66,None,175,124,63,0.71,12.5,1,1
30,1.98,65.4,16.68,Female,moderate,106,5982,630.7,8.6,3.27,Cardio,133,140,68,1.84,29.7,2,3
27,1.58,114.0,45.67,Female,moderate,177,4322,848.6,8.4,1.39,None,121,81,57,0.72,33.8,3,1
61,1.99,62.4,15.76,Female,high,168,13153,266.1,7.4,3.3,Yoga,182,131,84,1.76,32.9,6,2
64,1.83,80.1,23.92,Female,moderate,61,13798,211.8,8.6,2.42,Yoga,138,120,55,1.54,20.7,3,2
27,1.73,116.8,39.03,Female,low,121,7057,875.7,5.4,1.56,Cardio,197,96,68,1.01,27.8,3,1
63,1.94,110.9,29.47,Female,moderate,74,9928,678.1,4.5,1.63,Yoga,190,85,68,0.99,13.9,2,1
30,1.85,68.2,19.93,Female,moderate,145,13069,279.9,7.9,2.78,None,128,107,58,1.95,11.9,4,3
54,1.67,69.5,24.92,Female,low,135,12202,438.0,8.9,1.1,None,152,128,68,0.79,30.5,4,3
55,1.94,89.5,23.78,Female,low,149,5257,724.2,5.3,2.79,Strength,180,94,77,1.58,27.4,5,1
41,1.83,113.8,33.98,Male,high,116,12440,725.3,5.1,1.77,Yoga,163,79,58,0.78,32.7,6,3
19,1.85,45.7,13.35,Female,low,128,2415,319.0,8.7,3.02,Yoga,184,142,65,1.86,32.9,5,2
39,1.95,74.5,19.59,Male,moderate,152,9904,529.1,7.6,1.31,Yoga,176,88,74,1.61,18.7,1,1
34,1.72,108.7,36.74,Female,low,60,14188,765.1,5.4,1.62,Yoga,143,77,63,1.9,18.0,1,3
53,1.83,75.8,22.63,Male,moderate,155,8838,876.8,6.8,2.1,Cardio,163,156,65,1.82,21.0,1,2
31,1.87,99.0,28.31,Male,moderate,70,5660,635.8,6.4,3.2,Cardio,187,132,69,1.32,26.6,2,1
27,1.73,96.9,32.38,Male,high,93,10657,646.7,7.7,1.71,None,125,101,60,0.73,10.1,4,3
52,1.54,60.4,25.47,Female,high,76,6986,528.5,6.1,3.11,Yoga,186,78,79,0.83,23.4,2,2
42,1.89,78.7,22.03,Female,moderate,150,2924,577.3,6.0,1.26,Strength,153,141,66,0.8,10.5,2,1
20,1.52,87.5,37.87,Female,low,123,12262,269.3,8.3,1.43,None,144,138,82,0.83,21.3,3,3
64,1.86,98.7,28.53,Female,moderate,118,7668,444.7,7.5,1.39,None,146,116,67,1.21,12.1,6,2
55,1.96,106.7,27.77,Male,moderate,138,6784,555.1,7.6,2.53,Cardio,137,103,72,1.8,24.1,5,2
34,1.67,102.0,36.57,Female,high,136,1618,392.5,5.4,1.97,None,124,154,77,0.53,17.9,5,2
29,1.55,47.1,19.6,Female,high,73,13823,451.9,6.3,3.16,Strength,163,109,77,0.86,22.0,6,2
41,1.62,95.3,36.31,Female,high,101,5598,879.8,7.0,2.21,Yoga,124,93,68,1.4,33.9,4,1
46,1.78,82.3,25.98,Female,high,177,8690,203.6,5.3,3.09,None,180,153,78,1.8,18.5,4,2
60,1.97,88.0,22.68,Female,high,166,8410,411.9,9.0,1.6,Strength,125,143,80,0.95,28.0,6,1
42,1.76,73.0,23.57,Female,moderate,103,12602,608.8,6.2,3.33,Cardio,194,105,65,1.07,27.1,3,1
53,1.56,98.6,40.52,Female,high,176,13810,395.3,5.8,2.59,Cardio,158,117,79,1.06,31.7,3,3
43,1.81,95.5,29.15,Female,moderate,77,3912,673.5,8.3,2.26,Yoga,127,147,78,0.94,18.4,2,1
55,1.87,88.5,25.31,Male,moderate,156,10501,409.5,5.2,2.52,None,194,151,56,1.55,11.4,3,2
18,1.7,109.6,37.92,Male,low,96,6261,646.7,8.0,3.29,Strength,162,95,73,1.48,34.3,5,1
37,1.86,52.6,15.2,Female,moderate,113,13352,794.9,8.7,1.86,Cardio,160,139,82,1.76,19.1,6,1
45,1.66,67.6,24.53,Female,moderate,88,6214,661.1,7.6,1.61,Strength,195,151,56,1.88,14.8,1,3
33,1.89,82.1,22.98,Female,moderate,90,4906,234.9,6.5,1.61,Cardio,188,108,71,1.85,32.9,1,1
64,1.67,116.9,41.92,Female,low,141,10834,756.6,4.6,3.43,Cardio,149,135,83,1.31,14.8,2,3
34,1.63,50.4,18.97,Male,moderate,111,9344,349.0,7.5,1.84,Yoga,178,110,77,0.78,23.2,2,1
57,1.94,70.3,18.68,Male,low,118,8576,644.4,8.2,3.21,Strength,142,154,62,0.83,28.9,5,3
45,1.77,114.4,36.52,Female,high,117,9437,652.7,6.1,1.34,Strength,176,148,59,1.39,28.3,2,1
29,1.64,112.3,41.75,Male,high,133,5113,762.6,7.8,2.08,Strength,144,115,80,1.88,10.7,5,2
44,1.97,109.9,28.32,Male,high,155,8211,554.1,6.7,2.55,Cardio,167,108,83,1.3,15.1,4,1
59,1.85,68.1,19.9,Female,high,76,3617,463.2,7.9,3.41,Yoga,189,99,65,1.9,32.2,6,3
64,1.61,108.5,41.86,Female,high,60,7709,562.6,5.3,2.69,Strength,161,131,84,0.89,23.8,1,3
47,1.81,82.9,25.3,Female,moderate,128,4361,582.0,4.0,1.0,None,148,139,79,0.63,27.2,6,2
58,1.94,91.5,24.31,Male,high,126,1653,775.1,9.0,2.9,Strength,190,150,74,1.69,20.1,5,2
51,1.85,62.9,18.38,Male,low,152,3156,343.5,4.8,2.62,Cardio,164,96,55,1.82,28.6,3,3
54,1.62,98.0,37.34,Female,low,104,6163,792.8,8.4,1.46,Yoga,160,134,74,1.17,17.2,5,2
23,1.82,69.6,21.01,Female,moderate,161,9346,456.0,4.4,2.55,Strength,192,128,70,0.65,15.8,1,1
24,1.81,70.8,21.61,Male,high,89,7207,720.7,7.3,3.31,Strength,182,96,59,0.56,34.9,1,1
49,1.91,92.8,25.44,Male,high,164,5318,435.0,4.3,1.01,Strength,166,135,81,0.59,13.9,6,2
49,1.59,63.0,24.92,Female,high,131,14098,696.2,7.4,3.44,None,120,140,82,1.16,34.5,3,1
42,1.85,61.8,18.06,Male,moderate,173,14697,759.4,4.5,1.74,Cardio,139,119,70,0.85,33.2,6,1
50,1.51,72.7,31.88,Female,high,158,11805,590.6,7.0,2.52,None,138,146,78,1.19,27.9,5,2
24,1.85,103.4,30.21,Female,moderate,62,1799,633.7,5.8,1.69,None,184,143,59,1.23,24.5,1,3
29,1.98,61.9,15.79,Male,moderate,132,4364,695.4,6.6,2.83,Cardio,193,138,82,1.19,10.1,5,1
33,1.59,104.0,41.14,Male,moderate,124,13897,681.9,4.3,2.29,Cardio,155,84,64,1.43,25.9,2,2
33,1.66,97.2,35.27,Male,low,156,9696,709.2,5.8,1.66,Strength,142,141,63,1.52,29.3,5,3
60,1.79,95.9,29.93,Female,low,63,2657,794.8,7.9,2.26,Cardio,148,85,76,1.09,28.3,1,1
53,1.87,80.6,23.05,Female,high,153,7177,354.4,7.9,1.88,Strength,163,102,84,1.01,14.3,3,1
30,1.67,100.9,36.18,Female,high,154,9669,350.3,7.3,1.62,None,126,79,78,1.05,23.6,2,2
24,1.83,46.0,13.74,Female,moderate,74,2696,879.5,8.8,2.48,Strength,150,86,73,0.61,23.8,3,1
53,1.95,67.9,17.86,Female,moderate,161,3199,795.9,7.3,2.6,Cardio,157,118,83,0.98,26.3,3,3
64,1.86,95.9,27.72,Female,low,129,8072,614.2,5.7,1.35,Strength,185,103,57,0.8,30.8,4,2
26,1.86,119.0,34.4,Male,high,165,8449,205.7,7.4,3.32,None,198,152,63,0.94,27.5,3,2
49,1.69,45.2,15.83,Female,high,94,12048,798.3,5.8,1.02,Cardio,141,110,76,1.57,13.5,5,2
28,1.96,83.2,21.66,Female,high,157,9547,726.1,7.0,1.69,Cardio,194,109,74,1.98,10.5,1,2
25,1.64,114.3,42.5,Female,low,86,6160,869.5,7.3,1.86,Yoga,173,82,62,1.89,13.4,1,3
50,1.6,109.8,42.89,Female,moderate,165,8173,209.2,6.3,1.17,Strength,173,90,58,1.73,11.0,5,3
40,1.68,46.7,16.55,Male,moderate,136,11040,220.0,8.9,1.23,Strength,125,117,65,1.61,20.9,3,3
42,1.83,84.7,25.29,Female,high,100,12664,562.2,4.5,3.12,Strength,192,143,58,1.92,17.1,4,3
25,1.93,45.3,12.16,Male,moderate,81,7999,799.2,6.5,1.9,None,181,90,66,1.63,10.2,6,3
62,1.57,104.2,42.27,Male,high,99,12791,893.9,8.5,1.91,None,148,130,77,1.21,12.0,6,3
39,1.91,68.2,18.69,Female,low,152,2579,424.0,6.2,2.72,Cardio,162,115,61,1.4,19.9,4,2
21,1.91,102.4,28.07,Female,high,117,3583,225.5,7.1,2.81,Cardio,186,151,82,0.96,33.5,5,2
57,1.79,115.9,36.17,Male,high,96,10668,336.9,6.1,2.77,None,181,82,62,0.5,34.9,6,2
20,1.88,118.2,33.44,Male,moderate,117,5095,813.9,8.8,2.17,Strength,132,128,64,1.03,11.3,5,3
46,1.59,112.1,44.34,Female,low,102,2367,526.5,8.9,2.77,Strength,183,79,77,1.11,30.8,6,2
58,1.58,60.3,24.15,Male,high,104,9181,797.3,4.9,3.31,None,166,83,83,1.6,22.0,1,3
46,1.93,59.6,16.0,Female,high,71,7489,510.7,8.7,1.34,Strength,179,140,78,1.79,25.5,6,2
51,1.75,91.9,30.01,Female,moderate,164,9147,237.4,6.6,2.44,None,134,145,67,1.94,22.6,5,3
51,1.62,85.8,32.69,Male,moderate,128,12411,632.3,6.9,3.2,Strength,124,104,78,1.03,33.1,2,3
45,1.84,45.7,13.5,Female,high,128,9028,505.0,8.7,3.41,Strength,188,155,68,1.94,22.0,3,3
30,1.95,74.4,19.57,Female,moderate,118,4937,543.9,7.7,1.22,Yoga,121,139,70,1.7,14.2,6,1
32,1.82,113.0,34.11,Female,low,109,7392,864.3,7.1,3.37,Cardio,157,104,61,0.55,29.5,2,1
40,1.67,112.4,40.3,Male,low,85,13594,520.0,8.4,2.82,Strength,173,121,70,1.39,22.8,5,3
61,1.74,60.3,19.92,Male,high,149,14877,757.6,7.3,2.81,Strength,158,105,71,1.05,12.9,3,2
43,1.88,73.6,20.82,Male,low,69,1217,241.2,4.4,1.37,None,139,134,74,0.55,21.5,5,3
21,1.53,87.0,37.17,Female,moderate,108,14422,535.3,7.5,2.44,Yoga,139,149,73,1.3,27.2,4,3
43,1.61,109.0,42.05,Male,moderate,62,13031,610.7,8.7,1.9,Yoga,148,154,66,1.38,17.4,6,1
57,1.73,84.9,28.37,Male,moderate,123,1671,279.3,6.7,2.46,None,154,83,63,0.88,32.8,1,3
26,1.8,117.6,36.3,Male,low,130,1148,411.6,6.7,2.84,None,151,150,82,1.91,31.2,5,1
22,1.67,104.9,37.61,Female,moderate,65,7204,717.7,5.4,1.46,None,136,128,80,1.42,24.2,2,2
49,1.65,116.5,42.79,Female,high,114,4793,328.7,6.8,1.38,Strength,170,135,62,0.76,11.4,1,2
37,1.52,99.9,43.24,Male,moderate,125,2227,289.9,8.7,1.89,None,127,138,63,1.58,24.6,4,2
28,1.52,110.8,47.96,Male,low,117,6538,409.5,5.4,2.61,Cardio,140,154,59,1.25,20.4,4,3
32,1.64,107.3,39.89,Male,moderate,114,14813,801.3,8.8,2.68,None,142,80,75,1.21,28.1,6,1
49,1.77,64.0,20.43,Female,low,138,4861,734.1,7.5,2.52,Strength,170,119,64,1.75,16.7,6,3
45,1.78,62.2,19.63,Male,moderate,155,14428,743.8,5.1,3.12,Cardio,125,139,59,0.71,25.1,4,2
39,1.75,109.8,35.85,Female,moderate,61,8480,425.7,7.5,2.84,Strength,171,151,68,1.24,23.9,5,3
58,1.7,51.4,17.79,Female,moderate,90,14660,269.3,6.1,2.26,Cardio,127,111,72,1.67,23.2,4,1
34,1.63,75.6,28.45,Female,low,102,6522,222.4,6.9,2.21,Cardio,188,147,83,1.49,12.9,1,1
43,1.7,106.5,36.85,Male,low,124,1273,610.3,8.3,2.99,Cardio,152,91,61,0.51,22.2,5,2
61,1.57,106.0,43.0,Male,low,134,2335,691.6,5.1,3.21,Strength,181,99,62,1.68,23.8,5,2
24,1.56,55.4,22.76,Female,moderate,141,14073,464.5,6.2,3.12,Cardio,184,124,59,1.92,33.2,3,2
59,1.65,81.6,29.97,Female,low,162,14759,570.2,6.2,2.24,Yoga,182,145,78,1.56,21.5,1,3
43,2.0,81.0,20.25,Female,high,114,10020,395.3,7.4,2.45,Yoga,151,105,60,1.81,26.0,5,1
42,1.66,69.3,25.15,Female,moderate,124,7702,455.0,4.3,2.97,Strength,174,106,74,1.04,24.2,1,3
27,1.97,113.8,29.32,Male,high,84,9880,710.9,4.9,2.45,Yoga,152,122,77,1.03,14.9,5,2
62,1.7,94.0,32.53,Male,moderate,157,12215,702.8,6.2,1.56,Cardio,157,157,78,0.98,14.6,6,1
36,1.72,118.5,40.06,Female,high,126,4193,219.7,6.7,3.22,None,121,91,63,1.6,28.5,4,2
28,1.9,50.0,13.85,Female,high,98,7330,861.0,4.2,2.23,None,129,135,75,1.91,23.1,6,1
30,1.55,74.6,31.05,Female,high,100,12575,388.3,6.2,3.46,Cardio,185,131,63,1.83,32.4,3,1
25,1.59,107.6,42.56,Male,moderate,170,2618,835.3,7.1,2.38,Yoga,195,131,62,0.73,32.7,2,2
57,1.99,76.7,19.37,Female,low,154,8856,558.3,4.7,1.97,Cardio,134,144,71,1.44,17.4,3,1
21,1.75,64.6,21.09,Male,low,178,5595,549.4,6.2,1.53,None,180,107,78,1.99,12.5,6,1
64,1.52,119.8,51.85,Female,moderate,109,10608,515.4,7.7,1.86,None,150,93,62,0.94,18.6,3,2
48,1.52,110.5,47.83,Male,high,116,11167,845.7,4.4,1.55,Strength,157,89,83,1.45,11.7,1,1
45,1.95,86.0,22.62,Male,high,121,6964,345.7,7.1,3.3,None,148,109,77,1.86,29.5,1,2
28,1.94,87.1,23.14,Female,moderate,157,2226,628.2,5.9,2.5,Strength,197,123,55,1.85,13.7,2,3
60,1.73,45.5,15.2,Male,low,78,1252,422.4,6.3,3.05,Yoga,162,110,76,0.98,31.7,1,3
18,1.58,118.6,47.51,Male,moderate,111,5064,840.7,5.8,1.52,Cardio,142,128,72,0.64,20.4,4,2
64,1.92,105.5,28.62,Male,high,107,12549,318.5,4.4,1.16,Strength,144,110,69,1.47,17.0,6,1
55,1.66,47.8,17.35,Male,high,153,7445,673.3,7.0,2.05,Cardio,147,127,76,1.92,22.5,1,3
41,1.71,58.2,19.9,Female,low,87,14192,495.2,6.1,3.34,Strength,191,134,81,1.26,25.1,2,2
64,1.84,106.6,31.49,Female,moderate,101,10494,662.9,8.2,1.28,Yoga,120,148,70,1.19,27.5,5,2
48,1.68,51.5,18.25,Female,high,94,10815,310.3,7.7,2.97,Yoga,139,118,56,1.8,18.5,1,1
58,1.81,115.6,35.29,Female,moderate,118,4679,475.6,6.9,1.15,Strength,148,107,67,1.14,34.6,6,1
63,1.94,120.0,31.88,Female,low,95,1112,275.1,5.2,1.41,Strength,127,118,56,1.52,20.6,3,1
43,1.9,111.5,30.89,Male,low,67,5581,878.1,6.4,2.82,Yoga,181,129,68,1.08,30.9,3,2
22,1.69,100.4,35.15,Male,low,60,5099,349.8,7.9,1.53,Cardio,133,148,61,1.07,10.9,1,3
37,1.64,81.5,30.3,Male,low,122,1043,895.3,4.6,1.06,Yoga,157,118,65,0.78,29.4,4,2
58,1.64,51.2,19.04,Male,high,94,1168,492.9,4.6,1.55,Cardio,122,125,69,0.63,23.8,3,1
28,1.67,99.8,35.78,Female,moderate,135,6421,250.1,5.1,2.83,Strength,122,125,80,1.83,26.0,4,1
50,1.75,74.8,24.42,Female,high,153,10498,212.3,8.4,2.33,Cardio,174,81,71,0.77,19.3,2,2
55,1.71,87.8,30.03,Male,high,68,4466,619.3,6.5,2.37,Strength,197,159,75,0.59,23.6,1,1
44,1.57,67.0,27.18,Female,moderate,142,5692,630.3,8.9,2.03,Cardio,140,75,71,1.37,33.3,5,1
51,1.58,63.2,25.32,Male,moderate,152,6837,567.4,8.4,1.36,Strength,154,87,69,1.32,19.7,3,2
32,1.67,69.3,24.85,Male,low,65,10210,246.5,5.2,1.54,None,163,147,70,1.35,12.6,5,3
49,1.78,106.0,33.46,Female,low,100,9572,432.1,8.9,1.46,None,163,122,63,1.2,28.0,6,1
38,1.8,77.0,23.77,Female,moderate,83,9279,451.3,6.5,2.77,Yoga,162,158,75,0.71,22.6,3,3
63,1.74,68.4,22.59,Female,low,166,13435,693.4,8.4,3.12,Yoga,160,121,75,0.53,20.6,4,3
22,1.87,77.5,22.16,Female,low,170,2128,493.2,6.4,1.59,Strength,146,121,74,0.57,29.4,3,3
23,1.87,47.4,13.55,Female,high,145,6337,601.1,8.7,1.43,Cardio,147,84,73,1.91,24.1,2,3
55,1.71,111.8,38.23,Female,moderate,119,11270,400.4,7.7,1.63,Strength,124,100,78,1.3,25.8,4,1
39,1.56,86.4,35.5,Female,moderate,155,12123,708.2,6.6,3.35,None,162,124,77,1.1,33.2,6,1
35,1.77,52.9,16.89,Male,moderate,63,9911,232.7,7.5,1.53,None,182,121,63,1.12,11.5,5,2
31,1.69,66.6,23.32,Female,high,131,6928,892.0,5.1,2.72,Strength,158,118,60,1.48,16.6,4,1
27,1.57,118.8,48.2,Male,low,73,5070,649.0,8.3,1.29,None,129,75,55,1.06,32.5,3,2
63,1.99,89.5,22.6,Male,low,136,2810,304.2,5.4,2.65,Yoga,182,137,59,1.69,29.8,2,3
30,1.68,66.9,23.7,Female,low,90,6574,702.2,7.0,1.61,Strength,128,91,59,0.89,14.7,2,2
48,1.81,77.0,23.5,Male,low,98,14747,750.6,9.0,3.09,Yoga,148,91,77,1.05,14.2,2,2
47,1.75,64.4,21.03,Female,moderate,78,5239,752.0,4.3,1.06,Yoga,147,113,80,1.9,30.6,6,1
20,1.57,47.4,19.23,Male,moderate,84,12671,389.5,4.9,2.25,Yoga,130,117,55,0.89,23.8,6,2
47,1.53,108.2,46.22,Male,moderate,87,5293,871.0,7.4,2.66,None,134,150,55,1.49,31.5,5,3
23,1.81,66.9,20.42,Male,moderate,123,13775,212.4,7.2,2.86,Cardio,143,115,83,1.05,32.9,4,1
46,1.62,107.9,41.11,Female,high,136,10039,465.9,7.6,3.25,Cardio,154,89,76,1.21,11.7,1,1
25,1.62,80.9,30.83,Male,high,167,14411,273.0,4.1,2.56,Cardio,180,75,60,0.57,34.2,5,1
61,1.98,58.7,14.97,Male,low,83,7542,469.4,7.4,1.32,Yoga,139,132,63,0.75,27.9,4,3
62,1.73,105.1,35.12,Male,high,99,4303,240.1,8.7,2.81,Strength,177,128,73,0.65,30.9,2,2
60,1.51,73.3,32.15,Female,high,169,8409,651.5,6.0,2.32,Yoga,182,149,82,1.77,25.8,3,1
61,1.67,98.1,35.18,Male,high,119,12011,243.7,6.5,1.25,Yoga,194,79,59,1.94,17.6,3,2
50,1.79,107.8,33.64,Female,high,74,6633,631.1,7.5,1.35,Strength,179,136,75,0.6,25.0,3,3
34,1.66,117.2,42.53,Male,low,144,12085,363.9,8.4,3.07,Cardio,158,156,71,0.62,22.9,6,3
28,1.51,51.4,22.54,Male,moderate,113,11623,325.4,7.8,2.41,Cardio,139,156,76,1.33,33.3,3,3
30,1.72,45.6,15.41,Male,moderate,147,14435,442.9,8.8,1.39,Cardio,177,145,74,1.26,23.9,1,1
28,1.55,86.1,35.84,Female,low,117,6525,648.7,7.7,2.97,Yoga,183,120,66,1.48,10.7,4,1
48,1.81,64.8,19.78,Male,high,138,4649,604.7,5.4,2.47,Yoga,133,139,60,1.61,27.2,4,2
45,1.81,80.2,24.48,Male,moderate,64,5627,676.3,8.5,1.42,None,155,102,83,1.7,11.3,5,2
61,1.52,50.4,21.81,Male,high,98,3051,843.3,6.5,2.12,Cardio,132,158,67,0.72,33.6,3,1
23,1.65,82.6,30.34,Male,low,168,10459,342.3,8.6,3.32,Yoga,120,115,78,0.56,22.2,5,3
58,1.71,54.4,18.6,Female,high,122,7881,489.3,4.3,2.88,None,132,97,62,1.83,34.2,3,3
33,1.78,107.9,34.06,Male,high,131,11927,386.1,7.2,1.97,Yoga,154,106,83,1.2,10.6,1,1
21,1.65,102.0,37.47,Male,high,135,5278,610.4,4.1,1.01,Yoga,127,132,57,1.96,23.3,1,2
52,1.64,50.6,18.81,Male,high,137,11990,398.4,4.7,1.56,Cardio,137,113,79,1.3,15.7,2,3
43,1.99,107.7,27.2,Male,moderate,60,6459,590.6,5.5,1.45,Strength,153,156,65,1.27,26.0,3,1
29,1.52,69.4,30.04,Female,moderate,79,7726,776.2,7.7,1.94,Yoga,171,107,83,1.43,22.5,6,2
28,1.99,71.5,18.06,Male,moderate,128,1565,585.7,6.1,3.21,Yoga,189,132,74,0.76,24.2,3,2
54,1.52,58.5,25.32,Male,high,151,8191,786.7,6.2,1.45,Yoga,177,106,55,0.88,19.0,4,3
42,1.64,107.6,40.01,Female,high,151,8050,627.9,5.5,1.12,Cardio,146,124,79,1.86,11.3,1,3
35,1.75,75.4,24.62,Male,high,108,1399,809.2,8.2,1.33,Yoga,137,125,68,0.82,12.7,6,3
36,1.57,48.7,19.76,Male,high,149,12328,851.3,8.8,2.12,None,176,151,83,0.85,31.5,4,3
40,1.57,117.5,47.67,Male,moderate,77,4555,555.5,8.9,1.17,Cardio,128,93,75,1.26,27.6,5,2
55,1.63,64.2,24.16,Female,moderate,82,8131,753.5,6.6,2.39,None,183,77,83,1.46,29.2,4,1
35,1.99,115.2,29.09,Male,moderate,165,8692,528.2,4.2,1.68,Cardio,198,91,78,0.5,13.1,3,2
43,1.69,67.6,23.67,Female,high,77,13533,693.6,4.5,1.94,Yoga,142,117,67,1.19,11.2,4,3
23,1.78,107.4,33.9,Female,moderate,119,4834,226.3,8.4,1.39,Yoga,178,103,69,1.1,10.4,2,1
21,1.85,94.8,27.7,Female,moderate,102,9029,876.8,7.0,2.86,None,186,118,77,1.8,23.0,6,2
61,1.87,109.6,31.34,Female,moderate,131,10249,826.0,4.9,1.95,None,192,126,75,1.76,22.5,6,1
46,1.84,118.2,34.91,Female,high,113,8345,825.3,6.7,1.29,Cardio,141,102,62,1.86,12.8,4,2
51,1.67,110.4,39.59,Female,moderate,110,5379,396.9,7.1,1.9,Cardio,169,158,69,1.76,18.7,2,1
34,1.56,75.3,30.94,Female,moderate,119,14000,398.2,8.3,3.46,Strength,142,108,67,1.68,23.3,3,2
60,1.64,106.1,39.45,Male,moderate,175,10182,481.8,7.3,2.78,Strength,171,154,55,1.79,26.9,5,2
60,1.61,98.4,37.96,Male,moderate,83,10029,816.1,6.4,3.17,Strength,126,128,65,0.76,30.2,6,3
33,1.57,49.6,20.12,Female,high,145,7715,801.0,7.0,3.23,Yoga,136,76,74,1.01,26.0,6,2
19,1.51,114.7,50.3,Female,high,109,7969,402.6,4.7,2.37,None,122,91,69,1.53,10.8,1,3
51,1.97,79.9,20.59,Female,moderate,143,10925,579.2,5.2,2.39,None,126,158,75,1.88,24.7,2,2
25,1.96,55.1,14.34,Female,high,155,6859,532.6,6.6,3.27,Strength,196,92,58,1.5,12.2,1,1
30,1.53,76.9,32.85,Female,high,96,10491,655.5,5.1,3.18,Strength,160,102,60,0.81,24.1,5,1
59,1.59,90.2,35.68,Female,high,172,5519,349.7,8.9,2.79,Cardio,142,102,79,1.92,19.4,4,3
25,1.57,88.0,35.7,Male,moderate,116,11207,259.5,6.7,3.05,Strength,156,126,66,1.64,17.2,5,2
47,1.64,88.1,32.76,Male,high,89,6821,219.1,4.7,2.85,None,187,90,55,1.57,22.0,6,3
49,1.6,64.2,25.08,Female,low,107,4694,467.0,8.6,1.77,Cardio,192,107,64,1.64,19.5,5,1
53,1.97,92.5,23.83,Female,moderate,80,12376,862.6,7.5,1.3,Strength,189,159,81,1.49,30.8,6,2
64,1.54,113.1,47.69,Female,high,74,1735,679.4,4.2,2.79,Yoga,183,79,72,0.53,15.7,6,3
47,1.61,74.2,28.63,Male,moderate,148,5996,724.4,5.8,3.26,Strength,137,119,55,0.88,13.4,3,1
18,1.54,92.3,38.92,Female,moderate,130,12748,861.6,6.1,3.45,Yoga,154,111,61,1.93,30.9,2,1
60,1.99,63.3,15.98,Male,low,91,9713,495.4,6.6,1.12,Strength,142,156,84,0.93,16.1,6,2
56,1.96,48.6,12.65,Male,high,146,6476,532.1,5.6,2.59,Cardio,126,126,56,1.66,10.8,5,2
34,1.86,88.9,25.7,Male,moderate,174,7766,451.7,7.6,2.54,Yoga,180,138,79,1.14,19.7,6,2
37,1.71,48.6,16.62,Female,low,106,10921,327.0,6.7,1.92,Yoga,195,136,62,1.86,30.5,6,3
41,1.6,99.3,38.79,Female,low,101,4658,736.5,4.2,2.38,Cardio,168,79,80,1.34,20.8,2,3
39,1.61,95.3,36.77,Male,high,166,3240,834.7,4.4,2.14,Yoga,176,85,55,1.45,21.8,6,2
46,1.72,72.7,24.57,Male,low,150,2229,769.7,5.6,3.31,Cardio,187,77,73,0.86,11.2,2,2
39,1.88,75.8,21.45,Male,moderate,64,11836,233.4,7.3,1.75,Strength,131,125,60,0.59,27.8,5,2
61,1.63,113.8,42.83,Male,high,144,1517,409.4,7.2,1.45,Cardio,134,134,65,1.63,18.6,1,1
26,1.66,46.0,16.69,Female,high,146,12375,614.5,4.9,2.68,Cardio,121,140,73,0.6,28.2,5,2
54,1.8,87.2,26.91,Male,moderate,173,12289,429.0,8.5,1.71,Cardio,166,131,79,1.58,20.3,3,3
27,1.62,114.3,43.55,Female,high,161,2158,305.1,6.6,1.14,Cardio,194,91,82,1.33,23.2,4,1
53,1.79,113.5,35.42,Male,high,80,2327,576.9,6.9,3.0,None,175,77,64,1.73,24.7,4,2
54,1.69,88.8,31.09,Female,low,156,4776,565.0,7.9,1.81,Yoga,133,77,70,0.81,14.9,3,3
45,1.52,73.6,31.86,Male,low,132,1078,696.9,4.6,3.48,Strength,146,114,70,1.31,17.4,5,1
45,1.7,52.4,18.13,Female,low,84,2630,899.9,6.6,1.78,Cardio,123,154,64,1.42,24.6,5,1
59,1.96,58.0,15.1,Female,moderate,97,14475,653.8,7.5,2.39,None,157,150,72,0.61,30.6,5,3
60,1.65,96.0,35.26,Female,moderate,84,10797,421.8,5.0,1.4,None,121,137,76,1.61,34.0,6,3
38,1.66,46.2,16.77,Male,high,104,2298,869.5,4.9,2.33,Strength,123,125,72,1.08,23.1,1,1
41,1.53,111.3,47.55,Female,high,105,14567,599.9,8.7,1.66,Yoga,143,75,57,0.69,11.8,4,3
59,1.81,89.1,27.2,Male,high,142,13037,652.0,7.9,2.71,Strength,128,125,66,1.08,33.9,1,1
57,1.92,48.4,13.13,Female,high,161,5893,450.3,4.1,1.07,Cardio,138,78,64,0.65,20.5,2,1
19,1.68,63.0,22.32,Female,high,124,8330,516.3,6.0,2.75,Yoga,181,155,82,1.83,12.6,6,1
25,1.62,89.6,34.14,Male,high,123,8352,493.0,4.9,2.29,Yoga,191,157,70,1.19,34.3,2,1
44,1.98,47.7,12.17,Female,moderate,123,5797,855.4,5.6,1.95,Strength,160,78,79,0.71,17.0,3,2
39,1.87,103.5,29.6,Female,low,171,1009,766.7,5.4,1.16,Strength,196,121,63,0.88,26.4,1,3
54,1.78,114.0,35.98,Male,high,93,13387,263.5,9.0,1.16,Yoga,191,113,84,1.59,13.6,5,2
44,1.65,117.1,43.01,Female,high,127,11092,419.7,8.9,2.98,Strength,197,158,72,1.68,28.0,5,2
46,1.61,100.0,38.58,Female,low,110,9337,239.0,4.4,2.85,Yoga,169,123,67,0.56,34.4,1,2
20,1.86,109.3,31.59,Female,moderate,76,8411,561.7,5.2,2.16,Strength,193,131,78,0.59,34.6,5,2
61,1.76,90.8,29.31,Female,high,171,13931,395.6,7.9,1.02,Yoga,184,113,68,1.88,13.2,5,1
30,1.76,79.4,25.63,Male,high,136,13539,251.4,7.2,3.03,Cardio,195,142,73,1.0,29.2,1,1
62,1.54,98.5,41.53,Female,high,74,12719,740.4,4.4,2.66,None,195,91,68,0.79,26.6,2,1
27,1.76,61.8,19.95,Female,moderate,126,5375,263.8,4.2,1.19,Strength,131,89,56,0.68,30.0,1,1
53,1.91,53.2,14.58,Female,moderate,116,14119,390.1,4.8,1.69,Yoga,158,102,65,1.21,18.3,4,2
26,1.97,102.1,26.31,Female,moderate,128,8406,740.1,6.2,1.17,None,148,90,80,1.66,20.0,4,1
44,1.55,116.9,48.66,Female,low,69,6217,558.1,8.3,3.17,None,177,80,62,1.28,18.5,6,2
51,1.82,88.3,26.66,Female,high,77,1343,772.0,5.9,2.26,None,186,106,57,0.53,29.2,4,1
18,1.78,81.2,25.63,Female,low,67,7953,490.1,5.4,1.94,Strength,190,155,69,1.23,30.2,3,3
49,1.95,85.1,22.38,Female,high,123,10195,770.4,5.5,2.58,Strength,196,99,67,0.97,16.2,3,3
42,1.88,80.9,22.89,Male,low,75,9858,576.7,7.1,2.86,Cardio,194,113,62,1.52,24.3,2,3
46,1.98,78.2,19.95,Male,low,131,8352,261.6,5.8,2.63,Strength,144,91,67,1.29,13.1,1,3
24,1.98,116.0,29.59,Male,moderate,130,10267,530.0,6.3,3.07,Strength,168,120,70,1.95,10.3,2,1
20,1.61,81.0,31.25,Male,high,63,5304,587.5,6.0,2.49,Strength,182,153,76,1.4,25.3,4,3
37,1.86,51.1,14.77,Female,high,147,12633,628.5,5.9,1.01,None,146,127,55,1.45,31.0,4,3
37,1.77,102.4,32.69,Female,moderate,79,1015,849.5,4.8,1.34,Cardio,189,125,84,1.28,32.7,3,2
47,1.61,74.4,28.7,Male,high,89,11778,328.5,8.6,3.17,None,189,92,56,0.97,25.5,4,3
52,1.6,98.3,38.4,Male,low,91,13386,624.2,4.7,1.32,Cardio,177,94,67,1.45,30.2,6,1
52,1.54,88.5,37.32,Male,low,84,12184,726.4,7.0,2.55,Strength,128,79,83,1.0,20.1,3,2
56,1.9,98.5,27.29,Female,low,141,3073,823.0,4.3,1.52,Yoga,120,136,68,1.58,31.9,2,1
44,1.66,49.6,18.0,Female,high,154,14749,567.7,4.9,3.4,Strength,195,86,56,0.86,29.4,1,2
43,1.93,47.5,12.75,Male,low,108,3949,349.8,5.6,1.56,None,184,155,70,1.05,17.7,6,1
31,1.8,73.4,22.65,Male,low,171,6996,772.4,5.0,1.9,None,143,104,68,1.38,24.9,1,3
34,1.84,97.0,28.65,Male,low,148,11861,833.5,5.9,2.93,None,138,157,61,1.44,11.3,1,2
35,1.65,61.8,22.7,Male,high,61,13160,274.5,7.5,2.65,Cardio,133,90,76,1.5,13.7,1,3
62,1.73,77.5,25.89,Male,moderate,157,1483,360.8,7.2,1.8,None,133,76,68,1.55,33.7,5,1
46,1.71,118.6,40.56,Female,low,119,2554,810.0,6.7,2.74,Yoga,199,150,72,0.98,10.2,6,1
37,1.62,61.1,23.28,Male,low,170,8411,539.1,5.5,3.45,Yoga,151,77,71,1.84,15.1,2,2
44,1.92,108.6,29.46,Female,high,126,7945,318.4,8.2,1.36,Strength,125,82,59,0.54,13.5,6,1
35,1.81,106.9,32.63,Male,high,144,10349,651.7,8.3,1.6,Cardio,142,111,65,0.78,27.5,6,1
21,1.52,111.9,48.43,Male,moderate,90,12332,520.8,5.1,2.12,Cardio,138,127,72,0.61,12.6,3,2
18,1.91,113.6,31.14,Female,low,143,11918,877.6,8.8,1.78,Strength,121,129,70,1.51,10.5,2,3
18,1.55,83.0,34.55,Male,high,107,8454,355.9,4.8,1.79,None,193,123,80,0.91,33.3,2,2
43,1.7,96.1,33.25,Female,high,125,12174,453.5,5.3,2.07,None,160,133,64,0.8,31.8,5,1
62,1.79,91.4,28.53,Female,high,107,5713,316.3,7.6,2.97,Strength,172,134,60,1.22,19.0,5,1
37,1.5,68.2,30.31,Male,moderate,89,3694,234.8,7.6,1.89,Strength,146,152,68,1.43,12.5,1,2
40,1.83,66.0,19.71,Male,high,163,4190,391.7,5.2,1.64,Strength,127,120,56,1.43,27.0,6,2
27,1.83,70.6,21.08,Female,moderate,139,13386,773.9,6.6,2.38,Strength,162,137,83,1.34,32.1,1,3
28,1.83,61.4,18.33,Female,high,168,13315,387.1,4.1,3.18,Cardio,152,153,81,1.99,34.4,4,1
58,1.58,101.8,40.78,Male,moderate,161,11330,687.4,6.9,2.75,Cardio,162,106,63,1.79,13.3,4,1
58,1.63,117.3,44.15,Female,low,151,11821,568.2,8.6,1.85,None,149,140,82,0.86,25.0,5,3
22,1.62,110.1,41.95,Male,high,76,11279,563.8,4.9,3.43,Cardio,153,159,67,1.64,20.8,1,2
18,1.98,61.3,15.64,Female,low,162,3065,747.1,4.1,2.73,Cardio,197,78,75,1.35,13.9,3,2
34,1.53,48.9,20.89,Male,moderate,78,7032,632.4,7.9,1.35,Cardio,139,103,77,0.61,30.2,5,3
39,1.71,101.8,34.81,Female,high,130,9566,311.9,8.7,2.74,Strength,181,123,74,0.57,29.6,4,2
51,1.94,74.3,19.74,Female,moderate,141,7132,354.5,5.4,3.26,Cardio,198,97,66,1.7,34.1,2,3
62,1.88,106.8,30.22,Male,low,105,12008,580.6,8.4,2.18,None,121,77,56,1.32,12.1,3,2
58,1.91,103.4,28.34,Female,moderate,97,12396,791.7,6.3,2.82,Cardio,199,128,57,1.36,16.0,6,2
46,1.99,91.9,23.21,Female,moderate,149,9009,306.6,8.0,1.38,Strength,187,95,67,1.0,30.7,3,2
21,1.69,64.2,22.48,Female,low,119,14641,274.8,5.5,1.28,Cardio,198,154,75,1.9,19.9,5,3
22,1.65,52.8,19.39,Female,high,163,12195,562.3,8.6,2.57,Yoga,138,118,55,1.57,21.9,4,3
28,1.52,63.9,27.66,Female,moderate,115,2665,332.1,4.4,2.0,None,154,94,82,1.89,25.3,3,3
38,1.58,83.2,33.33,Female,moderate,87,6514,896.0,8.4,2.15,Cardio,139,131,74,0.65,20.2,2,1
52,1.78,118.5,37.4,Female,high,170,3555,203.1,5.7,1.77,None,160,143,83,1.38,10.9,1,1
29,1.58,49.8,19.95,Male,high,66,7742,514.2,4.0,2.14,Strength,148,145,58,1.46,25.1,5,3
43,1.87,60.0,17.16,Female,low,109,1838,313.8,5.5,1.25,None,134,126,72,0.69,15.7,4,1
36,1.52,92.0,39.82,Female,moderate,98,3254,676.8,8.1,1.27,Yoga,151,154,79,1.02,34.2,4,1
62,1.63,67.8,25.52,Male,low,149,9470,641.1,4.5,2.11,Yoga,132,91,67,0.82,27.3,6,2
24,1.85,109.4,31.96,Female,moderate,165,10762,764.9,7.3,2.13,None,126,140,60,1.98,31.0,3,2
64,1.63,55.5,20.89,Female,high,102,9650,594.4,8.3,3.18,Strength,173,86,79,1.32,33.9,5,2
24,1.86,117.2,33.88,Male,high,94,7822,332.6,5.5,1.83,None,135,132,60,0.97,11.6,1,1
43,2.0,113.4,28.35,Female,moderate,67,6150,237.3,6.2,2.69,Cardio,129,151,69,1.5,13.7,1,1
57,1.9,111.6,30.91,Female,high,168,2153,705.5,4.1,1.76,Cardio,175,79,72,1.49,30.2,4,3
22,1.67,58.0,20.8,Male,moderate,176,3697,507.9,5.1,1.77,None,185,154,71,1.02,32.1,4,1
38,1.95,69.7,18.33,Male,high,114,8428,355.5,5.0,2.77,Cardio,157,146,68,1.99,10.1,1,1
31,1.53,105.3,44.98,Female,moderate,127,6707,376.3,8.2,2.41,Cardio,172,130,58,1.71,33.6,2,3
21,1.86,105.6,30.52,Female,high,76,8889,304.3,8.5,1.93,Strength,153,120,83,1.1,21.4,4,3
40,1.51,97.9,42.94,Male,high,80,10243,398.5,6.7,2.21,None,120,146,55,1.49,21.6,6,3
59,1.59,78.6,31.09,Female,moderate,150,1135,754.4,6.9,3.11,Cardio,198,92,62,1.57,32.0,6,2
37,1.99,68.4,17.27,Male,high,162,4395,634.5,4.3,2.86,None,193,118,65,0.76,17.2,5,3
32,1.68,117.2,41.52,Male,moderate,145,1720,891.2,6.8,3.34,None,178,117,67,1.82,24.6,6,2
62,1.91,55.4,15.19,Male,high,82,7236,567.0,5.3,3.19,Cardio,144,154,71,1.74,18.4,3,1
46,1.69,48.3,16.91,Female,high,169,8560,565.0,5.9,2.67,Strength,151,153,75,1.63,12.8,4,1
25,1.92,45.7,12.4,Male,moderate,126,12789,334.0,6.3,1.48,Strength,150,151,68,0.83,19.0,2,2
58,1.98,103.1,26.3,Male,moderate,90,14607,610.5,6.9,1.9,Yoga,193,96,79,0.7,14.3,6,2
36,1.72,49.3,16.66,Male,low,103,11876,625.9,6.6,2.39,None,122,134,71,0.77,23.0,3,2
56,1.78,85.4,26.95,Female,low,131,6256,344.6,4.6,1.08,Yoga,185,159,74,0.64,23.2,6,1
63,1.81,72.5,22.13,Female,high,137,6477,261.6,6.4,2.7,Strength,160,137,78,1.91,20.9,2,1
45,1.97,56.0,14.43,Female,low,86,13552,458.1,5.4,3.45,Cardio,181,98,78,1.78,14.3,2,3
63,1.63,100.5,37.83,Male,high,108,2267,320.5,8.4,3.07,Cardio,172,139,55,0.64,13.0,3,3
44,1.81,49.1,14.99,Female,low,84,9371,552.2,4.8,2.72,Strength,152,103,62,1.52,12.6,4,1
21,1.66,68.9,25.0,Female,low,124,13840,568.3,7.3,2.69,Strength,132,75,81,0.87,12.8,6,3
32,1.61,87.2,33.64,Male,moderate,159,6386,625.7,8.0,3.24,None,158,75,82,0.53,17.4,6,3
52,1.54,75.2,31.71,Male,high,179,13053,622.0,4.4,1.78,Yoga,148,147,73,0.94,10.0,1,2
54,1.81,64.4,19.66,Female,moderate,119,10704,672.4,6.8,2.12,Yoga,144,95,84,1.16,11.6,6,1
18,1.94,114.5,30.42,Female,moderate,147,11028,361.3,5.2,2.65,Strength,138,152,65,0.53,21.8,3,2
20,1.68,114.8,40.67,Male,low,101,7906,711.6,4.9,2.43,None,184,102,77,0.99,14.6,3,1
64,1.78,76.2,24.05,Female,moderate,149,1026,567.4,5.2,3.11,Cardio,135,92,64,1.55,16.6,1,1
41,1.82,74.5,22.49,Male,low,166,13765,506.1,5.7,1.92,Strength,191,126,81,0.84,18.8,3,2
44,1.71,68.1,23.29,Male,low,90,11373,653.5,8.2,2.04,Yoga,190,140,55,1.23,11.0,6,1
57,1.95,109.2,28.72,Female,high,150,1352,550.9,5.6,1.62,None,194,136,59,1.83,15.5,5,2
53,1.68,87.6,31.04,Female,high,177,5860,568.0,8.9,2.6,None,179,93,70,0.54,29.4,4,2
51,1.56,51.7,21.24,Female,high,102,9180,216.3,4.0,1.98,None,198,76,74,1.68,18.5,1,1
46,1.57,109.0,44.22,Female,moderate,87,11009,761.4,8.1,2.37,Yoga,176,144,74,1.08,14.7,4,1
41,1.95,85.1,22.38,Male,high,90,5293,496.9,4.8,1.15,None,164,129,82,1.31,14.9,1,2
41,1.99,76.2,19.24,Female,moderate,134,2376,562.7,7.9,2.76,Cardio,171,153,59,0.85,34.6,3,3
59,1.64,70.3,26.14,Female,high,153,14129,472.9,7.2,2.33,Yoga,125,131,70,1.37,13.7,3,3
21,1.57,52.5,21.3,Female,low,114,9292,586.1,7.0,2.86,Strength,179,85,57,1.6,32.6,4,1
20,1.74,116.8,38.58,Male,moderate,72,11048,237.8,5.1,1.63,None,156,90,84,0.8,12.0,2,1
51,1.85,100.6,29.39,Female,high,135,6099,468.7,7.5,3.14,Yoga,173,159,77,1.01,31.9,5,3
40,1.81,54.9,16.76,Female,high,153,3318,668.1,6.5,3.18,Strength,123,136,56,1.35,22.7,4,1
40,1.98,83.3,21.25,Male,moderate,68,5182,856.9,8.6,2.09,Strength,166,101,71,1.13,25.2,3,1
62,1.91,86.7,23.77,Male,low,102,9267,794.4,5.1,1.24,Cardio,156,96,76,0.94,16.1,4,3
22,1.93,57.6,15.46,Male,moderate,107,12473,874.0,8.3,2.27,Strength,161,77,82,1.18,32.5,4,1
48,1.77,77.0,24.58,Male,high,108,3160,747.1,7.7,2.62,Cardio,167,77,55,0.94,24.7,3,3
58,1.66,93.4,33.89,Male,high,98,1783,642.8,4.5,2.5,Yoga,180,95,70,0.95,26.9,6,3
23,1.85,66.3,19.37,Female,high,63,11074,496.3,6.7,3.24,Cardio,181,117,81,1.42,23.9,2,3
54,1.72,69.9,23.63,Male,low,72,6303,286.2,7.5,3.3,Yoga,174,144,77,1.22,13.1,6,1
27,1.64,54.2,20.15,Male,high,140,14822,375.6,4.4,2.56,Yoga,156,111,78,1.52,30.9,6,2
57,1.58,76.0,30.44,Male,moderate,103,6723,389.8,5.8,2.61,None,134,130,84,1.76,14.6,1,2
24,1.76,88.8,28.67,Male,high,60,14320,499.5,7.8,1.32,Cardio,178,113,56,1.91,17.3,2,2
56,1.8,53.7,16.57,Male,low,103,12232,626.9,6.2,1.98,Yoga,182,94,74,0.73,26.7,3,1
55,1.78,91.1,28.75,Male,low,112,12960,633.1,5.0,1.83,None,185,139,61,1.44,12.3,4,1
38,1.56,74.8,30.74,Male,moderate,75,1540,518.9,4.8,1.86,Cardio,161,109,65,1.37,33.3,5,1
37,1.78,95.9,30.27,Male,high,69,12612,392.3,8.1,2.82,Cardio,150,117,60,1.8,13.1,1,1
20,1.58,68.6,27.48,Female,high,125,8744,239.5,4.3,2.22,Strength,125,95,56,1.84,26.7,6,2
39,1.83,87.6,26.16,Female,low,134,6584,892.2,4.6,2.26,None,138,84,68,1.64,25.9,6,3
64,1.71,91.0,31.12,Female,low,62,7699,857.7,8.2,1.62,Strength,157,119,58,1.39,27.5,4,1
21,1.92,96.8,26.26,Male,moderate,131,14439,328.0,7.4,1.42,Yoga,198,77,73,0.8,20.8,2,1
45,1.89,101.8,28.5,Male,moderate,139,7288,623.8,5.2,2.02,Cardio,152,117,79,0.91,19.6,1,1
29,1.86,55.2,15.96,Male,high,106,1991,407.0,4.8,1.14,Yoga,172,126,76,1.4,34.4,5,3
55,1.85,117.4,34.3,Female,moderate,68,4344,336.1,4.6,1.4,None,149,115,83,0.71,30.4,2,2
53,1.78,108.3,34.18,Male,moderate,169,11571,679.1,4.2,3.05,Cardio,194,115,82,0.78,22.1,1,1
64,1.53,87.2,37.25,Male,low,105,10994,750.3,5.1,2.09,Yoga,184,151,56,1.87,14.6,6,2
58,1.83,111.8,33.38,Male,low,86,12931,484.6,7.8,3.44,Cardio,133,83,56,1.93,32.3,4,1
22,1.73,73.7,24.62,Female,low,110,11452,241.3,7.1,1.01,Strength,129,120,67,0.51,26.2,6,2
30,1.73,47.6,15.9,Female,moderate,145,3881,481.0,7.6,3.3,None,136,90,67,1.79,13.4,5,1
40,1.69,99.5,34.84,Male,low,122,14880,572.5,8.9,2.63,None,194,121,57,1.91,14.6,4,2
47,1.96,115.8,30.14,Female,low,150,7035,825.3,6.1,2.56,None,134,102,75,1.29,23.5,3,1
54,1.62,57.1,21.76,Male,moderate,118,7651,659.8,8.6,3.1,Cardio,195,102,82,1.17,22.6,5,1
42,1.66,93.3,33.86,Male,low,97,7051,697.3,4.4,2.57,Yoga,122,149,60,1.88,20.2,1,2
44,1.98,106.0,27.04,Female,low,109,10854,341.8,7.9,1.09,Yoga,141,85,75,0.51,20.7,3,2
31,1.91,112.9,30.95,Female,high,119,5080,704.2,7.1,3.26,None,175,103,82,1.76,14.3,3,3
64,1.51,65.7,28.81,Female,moderate,129,9943,551.3,7.2,3.18,Cardio,178,130,71,0.94,16.4,4,3
53,1.95,54.7,14.39,Female,high,103,6600,774.3,4.0,2.3,Cardio,145,150,83,1.46,22.3,1,3
56,1.61,63.6,24.54,Male,low,144,12316,351.5,5.0,1.31,Cardio,169,146,55,0.98,11.6,2,3
33,1.85,88.3,25.8,Male,high,93,13048,560.4,8.8,3.05,Yoga,199,131,61,1.28,18.8,3,2
39,1.78,113.9,35.95,Female,low,130,12218,346.6,7.3,2.32,None,180,127,84,1.71,15.3,6,3
38,1.77,88.7,28.31,Female,moderate,111,3116,400.1,8.6,1.82,Yoga,174,148,80,0.77,14.4,5,1
38,1.86,114.0,32.95,Male,low,69,14581,782.5,4.7,3.48,Strength,183,133,84,1.5,13.7,5,2
25,1.6,102.8,40.16,Male,low,106,11125,681.5,6.7,1.41,Cardio,122,109,61,1.85,13.5,2,1
33,1.58,89.9,36.01,Male,low,119,14222,709.9,5.3,1.41,Strength,149,126,67,1.85,14.0,6,3
48,1.83,46.6,13.92,Male,moderate,75,4407,248.0,8.8,2.5,None,177,110,80,1.84,19.4,3,3
59,1.65,70.0,25.71,Female,high,93,11096,710.1,7.8,1.67,None,132,151,76,1.28,12.5,6,3
27,1.99,49.3,12.45,Female,high,87,10475,544.0,8.8,2.03,Yoga,191,132,63,1.65,32.4,2,2
49,1.73,69.2,23.12,Female,moderate,157,8049,521.4,4.2,1.6,None,143,76,72,1.17,22.4,5,1
51,1.56,49.7,20.42,Male,moderate,66,6042,488.8,5.1,2.96,None,188,102,55,1.19,22.6,5,1
26,1.84,57.6,17.01,Male,high,132,8703,796.3,8.6,1.69,Yoga,126,159,65,0.93,15.3,1,2
34,1.65,75.8,27.84,Female,high,176,14725,324.2,4.8,3.11,Yoga,170,144,76,0.93,31.7,3,3
28,1.57,83.6,33.92,Female,high,116,4885,769.9,7.4,2.84,Yoga,173,137,76,0.56,30.7,4,3
49,1.71,61.3,20.96,Female,low,85,9444,849.8,8.6,1.74,Yoga,170,126,79,1.3,10.9,5,2
27,1.98,99.9,25.48,Male,low,141,7935,317.8,4.1,3.0,None,146,134,65,0.96,28.3,4,1
39,1.71,89.3,30.54,Female,low,133,10149,899.7,6.7,1.8,Strength,131,110,64,0.78,14.6,1,1
34,1.67,96.9,34.74,Male,low,109,8898,893.4,7.0,2.02,Yoga,160,156,71,0.68,23.9,6,1
21,1.72,100.0,33.8,Female,moderate,99,3975,634.9,7.9,1.2,None,152,136,81,1.02,31.8,6,1
64,1.51,99.5,43.64,Female,moderate,88,14703,388.0,7.9,2.42,None,198,117,71,1.85,33.4,3,3
42,1.57,115.2,46.74,Female,low,73,7876,500.7,6.8,3.04,None,150,113,66,1.27,14.6,2,3
38,1.92,62.8,17.04,Male,low,73,8375,319.3,8.4,2.56,None,130,79,84,1.34,33.5,3,2
54,1.99,65.3,16.49,Male,low,120,9900,284.1,5.3,2.38,None,155,149,82,0.58,11.7,5,2
55,1.58,52.1,20.87,Male,high,97,4731,692.8,6.1,3.24,Yoga,125,124,64,1.28,32.7,4,2
18,1.77,89.4,28.54,Male,moderate,67,12150,605.9,7.3,2.1,Yoga,164,90,66,1.5,29.3,4,3
42,1.98,74.6,19.03,Male,moderate,133,6434,594.5,8.0,3.49,Cardio,179,157,60,0.73,32.8,2,3
53,1.58,82.2,32.93,Male,high,88,5819,373.4,5.7,2.15,Cardio,191,126,75,1.98,19.2,4,3
34,1.59,57.7,22.82,Female,moderate,142,3184,364.4,5.7,2.61,Yoga,156,143,81,1.87,33.5,6,2
58,1.96,93.7,24.39,Male,moderate,98,10243,892.8,6.3,1.12,Yoga,149,145,60,1.99,30.5,3,3
41,1.85,91.4,26.71,Female,moderate,95,1230,640.1,5.4,2.75,Yoga,157,77,60,1.04,18.2,3,1
19,1.58,64.9,26.0,Male,high,111,3481,773.6,5.7,1.8,Strength,135,84,83,1.73,18.5,3,3
57,1.7,79.9,27.65,Female,high,177,8211,465.0,7.1,1.32,Yoga,198,125,74,0.99,18.9,3,1
32,1.53,112.1,47.89,Female,moderate,108,5166,790.6,5.1,1.37,None,157,143,80,1.62,24.7,2,1
49,1.72,103.0,34.82,Male,high,119,9342,705.7,6.6,2.27,Strength,172,106,62,1.92,14.5,4,1
56,1.89,62.0,17.36,Female,high,77,4727,445.1,8.8,2.47,Strength,127,79,59,0.73,20.8,6,3
23,1.78,110.9,35.0,Male,high,90,9247,702.4,8.6,2.76,None,128,117,60,0.71,11.7,2,2
18,1.82,50.0,15.09,Male,low,167,2045,847.9,5.9,2.12,None,140,157,56,0.66,19.0,4,1
64,1.66,76.0,27.58,Male,moderate,119,2658,349.6,5.3,3.16,Cardio,160,86,71,1.7,26.7,5,1
40,1.58,51.0,20.43,Male,low,73,4990,583.3,9.0,1.17,None,188,105,62,1.5,24.7,3,3
56,1.51,114.3,50.13,Female,low,104,2810,876.7,5.1,1.3,Yoga,138,155,76,1.28,17.9,2,3
34,1.91,48.1,13.18,Male,high,99,13491,775.0,8.1,1.57,Yoga,199,96,83,1.66,16.4,3,1
51,1.82,56.3,17.0,Female,moderate,147,10561,634.2,8.8,1.25,Cardio,137,133,63,1.77,18.2,4,2
58,1.61,113.6,43.83,Female,moderate,170,11487,248.8,9.0,2.89,Strength,195,126,75,1.92,11.7,4,3
46,1.71,88.7,30.33,Female,low,121,2312,484.4,6.2,1.91,Strength,199,121,62,0.8,16.4,6,1
26,1.9,104.6,28.98,Male,high,152,12642,655.5,6.1,2.51,Cardio,124,123,77,1.16,27.7,3,2
30,1.77,46.2,14.75,Female,low,157,6690,486.8,7.4,2.91,Yoga,186,130,65,1.88,14.5,5,3
23,1.65,76.4,28.06,Male,moderate,128,10512,898.0,6.0,2.37,Cardio,190,105,64,1.19,13.5,2,2
23,1.63,118.8,44.71,Female,low,154,5134,727.4,5.2,2.33,Yoga,151,133,71,1.23,31.2,6,1
37,1.61,88.5,34.14,Male,low,130,2153,331.0,5.5,2.13,Yoga,197,144,77,1.91,15.9,5,2
20,1.91,108.7,29.8,Male,moderate,173,12955,543.3,4.4,2.74,None,167,150,74,1.6,16.3,4,1
34,1.79,117.3,36.61,Male,low,174,1184,468.8,5.2,2.32,Cardio,152,117,67,1.33,21.6,5,3
29,1.85,96.4,28.17,Male,high,170,7392,615.7,4.9,2.01,Cardio,188,155,76,1.04,21.8,2,1
64,1.93,69.6,18.69,Female,low,145,4088,512.6,6.3,2.54,Yoga,191,148,63,1.87,14.7,1,1
62,1.99,68.1,17.2,Female,low,140,4082,366.5,8.9,3.4,Yoga,121,79,69,0.51,23.9,1,3
18,1.62,50.3,19.17,Male,moderate,60,2661,707.1,7.4,3.02,None,173,78,67,0.98,27.4,1,1
34,1.59,77.1,30.5,Female,low,91,7788,274.7,4.9,2.12,Yoga,161,89,67,1.92,22.1,3,2
20,1.73,113.7,37.99,Male,low,126,10799,572.5,8.5,2.52,Yoga,154,76,67,1.25,32.4,4,3
43,1.52,80.9,35.02,Male,low,151,5986,417.1,4.8,1.98,Strength,180,123,79,1.44,34.8,3,2
32,1.9,113.3,31.39,Female,moderate,166,7719,876.6,6.6,2.3,Cardio,179,130,79,1.3,23.2,1,3
53,1.94,106.3,28.24,Male,moderate,114,7440,412.5,7.2,2.83,None,168,82,75,1.1,34.3,2,1
49,1.84,118.8,35.09,Male,high,165,4667,438.7,5.8,3.09,None,142,90,58,1.5,26.2,6,2
49,1.63,116.1,43.7,Male,high,74,1730,695.0,8.0,1.15,Yoga,187,138,76,1.65,23.2,6,3
21,1.56,98.0,40.27,Male,high,120,10528,289.9,4.7,1.41,Cardio,154,158,64,1.05,31.8,4,2
35,1.69,110.3,38.62,Male,moderate,115,4262,427.2,6.6,2.45,Strength,133,98,69,1.39,34.2,3,3
36,1.92,101.1,27.43,Female,low,98,9858,687.1,5.7,2.76,None,141,129,75,0.62,35.0,5,3
60,1.67,97.8,35.07,Female,moderate,163,1029,221.5,4.1,2.65,Yoga,149,128,82,1.32,29.0,6,2
52,1.52,98.7,42.72,Female,moderate,81,8209,417.7,6.3,1.62,Cardio,122,155,64,1.62,22.1,6,2
57,1.64,99.1,36.85,Male,low,78,12147,205.8,6.0,2.64,Strength,194,143,75,1.38,17.4,5,2
31,1.99,73.5,18.56,Male,high,120,12548,305.2,4.9,2.15,Cardio,129,152,62,1.82,23.9,2,2
50,1.84,76.8,22.68,Male,low,109,12323,622.9,5.9,1.61,None,186,152,64,0.93,29.4,6,3
31,1.95,67.1,17.65,Male,low,151,3871,519.7,4.8,3.21,Yoga,160,134,75,1.24,10.7,3,2
51,1.89,56.1,15.71,Male,moderate,77,9904,309.2,6.2,2.33,Yoga,167,105,71,0.63,16.7,4,2
21,1.77,79.4,25.34,Male,low,177,11937,254.6,6.1,3.16,None,169,94,59,1.55,18.9,1,2
41,1.57,112.5,45.64,Female,high,120,13685,239.4,7.1,2.04,None,188,151,67,1.16,29.5,1,2
46,1.67,93.8,33.63,Male,low,104,11514,259.8,5.4,2.58,Cardio,177,128,75,1.3,25.3,4,2
36,1.79,49.2,15.36,Female,high,70,11024,267.3,5.0,3.04,None,134,83,75,0.69,20.6,6,2
23,1.94,105.8,28.11,Male,high,72,7893,260.4,7.6,1.82,Cardio,167,108,82,2.0,33.0,2,1
50,1.63,115.2,43.36,Female,low,98,13021,238.6,7.9,3.14,Yoga,125,150,73,1.66,23.5,5,1
57,1.56,107.2,44.05,Male,high,151,5792,687.9,4.3,1.88,Strength,123,154,66,1.1,28.1,2,3
36,1.78,99.6,31.44,Female,high,125,8165,858.9,6.6,1.51,Yoga,142,139,66,1.35,26.4,2,2
18,1.59,56.3,22.27,Female,low,104,11653,799.2,6.4,2.85,Yoga,164,90,79,1.43,31.5,4,2
22,1.81,71.2,21.73,Male,moderate,94,4146,386.1,6.2,1.84,Strength,184,144,75,1.94,30.3,3,3
44,1.63,87.4,32.9,Male,low,153,4733,343.0,4.1,3.38,Strength,175,158,82,1.65,34.7,6,2
33,1.62,50.8,19.36,Female,high,151,13395,233.5,6.7,3.01,Strength,182,80,56,1.02,19.5,6,2
23,1.7,53.0,18.34,Male,moderate,162,6343,309.2,7.2,1.58,Yoga,134,109,75,1.97,14.1,3,2
57,1.8,115.1,35.52,Male,high,92,2123,597.4,8.1,3.47,None,123,77,63,0.95,29.0,1,1
30,1.77,97.7,31.19,Male,high,154,1676,898.7,7.9,1.91,Yoga,196,95,84,1.37,31.9,5,2
52,1.62,65.6,25.0,Female,high,90,8812,801.3,5.1,2.39,None,151,81,78,1.55,11.4,5,1
36,1.95,69.6,18.3,Male,low,133,2298,560.4,8.7,1.18,Cardio,128,152,76,0.91,18.3,1,2
29,1.55,73.8,30.72,Female,moderate,167,10389,496.4,4.4,1.1,Yoga,176,104,79,1.93,30.2,5,2
33,1.52,50.6,21.9,Female,moderate,77,8652,303.5,6.8,1.74,Strength,186,96,77,0.82,27.1,5,3
60,1.8,100.4,30.99,Male,high,154,3023,493.0,5.1,1.03,Yoga,158,88,56,1.16,28.9,3,3
27,1.56,58.3,23.96,Female,low,124,1979,616.4,7.4,1.69,Yoga,159,129,84,0.77,23.6,5,2
42,1.75,105.4,34.42,Male,moderate,149,10110,616.8,8.1,2.31,Strength,135,141,55,1.81,19.5,1,2
37,1.98,108.4,27.65,Male,moderate,108,2696,590.3,8.1,2.73,Cardio,129,79,68,0.83,30.3,4,2
48,1.85,92.9,27.14,Female,high,74,1194,776.8,5.3,1.63,Cardio,172,143,67,0.55,23.9,6,1
21,1.81,102.7,31.35,Female,moderate,123,14099,557.1,6.0,2.02,Cardio,184,133,57,0.56,22.9,2,2
61,1.79,57.9,18.07,Female,high,66,8620,531.0,5.8,1.96,Cardio,169,83,81,1.12,28.4,2,3
40,1.59,88.2,34.89,Female,low,170,1867,414.0,4.5,1.82,Yoga,148,122,74,1.28,14.8,1,1
19,1.72,95.8,32.38,Female,moderate,116,1853,326.2,8.0,1.97,Yoga,137,111,79,0.56,24.7,4,2
39,1.67,94.6,33.92,Male,high,143,7416,201.0,5.7,2.22,Strength,171,142,59,0.64,17.6,2,1
54,1.98,53.8,13.72,Female,high,108,10902,425.5,6.1,1.5,None,151,94,56,0.65,10.5,1,1
25,1.62,70.8,26.98,Male,moderate,80,7566,643.2,7.4,2.16,Strength,152,159,80,1.5,28.7,6,1
24,1.74,69.4,22.92,Male,low,99,4984,591.2,7.1,1.65,Cardio,130,124,75,0.95,21.9,6,1
31,1.97,87.9,22.65,Female,high,71,4000,571.4,8.2,1.16,None,148,98,83,1.34,32.6,6,2
20,1.89,102.4,28.67,Female,low,81,2605,740.7,6.2,1.53,Strength,139,145,72,0.61,22.5,6,3
33,1.98,87.8,22.4,Female,high,68,13913,363.0,8.4,3.34,Cardio,141,123,63,1.84,10.3,4,1
36,1.8,101.6,31.36,Female,low,136,3113,675.0,8.9,2.26,None,191,82,76,0.96,20.2,2,3
35,1.67,52.4,18.79,Female,moderate,158,6710,625.0,5.8,3.46,None,134,149,82,1.67,14.3,1,1
33,1.91,110.9,30.4,Male,moderate,134,14253,437.3,4.8,1.56,Cardio,154,147,82,1.74,33.0,1,3
25,1.65,85.2,31.29,Male,high,137,6224,353.0,4.8,1.73,None,199,80,66,1.98,21.1,5,1
50,1.58,47.8,19.15,Male,low,177,9897,593.9,5.9,2.6,Strength,153,114,59,1.61,22.8,2,1
29,1.85,93.2,27.23,Female,high,179,12379,861.6,6.1,1.89,Strength,139,155,72,1.16,19.1,3,2
28,1.82,83.8,25.3,Female,high,90,2014,253.4,8.8,1.9,Strength,196,128,77,0.73,23.1,3,2
22,1.94,61.5,16.34,Male,moderate,62,10022,867.1,8.3,3.11,None,175,151,77,0.57,12.1,1,1
44,1.98,102.3,26.09,Female,high,176,5866,525.3,8.9,1.07,None,170,91,56,1.83,21.5,4,3
29,1.93,115.0,30.87,Female,high,102,14316,697.0,6.9,2.67,Cardio,196,125,64,1.17,26.6,4,2
34,1.53,69.2,29.56,Female,moderate,159,6973,762.2,4.2,3.2,Cardio,169,76,76,1.62,19.3,1,2
23,1.83,82.0,24.49,Male,low,107,2879,306.1,5.7,1.44,None,149,104,64,1.24,19.8,5,2
50,1.89,54.6,15.29,Female,low,82,14300,231.5,8.3,2.01,Strength,144,106,80,1.82,30.9,6,2
22,1.99,114.7,28.96,Male,high,120,6454,289.9,6.7,3.02,None,193,124,57,1.62,23.4,1,1
45,1.69,68.9,24.12,Female,high,145,3539,438.7,7.1,2.34,Yoga,190,145,78,0.63,24.7,3,3
31,1.58,59.6,23.87,Female,high,74,2932,869.6,7.1,1.89,Strength,123,90,68,1.63,17.4,5,2
22,1.93,80.9,21.72,Male,moderate,105,5447,229.9,8.9,2.56,Yoga,182,157,59,0.9,22.1,6,2
50,1.66,48.2,17.49,Female,high,115,3281,843.9,6.7,1.81,Cardio,141,153,78,1.66,11.3,4,3
58,1.8,64.0,19.75,Female,high,154,14188,592.9,7.5,2.57,None,176,129,77,1.92,20.8,3,2
36,1.69,50.1,17.54,Female,moderate,168,10036,271.6,4.5,1.36,Yoga,173,131,84,1.9,30.1,4,3
39,1.7,54.6,18.89,Male,low,73,10249,306.9,6.2,1.56,None,123,152,67,0.69,14.0,4,1
22,1.87,53.4,15.27,Female,high,153,12041,682.5,8.5,1.04,Yoga,184,119,81,0.58,29.1,3,2
19,1.68,110.4,39.12,Female,high,107,4571,625.9,7.6,1.46,None,167,126,78,1.67,19.4,3,3
47,1.85,114.8,33.54,Female,low,104,11422,317.2,6.4,1.33,Strength,142,145,82,1.56,10.7,4,2
64,1.51,80.6,35.35,Female,low,83,12848,833.0,7.7,2.5,Cardio,142,121,71,0.76,33.8,2,1
56,1.66,92.3,33.5,Female,low,112,1026,293.0,4.6,3.36,Strength,125,107,60,1.53,14.5,5,3
21,1.66,97.2,35.27,Male,high,78,1489,558.1,8.0,1.54,Cardio,188,98,83,0.52,18.4,6,3
50,1.87,74.3,21.25,Male,high,66,11525,569.8,8.0,1.32,Strength,183,109,83,1.45,22.0,2,3
30,1.66,72.8,26.42,Female,high,121,14474,809.4,7.9,2.34,Cardio,190,138,81,1.75,33.7,2,2
37,1.82,95.7,28.89,Female,low,168,11882,215.5,6.7,1.45,Strength,124,159,67,1.46,24.5,6,3
24,1.84,73.3,21.65,Male,moderate,106,10195,295.5,4.2,2.35,None,152,154,83,0.6,32.6,2,3
32,1.83,88.6,26.46,Female,moderate,141,14048,319.5,8.1,2.26,Strength,145,134,66,1.99,24.1,4,3
40,1.8,83.6,25.8,Female,high,109,7183,244.0,4.3,1.05,Yoga,178,155,57,1.03,15.1,2,1
31,1.71,84.3,28.83,Female,low,122,14596,642.0,8.8,3.41,Yoga,153,103,84,1.07,24.1,4,3
40,1.69,107.2,37.53,Female,low,109,8588,360.7,7.2,1.5,None,145,92,70,0.63,12.5,5,3
36,1.78,97.8,30.87,Female,low,134,9211,603.7,4.1,3.24,None,193,132,59,0.75,12.9,1,3
46,1.53,117.1,50.02,Female,moderate,84,7913,747.8,4.5,1.96,None,185,122,56,0.91,12.9,4,1
37,1.94,104.3,27.71,Female,high,98,3247,486.0,7.2,1.4,Yoga,139,85,65,1.7,10.3,4,3
46,1.91,55.9,15.32,Female,high,153,4727,738.2,9.0,1.27,Strength,133,77,58,1.54,13.8,6,2
41,1.67,100.4,36.0,Male,low,71,8291,744.5,4.4,2.28,None,190,116,76,1.38,18.8,6,3
35,1.78,94.9,29.95,Male,high,171,11778,384.4,4.3,1.9,Strength,193,92,55,1.8,11.8,2,2
27,1.97,93.5,24.09,Female,low,144,8328,211.0,7.4,3.29,Cardio,127,90,67,2.0,10.2,2,1
58,1.64,81.1,30.15,Female,moderate,114,6719,272.3,7.1,1.5,Strength,177,115,72,1.08,12.8,6,1
25,1.87,49.7,14.21,Female,high,133,13620,776.5,8.3,2.81,Strength,120,139,70,1.09,33.4,3,3
43,1.54,116.4,49.08,Female,high,157,11966,483.7,8.3,1.46,Yoga,150,117,56,1.6,23.1,6,3
46,1.76,108.9,35.16,Male,high,148,10435,787.4,7.2,3.18,Strength,127,117,63,1.47,20.9,6,1
27,1.94,81.5,21.65,Male,moderate,168,7411,583.3,5.5,2.28,Yoga,199,105,81,0.52,22.2,6,1
34,1.78,56.9,17.96,Male,low,82,5097,338.2,7.5,3.08,Cardio,179,102,66,1.48,23.9,4,1
19,1.81,106.8,32.6,Male,high,134,2906,698.6,4.9,2.09,Yoga,181,125,59,1.58,12.7,4,2
23,1.95,77.3,20.33,Female,moderate,156,9652,590.7,4.5,1.44,Cardio,129,101,59,1.98,24.6,4,2
22,1.86,74.3,21.48,Female,high,160,2293,446.3,7.5,2.35,Cardio,137,83,76,1.38,30.9,6,3
45,1.85,94.9,27.73,Female,low,144,13462,261.4,6.1,1.68,None,185,112,67,1.53,24.0,1,2
58,1.79,101.9,31.8,Male,moderate,118,4754,271.6,7.8,1.46,Strength,185,110,70,1.68,32.1,3,1
22,1.82,49.7,15.0,Female,moderate,91,8833,332.0,4.4,3.26,Strength,171,134,80,0.64,13.5,2,3
35,1.9,102.6,28.42,Female,high,145,7677,671.1,9.0,2.38,None,186,131,73,1.6,30.6,6,2
43,1.99,100.0,25.25,Male,moderate,76,13513,709.6,6.6,3.0,None,128,121,63,1.32,26.6,6,3
37,1.9,89.2,24.71,Male,high,167,13608,641.6,8.5,2.94,Strength,167,142,70,0.65,25.1,3,2
58,1.85,70.4,20.57,Male,low,159,9939,436.1,6.4,1.0,None,179,125,73,1.5,24.7,1,3
44,1.57,57.4,23.29,Male,low,87,4011,508.3,5.2,3.21,None,197,132,58,0.85,13.0,1,1
29,1.91,52.7,14.45,Male,moderate,102,5303,696.7,5.6,2.93,Cardio,171,122,82,1.31,26.0,6,1
24,1.87,45.1,12.9,Female,moderate,176,1584,661.9,8.5,1.67,None,162,133,69,0.92,20.0,2,1
20,1.89,60.5,16.94,Female,low,108,7067,741.1,7.5,1.57,None,194,150,63,0.66,11.6,4,2
27,1.62,75.9,28.92,Male,low,170,8666,368.8,5.0,1.14,Yoga,169,121,70,0.88,15.1,4,3
51,1.95,63.3,16.65,Female,low,103,3213,203.1,5.8,1.23,Strength,133,89,80,1.16,21.1,6,3
42,1.55,68.2,28.39,Female,high,170,8790,386.5,4.2,1.49,Yoga,137,152,78,1.24,34.8,2,3
52,1.63,74.3,27.96,Female,high,116,6803,443.5,7.2,1.01,None,196,146,60,0.72,20.8,2,2
33,1.83,68.1,20.34,Female,moderate,140,7712,872.4,5.9,1.79,None,153,76,62,0.98,13.7,2,1
19,1.84,99.3,29.33,Male,low,73,8573,352.4,4.3,3.31,Yoga,160,153,55,1.79,32.5,6,1
41,1.66,81.9,29.72,Female,moderate,86,12137,778.5,8.1,2.39,None,194,135,68,1.87,10.9,4,3
27,1.85,46.4,13.56,Female,high,66,9688,635.8,6.2,2.45,Cardio,168,114,58,1.3,13.2,5,3
55,1.69,62.0,21.71,Female,low,115,12909,317.3,7.7,1.59,Yoga,188,117,64,1.24,21.8,2,2
39,1.5,98.2,43.64,Male,low,178,4214,482.5,7.0,1.56,Yoga,128,122,81,1.37,12.3,1,3
43,1.58,67.6,27.08,Female,moderate,154,11421,557.1,6.4,1.92,Strength,167,146,70,0.82,24.3,4,3
60,1.94,114.0,30.29,Male,high,106,12665,440.9,4.5,1.66,Yoga,131,143,58,1.99,13.9,3,2
56,1.61,98.4,37.96,Male,high,71,5071,358.3,7.1,3.15,Cardio,184,131,56,1.62,26.3,2,3
44,1.56,66.7,27.41,Male,low,61,11483,377.0,6.8,1.44,None,133,142,56,0.86,12.9,2,1
46,1.84,83.7,24.72,Male,moderate,170,13785,609.6,8.9,2.69,Yoga,183,86,67,0.91,30.3,3,2
64,1.72,95.0,32.11,Female,low,145,7299,681.7,6.9,2.22,Yoga,145,148,65,1.47,28.3,3,1
55,1.9,59.5,16.48,Male,low,131,10242,528.3,6.7,2.69,Strength,126,142,64,0.98,33.1,1,3
37,1.93,63.5,17.05,Male,high,115,14876,859.2,8.7,3.09,Strength,174,125,79,1.03,11.7,6,3
44,1.92,83.0,22.52,Male,high,75,11778,710.0,6.4,1.85,None,178,148,60,1.67,23.9,4,2
58,1.66,114.4,41.52,Male,low,179,14129,824.2,5.0,2.35,Yoga,199,103,61,0.9,27.7,4,2
37,1.75,70.8,23.12,Male,high,84,1619,533.0,6.0,2.25,Cardio,198,103,81,1.56,32.6,4,2
61,1.83,75.2,22.46,Female,high,62,14921,210.4,5.5,1.93,None,175,157,81,1.9,22.1,1,2
36,1.66,59.3,21.52,Male,moderate,153,3655,614.4,6.5,3.03,Cardio,187,87,69,0.69,33.8,1,3
37,1.52,89.5,38.74,Female,moderate,173,2753,772.8,8.4,1.03,Yoga,149,131,74,0.72,13.1,5,3
52,1.75,100.5,32.82,Female,moderate,104,14552,575.6,4.0,1.78,None,142,120,73,1.91,20.8,2,1
64,1.51,78.0,34.21,Male,moderate,109,7810,597.5,6.6,3.08,Strength,198,94,57,0.81,16.3,3,1
19,1.98,101.3,25.84,Female,moderate,142,1715,882.5,6.8,3.18,Strength,136,156,75,0.53,13.9,6,2
47,1.9,67.7,18.75,Female,low,152,9608,456.3,5.4,2.73,Cardio,121,133,81,1.8,17.2,3,3
51,1.6,98.0,38.28,Female,high,64,4712,761.3,6.7,1.85,None,191,110,68,0.92,26.6,3,2
39,1.64,64.4,23.94,Male,low,143,3956,553.6,8.5,3.06,Cardio,189,75,76,0.95,22.1,1,2
20,1.99,103.5,26.14,Male,moderate,92,7749,524.6,8.3,1.21,Strength,158,77,84,0.84,14.5,2,2
23,1.69,107.3,37.57,Male,low,124,5335,301.9,5.0,1.66,Yoga,167,118,56,1.88,10.8,1,2
32,1.89,104.8,29.34,Male,low,91,1825,723.9,6.6,1.23,Strength,124,129,77,1.66,33.1,5,2
44,1.72,61.2,20.69,Male,low,88,10749,776.3,7.7,1.28,Yoga,140,134,70,1.4,17.9,3,3
27,1.93,97.1,26.07,Male,moderate,161,2481,501.6,8.8,2.48,Cardio,169,77,77,1.18,13.2,4,1
26,1.85,85.4,24.95,Male,moderate,82,12918,734.5,7.8,1.18,Cardio,139,159,71,0.72,13.7,2,2
50,1.51,119.0,52.19,Female,moderate,133,14423,606.8,7.3,2.7,Cardio,190,137,69,1.89,16.3,6,3
49,1.65,72.1,26.48,Female,high,71,12270,380.3,5.2,1.87,Yoga,198,156,84,1.62,15.8,6,2
23,1.78,102.8,32.45,Male,high,119,3305,846.6,6.5,1.14,Cardio,192,105,83,0.92,17.0,5,3
58,1.96,72.8,18.95,Female,low,158,6441,687.7,6.0,1.71,Cardio,146,135,67,1.92,15.6,6,1
53,1.55,74.8,31.13,Male,high,106,3003,814.8,6.0,2.0,None,121,123,83,1.9,20.8,4,1
19,1.8,53.3,16.45,Male,high,132,14446,397.0,5.3,1.92,Yoga,166,118,83,1.49,29.1,4,3
46,1.65,63.0,23.14,Male,moderate,134,8152,841.5,5.7,2.28,Cardio,159,126,66,1.98,10.7,2,2
21,1.94,57.3,15.22,Female,low,70,14631,455.3,7.7,2.26,Cardio,155,105,61,0.78,14.8,3,1
18,1.88,56.9,16.1,Male,high,97,4676,206.7,6.0,1.9,Yoga,190,146,83,1.6,27.8,2,2
36,1.68,45.7,16.19,Male,high,127,8364,252.5,4.3,3.25,Yoga,132,123,74,0.73,13.7,4,2
43,1.58,104.5,41.86,Male,high,142,1439,262.5,4.2,1.55,Strength,141,120,74,1.54,28.5,4,3
42,1.51,80.1,35.13,Male,high,80,14443,345.0,5.0,1.85,Strength,137,128,57,1.88,22.9,2,2
27,1.81,105.3,32.14,Female,low,65,8335,330.6,5.1,2.38,None,194,158,63,1.3,32.0,3,3
32,1.7,90.9,31.45,Male,low,146,1509,240.5,8.7,1.61,Cardio,125,85,57,1.64,10.3,4,3
39,1.66,107.4,38.98,Female,high,167,6629,826.8,6.9,1.38,Yoga,187,139,70,0.71,29.6,2,3
38,1.99,82.8,20.91,Female,moderate,162,12597,779.8,8.0,1.02,Cardio,186,159,74,1.45,24.3,4,1
39,1.73,52.1,17.41,Male,moderate,130,14932,734.0,4.5,3.36,Strength,171,91,57,0.59,21.7,6,2
53,1.87,91.3,26.11,Male,low,168,11560,535.4,4.6,2.96,Strength,189,102,62,0.56,13.6,1,3
51,1.59,95.8,37.89,Female,high,95,1655,497.6,4.4,3.22,Strength,198,156,62,1.45,15.9,1,3
47,1.51,92.0,40.35,Female,moderate,162,5887,497.8,7.2,1.1,Yoga,122,148,80,1.36,29.7,3,2
42,1.71,105.1,35.94,Female,high,74,1087,383.2,6.9,1.18,Cardio,136,83,78,0.99,13.7,6,1
62,1.83,99.9,29.83,Female,moderate,68,7913,625.8,5.9,2.38,Yoga,185,108,69,1.27,23.2,2,3
45,1.75,77.4,25.27,Male,moderate,106,8757,241.4,4.4,1.06,Cardio,176,94,59,1.53,15.2,4,3
18,1.95,106.4,27.98,Female,low,145,10806,661.1,6.2,1.68,None,199,77,67,1.47,22.2,2,3
62,1.72,96.9,32.75,Female,moderate,70,3241,559.7,5.9,3.43,Strength,141,75,69,0.61,16.4,4,3
21,1.66,54.0,19.6,Female,moderate,158,12698,771.6,4.5,1.89,Strength,130,134,61,1.52,18.8,5,2
24,1.96,85.5,22.26,Female,high,76,3776,880.9,5.8,3.45,Strength,155,124,66,1.49,30.1,6,3
26,1.7,99.6,34.46,Male,moderate,132,10081,813.6,8.2,1.3,Strength,172,82,57,1.5,10.9,1,1
53,1.63,86.5,32.56,Male,high,93,13067,703.9,8.5,1.96,Yoga,195,92,62,1.77,33.1,2,2
36,1.55,116.2,48.37,Male,low,105,13144,502.9,5.2,1.01,Strength,159,104,64,1.37,18.0,6,1
18,1.9,52.6,14.57,Female,high,142,9800,350.2,5.4,2.48,Cardio,154,96,56,1.91,24.9,3,2
27,1.91,99.2,27.19,Female,high,163,5890,665.4,5.4,1.85,Cardio,162,155,62,1.97,15.5,3,2
53,1.52,106.8,46.23,Male,moderate,153,5534,341.1,7.1,2.26,Strength,164,83,76,1.63,19.0,4,2
26,1.68,97.7,34.62,Male,low,145,5544,214.2,5.9,2.99,Strength,160,96,72,1.04,21.5,1,1
62,1.87,73.9,21.13,Female,high,149,10076,601.3,7.3,2.38,Yoga,183,84,66,0.71,27.2,5,1
63,1.97,73.9,19.04,Male,low,89,12835,475.9,4.0,2.66,Yoga,134,141,76,1.73,31.8,4,3
59,1.69,89.0,31.16,Female,low,71,14433,813.2,7.1,2.18,Cardio,163,155,81,0.72,31.7,1,1
49,1.94,74.8,19.87,Female,high,159,13778,652.0,5.9,2.87,Cardio,161,83,80,0.72,18.4,3,3
49,1.7,111.2,38.48,Female,moderate,66,11313,653.1,7.1,2.51,None,178,121,72,1.88,12.2,6,2
23,1.59,53.2,21.04,Female,low,177,6390,751.5,8.6,3.16,Cardio,123,114,73,1.34,33.1,2,3
55,1.5,92.9,41.29,Female,low,164,8782,435.0,8.8,2.89,None,190,110,81,0.94,10.8,3,1
34,1.67,55.1,19.76,Female,high,125,11758,870.7,6.8,1.58,Strength,148,93,59,1.94,32.0,5,2
27,1.69,85.5,29.94,Male,low,80,2836,354.9,4.9,2.31,Strength,160,76,70,1.56,10.6,4,2
44,1.97,98.7,25.43,Male,high,150,11560,810.2,8.6,3.19,Strength,125,119,71,1.3,34.4,6,3
52,1.6,57.4,22.42,Male,high,109,8936,837.6,6.4,3.15,Cardio,158,157,63,0.99,10.3,3,3
38,1.69,97.8,34.24,Female,high,60,8365,227.3,5.8,2.19,Cardio,185,107,64,1.51,10.4,2,1
42,1.51,55.5,24.34,Male,high,137,8124,642.3,4.7,1.78,Strength,146,138,73,1.6,22.7,3,2
45,1.88,91.5,25.89,Female,high,108,5934,724.6,8.6,1.53,Yoga,126,100,83,1.57,26.7,5,3
64,1.96,82.9,21.58,Female,high,125,6743,867.7,8.8,1.49,Strength,130,108,66,0.79,18.8,1,2
32,1.62,67.4,25.68,Female,high,146,4261,376.0,8.8,1.36,None,151,137,55,1.55,25.1,6,1
21,1.71,53.4,18.26,Female,high,85,4933,593.3,6.3,3.5,Yoga,170,102,76,1.37,31.1,2,2
46,1.56,100.2,41.17,Male,high,84,8264,741.2,8.3,2.66,Yoga,159,154,71,1.78,29.9,4,3
26,1.73,73.6,24.59,Male,moderate,138,3448,303.8,7.5,1.79,Cardio,126,152,57,1.44,32.1,4,1
44,1.57,51.5,20.89,Male,moderate,88,3237,797.1,6.3,1.73,Cardio,120,80,61,0.72,14.0,6,1
43,1.76,103.0,33.25,Female,high,111,5646,482.5,8.1,1.76,None,144,85,74,0.98,15.6,6,2
36,1.87,62.5,17.87,Male,moderate,123,1740,647.8,6.3,3.18,Strength,125,120,63,1.62,24.7,3,3
45,1.78,100.2,31.62,Male,high,87,4814,229.4,7.9,2.28,Strength,135,94,77,1.61,28.1,1,2
34,1.62,87.4,33.3,Male,moderate,98,6891,356.1,8.8,1.68,Cardio,134,110,59,0.83,12.7,3,2
60,1.68,59.6,21.12,Female,moderate,171,4947,534.7,7.3,3.0,Cardio,141,90,63,1.03,14.4,4,2
58,1.82,50.7,15.31,Male,low,127,12766,402.4,8.7,2.88,Strength,137,144,73,0.52,33.1,2,3
59,1.79,89.5,27.93,Female,high,153,13075,870.5,6.7,2.17,Yoga,169,146,65,1.0,10.6,3,2
37,1.57,46.9,19.03,Male,high,170,7201,756.5,5.1,2.72,None,191,119,68,0.54,20.0,6,2
62,1.92,49.9,13.54,Female,high,120,3920,805.4,6.8,2.85,None,129,122,68,1.81,15.3,5,1
57,1.74,97.7,32.27,Male,high,69,2600,526.4,6.7,1.12,None,168,78,62,1.5,29.4,5,1
56,1.58,85.4,34.21,Male,high,165,13780,531.5,5.3,3.19,Cardio,189,122,78,1.95,31.6,1,1
40,1.56,69.5,28.56,Male,low,69,14038,763.6,7.4,1.72,Yoga,129,158,74,1.84,16.2,1,3
64,1.98,85.4,21.78,Female,low,145,6652,471.3,4.8,3.45,None,158,141,55,1.41,24.7,1,2
49,1.64,89.4,33.24,Male,low,139,7967,536.6,6.4,3.27,Yoga,177,102,58,1.25,31.1,5,2
64,1.95,87.4,22.98,Male,moderate,162,8799,570.0,5.2,1.05,Cardio,190,104,70,1.83,25.0,2,1
50,1.71,93.2,31.87,Female,moderate,99,6343,625.0,8.9,2.55,Cardio,161,103,79,0.95,25.0,2,2
63,1.69,115.5,40.44,Female,low,110,5317,655.0,5.0,3.41,Strength,164,95,80,0.84,20.3,4,3
22,1.85,74.2,21.68,Female,moderate,102,13042,676.5,8.7,2.41,Yoga,147,116,55,1.12,26.3,2,2
60,1.5,67.6,30.04,Female,high,136,13400,510.8,8.6,2.54,Yoga,192,124,73,0.58,34.0,5,1
51,1.67,47.9,17.18,Male,moderate,98,9339,406.6,5.8,3.33,Yoga,124,77,78,0.95,17.5,1,3
57,1.65,56.0,20.57,Male,high,153,13711,844.1,4.1,2.43,Strength,176,139,57,0.63,15.0,6,2
28,1.93,53.0,14.23,Female,high,72,7263,778.7,7.7,1.61,None,199,97,56,0.58,34.0,6,2
20,1.76,70.2,22.66,Male,moderate,101,8157,202.4,4.8,2.15,None,148,79,71,1.33,11.5,4,2
50,1.68,90.7,32.14,Female,moderate,85,7000,559.0,7.2,1.87,Cardio,174,99,79,1.56,31.0,5,3
28,1.63,48.5,18.25,Male,moderate,118,8963,392.2,5.0,1.42,Strength,142,109,65,1.31,32.7,1,2
33,1.8,99.6,30.74,Female,low,117,6933,649.9,4.1,1.54,Yoga,176,139,80,0.61,15.5,5,1
35,1.58,74.8,29.96,Male,low,90,7196,551.8,4.2,1.15,Strength,137,153,57,1.09,20.6,5,1
47,1.62,117.3,44.7,Female,moderate,162,7010,214.8,7.2,1.42,Cardio,145,113,61,0.67,13.1,5,1
27,1.65,87.6,32.18,Female,low,86,8612,709.4,8.1,1.65,None,124,92,64,1.48,19.2,4,1
35,1.8,102.9,31.76,Male,high,121,14365,392.8,8.3,2.9,None,127,99,57,1.74,21.4,5,3
55,1.69,109.6,38.37,Male,low,116,14587,382.2,7.1,1.91,Cardio,138,75,83,0.68,22.7,6,1
36,1.75,111.7,36.47,Male,low,63,13082,222.3,5.7,2.73,Strength,147,136,62,0.6,13.1,5,1
53,1.83,83.9,25.05,Female,moderate,171,7910,779.8,6.9,3.49,Cardio,187,83,79,1.11,20.1,6,1
30,1.98,74.8,19.08,Male,moderate,135,3392,605.2,7.3,2.45,Yoga,169,115,82,0.96,25.6,6,3
63,1.88,87.0,24.62,Female,high,111,6156,539.4,7.1,2.54,Yoga,195,96,78,0.89,22.5,3,3
20,1.7,75.2,26.02,Male,moderate,158,13742,673.1,5.2,2.38,Cardio,184,140,59,0.82,31.0,3,2
27,1.87,63.1,18.04,Male,moderate,98,12015,441.8,7.1,1.99,Yoga,127,119,81,0.98,33.8,1,1
55,1.97,69.3,17.86,Female,high,60,1931,598.6,6.1,1.46,Yoga,179,126,64,1.95,30.4,5,2
18,1.75,62.5,20.41,Female,high,75,3054,374.5,6.3,3.44,None,177,94,66,1.79,11.2,5,3
44,1.71,65.2,22.3,Male,high,145,5051,244.1,7.5,2.19,Strength,146,86,72,1.4,15.4,5,2
63,1.54,52.0,21.93,Female,high,104,7468,592.9,7.3,3.34,None,152,148,60,1.7,12.2,5,3
25,1.95,77.0,20.25,Female,low,159,12447,354.8,5.0,1.65,None,165,138,62,0.52,20.8,6,2
63,1.62,62.6,23.85,Male,moderate,93,8076,725.0,4.0,1.27,Strength,156,106,72,0.67,28.1,5,1
59,1.53,78.6,33.58,Female,high,81,7451,516.3,8.3,2.59,None,188,136,60,0.94,10.8,6,3
34,1.77,104.4,33.32,Male,high,137,13864,375.3,7.5,3.13,Yoga,134,79,77,1.47,16.7,3,3
26,1.92,78.6,21.32,Male,high,62,5438,625.8,8.5,2.66,Cardio,186,118,84,1.83,12.3,1,3
23,1.7,116.6,40.35,Female,moderate,97,8259,281.6,5.3,2.86,Cardio,147,103,63,0.85,20.3,1,1
60,1.89,56.1,15.71,Male,low,136,2252,733.0,8.9,2.52,Strength,182,107,70,0.71,33.1,6,1
42,1.92,108.8,29.51,Female,high,61,11607,516.5,6.2,2.87,Cardio,122,87,65,1.77,20.3,3,3
56,1.73,63.6,21.25,Male,low,113,8429,768.9,8.6,1.86,Cardio,171,124,79,1.11,25.9,3,3
45,1.8,115.0,35.49,Female,low,167,5472,296.7,7.2,1.97,Cardio,163,76,84,1.55,19.7,6,1
50,1.77,62.0,19.79,Female,low,99,3858,467.8,5.4,2.95,Cardio,179,149,56,1.32,28.3,6,1
54,1.97,101.0,26.02,Female,moderate,132,14786,326.0,5.7,3.0,None,177,102,71,0.76,28.6,3,1
26,1.86,49.7,14.37,Female,low,101,5359,242.8,7.2,1.21,Yoga,133,92,67,1.55,13.5,5,1
35,1.96,92.2,24.0,Female,moderate,117,14879,868.7,7.4,1.04,Yoga,125,147,61,1.13,26.3,5,1
38,1.61,61.4,23.69,Male,low,94,14367,708.7,6.8,2.67,Cardio,138,140,76,0.93,19.7,2,1
19,1.66,95.3,34.58,Male,low,108,14860,427.9,8.7,1.21,Strength,181,120,64,1.85,31.5,6,2
60,1.54,92.7,39.09,Female,moderate,120,9702,372.3,7.3,1.43,None,124,91,80,0.51,13.9,3,1
55,1.75,114.3,37.32,Male,high,101,4048,343.0,4.8,1.49,Cardio,168,107,67,1.11,32.4,4,1
57,1.94,92.0,24.44,Female,moderate,86,13185,230.1,4.3,2.27,Cardio,170,107,64,0.95,22.8,4,3
53,1.66,75.6,27.44,Female,low,79,11564,271.9,8.1,1.5,Strength,145,158,82,0.58,16.4,5,3
60,1.56,59.5,24.45,Male,low,80,5206,272.0,5.5,1.45,None,175,104,58,0.62,18.4,1,2
54,1.53,94.3,40.28,Male,moderate,65,12923,666.4,8.9,1.03,Cardio,137,96,81,0.76,10.1,6,1
32,1.72,53.7,18.15,Female,high,152,11947,616.3,7.7,2.92,Strength,164,127,65,1.26,33.7,4,3
45,1.58,107.1,42.9,Female,high,81,12282,597.7,5.5,1.34,None,128,120,63,0.92,15.6,2,3
35,1.67,63.6,22.8,Female,low,158,10975,714.1,8.8,2.42,None,121,118,70,1.76,32.7,2,2
51,1.91,84.3,23.11,Female,moderate,160,13228,375.8,4.3,1.75,Cardio,161,149,71,0.86,31.3,1,1
39,1.69,89.7,31.41,Female,low,146,11916,439.7,6.5,1.46,Strength,189,108,77,1.58,18.7,5,3
28,1.8,72.2,22.28,Female,high,88,10792,288.7,4.8,1.87,Strength,191,102,59,0.82,15.3,1,1
30,1.75,94.8,30.96,Male,high,99,3025,611.4,8.6,1.64,Cardio,187,109,59,0.56,20.7,4,2
21,1.86,63.8,18.44,Female,low,179,1649,853.0,4.2,2.08,Cardio,150,142,60,0.9,33.3,2,2
39,1.58,47.6,19.07,Female,high,86,3183,804.2,7.7,2.73,Cardio,138,83,56,1.76,31.4,5,1
24,1.96,116.9,30.43,Male,low,74,2457,588.5,8.3,1.13,Strength,190,96,81,0.62,22.2,2,2
60,1.82,69.0,20.83,Female,low,158,8863,651.2,5.4,1.46,None,166,135,68,1.02,23.6,1,3
41,1.64,98.5,36.62,Female,high,109,12402,894.6,7.6,1.2,Cardio,156,159,65,0.51,20.2,3,2
21,1.56,83.1,34.15,Male,moderate,150,2412,562.1,4.4,3.42,Yoga,138,99,73,1.45,33.6,6,2
45,1.57,95.2,38.62,Female,low,71,4381,809.4,4.8,2.43,Yoga,144,155,65,1.91,34.7,2,1
32,1.89,53.3,14.92,Male,high,169,11576,550.5,8.8,3.05,Cardio,172,153,79,1.08,17.2,4,3
18,1.79,83.9,26.19,Female,high,113,7935,233.5,5.1,1.67,Yoga,194,115,74,1.37,33.7,5,1
20,1.69,74.4,26.05,Male,moderate,100,3175,854.3,5.5,3.24,None,123,81,60,1.18,33.8,1,1
31,1.67,78.9,28.29,Male,high,131,5971,278.3,8.5,2.57,None,165,133,67,1.96,21.8,2,1
55,1.93,117.5,31.54,Male,high,110,14033,692.9,5.5,2.01,Yoga,150,146,83,1.6,20.4,2,2
18,1.94,55.2,14.67,Female,moderate,157,14419,366.6,6.6,2.5,Strength,155,141,73,0.57,31.7,2,2
55,1.79,101.6,31.71,Female,low,139,5017,830.7,5.5,1.32,Cardio,123,107,57,0.66,33.6,3,1
55,1.76,69.8,22.53,Male,high,159,10561,340.3,7.6,1.78,Strength,121,155,79,1.21,20.1,4,2
38,1.91,66.8,18.31,Male,low,108,11946,298.1,8.9,2.35,None,158,139,70,1.45,22.3,6,2
46,1.87,65.3,18.67,Female,high,174,8466,507.1,4.6,2.6,Yoga,163,134,63,0.94,18.4,6,1
22,1.7,71.2,24.64,Female,moderate,173,11192,547.7,8.0,1.54,Cardio,138,155,83,1.51,15.2,2,3
27,1.54,71.8,30.27,Female,low,140,3083,773.2,6.9,3.48,Yoga,160,132,57,1.36,34.9,1,3
45,1.88,65.3,18.48,Female,high,84,11806,733.7,6.7,3.08,Yoga,157,118,73,1.15,14.7,5,2
38,1.58,95.1,38.09,Female,low,169,6367,429.8,7.1,2.45,Strength,193,122,69,1.37,30.4,4,3
24,1.51,48.6,21.31,Male,high,149,8559,469.5,8.1,3.43,Strength,184,111,76,1.87,20.5,3,3
20,1.92,69.9,18.96,Female,moderate,106,7280,603.7,7.5,2.28,Yoga,154,99,67,0.86,12.1,5,2
62,1.79,66.0,20.6,Male,low,76,7263,586.1,6.5,3.37,None,130,99,71,1.69,18.1,3,3
64,1.95,101.4,26.67,Female,low,97,13982,803.4,4.1,2.88,Cardio,178,131,84,0.52,12.1,4,2
37,1.74,56.0,18.5,Male,high,161,4283,530.7,6.0,1.54,Yoga,197,87,75,0.63,34.5,2,1
36,1.96,115.6,30.09,Male,high,168,12918,825.5,8.5,2.01,Yoga,189,151,79,1.92,16.6,4,3
52,1.68,57.8,20.48,Female,moderate,71,8565,343.6,6.9,1.66,Yoga,162,86,79,1.55,28.7,5,1
21,1.86,72.8,21.04,Male,high,136,4989,807.3,5.9,2.8,Yoga,124,137,62,1.45,20.6,1,1
22,1.65,60.0,22.04,Male,high,65,10066,413.0,4.3,2.92,Strength,145,136,76,1.0,27.0,6,2
18,1.5,66.5,29.56,Male,low,68,11730,752.5,8.8,2.71,Strength,151,158,68,0.78,16.4,2,3
21,1.69,102.1,35.75,Male,high,105,12406,595.8,5.2,2.36,None,166,102,63,1.07,12.4,2,3
29,1.87,80.7,23.08,Female,high,81,6487,812.9,7.3,2.01,Cardio,175,129,57,1.4,30.2,4,3
44,1.58,57.2,22.91,Male,low,114,10707,361.9,7.0,3.46,Yoga,169,149,83,1.45,27.9,5,3
59,1.75,48.5,15.84,Female,high,62,11340,691.0,4.8,1.07,None,193,116,63,0.75,12.7,4,2
40,1.61,62.2,24.0,Male,low,149,11799,794.3,5.0,1.31,Strength,177,135,78,1.17,28.3,1,1
42,1.54,115.9,48.87,Female,low,93,4979,743.7,8.7,2.5,Cardio,147,154,66,1.35,24.9,5,3
38,1.81,108.4,33.09,Female,moderate,179,8764,596.2,9.0,2.89,None,198,112,69,1.94,14.3,6,3
41,1.98,78.0,19.9,Female,high,63,9423,672.8,5.8,3.39,Cardio,174,155,71,1.32,30.6,4,2
42,1.66,81.1,29.43,Male,high,61,4271,337.6,6.5,2.23,Cardio,177,79,63,1.37,27.5,6,3
62,1.79,112.5,35.11,Female,low,117,11517,351.5,6.6,1.66,Cardio,159,158,78,1.65,22.7,1,3
63,1.98,89.4,22.8,Female,low,159,12566,387.1,4.6,3.16,Strength,177,122,62,1.13,14.5,1,1
49,1.83,111.1,33.18,Male,moderate,72,10191,779.6,8.9,2.1,Yoga,191,109,60,1.08,23.5,4,3
49,1.84,81.9,24.19,Female,high,96,3950,317.2,5.5,1.32,Cardio,165,122,63,1.39,14.1,3,3
22,1.59,60.0,23.73,Male,moderate,68,13028,409.2,6.2,2.31,None,193,88,69,1.67,14.6,5,1
53,1.75,99.4,32.46,Male,high,67,11469,844.3,8.4,2.31,Cardio,164,128,78,1.46,16.0,1,3
63,1.68,84.5,29.94,Female,low,109,7127,728.7,7.5,1.57,Cardio,129,100,72,0.78,26.4,2,1
59,1.74,95.1,31.41,Male,high,121,14187,713.2,5.5,1.35,Strength,167,117,76,1.1,27.0,1,2
59,1.9,56.8,15.73,Male,moderate,156,4000,518.6,4.3,1.36,None,181,116,82,1.27,11.8,4,1
56,1.73,93.6,31.27,Male,high,89,10733,691.7,4.7,3.06,Cardio,147,92,65,1.29,26.3,4,1
33,1.53,73.7,31.48,Female,high,156,8730,596.0,6.0,2.25,Strength,139,129,78,1.01,10.9,3,3
50,1.95,69.9,18.38,Male,moderate,140,6789,250.0,6.2,2.84,Strength,189,124,68,1.28,32.6,2,3
38,1.77,95.4,30.45,Male,moderate,158,8680,603.6,6.4,3.41,Yoga,160,95,67,1.51,29.5,6,3
26,1.96,89.4,23.27,Male,low,177,13247,516.6,4.3,2.98,Yoga,125,108,67,1.2,28.1,6,3
23,1.79,93.7,29.24,Female,moderate,83,8711,279.8,4.2,1.39,Yoga,130,114,76,1.18,16.0,5,1
62,1.53,117.4,50.15,Male,low,168,1853,441.0,7.1,2.05,Cardio,149,104,67,1.7,34.7,3,2
52,1.78,97.6,30.8,Female,high,107,3295,826.4,4.8,2.24,Cardio,122,144,84,1.64,33.1,1,3
56,1.79,93.1,29.06,Male,moderate,81,12903,762.6,7.3,2.75,Cardio,191,99,81,1.13,22.2,5,1
39,1.61,91.0,35.11,Female,high,127,3800,839.7,4.8,3.41,Strength,152,143,79,1.99,10.9,5,2
58,1.74,74.9,24.74,Female,moderate,110,10783,702.0,6.7,1.71,Cardio,173,103,70,0.6,22.8,1,2
22,1.73,107.9,36.05,Female,high,177,13364,642.8,5.4,3.15,Strength,166,141,66,0.99,13.8,2,2
59,1.81,73.6,22.47,Male,moderate,132,2774,297.5,5.0,1.18,None,129,131,75,0.56,24.8,3,1
40,1.63,97.5,36.7,Male,high,121,14099,275.0,5.1,3.18,Cardio,138,121,78,1.76,34.7,2,3
34,1.79,67.0,20.91,Male,low,175,9356,372.7,6.1,2.74,None,128,91,80,1.63,28.9,6,1
29,1.62,56.1,21.38,Female,high,126,2947,419.9,6.7,1.07,Yoga,126,123,72,1.53,18.1,1,3
40,1.72,54.7,18.49,Male,low,75,13034,624.9,8.1,2.53,None,180,124,66,0.82,19.9,5,2
33,1.56,92.6,38.05,Male,moderate,112,5165,814.1,7.6,3.33,None,133,158,59,1.56,33.6,3,2
20,1.52,69.6,30.12,Female,high,97,7145,823.5,5.1,2.08,Strength,121,79,71,1.03,12.8,6,1
47,1.66,65.6,23.81,Male,high,107,14218,677.6,6.2,1.29,Strength,141,87,75,1.8,32.3,1,2
39,1.64,89.4,33.24,Male,high,118,1020,601.7,4.2,3.47,Strength,179,137,77,0.8,11.9,2,1
26,1.7,46.9,16.23,Female,moderate,66,9442,371.1,6.9,2.04,Strength,164,113,55,0.83,20.4,6,3
46,1.98,63.5,16.2,Female,low,143,14140,856.6,7.5,2.32,Yoga,139,142,67,1.94,28.6,1,2
64,1.76,70.5,22.76,Male,high,104,10390,669.8,7.7,3.42,None,145,119,64,1.28,19.9,1,3
54,1.78,98.1,30.96,Female,low,120,6150,573.4,4.6,2.46,Yoga,178,91,57,1.17,24.3,3,2
40,1.97,85.9,22.13,Male,high,141,11637,272.8,6.5,2.69,Yoga,187,133,60,1.03,22.3,5,3
30,1.96,109.2,28.43,Male,low,155,8303,778.1,8.4,2.77,Strength,158,154,70,1.75,25.1,5,2
49,1.94,70.1,18.63,Male,moderate,134,13271,444.3,4.9,2.88,None,142,133,82,1.03,14.3,4,3
63,1.55,67.2,27.97,Male,low,153,13507,830.4,4.4,3.0,None,199,82,55,1.03,24.5,4,2
64,1.82,47.5,14.34,Male,moderate,147,14353,317.9,5.3,1.19,Yoga,144,104,73,0.69,34.7,5,1
40,1.9,116.4,32.24,Female,high,86,10375,234.0,4.5,3.34,Strength,192,77,62,1.28,14.8,5,3
62,1.92,82.6,22.41,Female,high,90,1015,504.3,4.3,2.36,Yoga,172,91,63,1.89,11.7,1,3
34,1.79,82.7,25.81,Male,high,129,4564,254.8,5.1,2.33,None,130,125,77,1.94,19.8,4,1
57,1.51,114.3,50.13,Female,high,150,4748,243.3,5.8,3.09,Strength,144,98,74,1.99,19.4,4,1
38,1.99,66.7,16.84,Female,high,138,12486,699.6,7.7,1.77,Yoga,150,154,77,1.21,13.1,3,1
19,1.74,69.9,23.09,Male,low,116,4621,380.2,4.4,2.64,None,165,138,61,1.66,24.3,4,2
54,1.7,94.2,32.6,Female,high,72,2034,647.2,8.9,1.79,Cardio,146,158,65,1.33,20.9,5,1
23,1.7,103.9,35.95,Female,moderate,115,7253,599.6,4.1,2.9,Strength,182,148,77,1.32,30.9,1,2
61,1.71,97.4,33.31,Male,moderate,66,3944,298.5,8.0,2.08,None,166,145,62,1.71,20.6,4,2
35,1.62,104.2,39.7,Male,moderate,98,6440,470.0,4.0,1.47,Strength,133,123,65,1.75,34.6,3,1
47,1.66,88.1,31.97,Male,moderate,155,3100,246.2,5.3,3.27,None,142,94,68,0.53,29.5,3,1
39,1.99,109.7,27.7,Male,low,110,9550,495.2,8.7,2.88,Strength,135,151,68,1.91,22.2,6,2
50,1.68,86.3,30.58,Male,low,143,2717,327.7,6.2,1.04,Cardio,139,103,58,1.73,23.8,3,3
47,1.76,62.2,20.08,Male,moderate,135,9048,267.4,5.7,1.16,Yoga,122,84,74,1.58,31.7,2,3
34,1.92,85.6,23.22,Male,high,170,9986,421.9,7.3,1.95,Yoga,125,83,63,1.78,29.4,6,1
60,1.76,98.5,31.8,Female,low,141,13432,202.4,7.8,2.95,Yoga,148,145,62,1.31,26.4,1,3
49,1.66,94.0,34.11,Male,high,116,1078,730.4,8.6,1.69,Cardio,123,137,69,1.66,16.7,6,2
59,1.76,63.2,20.4,Female,low,105,1910,310.7,8.6,3.48,Strength,184,107,81,1.4,20.3,3,3
31,1.56,48.1,19.76,Female,high,73,14313,638.1,7.5,3.3,Strength,127,98,74,1.31,29.7,5,2
27,1.57,63.9,25.92,Male,high,115,1525,782.8,4.2,3.16,None,167,154,60,0.82,25.7,5,1
64,1.85,118.8,34.71,Female,high,77,6756,842.1,5.5,1.02,None,135,106,79,1.77,33.9,6,1
53,1.96,58.8,15.31,Female,high,144,2061,590.3,5.5,3.41,Strength,166,78,70,1.83,31.8,5,3
51,1.86,79.8,23.07,Female,moderate,156,9823,751.8,5.6,2.48,Cardio,150,136,70,1.96,20.7,4,1
26,1.54,92.9,39.17,Male,high,170,8423,518.3,4.5,2.48,Cardio,148,152,83,0.68,17.3,6,1
59,1.7,111.0,38.41,Female,moderate,113,8930,543.1,4.2,1.25,Yoga,195,96,68,0.94,13.1,5,2
45,1.5,102.0,45.33,Female,moderate,112,10892,582.7,5.2,2.52,Yoga,187,97,82,1.53,20.2,6,2
28,1.76,113.2,36.54,Male,moderate,102,7999,669.1,6.9,2.32,Yoga,162,100,84,1.78,15.7,1,2
31,1.6,90.3,35.27,Female,high,153,7751,668.9,4.0,2.35,Strength,153,123,69,1.63,10.4,5,2
56,1.93,109.9,29.5,Female,moderate,77,6259,749.8,8.4,1.48,None,125,118,76,1.18,13.5,4,1
64,1.55,64.8,26.97,Female,low,62,1714,631.9,8.6,2.36,Strength,168,96,81,1.59,21.3,5,2
36,1.5,77.3,34.36,Female,moderate,111,10308,817.8,7.1,1.18,Strength,179,141,75,0.61,32.3,2,2
32,1.73,108.3,36.19,Female,moderate,91,5738,696.5,4.3,1.05,Cardio,170,116,66,1.49,18.0,1,2
45,1.58,69.4,27.8,Male,moderate,61,7723,850.3,8.9,1.53,Cardio,128,126,77,0.51,21.0,6,3
41,1.87,110.3,31.54,Female,moderate,175,12538,725.3,7.1,3.0,None,124,91,72,0.57,19.6,3,2
25,1.96,72.2,18.79,Male,moderate,70,12298,717.1,6.7,2.51,None,183,88,78,1.64,19.2,5,1
60,1.52,72.3,31.29,Female,moderate,61,11057,802.3,6.4,3.24,Strength,135,138,65,1.22,28.1,4,1
26,1.7,68.2,23.6,Male,low,154,5105,659.1,4.7,1.97,Strength,178,119,61,0.59,22.7,1,2
64,2.0,86.0,21.5,Male,low,158,6513,325.7,8.0,1.87,Strength,175,138,60,1.22,20.2,5,3
50,1.87,54.7,15.64,Male,low,88,4792,258.1,6.5,2.75,Strength,184,104,57,0.59,33.6,6,3
50,1.98,47.7,12.17,Female,low,152,11454,421.1,4.1,2.02,Cardio,154,87,63,1.02,16.9,2,3
36,1.58,112.3,44.98,Female,high,156,1910,770.1,4.8,1.95,Yoga,129,100,69,0.74,30.8,6,3
20,1.61,114.7,44.25,Female,low,62,2548,215.2,5.4,2.17,Yoga,166,106,56,0.83,22.9,3,2
27,1.58,50.7,20.31,Female,low,119,5110,305.0,8.6,1.29,Yoga,154,120,58,0.79,21.0,4,2
57,1.65,86.2,31.66,Female,low,115,12911,274.3,6.3,1.51,None,181,125,56,1.06,11.6,5,1
64,1.86,85.5,24.71,Male,moderate,60,2999,226.0,8.7,2.51,None,152,108,60,0.66,31.5,5,1
59,1.58,72.9,29.2,Male,low,123,10701,767.2,5.4,2.52,None,134,150,66,1.29,16.8,6,3
18,1.76,87.7,28.31,Male,low,71,5248,395.7,8.9,2.48,None,154,102,61,1.11,27.0,2,3
46,1.63,79.4,29.88,Female,high,171,5470,710.2,8.8,1.5,Cardio,129,93,63,1.76,31.9,4,1
51,1.91,81.7,22.4,Female,low,64,13608,299.3,7.6,2.09,Strength,199,122,60,1.74,23.4,1,1
30,1.5,101.7,45.2,Male,moderate,169,3107,486.3,7.8,3.3,None,139,146,76,1.74,26.0,4,3
18,1.61,84.4,32.56,Female,high,137,5157,281.5,4.1,3.15,Yoga,127,108,59,1.2,18.5,6,1
51,1.8,69.3,21.39,Female,high,111,7184,201.7,5.1,2.39,None,127,90,80,0.94,28.2,3,3
46,1.55,88.6,36.88,Male,moderate,167,2180,629.2,5.0,3.25,Yoga,132,145,81,1.12,26.4,2,2
64,1.73,93.1,31.11,Male,moderate,170,14570,536.7,8.8,2.69,Strength,195,101,82,1.53,21.1,6,3
30,1.72,94.7,32.01,Female,high,156,5251,491.6,6.0,2.03,Cardio,178,125,80,1.29,25.9,6,2
46,1.93,91.4,24.54,Female,moderate,130,14654,255.1,7.0,2.94,Cardio,166,158,58,1.44,16.6,3,2
56,1.81,94.8,28.94,Male,low,102,11289,611.7,5.3,1.76,None,179,128,64,1.54,26.4,6,2
41,1.82,68.3,20.62,Female,moderate,160,3968,746.0,5.3,3.14,None,160,91,81,1.88,26.8,5,1
43,1.98,78.5,20.02,Male,high,117,8189,247.1,6.1,1.82,Yoga,171,146,74,1.92,21.1,2,1
34,1.99,95.2,24.04,Male,moderate,89,2688,489.4,5.6,2.99,None,195,142,58,1.76,16.2,4,3
24,1.83,101.6,30.34,Male,low,77,1009,418.1,7.8,1.7,Cardio,173,75,59,0.6,30.1,2,2
30,1.76,77.6,25.05,Female,high,96,9399,824.3,7.1,3.29,None,155,88,71,1.97,28.9,1,3
22,1.8,72.4,22.35,Male,moderate,77,1962,383.9,7.5,1.46,Yoga,196,81,72,1.56,11.4,6,2
43,1.69,98.7,34.56,Male,moderate,95,8725,861.0,6.7,2.8,Strength,188,138,57,1.54,22.4,4,2
20,1.99,61.7,15.58,Female,low,114,6786,779.9,8.5,2.02,Cardio,132,146,77,0.53,12.3,4,3
24,1.85,45.7,13.35,Male,moderate,133,13702,270.1,4.3,1.05,Cardio,191,82,67,1.22,18.0,3,3
56,1.65,80.3,29.49,Female,high,115,14969,536.4,7.7,1.83,Strength,130,128,83,1.44,20.6,1,3
18,1.53,58.0,24.78,Female,low,119,7721,654.3,5.2,1.51,Strength,127,98,55,0.92,14.4,1,3
34,1.52,73.4,31.77,Female,moderate,153,10684,615.2,7.1,2.39,Cardio,150,129,73,0.62,21.7,1,1
60,1.6,66.8,26.09,Male,moderate,137,5878,675.5,8.6,1.65,Yoga,181,75,77,1.3,27.7,3,2
42,1.62,103.3,39.36,Male,high,144,12564,498.4,5.6,1.18,Yoga,131,146,76,1.17,20.9,2,2
20,1.71,69.9,23.9,Female,low,146,13234,833.3,8.8,3.38,None,130,143,56,0.57,15.9,5,1
32,1.61,93.1,35.92,Female,high,106,13606,389.3,4.9,3.11,Yoga,136,106,58,1.28,20.4,2,2
46,1.82,95.5,28.83,Female,high,80,12883,265.9,8.8,1.11,Cardio,146,75,70,0.66,24.8,6,1
60,1.61,79.2,30.55,Male,moderate,91,8166,884.6,4.2,1.68,None,196,140,70,1.14,33.4,2,2
49,1.59,51.1,20.21,Female,low,89,2826,656.4,5.6,2.58,Yoga,132,116,71,0.91,22.5,4,1
43,1.74,97.5,32.2,Female,moderate,155,2061,661.4,7.5,1.8,Strength,163,153,82,1.96,32.2,2,1
33,1.94,50.6,13.44,Female,high,100,13938,772.3,8.2,1.7,Yoga,177,83,75,0.55,34.6,4,2
42,1.73,52.4,17.51,Male,moderate,117,5608,495.0,4.8,2.49,None,149,150,66,1.34,24.0,6,2
45,1.71,59.7,20.42,Female,moderate,121,10271,470.4,8.7,1.49,Strength,132,148,56,0.73,13.7,3,2
26,1.79,66.0,20.6,Male,moderate,100,4860,864.4,4.8,2.62,None,127,98,84,0.98,31.9,6,3
18,1.63,108.5,40.84,Male,low,135,1989,470.7,8.3,1.22,None,188,93,78,0.78,31.6,5,2
46,1.68,95.6,33.87,Female,low,179,11997,254.9,8.4,1.81,Strength,183,125,64,1.99,31.7,6,2
39,1.61,74.0,28.55,Female,moderate,77,4610,415.5,7.7,1.29,None,171,155,60,0.55,33.8,1,2
33,1.79,118.4,36.95,Female,low,97,11976,811.5,8.5,1.74,Cardio,125,76,66,1.31,16.9,2,3
58,1.85,63.3,18.5,Male,high,106,3944,266.5,4.4,2.71,None,190,84,66,1.41,18.3,2,2
61,1.84,90.7,26.79,Male,low,116,4667,701.7,8.6,2.91,Cardio,173,143,71,1.66,27.2,4,1
58,1.63,108.5,40.84,Male,high,81,5764,386.5,6.3,1.36,Strength,141,80,84,1.44,24.1,1,1
24,1.89,105.2,29.45,Female,high,104,11858,722.0,5.5,2.87,None,182,136,72,0.85,31.7,6,3
31,1.63,51.8,19.5,Male,low,114,8861,560.2,4.0,1.21,Yoga,198,140,58,1.4,16.4,6,3
46,1.58,97.3,38.98,Female,low,98,8856,645.6,6.9,1.54,None,156,82,57,1.96,26.5,1,3
36,1.67,64.3,23.06,Female,moderate,167,6222,370.2,4.3,2.25,Cardio,175,142,79,1.77,33.5,2,3
36,1.8,71.7,22.13,Female,low,127,2249,317.7,4.1,3.43,Cardio,160,133,71,1.18,15.4,3,3
19,1.57,81.7,33.15,Male,moderate,99,10583,244.3,6.1,3.43,Yoga,179,124,77,1.22,17.7,5,2
58,1.82,104.3,31.49,Male,high,133,10420,777.9,4.3,2.2,Strength,139,110,63,0.7,20.2,6,1
62,1.93,57.5,15.44,Male,low,152,13159,697.3,8.2,3.01,Cardio,188,82,79,1.35,12.2,1,1
32,1.65,53.1,19.5,Female,moderate,166,8489,405.3,4.2,2.38,Cardio,164,91,76,0.92,14.4,3,2
20,1.73,56.5,18.88,Male,moderate,75,8579,785.8,6.8,2.88,Cardio,177,133,84,0.66,19.6,2,3
28,1.61,61.4,23.69,Male,moderate,157,11819,783.6,6.6,2.63,None,195,152,66,1.21,11.9,1,2
63,1.68,49.5,17.54,Female,moderate,121,9881,296.4,6.8,2.74,None,156,82,83,0.57,19.1,1,3
47,1.51,114.5,50.22,Female,high,142,2439,699.6,4.7,2.1,None,158,152,61,0.68,16.1,3,1
57,1.98,68.9,17.57,Male,high,133,11857,404.6,8.4,3.08,None,122,117,70,0.83,31.6,1,1
35,1.71,58.3,19.94,Female,high,135,6551,527.0,7.3,2.11,None,196,137,62,1.99,25.2,3,3
19,1.89,92.8,25.98,Male,high,67,11570,501.1,7.9,2.76,Yoga,194,155,57,1.71,32.5,6,2
49,1.57,104.0,42.19,Female,high,138,12487,620.1,8.2,3.18,Cardio,193,86,75,1.31,15.1,3,3
25,1.91,101.5,27.82,Female,moderate,94,8960,443.0,8.5,2.64,Yoga,192,158,67,0.85,12.0,6,3
39,1.93,98.9,26.55,Male,low,91,5475,251.3,7.6,2.27,Cardio,157,130,74,1.28,18.9,3,1
23,1.86,48.8,14.11,Female,moderate,148,1052,670.9,7.6,2.32,None,165,123,63,1.47,11.4,2,3
29,1.95,103.7,27.27,Female,low,145,10028,872.4,4.7,2.77,None,168,126,63,0.51,32.1,2,2
64,1.58,82.6,33.09,Female,high,165,4962,667.5,4.8,1.23,Strength,153,85,58,1.98,14.7,5,3
57,1.74,93.7,30.95,Male,low,105,4726,577.7,7.8,2.59,Strength,145,101,82,1.44,13.5,2,1
53,1.81,116.7,35.62,Female,low,103,14695,314.5,5.1,1.94,Yoga,121,136,68,1.98,29.7,3,2
32,1.8,105.8,32.65,Female,high,139,13021,637.6,6.8,1.34,Cardio,175,83,72,1.2,27.8,1,2
45,1.93,106.9,28.7,Male,moderate,164,7628,627.8,5.4,3.28,Yoga,126,156,55,1.44,11.4,5,1
62,1.61,58.6,22.61,Male,low,141,2821,633.1,5.3,2.24,Strength,155,110,73,1.19,22.7,5,1
35,1.59,80.7,31.92,Female,high,173,3435,824.6,6.3,2.14,Cardio,159,120,56,0.51,21.2,1,3
19,1.63,116.2,43.74,Female,low,150,11947,701.4,4.8,2.36,Yoga,197,158,59,1.77,19.7,2,1
30,1.95,88.7,23.33,Female,moderate,110,9263,748.4,8.2,2.56,Strength,145,103,76,1.17,13.2,5,1
62,1.97,52.7,13.58,Male,moderate,79,14559,419.3,4.7,1.49,None,194,142,68,1.21,29.7,1,1
32,1.78,99.9,31.53,Female,high,168,11125,389.3,7.9,2.56,Yoga,188,153,63,1.04,16.0,2,1
37,1.75,48.2,15.74,Male,high,115,10290,344.7,6.3,1.88,None,135,115,74,1.15,21.5,3,2
46,1.8,100.7,31.08,Male,moderate,142,9926,744.9,5.0,2.79,Yoga,194,102,74,1.59,32.0,4,2
59,1.81,111.0,33.88,Female,moderate,140,12275,689.0,5.7,2.93,Cardio,128,138,69,1.55,18.0,3,2
46,1.59,76.9,30.42,Female,high,154,10704,439.5,6.1,1.02,Cardio,141,98,74,1.71,10.9,5,1
20,1.84,76.0,22.45,Male,low,67,5442,298.8,5.4,2.79,Cardio,124,90,55,1.96,32.2,2,3
36,1.73,67.8,22.65,Female,high,110,1761,792.7,8.0,1.88,Cardio,162,96,84,1.09,22.3,4,3
20,1.76,110.8,35.77,Female,high,175,13804,469.0,5.8,1.76,Strength,149,121,73,1.01,22.4,2,3
31,1.52,86.1,37.27,Male,moderate,60,1880,332.8,6.5,1.93,None,193,91,58,1.24,23.8,5,3
57,1.88,88.4,25.01,Female,high,151,10053,301.1,4.1,2.44,Strength,151,75,68,0.73,14.5,4,2
21,1.92,94.6,25.66,Male,moderate,102,14181,843.8,5.1,1.29,Yoga,136,105,55,1.64,27.9,3,3
28,1.81,67.5,20.6,Female,low,176,12084,291.1,4.4,2.75,Yoga,186,86,59,1.37,15.8,5,2
48,1.87,77.5,22.16,Male,moderate,172,6772,451.8,8.5,2.11,None,145,94,64,0.82,17.5,5,3
60,1.76,100.6,32.48,Male,moderate,149,13027,642.5,8.3,1.4,None,131,93,63,1.8,25.8,1,3
49,1.81,118.9,36.29,Female,low,124,7839,485.7,5.4,2.27,Strength,156,79,71,1.43,28.7,1,2
44,1.7,47.6,16.47,Male,moderate,118,12128,534.2,6.4,2.44,Cardio,161,89,68,0.55,28.3,4,2
47,1.9,48.2,13.35,Male,moderate,152,7428,761.8,5.6,1.87,Strength,176,99,82,0.79,12.1,6,3
60,1.73,77.1,25.76,Female,high,100,10644,899.5,7.9,3.25,Strength,131,109,61,1.84,28.9,3,1
19,1.84,94.5,27.91,Female,high,148,12588,527.1,5.2,2.74,Yoga,165,129,72,1.07,26.6,3,3
26,1.81,74.0,22.59,Female,high,156,10549,465.2,8.1,2.65,Strength,146,137,64,1.98,25.1,2,3
45,1.85,120.0,35.06,Male,low,69,5949,484.7,4.9,1.13,None,197,121,82,1.29,34.2,1,3
48,1.89,59.7,16.71,Male,high,158,8474,458.4,5.5,2.25,Cardio,126,141,81,0.81,18.7,4,2
51,1.76,45.6,14.72,Male,high,96,13688,531.6,8.4,3.13,Yoga,157,156,79,1.39,27.1,1,3
32,1.91,59.3,16.26,Female,high,76,1210,433.2,5.4,2.67,None,167,138,58,0.65,24.3,5,1
42,1.75,111.5,36.41,Male,high,175,3477,523.8,8.6,1.58,Yoga,161,96,68,1.71,19.7,3,3
53,1.98,55.9,14.26,Male,moderate,73,6876,861.8,4.7,3.15,Strength,146,154,57,1.44,29.7,6,1
25,1.88,80.9,22.89,Female,high,143,7828,400.3,7.2,1.92,Strength,129,153,82,1.95,20.1,4,1
26,1.59,76.4,30.22,Male,low,75,3280,656.3,5.4,3.29,None,161,143,83,1.54,24.0,6,1
54,1.91,94.9,26.01,Female,low,63,2269,540.9,5.6,2.28,None,177,151,81,0.57,24.0,3,3
62,1.78,49.1,15.5,Female,high,77,14795,712.7,8.2,2.97,Yoga,160,148,77,1.21,22.8,5,2
56,1.99,94.4,23.84,Female,moderate,168,7134,530.6,6.9,2.53,Cardio,128,154,76,1.3,21.4,5,2
49,1.86,71.6,20.7,Male,low,98,8896,312.4,5.1,1.73,Yoga,165,76,65,1.88,14.2,2,3
34,1.54,114.5,48.28,Male,high,63,14046,810.7,8.7,2.63,Strength,173,99,64,1.15,16.0,2,3
52,1.7,108.7,37.61,Male,low,149,3198,673.0,6.0,1.02,None,178,135,62,1.39,13.1,4,1
54,1.76,75.0,24.21,Female,moderate,72,12472,568.1,8.4,3.09,None,132,79,63,0.78,28.1,5,3
36,1.92,119.5,32.42,Female,low,113,7626,781.8,8.6,3.41,Yoga,135,102,82,0.87,28.6,2,2
61,1.86,48.9,14.13,Female,high,148,7438,883.3,6.1,1.52,None,164,155,77,1.32,26.0,5,3
46,1.68,104.1,36.88,Male,low,80,3647,486.6,6.1,3.21,None,151,140,60,1.55,32.9,2,3
24,1.83,77.5,23.14,Male,high,72,13541,447.1,6.8,1.42,Strength,159,89,68,1.15,16.6,1,3
45,1.79,77.5,24.19,Male,moderate,144,11149,727.5,7.2,2.23,Cardio,163,129,82,1.15,30.5,3,1
26,1.56,57.8,23.75,Male,high,138,3151,518.2,4.3,1.73,None,166,112,78,0.88,14.6,6,3
45,1.62,83.6,31.85,Male,low,90,13406,260.0,4.3,1.48,None,189,97,63,1.55,11.7,5,3
23,1.67,51.4,18.43,Female,high,64,11187,448.1,5.3,2.89,Yoga,179,156,68,0.51,10.0,4,3
46,1.6,91.2,35.62,Male,moderate,144,7713,766.0,6.2,3.02,Cardio,154,88,62,1.27,24.5,6,2
34,1.58,63.1,25.28,Female,high,144,6674,694.7,7.3,3.1,Strength,194,106,60,0.51,29.5,6,1
33,1.53,99.4,42.46,Female,high,68,10765,804.0,5.0,1.02,None,179,118,78,1.39,30.6,6,1
40,1.94,90.6,24.07,Male,low,173,7265,302.6,5.5,3.12,Cardio,156,144,79,0.55,21.8,4,2
48,1.64,101.0,37.55,Female,moderate,104,14901,370.7,6.0,1.13,Cardio,141,156,60,1.91,11.5,4,1
20,1.65,101.2,37.17,Male,high,132,5301,350.3,5.4,2.12,Yoga,132,132,84,1.22,10.9,3,2
38,1.6,59.8,23.36,Male,low,68,2902,879.9,5.9,1.44,Strength,135,78,76,1.53,32.9,5,1
43,1.74,45.1,14.9,Female,moderate,68,11048,318.2,4.6,3.27,Cardio,179,136,56,1.78,12.3,4,1
53,1.76,72.4,23.37,Male,high,137,7614,618.6,4.1,2.44,Strength,161,134,79,0.85,29.6,3,1
59,1.6,113.9,44.49,Male,moderate,117,3555,643.0,5.0,2.17,Cardio,132,149,78,1.31,11.7,1,3
54,1.8,88.3,27.25,Female,moderate,81,12355,633.2,5.4,2.11,None,182,133,59,1.8,14.6,1,1
39,1.86,99.6,28.79,Female,high,115,11822,684.2,7.9,2.01,Strength,151,149,80,1.31,14.1,3,3
59,1.69,111.0,38.86,Female,low,63,14535,538.7,7.8,2.18,Yoga,142,103,57,1.09,16.9,6,3
29,1.79,113.0,35.27,Female,low,102,5202,258.6,7.6,2.41,Cardio,162,93,79,1.05,20.1,2,3
59,1.75,84.7,27.66,Female,low,89,10930,690.9,8.8,3.04,None,151,91,65,1.08,13.1,3,2
30,1.6,85.6,33.44,Female,high,135,5360,396.8,6.0,1.59,Cardio,147,78,80,1.42,34.3,5,1
28,1.87,108.8,31.11,Male,moderate,160,3967,253.1,4.5,3.01,None,152,118,84,0.57,10.1,2,1
33,1.9,105.6,29.25,Male,low,88,9643,318.9,8.1,3.08,Strength,145,78,83,1.12,29.3,5,1
25,1.82,97.4,29.4,Male,low,75,5176,401.1,6.9,3.13,Yoga,161,133,61,1.34,23.2,4,3
57,1.66,90.3,32.77,Female,moderate,74,3367,502.7,9.0,3.35,None,148,86,83,1.68,12.1,1,1
57,1.96,91.3,23.77,Male,high,67,6562,802.9,5.7,3.39,Cardio,121,121,63,1.29,13.0,2,3
62,1.73,72.2,24.12,Female,high,133,3964,575.6,8.4,1.27,None,153,81,67,1.89,24.7,5,3
19,1.63,108.1,40.69,Male,high,74,2816,530.4,8.3,3.19,None,157,159,84,1.17,17.9,5,3
47,1.7,91.3,31.59,Female,high,119,14408,333.9,8.9,3.11,Yoga,131,86,70,1.48,21.3,2,3
47,1.85,61.8,18.06,Male,low,169,13931,871.5,8.9,1.94,Strength,171,145,77,0.53,23.7,1,1
29,1.92,63.0,17.09,Female,low,92,6098,836.0,9.0,2.73,None,140,128,66,0.86,24.3,5,3
27,1.68,109.6,38.83,Female,moderate,131,2996,771.3,8.6,3.32,None,159,132,62,1.72,24.6,5,2
61,1.62,91.9,35.02,Female,moderate,100,13085,426.2,5.3,1.23,Cardio,186,137,68,1.38,11.8,4,2
28,1.81,74.9,22.86,Female,moderate,151,3332,593.1,6.2,1.89,Cardio,168,89,80,1.92,28.5,1,2
32,1.96,59.0,15.36,Male,low,136,3930,472.2,8.9,3.44,Strength,145,111,68,1.63,17.3,3,3
33,1.59,90.8,35.92,Male,high,144,2187,482.0,6.0,2.37,Strength,171,130,59,1.17,12.9,2,1
34,1.9,58.8,16.29,Female,low,175,12234,250.5,8.6,1.23,Strength,181,147,80,1.67,12.6,1,1
43,1.74,80.3,26.52,Female,high,164,13237,298.0,7.8,3.4,Cardio,188,154,64,1.2,15.9,1,3
19,1.9,95.8,26.54,Female,high,136,5288,872.8,8.3,3.26,None,180,105,84,1.0,25.7,4,3
29,1.75,87.4,28.54,Male,moderate,118,1582,627.1,7.8,3.02,Strength,165,89,76,0.57,21.8,2,3
43,1.69,114.2,39.98,Female,moderate,92,5031,204.4,5.9,2.98,Cardio,191,76,82,1.8,12.7,3,2
40,1.85,48.0,14.02,Female,high,145,5062,766.4,5.4,2.21,Cardio,148,87,78,1.13,10.8,6,3
35,1.95,66.0,17.36,Male,low,101,14231,260.9,7.5,3.19,Strength,169,79,84,1.53,10.6,4,3
49,1.66,49.3,17.89,Female,low,74,9741,695.7,4.4,1.76,Cardio,121,122,68,0.73,20.5,1,1
55,1.73,59.6,19.91,Female,moderate,145,9360,634.6,4.9,1.9,None,183,107,77,1.74,29.7,3,1
64,1.61,54.3,20.95,Male,moderate,78,7507,244.1,4.1,1.54,Yoga,185,106,71,1.74,24.3,4,2
20,1.59,99.9,39.52,Female,high,105,11173,571.7,5.4,2.01,Cardio,162,127,80,1.22,30.2,3,2
55,1.89,72.7,20.35,Female,high,135,5060,233.2,5.6,1.58,Cardio,129,95,58,1.51,18.0,6,2
20,1.6,114.4,44.69,Male,high,171,9062,245.1,8.5,1.85,Yoga,172,140,83,1.28,13.5,6,2
47,1.9,46.8,12.96,Female,moderate,176,11842,235.8,7.8,2.73,None,147,135,78,1.33,30.1,1,3
18,1.71,94.0,32.15,Male,high,148,1884,378.8,7.4,2.08,Strength,121,128,69,1.83,28.2,4,3
47,2.0,117.8,29.45,Female,high,149,2806,761.2,8.0,2.92,Cardio,148,149,65,1.95,24.7,5,2
62,1.6,58.2,22.73,Female,high,148,3365,453.7,7.2,2.2,None,171,115,63,1.05,32.2,3,2
49,1.55,78.2,32.55,Female,low,150,9130,647.7,5.3,1.35,Strength,133,112,69,1.0,25.8,6,1
45,1.54,97.6,41.15,Female,high,162,13849,287.4,8.8,2.86,None,147,107,76,0.96,23.1,6,1
38,1.92,92.5,25.09,Female,moderate,88,2651,853.0,4.7,1.16,Yoga,120,82,81,1.66,22.6,1,1
63,1.72,87.5,29.58,Male,high,153,7648,553.0,4.5,3.36,Cardio,178,110,74,1.58,25.4,4,2
30,1.5,69.5,30.89,Female,low,144,5126,217.2,5.2,3.1,None,163,107,56,0.57,22.9,3,1
44,1.94,99.6,26.46,Female,high,146,14578,576.2,8.3,3.41,Strength,199,103,82,0.63,16.8,1,2
53,1.94,94.0,24.98,Male,moderate,69,11359,329.2,6.2,1.62,Strength,197,131,79,1.47,33.8,3,3
24,1.9,57.2,15.84,Male,moderate,120,9316,337.1,6.0,2.2,Strength,162,146,55,0.91,34.0,6,2
39,1.62,117.3,44.7,Female,high,90,12614,620.3,5.4,1.48,Yoga,136,135,75,0.64,14.2,3,3
27,1.69,86.7,30.36,Male,moderate,61,2634,358.5,8.8,2.06,None,173,129,78,1.12,23.3,6,3
56,1.87,84.4,24.14,Female,low,70,6789,349.8,7.9,1.61,None,134,126,74,1.82,29.7,6,2
32,1.74,108.6,35.87,Male,moderate,99,9252,578.7,4.8,3.13,Strength,167,117,71,1.05,11.4,5,1
32,1.58,93.0,37.25,Male,moderate,98,10878,364.8,5.7,1.3,Strength,165,100,58,1.54,13.1,2,2
21,1.62,50.6,19.28,Female,high,147,10742,277.4,5.8,1.56,Strength,168,76,59,1.85,23.6,4,1
49,1.99,83.0,20.96,Male,moderate,109,14052,485.8,5.1,1.66,Yoga,155,129,59,0.75,10.7,6,3
40,1.58,103.5,41.46,Female,moderate,65,14093,236.4,4.6,2.85,Yoga,133,92,82,1.41,30.8,6,3
23,1.86,97.5,28.18,Male,low,87,6607,833.7,8.2,2.58,Cardio,122,124,68,1.86,31.8,2,3
41,1.74,117.8,38.91,Male,low,71,10509,516.1,6.6,1.34,Cardio,125,155,55,0.79,28.4,5,3
37,1.87,46.9,13.41,Male,high,152,12330,209.2,5.8,2.51,Cardio,141,119,56,1.98,30.6,5,2
54,1.83,64.6,19.29,Female,high,157,7972,357.3,4.3,3.12,Strength,141,89,76,1.05,26.8,4,3
37,1.72,86.2,29.14,Female,high,107,11262,870.5,5.3,2.13,Yoga,155,81,64,0.83,13.5,3,1
29,1.68,91.5,32.42,Male,low,115,8316,547.5,7.6,2.53,Yoga,190,155,84,1.76,10.7,3,1
50,1.88,65.6,18.56,Female,low,141,3742,451.2,8.5,2.33,Cardio,169,157,59,1.2,31.2,1,3
45,1.66,107.0,38.83,Female,low,92,13346,420.6,8.5,1.89,Strength,195,101,63,1.51,27.7,3,2
25,1.89,57.3,16.04,Female,moderate,69,3308,491.9,5.6,1.01,None,199,114,67,1.23,20.0,6,3
18,1.84,45.1,13.32,Male,moderate,68,6784,348.2,7.5,1.47,Strength,188,91,77,1.47,29.9,3,3
54,1.79,116.4,36.33,Female,moderate,161,13553,724.4,4.7,3.37,Strength,154,106,83,0.55,11.3,1,1
39,1.68,74.4,26.36,Male,low,161,5975,555.8,5.4,1.89,Cardio,128,90,75,1.03,18.0,2,2
23,1.6,116.8,45.62,Male,moderate,118,6323,726.0,6.6,1.74,Yoga,148,137,67,1.49,18.5,5,2
38,1.86,65.8,19.02,Male,high,81,8519,378.1,7.9,2.53,Yoga,146,152,82,1.03,12.6,5,1
49,1.55,49.8,20.73,Male,low,108,14589,201.0,8.6,3.26,None,176,134,82,1.66,28.5,6,1
52,1.99,102.9,25.98,Male,moderate,179,14881,876.4,8.7,1.76,Yoga,193,156,63,1.94,29.4,3,1
32,1.99,107.7,27.2,Female,high,136,6790,558.4,4.8,1.56,Yoga,178,126,68,0.56,24.6,1,2
22,1.57,81.9,33.23,Female,high,139,3364,255.8,6.2,3.25,None,161,154,71,1.78,20.4,6,1
63,1.55,50.5,21.02,Male,low,159,1417,272.6,7.4,2.93,None,172,123,57,0.75,25.2,3,1
23,1.71,94.1,32.18,Female,moderate,120,1157,504.3,7.8,2.76,Cardio,157,123,72,1.88,32.5,4,1
42,1.98,58.7,14.97,Female,low,172,6365,686.7,6.5,2.39,Cardio,123,154,66,1.92,18.9,1,3
63,1.7,108.7,37.61,Female,high,90,1593,477.6,4.3,2.06,Cardio,171,100,77,1.35,18.4,2,2
57,1.68,65.6,23.24,Female,high,172,8882,774.1,8.0,2.59,Cardio,163,125,63,1.22,25.6,2,2
46,1.85,108.6,31.73,Female,high,124,13066,430.3,8.3,1.54,Yoga,142,117,70,1.64,27.1,3,3
24,1.59,77.0,30.46,Female,high,66,13507,231.9,8.5,3.04,Cardio,193,144,84,1.88,21.4,1,2
57,1.68,89.7,31.78,Female,high,81,5561,205.8,8.4,2.04,Strength,189,145,67,0.85,31.5,6,1
30,1.65,104.2,38.27,Male,moderate,153,9640,801.6,7.8,2.89,None,196,83,82,1.07,18.8,6,3
55,1.8,48.0,14.81,Male,moderate,178,9097,889.1,6.1,3.03,Cardio,188,118,72,1.13,26.0,4,1
35,1.58,106.6,42.7,Male,high,178,1705,293.0,4.9,1.19,None,179,138,66,1.77,26.7,5,1
19,1.77,55.4,17.68,Female,moderate,80,12702,243.4,4.7,2.69,Yoga,123,76,76,0.71,17.4,1,1
25,1.93,71.9,19.3,Female,low,106,5484,840.1,7.5,1.76,Cardio,122,110,56,1.43,10.5,4,1
28,1.76,80.5,25.99,Male,moderate,91,9326,270.5,7.9,1.9,Strength,142,77,73,1.03,30.7,3,2
50,1.84,112.2,33.14,Female,low,106,12089,359.9,7.3,2.83,None,156,128,55,1.83,22.1,2,3
55,1.54,46.7,19.69,Female,low,178,7485,761.2,6.9,3.39,Cardio,137,95,60,1.01,12.4,5,3
44,1.72,86.9,29.37,Male,low,125,6596,898.6,6.9,3.01,Strength,124,141,72,1.97,33.9,2,1
37,1.55,93.2,38.79,Male,low,152,7574,540.2,4.3,1.73,Yoga,160,83,57,0.52,17.4,4,3
29,1.8,68.7,21.2,Male,moderate,124,2243,347.5,5.4,2.77,Strength,157,86,76,0.86,21.9,5,3
60,1.64,66.8,24.84,Female,low,165,13774,793.4,4.9,1.82,Yoga,166,146,60,1.19,22.1,4,1
48,1.64,81.8,30.41,Female,high,152,8031,476.0,6.3,2.1,None,191,111,58,0.88,19.3,2,1
44,1.54,59.0,24.88,Female,moderate,120,12092,390.8,4.4,1.31,Cardio,131,159,71,1.61,13.8,1,2
49,1.66,80.1,29.07,Male,low,144,13286,543.3,5.7,3.09,Strength,149,111,77,1.72,27.6,2,2
27,1.75,102.4,33.44,Male,high,76,14133,799.1,8.4,2.62,Strength,125,141,72,1.55,14.9,3,1
20,1.79,108.4,33.83,Female,moderate,82,6107,363.1,4.5,3.16,Strength,180,130,76,1.96,27.1,3,2
62,1.53,73.9,31.57,Male,moderate,109,13952,496.7,6.8,1.56,Yoga,191,159,61,1.18,30.1,4,2
44,1.83,91.3,27.26,Male,high,139,8168,511.0,5.3,1.32,None,183,137,84,1.97,10.6,6,3
52,1.74,45.0,14.86,Female,low,128,12796,782.9,5.9,3.04,None,188,100,56,0.69,28.3,3,1
48,1.77,86.3,27.55,Male,high,123,1093,673.2,5.5,3.2,Cardio,130,120,69,1.77,26.0,6,3
32,1.92,118.1,32.04,Male,low,167,14674,746.3,4.3,1.43,Cardio,181,127,76,0.56,14.9,1,3
33,1.67,68.4,24.53,Male,low,107,1050,685.4,4.3,2.6,None,136,134,71,1.3,25.5,1,1
30,1.59,89.6,35.44,Female,high,174,8943,614.9,6.3,1.41,None,196,106,60,1.23,20.5,5,3
52,1.78,102.2,32.26,Female,low,72,3093,292.7,8.2,1.04,None,139,136,62,1.78,12.1,3,2
28,1.97,90.7,23.37,Male,low,76,10125,783.1,8.7,2.36,Strength,145,121,62,1.55,23.1,4,2
38,1.76,76.4,24.66,Female,moderate,123,1227,625.1,5.1,3.38,Yoga,178,135,61,1.16,34.3,2,2
28,1.92,56.4,15.3,Female,low,133,1899,690.8,8.5,2.48,None,144,78,58,1.84,26.2,1,2
47,1.88,79.8,22.58,Female,low,110,9279,745.1,4.2,2.07,Cardio,137,76,74,1.83,18.3,5,2
52,1.76,67.1,21.66,Male,high,143,1328,418.2,8.2,1.71,Yoga,148,97,59,0.54,24.1,6,3
39,1.82,97.2,29.34,Female,moderate,154,13160,506.1,6.7,1.7,Strength,186,129,62,1.81,28.4,4,1
55,1.7,78.1,27.02,Male,low,84,6856,578.9,4.4,1.66,Yoga,154,115,68,1.29,13.9,1,3
48,1.77,108.7,34.7,Male,high,79,1572,440.0,4.4,1.52,None,134,142,74,1.76,23.2,6,3
31,1.75,59.5,19.43,Female,low,178,6852,381.0,4.7,1.17,Yoga,170,111,79,0.77,22.7,6,2
41,1.85,76.3,22.29,Male,moderate,161,9248,743.8,4.2,2.89,Cardio,122,85,57,0.73,19.4,1,2
49,1.7,86.8,30.03,Female,high,118,3686,727.6,7.5,1.79,Yoga,140,110,79,1.58,28.7,4,3
53,1.55,54.5,22.68,Female,moderate,156,8231,782.3,7.1,1.39,None,180,89,72,0.91,24.1,5,3
49,1.89,89.1,24.94,Male,low,128,4171,687.7,8.2,2.51,Yoga,122,141,76,1.34,27.5,1,1
32,1.84,66.8,19.73,Male,moderate,80,7505,418.2,6.4,3.34,Yoga,172,104,69,1.53,24.9,4,1
60,1.98,62.2,15.87,Female,moderate,133,7190,428.9,6.9,2.72,Yoga,154,131,75,1.42,29.5,4,1
52,1.71,55.6,19.01,Female,high,143,13661,569.5,4.7,1.48,Cardio,169,136,59,1.55,25.8,5,1
20,1.54,71.2,30.02,Female,low,173,14020,784.9,6.6,2.04,Yoga,127,107,69,1.43,26.9,1,1
33,1.56,114.7,47.13,Female,high,148,9008,442.4,5.6,3.06,Yoga,167,139,81,1.07,15.6,3,2
22,1.89,47.3,13.24,Male,high,92,8394,736.2,6.3,1.13,Strength,122,75,60,0.64,31.1,4,1
38,1.53,108.9,46.52,Male,low,137,10853,414.0,8.2,1.84,Yoga,173,77,64,1.78,13.9,6,3
27,1.95,74.8,19.67,Male,low,122,5543,437.0,7.4,1.97,Yoga,194,83,77,1.77,18.5,4,2
36,1.64,87.1,32.38,Female,moderate,153,6155,726.7,4.3,2.13,Strength,121,106,74,0.51,32.2,1,3
42,1.95,83.5,21.96,Male,low,115,11786,675.0,8.8,2.4,Cardio,152,151,69,1.76,12.7,5,2
21,1.89,114.4,32.03,Male,moderate,65,4694,345.8,5.3,2.23,Cardio,191,119,74,0.73,31.7,5,2
46,1.94,102.8,27.31,Male,low,71,13749,778.9,6.3,1.41,Strength,131,131,82,1.0,21.9,1,1
36,1.61,118.9,45.87,Male,moderate,116,10729,749.2,6.3,2.04,Strength,138,95,63,1.12,14.6,6,3
60,1.8,104.6,32.28,Female,moderate,143,10798,758.2,7.2,1.92,Yoga,137,97,58,1.52,28.4,5,1
19,1.55,67.2,27.97,Male,moderate,136,11510,529.2,8.2,3.32,Cardio,169,151,62,0.64,17.1,1,3
27,1.6,117.2,45.78,Male,low,116,12083,430.0,5.4,2.86,Cardio,141,100,80,1.74,26.9,3,3
60,1.65,118.8,43.64,Male,moderate,158,4045,794.8,5.5,3.17,Yoga,149,146,67,1.91,29.8,2,1
42,1.87,54.2,15.5,Male,high,151,14790,611.7,5.1,2.77,None,125,104,71,1.93,24.2,5,1
37,1.51,112.6,49.38,Female,high,127,4950,851.7,7.8,1.14,Yoga,120,143,58,0.64,29.6,4,2
36,1.95,94.8,24.93,Female,high,148,3279,377.7,7.2,2.19,None,128,98,56,1.88,33.4,4,2
40,1.54,114.1,48.11,Male,moderate,173,2672,882.9,5.0,2.94,Yoga,171,148,81,1.35,23.8,1,2
41,1.69,113.7,39.81,Female,low,134,7037,465.5,6.2,2.48,Strength,199,157,80,1.59,13.8,1,3
28,1.54,111.9,47.18,Female,moderate,109,2277,469.1,6.0,2.9,Yoga,148,138,59,1.9,27.7,4,1
63,1.88,111.4,31.52,Female,moderate,86,3269,367.2,6.7,3.4,Strength,181,109,56,1.49,20.3,5,2
51,1.57,53.8,21.83,Female,low,120,5202,875.5,8.1,1.62,None,148,96,70,1.19,23.3,1,1
45,1.94,55.8,14.83,Male,moderate,162,2788,227.8,8.5,3.46,None,124,113,77,1.29,25.7,6,2
22,1.77,53.8,17.17,Female,moderate,64,8063,531.4,5.1,1.3,Strength,141,129,80,1.53,27.9,1,2
22,1.97,51.8,13.35,Female,high,140,1091,455.8,7.0,3.3,Strength,168,81,77,1.92,26.0,1,1
38,1.65,71.5,26.26,Male,high,159,14180,311.5,8.0,1.48,Cardio,127,136,69,1.83,15.8,6,2
29,1.73,96.3,32.18,Male,low,158,6647,699.3,4.7,2.8,Cardio,197,113,79,1.37,28.7,2,1
21,1.85,71.6,20.92,Male,moderate,152,13688,828.8,5.7,2.96,Yoga,187,94,83,0.82,30.2,6,2
59,1.92,99.0,26.86,Male,high,140,11446,370.5,4.8,3.03,Strength,159,130,58,1.02,10.9,4,1
37,1.71,106.5,36.42,Female,high,144,10675,548.4,5.9,2.09,None,143,140,69,1.04,17.7,6,2
55,1.95,95.0,24.98,Male,high,126,12373,604.7,4.2,1.42,Cardio,195,89,59,0.93,34.4,1,2
42,1.56,79.9,32.83,Female,low,63,8067,473.3,6.5,2.99,Strength,132,148,57,1.62,14.4,3,3
31,1.85,67.2,19.63,Female,high,142,1899,845.1,9.0,2.61,None,169,95,68,1.75,14.6,5,1
28,1.67,54.3,19.47,Male,moderate,173,7996,523.1,8.4,1.64,None,164,153,61,0.98,24.8,3,2
49,1.55,82.0,34.13,Male,moderate,160,5756,887.9,6.5,1.98,Strength,123,108,69,1.77,18.5,6,3
28,1.69,99.0,34.66,Female,moderate,72,9068,406.6,6.9,1.74,Yoga,182,109,59,1.6,26.4,1,1
35,1.94,86.1,22.88,Female,high,62,8222,251.3,7.8,3.29,Cardio,184,79,63,1.16,16.6,4,2
44,1.99,99.1,25.02,Male,low,130,7923,602.5,5.2,3.01,Cardio,146,130,82,1.55,20.7,5,2
35,1.7,70.1,24.26,Male,moderate,142,13012,776.3,6.7,3.21,Strength,182,157,67,1.65,35.0,6,2
40,1.94,50.0,13.29,Male,low,160,8923,471.9,6.4,1.13,Yoga,130,81,84,1.34,19.3,2,1
28,1.75,102.8,33.57,Female,high,74,8367,329.6,5.9,2.65,None,161,127,61,1.16,12.2,2,3
38,1.86,61.5,17.78,Female,low,172,13363,716.8,6.3,1.67,Yoga,157,118,58,0.65,28.6,4,2
61,1.52,91.2,39.47,Male,high,155,12722,389.6,7.8,2.87,Cardio,189,132,61,0.5,24.7,3,3
22,1.78,105.3,33.23,Female,low,78,6470,738.8,5.9,3.23,Strength,181,116,55,1.91,21.1,1,1
40,1.54,55.4,23.36,Male,low,90,6772,383.6,8.6,2.91,Cardio,123,92,69,0.9,32.7,3,1
58,1.63,89.9,33.84,Female,high,74,14535,590.1,8.5,3.28,Strength,153,80,69,1.49,13.7,2,2
42,1.78,96.7,30.52,Female,low,166,3104,821.4,8.9,2.0,Yoga,145,78,72,1.92,22.2,6,2
58,1.9,101.0,27.98,Male,moderate,107,14881,343.2,4.3,2.56,Cardio,173,143,69,1.73,14.8,4,2
27,1.78,56.1,17.71,Male,low,140,3428,774.5,7.0,2.19,Yoga,146,88,84,0.68,12.1,3,3
39,1.97,106.9,27.55,Male,high,113,9285,385.8,5.0,3.08,Cardio,158,115,57,1.7,21.1,5,3
36,1.91,52.1,14.28,Female,low,114,3501,662.5,4.4,2.41,Yoga,140,121,59,1.59,33.7,3,2
18,1.58,84.0,33.65,Female,moderate,117,3759,370.6,6.6,2.77,Cardio,173,127,82,0.99,28.1,3,1
24,1.69,78.3,27.42,Male,low,140,8950,280.2,8.7,2.58,Strength,175,95,59,1.53,15.9,3,1
21,1.83,61.6,18.39,Female,low,145,7779,664.8,5.5,3.16,Yoga,182,87,70,1.74,21.6,2,2
18,1.97,67.6,17.42,Male,low,115,9286,616.4,6.0,2.32,Yoga,161,140,77,0.94,29.9,1,3
32,1.99,57.3,14.47,Female,high,170,3957,481.0,7.4,1.27,Strength,145,89,79,1.8,14.9,4,1
57,1.88,76.9,21.76,Male,high,155,8752,225.7,8.4,3.37,None,188,154,64,0.62,15.1,5,3
29,1.79,47.7,14.89,Female,high,122,10883,532.7,4.5,2.39,Cardio,139,119,79,1.29,14.5,1,2
39,1.88,111.7,31.6,Female,high,123,14373,304.1,7.0,2.96,Cardio,191,158,76,0.85,25.2,2,3
39,1.64,57.3,21.3,Female,moderate,94,2042,451.6,5.2,2.7,Strength,172,139,77,1.59,10.7,2,3
64,1.64,111.5,41.46,Female,low,167,2711,610.3,7.9,2.08,Cardio,188,120,82,0.76,24.7,6,3
34,1.83,109.8,32.79,Male,moderate,168,14896,857.5,5.3,3.38,Yoga,187,77,67,1.01,30.6,1,1
46,1.94,78.9,20.96,Female,high,90,14878,557.9,7.6,2.83,Yoga,124,91,69,0.69,29.6,2,3
63,1.98,82.3,20.99,Male,moderate,174,5045,336.3,7.6,1.58,Strength,135,91,62,1.72,26.7,2,3
31,1.67,67.6,24.24,Male,high,78,5152,862.4,8.9,3.49,Yoga,128,158,74,0.7,15.5,4,3
37,1.9,119.8,33.19,Male,low,155,8970,218.1,6.5,3.5,None,144,94,61,1.58,30.4,1,2
50,1.93,95.3,25.58,Male,high,175,12306,650.0,4.8,1.72,Cardio,176,78,68,1.56,33.9,2,3
60,1.81,116.4,35.53,Female,moderate,143,5578,383.7,8.0,3.46,Strength,157,149,60,0.71,14.6,6,3
32,1.67,76.1,27.29,Male,high,117,10897,730.3,7.7,2.54,Strength,127,89,62,1.35,32.8,6,1
29,1.81,111.2,33.94,Female,moderate,132,5372,431.9,8.3,1.46,Cardio,184,131,69,1.25,31.3,3,2
57,1.79,78.6,24.53,Female,high,112,6570,500.1,6.8,3.45,None,150,119,71,1.39,34.5,2,3
37,1.8,110.0,33.95,Female,high,127,7096,739.3,7.3,1.25,Strength,152,101,59,1.91,18.0,2,1
47,1.81,54.8,16.73,Female,moderate,170,10920,828.5,8.8,2.59,Cardio,174,94,66,0.62,33.4,5,1
55,1.92,92.8,25.17,Male,high,68,3875,327.8,4.1,3.09,None,188,153,67,1.73,14.5,2,3
20,1.59,95.9,37.93,Female,high,69,13104,407.4,7.3,3.07,Strength,155,80,57,1.79,14.4,1,1
45,1.68,94.2,33.38,Male,moderate,107,14857,203.0,6.3,1.02,None,143,92,79,0.69,12.7,5,1
43,1.79,78.5,24.5,Female,moderate,154,7426,799.6,6.1,2.06,Strength,180,123,79,1.48,20.7,1,1
47,1.64,96.3,35.8,Female,high,159,2647,863.0,5.5,1.22,Cardio,147,159,73,1.55,10.3,5,1
30,1.99,63.0,15.91,Male,moderate,156,7046,395.6,7.6,1.65,Cardio,179,98,80,1.32,19.5,5,3
30,1.63,89.7,33.76,Female,moderate,82,8969,469.2,4.6,3.35,Cardio,198,155,84,1.25,25.6,5,3
19,1.73,86.6,28.94,Female,moderate,165,1300,500.3,5.1,3.21,None,192,85,82,0.98,12.0,4,1
54,1.94,68.9,18.31,Female,high,136,5559,486.8,5.6,2.65,Yoga,158,92,69,1.53,30.5,5,3
55,1.54,103.4,43.6,Female,moderate,155,14142,475.0,5.0,3.25,None,150,109,72,0.93,17.3,4,3
19,1.91,51.1,14.01,Female,high,84,14619,533.1,4.7,1.79,Cardio,120,129,75,1.19,11.2,6,1
53,1.79,57.9,18.07,Male,low,147,8811,307.6,6.4,3.07,Strength,132,102,74,1.79,19.4,3,1
43,1.52,80.3,34.76,Female,high,116,4202,240.4,4.6,2.71,Yoga,185,110,61,0.63,13.5,2,1
28,1.95,111.9,29.43,Female,low,95,4360,706.5,5.5,2.83,None,161,98,82,1.29,29.9,5,3
25,1.52,88.1,38.13,Male,low,85,13090,792.6,8.5,1.21,None,156,107,68,1.23,18.4,3,3
61,1.76,108.2,34.93,Female,low,86,3311,767.1,6.7,1.87,Strength,176,111,78,1.07,12.9,1,2
57,1.52,83.8,36.27,Male,high,95,11957,638.6,6.6,1.12,Strength,154,87,74,1.4,21.3,2,2
60,1.54,103.9,43.81,Female,low,91,11851,878.2,8.1,1.38,Cardio,156,90,73,0.52,21.3,6,1
39,1.94,69.4,18.44,Female,low,86,11917,201.1,7.5,1.68,None,194,117,79,1.24,16.9,3,2
37,1.88,106.1,30.02,Male,high,73,5286,423.7,5.8,2.46,Strength,139,147,78,1.23,18.2,6,3
25,1.6,75.1,29.34,Female,moderate,105,8309,417.0,4.7,2.9,Strength,185,124,65,1.27,29.2,4,2
46,1.81,86.9,26.53,Female,moderate,108,12483,444.8,7.8,1.27,Yoga,199,87,81,0.82,26.0,6,2
57,1.9,58.2,16.12,Male,high,138,8853,760.0,4.6,1.14,Cardio,142,145,61,0.81,15.4,5,1
43,1.94,114.0,30.29,Male,low,161,3782,446.0,5.5,3.21,Cardio,174,109,65,1.47,33.7,1,3
47,1.73,97.6,32.61,Female,moderate,93,14738,569.0,7.9,1.33,None,176,147,62,0.64,17.6,5,3
34,1.95,109.4,28.77,Male,high,150,4579,629.8,7.5,2.12,Strength,169,109,78,0.96,23.3,2,3
37,1.75,60.6,19.79,Female,low,148,5352,791.8,8.2,1.28,Cardio,157,98,64,1.75,24.3,1,3
33,1.84,50.1,14.8,Male,low,89,12166,631.1,7.0,2.34,None,166,159,78,0.66,15.3,5,2
63,1.99,70.3,17.75,Female,moderate,92,4915,466.9,7.1,1.27,Cardio,149,127,65,1.2,17.3,5,1
60,1.62,83.8,31.93,Male,moderate,178,1973,686.3,6.5,2.91,None,187,113,55,1.5,22.0,6,2
24,1.58,105.2,42.14,Male,low,102,12108,560.9,5.5,1.21,Strength,162,93,74,0.71,16.4,5,3
33,1.67,74.8,26.82,Male,high,67,7469,569.9,6.4,2.08,Cardio,146,118,64,0.97,17.6,4,1
62,1.58,65.2,26.12,Male,high,128,1955,434.6,4.6,2.05,None,183,120,61,1.34,25.3,2,1
64,1.64,72.9,27.1,Male,low,73,2181,201.1,9.0,3.3,None,125,119,76,0.99,28.3,1,3
44,1.87,97.8,27.97,Male,moderate,156,6881,449.1,5.7,2.07,Strength,150,106,57,0.66,30.0,6,3
40,1.74,70.2,23.19,Male,high,120,8184,411.9,8.3,1.18,Cardio,195,79,73,0.85,13.0,2,1
41,1.69,118.4,41.46,Male,high,172,9118,270.2,8.6,2.36,None,148,150,82,0.66,28.4,2,3
26,1.68,58.1,20.59,Male,moderate,80,2612,339.0,4.1,2.81,None,122,80,58,1.98,33.4,3,3
52,1.6,101.5,39.65,Female,moderate,156,14743,886.6,7.0,1.84,None,139,156,84,0.85,24.5,2,3
37,1.72,89.2,30.15,Male,moderate,88,1677,395.9,8.3,2.52,None,199,81,80,1.3,25.1,3,3
54,1.81,62.5,19.08,Female,high,132,2487,562.7,6.2,1.3,Cardio,177,157,60,1.14,33.9,5,1
59,1.57,101.5,41.18,Male,low,165,8727,584.5,4.3,2.06,Yoga,176,89,84,1.35,31.7,6,1
34,1.99,78.6,19.85,Female,high,150,2848,592.0,5.9,1.41,Cardio,190,147,55,1.25,23.9,5,2
64,1.72,96.2,32.52,Female,high,153,13443,233.1,5.4,1.68,None,123,94,80,1.59,29.1,1,2
48,1.97,94.7,24.4,Male,low,68,13619,740.0,8.4,2.6,Cardio,161,133,58,1.81,14.5,2,1
25,1.57,53.3,21.62,Male,low,155,12215,711.2,7.3,2.88,Cardio,153,158,79,0.93,20.3,3,2
32,1.88,108.0,30.56,Female,high,164,1523,884.0,5.3,1.78,Strength,137,78,61,0.78,27.9,3,3
48,1.81,96.1,29.33,Female,low,146,7080,329.3,8.0,3.47,Strength,184,148,65,1.98,17.2,5,3
47,1.91,103.5,28.37,Male,low,133,4346,587.7,6.5,1.71,None,144,114,60,1.8,21.3,6,1
63,1.8,78.6,24.26,Male,high,121,13485,762.7,8.4,1.38,Yoga,164,139,81,1.05,14.3,6,2
37,1.98,59.6,15.2,Male,moderate,116,1047,287.0,8.0,3.17,Strength,133,109,59,1.84,32.4,4,3
56,1.81,69.5,21.21,Female,moderate,146,3587,752.7,7.3,2.62,Cardio,130,118,66,1.51,32.4,3,2
29,1.89,112.6,31.52,Male,moderate,87,5171,389.0,4.6,2.7,None,171,81,83,1.16,22.0,4,1
34,1.94,115.4,30.66,Male,high,88,7302,396.6,7.0,2.99,Yoga,127,96,56,1.81,14.8,6,1
59,1.86,81.1,23.44,Male,high,166,10306,861.9,7.1,3.5,Strength,179,97,72,1.51,27.0,1,2
47,1.76,67.4,21.76,Male,low,166,1109,419.7,8.1,1.71,None,161,139,76,1.74,15.3,5,1
46,1.64,99.8,37.11,Male,high,108,5272,609.0,4.9,2.37,Yoga,135,94,63,1.13,15.7,4,3
36,1.93,102.4,27.49,Female,low,149,2735,508.1,7.0,2.76,None,158,106,68,1.7,34.3,2,3
63,1.74,106.2,35.08,Female,moderate,176,9714,254.7,8.1,1.37,Yoga,161,110,66,1.05,12.5,3,2
28,1.81,47.3,14.44,Male,moderate,110,8419,865.3,4.1,1.77,Strength,137,92,63,1.6,19.5,5,2
51,1.54,45.7,19.27,Male,low,118,2877,349.6,7.1,1.77,Cardio,126,107,55,1.15,23.9,6,1
24,1.75,71.8,23.44,Female,high,156,8443,387.4,8.1,1.82,Cardio,123,143,61,1.11,12.7,5,1
61,1.85,56.4,16.48,Male,high,100,8826,464.1,6.3,2.8,Strength,193,156,61,1.69,11.0,2,2
51,1.79,105.4,32.9,Female,moderate,78,1001,549.0,5.0,2.48,Strength,149,83,64,0.69,23.6,3,1
37,1.72,85.0,28.73,Male,high,82,7640,301.0,7.9,2.79,Strength,169,116,56,1.89,12.9,5,2
55,1.61,106.9,41.24,Female,moderate,127,1492,641.0,4.4,2.28,Yoga,164,145,84,1.26,16.3,3,2
41,1.65,58.3,21.41,Female,moderate,154,7170,560.3,6.7,3.39,Yoga,150,153,82,1.45,22.4,2,3
27,1.85,92.0,26.88,Male,low,87,4703,412.1,4.0,2.3,Yoga,165,78,80,1.11,18.7,6,1
49,1.61,88.5,34.14,Female,low,133,2432,684.9,6.4,2.51,Yoga,173,120,58,1.47,27.8,3,2
32,1.81,70.5,21.52,Male,moderate,178,2325,559.9,8.5,1.75,Yoga,165,146,83,1.56,34.1,3,3
54,1.79,83.8,26.15,Female,moderate,131,8176,788.5,8.7,1.15,Yoga,124,98,62,1.8,28.8,5,2
37,1.99,89.2,22.52,Male,low,155,2017,798.8,4.8,3.04,Yoga,129,146,76,1.78,35.0,4,1
20,1.53,111.7,47.72,Male,moderate,93,6342,886.1,7.1,3.14,Strength,142,143,81,1.04,19.7,5,3
54,1.55,49.2,20.48,Male,high,77,9168,247.1,4.3,3.13,Yoga,126,97,68,1.42,17.6,2,1
57,1.75,106.8,34.87,Female,moderate,92,11416,483.6,7.4,3.0,None,177,129,67,1.67,15.3,2,3
25,1.76,118.5,38.26,Male,moderate,114,7896,551.1,7.8,1.67,Yoga,166,89,70,1.65,32.1,1,1
57,1.52,99.9,43.24,Male,high,141,5619,363.7,6.3,2.44,Cardio,140,125,61,1.84,19.7,2,2
61,1.91,100.3,27.49,Male,moderate,89,5028,845.4,6.1,3.04,Cardio,150,124,64,1.75,27.8,6,2
40,1.75,61.3,20.02,Female,moderate,62,14757,261.7,6.7,2.56,Strength,146,121,65,1.58,26.9,1,2
57,1.67,84.2,30.19,Male,high,81,12818,500.0,5.5,3.4,Cardio,148,157,65,1.62,11.4,2,1
28,1.66,97.9,35.53,Female,high,173,1921,329.6,6.4,2.69,Cardio,129,99,84,1.71,32.0,5,3
63,1.93,90.2,24.22,Female,moderate,75,9200,677.5,8.4,2.4,Cardio,191,113,60,1.76,22.2,3,1
25,1.6,73.9,28.87,Female,high,68,7929,693.5,4.6,3.49,Strength,128,142,79,1.03,15.6,4,2
46,1.58,115.5,46.27,Male,low,156,13568,810.8,6.8,2.34,Strength,130,120,81,1.67,34.5,6,1
47,1.61,83.5,32.21,Male,moderate,139,14265,486.3,5.6,3.42,Yoga,141,146,66,1.92,28.8,2,3
27,1.81,117.7,35.93,Female,moderate,151,6354,742.6,7.8,1.03,Cardio,169,87,64,0.85,25.4,3,2
56,1.91,87.3,23.93,Male,moderate,98,12376,584.7,5.7,2.38,Yoga,159,112,80,0.57,34.7,1,1
45,1.67,104.5,37.47,Male,low,142,2787,768.6,8.0,1.72,Strength,185,110,63,0.61,28.9,6,2
53,1.59,100.7,39.83,Female,moderate,159,1107,259.8,6.0,1.99,Yoga,182,111,76,0.83,13.0,5,1
30,1.6,94.6,36.95,Female,high,122,13533,524.4,7.1,1.22,Yoga,138,116,60,1.88,34.8,2,1
49,1.81,46.1,14.07,Male,low,160,13988,305.4,7.5,1.66,Cardio,135,93,63,0.69,24.9,4,2
53,1.62,50.8,19.36,Female,low,175,7413,753.2,5.6,2.42,Strength,123,111,80,1.62,17.5,5,3
54,1.94,88.6,23.54,Male,low,92,6018,306.9,6.1,2.8,Cardio,168,139,79,1.8,30.4,4,2
43,1.55,113.4,47.2,Female,low,164,1085,205.6,8.2,3.28,Yoga,157,159,57,1.82,11.2,2,3
39,1.52,90.1,39.0,Male,low,74,13090,850.7,6.2,1.58,Strength,126,113,61,1.13,26.4,1,2
21,1.54,62.7,26.44,Male,moderate,84,8075,539.2,6.3,2.99,Yoga,174,100,57,1.24,14.0,5,2
48,1.92,69.0,18.72,Female,high,90,7160,889.6,6.9,1.06,Yoga,133,116,74,0.98,12.2,5,2
35,1.83,91.7,27.38,Male,moderate,119,5875,517.1,7.9,3.23,Cardio,195,136,84,0.72,18.8,3,1
55,1.98,89.8,22.91,Male,low,103,12405,613.6,4.4,2.49,Strength,153,127,79,0.82,18.9,3,1
41,1.67,116.7,41.84,Female,low,109,3885,720.9,7.0,3.11,Strength,140,141,80,0.7,25.0,6,3
40,1.61,84.7,32.68,Male,high,165,4455,396.6,8.3,1.64,Cardio,155,124,62,1.11,24.1,4,2
39,1.78,71.6,22.6,Male,low,75,12306,293.0,5.7,1.93,None,182,143,76,0.76,27.2,5,1
19,1.77,84.4,26.94,Male,low,132,14036,662.8,7.4,1.24,Cardio,161,103,76,1.11,14.4,1,1
48,1.8,104.0,32.1,Female,high,129,14005,557.5,5.3,1.2,Cardio,168,76,62,1.78,31.8,2,2
28,1.67,85.5,30.66,Female,low,109,4157,778.8,4.5,3.07,None,190,92,67,1.48,31.5,3,2
45,1.5,69.5,30.89,Female,low,89,2663,231.5,4.9,1.74,Strength,129,134,56,1.49,15.4,4,2
63,1.52,70.4,30.47,Female,low,99,13012,581.3,7.6,1.88,None,140,88,68,1.72,21.8,6,3
49,1.83,101.8,30.4,Female,low,101,4839,330.0,7.0,2.33,Yoga,199,114,59,0.56,22.2,4,2
22,1.76,50.0,16.14,Male,high,136,5546,632.1,5.0,2.68,Yoga,182,138,67,1.69,33.0,2,1
55,1.91,65.6,17.98,Male,moderate,60,9455,732.3,4.2,1.12,Cardio,196,104,77,0.79,32.6,5,1
27,1.65,56.5,20.75,Male,moderate,171,2637,384.1,8.1,2.44,Yoga,169,103,82,1.02,11.7,5,2
57,1.91,115.9,31.77,Female,high,123,6876,537.3,7.5,2.53,None,146,103,67,0.96,34.0,6,3
63,1.71,51.8,17.71,Male,high,101,12427,494.1,6.3,3.13,Yoga,127,93,73,0.66,11.7,5,3
41,1.55,101.9,42.41,Female,low,136,5385,728.4,5.0,1.39,Strength,149,132,78,0.76,23.7,4,1
52,1.99,92.3,23.31,Male,low,94,1832,619.9,8.8,2.13,Cardio,190,114,57,1.93,17.8,6,3
61,1.76,92.5,29.86,Female,moderate,176,7404,284.5,5.9,2.19,Cardio,149,83,68,1.4,19.8,1,2
40,1.81,102.3,31.23,Male,high,156,5172,883.7,8.6,3.12,Strength,137,151,58,1.21,25.7,3,3
34,1.84,75.0,22.15,Male,low,177,5761,838.6,5.1,1.91,Strength,142,105,80,1.64,24.6,5,3
18,1.68,75.1,26.61,Female,moderate,105,4629,605.1,8.4,1.2,Cardio,157,152,64,1.72,14.2,1,1
48,1.87,66.7,19.07,Male,high,154,2577,744.2,6.7,2.5,Strength,149,89,60,0.67,34.2,2,1
48,1.94,89.8,23.86,Male,high,77,13449,214.0,8.7,2.65,Yoga,149,108,60,1.61,10.7,2,1
59,1.69,114.7,40.16,Female,moderate,138,8914,341.0,4.6,2.46,Yoga,191,136,56,1.9,18.6,2,3
59,1.83,114.3,34.13,Male,high,117,11846,737.5,9.0,2.22,Yoga,195,148,56,1.38,30.0,4,1
51,1.88,97.7,27.64,Male,high,161,9997,274.3,5.0,1.53,Yoga,193,131,73,1.42,31.3,5,1
26,1.6,113.0,44.14,Female,high,138,12925,229.9,4.5,2.35,None,190,95,57,1.81,29.9,2,3
39,1.67,117.3,42.06,Female,high,123,5507,631.0,6.8,1.09,None,158,128,74,1.52,19.3,4,3
30,1.55,104.6,43.54,Female,high,169,9777,224.0,7.4,2.42,None,136,111,58,1.99,26.8,3,3
42,1.8,75.6,23.33,Female,low,67,14651,328.2,5.9,2.22,None,188,114,58,0.92,29.1,1,2
35,1.9,81.2,22.49,Female,low,166,8278,256.0,7.5,3.38,Yoga,171,94,80,1.77,24.4,1,2
29,1.81,114.8,35.04,Male,low,90,7795,574.0,8.7,1.8,Yoga,198,145,80,1.42,27.0,3,3
57,1.59,95.3,37.7,Female,high,73,4793,673.9,8.0,1.05,Strength,132,92,65,1.05,23.8,2,1
34,1.77,106.6,34.03,Female,moderate,80,13772,328.3,8.4,2.9,None,126,118,57,1.82,11.4,4,3
32,1.92,53.7,14.57,Male,moderate,130,11044,528.1,8.5,1.42,None,187,130,71,1.99,16.8,1,2
59,1.65,59.5,21.85,Male,moderate,114,3148,214.1,5.5,2.36,Cardio,179,91,63,0.59,27.6,4,1
32,1.92,70.8,19.21,Male,moderate,95,5186,385.3,7.5,1.54,Strength,165,116,68,1.89,16.0,1,2
32,1.89,59.1,16.54,Male,low,170,12637,325.7,7.7,2.35,Yoga,154,145,56,0.8,21.4,2,2
56,1.51,113.0,49.56,Male,low,98,4883,316.2,4.6,2.45,Strength,148,102,68,0.81,23.4,2,2
30,1.62,61.3,23.36,Female,low,85,10579,357.5,6.4,2.65,Strength,153,95,57,0.56,26.8,5,2
34,1.77,86.8,27.71,Male,high,95,1464,763.7,7.3,1.93,Cardio,127,111,56,1.88,16.5,2,1
49,1.86,51.4,14.86,Female,high,138,1705,864.8,5.5,1.15,Cardio,185,97,76,1.64,24.9,5,3
26,1.94,56.6,15.04,Male,high,95,6824,694.2,7.2,2.49,Strength,123,122,76,0.58,24.9,2,1
57,1.82,63.6,19.2,Female,high,165,9233,250.6,4.3,3.16,None,185,133,83,1.45,31.1,4,3
37,1.69,118.7,41.56,Male,high,119,1556,639.7,7.0,2.31,Yoga,176,148,55,0.68,23.8,5,3
43,1.59,104.8,41.45,Female,high,85,13942,713.9,4.5,1.63,Cardio,123,126,58,1.63,17.4,5,1
44,1.88,95.5,27.02,Female,moderate,167,5561,277.8,7.4,2.03,Cardio,192,91,64,1.11,23.1,4,3
38,1.6,113.7,44.41,Female,low,92,6719,406.0,7.3,2.35,Yoga,185,112,69,0.58,12.7,3,1
35,1.85,116.7,34.1,Female,low,170,5832,499.9,7.1,1.22,Cardio,139,75,75,1.74,25.2,1,1
30,1.59,79.0,31.25,Female,low,155,7122,417.5,5.3,2.42,Strength,174,149,66,1.36,32.9,2,3
33,1.55,69.6,28.97,Female,low,75,2719,562.8,7.3,1.27,Yoga,125,107,60,1.66,23.2,1,3
26,1.63,68.6,25.82,Female,low,60,6049,291.6,6.1,1.44,None,148,118,75,1.51,17.3,2,2
29,1.64,47.7,17.73,Female,high,124,10199,511.3,6.7,1.98,Cardio,199,94,57,1.15,20.1,6,3
61,1.82,66.0,19.93,Female,high,168,7691,713.3,7.4,3.0,Cardio,124,121,57,1.55,32.5,5,3
55,1.58,71.6,28.68,Female,moderate,121,7238,522.7,5.9,3.06,Strength,156,143,73,0.52,30.3,6,3
36,1.97,47.8,12.32,Male,high,144,1083,347.3,9.0,1.71,None,128,116,76,1.01,30.1,3,1
24,1.78,111.2,35.1,Female,moderate,74,4429,761.5,4.3,2.34,Cardio,156,100,74,1.67,24.1,5,2
52,1.75,108.6,35.46,Female,low,87,8067,476.1,7.7,1.23,Yoga,158,123,58,1.64,19.9,4,2
35,1.72,63.9,21.6,Male,low,175,8626,497.6,5.2,3.49,Yoga,182,145,73,1.83,13.3,5,1
33,1.78,105.2,33.2,Female,low,94,7746,450.3,8.9,2.63,Strength,176,92,68,1.42,34.4,2,3
56,1.51,104.7,45.92,Female,high,65,4911,402.8,6.7,1.56,Strength,159,83,58,1.91,14.5,4,3
21,2.0,70.1,17.52,Male,moderate,66,10036,621.4,7.9,3.25,Cardio,183,140,62,1.34,16.3,2,1
42,1.78,97.3,30.71,Male,low,87,4156,331.5,5.0,1.87,Strength,122,134,73,1.25,29.1,6,2
49,1.52,66.7,28.87,Female,moderate,109,13674,738.5,8.4,1.69,Yoga,162,111,80,0.8,18.8,1,1
57,1.79,50.3,15.7,Male,low,141,3357,537.2,8.8,1.74,Strength,144,121,73,1.67,24.6,2,1
30,1.72,82.9,28.02,Female,high,179,5772,818.5,6.7,2.22,Yoga,174,103,76,1.54,29.0,3,3
62,1.51,77.9,34.17,Female,low,160,1563,857.2,8.3,1.08,Cardio,155,137,55,1.19,23.9,2,1
34,1.96,55.4,14.42,Female,high,96,14616,468.1,7.3,2.63,Yoga,177,89,80,0.63,22.3,3,1
54,1.51,81.8,35.88,Male,high,90,11410,311.2,5.2,3.37,Strength,196,83,76,0.69,11.3,5,1
23,1.79,116.2,36.27,Female,low,66,6190,553.7,8.6,3.04,Yoga,138,154,69,0.67,22.2,5,3
36,1.98,99.9,25.48,Female,high,112,14700,389.3,7.9,3.03,Yoga,178,140,65,1.06,21.4,6,3
30,1.62,100.4,38.26,Male,moderate,97,1053,498.6,8.5,2.94,None,135,75,63,0.74,32.0,2,2
43,1.63,101.8,38.32,Female,high,164,8969,464.2,5.8,1.89,None,121,83,57,1.79,21.2,1,2
31,1.5,100.8,44.8,Female,moderate,100,5930,515.3,6.3,1.48,Cardio,184,131,72,1.85,25.7,1,2
48,1.53,46.5,19.86,Female,high,170,6421,549.0,5.4,1.79,Yoga,178,130,73,1.79,29.3,3,3
21,1.52,114.4,49.52,Female,high,151,5228,639.2,5.7,1.43,Yoga,167,94,70,1.41,21.7,6,2
56,1.91,107.3,29.41,Female,high,100,2874,202.7,5.3,3.13,Yoga,122,76,70,1.39,16.5,6,1
25,1.92,65.6,17.8,Female,high,161,6353,379.5,7.6,2.05,None,145,75,82,1.84,32.3,6,2
42,1.86,86.5,25.0,Male,low,118,3945,319.2,5.9,3.03,Yoga,133,148,57,1.11,32.4,2,1
30,1.68,91.1,32.28,Female,high,72,3757,697.3,7.7,1.73,None,143,128,72,0.59,32.5,6,2
49,1.91,54.9,15.05,Female,high,71,9446,782.6,7.4,1.36,Cardio,154,93,67,1.21,16.8,3,3
55,1.77,64.0,20.43,Male,high,85,9294,708.0,6.8,3.18,Yoga,125,92,81,1.33,17.9,5,1
55,1.65,46.7,17.15,Female,moderate,138,6581,882.3,7.4,3.0,Yoga,181,98,74,1.32,33.0,2,1
45,1.72,109.8,37.11,Female,low,142,1275,254.1,6.8,2.39,Strength,155,126,62,0.74,13.1,2,3
47,1.53,46.9,20.04,Male,moderate,113,5608,525.3,7.6,1.31,None,148,94,61,1.68,26.4,2,1
20,1.97,68.9,17.75,Male,low,166,13833,829.6,5.6,1.84,Strength,132,85,80,1.6,17.3,3,2
45,1.81,50.9,15.54,Male,low,179,5454,423.4,7.9,1.14,Cardio,127,147,79,0.84,28.0,2,3
20,1.87,103.6,29.63,Male,moderate,105,14996,761.6,5.5,3.25,None,134,153,78,1.33,30.8,6,1
62,1.84,114.4,33.79,Male,moderate,93,1947,593.2,8.9,1.6,Yoga,152,134,83,1.69,20.2,4,3
51,1.83,87.2,26.04,Male,moderate,154,3164,885.0,5.9,2.31,Yoga,135,90,77,0.51,13.8,3,1
33,1.51,55.5,24.34,Male,high,173,8581,459.7,4.1,3.35,Yoga,171,87,76,0.91,28.3,6,1
39,1.76,86.9,28.05,Female,low,168,3355,492.0,6.3,2.56,Yoga,153,127,73,1.21,11.4,1,3
49,1.91,102.8,28.18,Female,moderate,115,2034,314.7,8.8,2.56,Cardio,196,80,80,1.77,10.4,1,1
55,1.52,98.9,42.81,Female,low,140,6999,311.7,7.2,3.08,Yoga,153,99,74,1.7,31.9,4,2
25,1.98,100.6,25.66,Male,moderate,116,8588,802.7,4.5,2.73,Yoga,162,137,78,0.73,30.4,1,2
25,1.71,65.9,22.54,Female,high,94,4003,485.1,4.5,2.21,Yoga,180,121,66,1.19,24.5,2,1
23,1.64,50.5,18.78,Male,moderate,76,1596,634.3,6.2,1.31,Strength,198,89,72,0.96,26.6,5,1
31,1.77,56.2,17.94,Female,high,92,4736,726.6,5.1,2.24,Cardio,141,128,69,1.1,33.8,1,2
49,1.9,116.7,32.33,Female,high,114,14091,506.8,7.0,1.45,None,170,156,66,1.31,11.6,6,1
52,1.74,91.0,30.06,Female,moderate,157,8555,867.6,8.7,2.23,Cardio,123,117,60,1.25,15.4,3,1
27,1.82,99.6,30.07,Female,low,77,7038,856.7,8.8,1.05,Cardio,168,88,83,0.71,28.2,1,3
20,1.75,112.4,36.7,Male,low,93,9837,676.1,8.6,1.88,Cardio,158,108,71,0.68,16.6,4,3
29,1.82,109.0,32.91,Male,high,157,11585,896.6,5.5,1.14,Yoga,196,76,77,0.7,15.2,2,2
48,1.57,61.4,24.91,Female,low,148,14595,201.9,8.9,1.36,Strength,191,94,58,1.76,21.1,6,2
46,1.52,49.4,21.38,Male,high,65,4391,206.5,5.5,2.74,Strength,120,90,66,0.53,28.1,1,3
22,1.57,114.4,46.41,Male,moderate,177,9407,247.3,7.1,3.44,Strength,160,141,71,0.8,15.3,2,3
42,1.64,118.6,44.1,Female,high,165,7713,860.5,8.5,2.41,Strength,169,104,75,1.93,20.7,6,2
58,1.63,87.6,32.97,Male,low,173,8271,623.4,7.3,1.42,None,136,125,59,0.6,23.0,6,2
48,1.81,111.6,34.06,Male,low,121,5464,849.4,9.0,1.94,Strength,127,77,83,0.55,14.3,6,2
38,1.73,62.4,20.85,Male,low,127,8712,289.0,5.7,1.59,Yoga,186,151,60,1.08,21.9,4,3
37,1.52,53.3,23.07,Male,moderate,161,8129,222.4,4.6,1.12,Yoga,185,125,69,0.73,31.6,1,3
56,1.52,82.5,35.71,Female,low,120,6784,580.3,5.1,3.28,Strength,121,120,82,1.35,28.7,4,1
39,1.55,105.8,44.04,Female,moderate,177,10629,322.7,4.9,2.36,None,136,114,62,1.01,22.6,2,2
21,1.68,94.1,33.34,Male,high,122,10829,801.9,8.5,1.37,Strength,192,103,74,0.81,13.1,6,1
30,1.5,92.8,41.24,Female,moderate,81,9611,494.3,6.3,2.86,Yoga,152,97,70,2.0,10.6,5,2
62,1.75,46.3,15.12,Female,moderate,79,10363,739.3,6.6,1.43,Yoga,173,91,67,1.01,11.7,5,3
59,1.68,68.8,24.38,Female,moderate,148,4939,561.5,4.9,1.52,Yoga,189,159,82,1.46,28.8,3,2
37,1.78,115.5,36.45,Male,high,69,1543,570.1,5.1,2.5,Cardio,125,143,77,1.81,27.6,2,2
30,1.86,55.1,15.93,Male,high,114,14289,677.3,8.0,2.07,Yoga,171,159,81,1.88,28.7,1,3
34,1.63,99.5,37.45,Female,high,140,1989,434.8,7.4,3.24,Strength,164,140,69,1.12,17.7,4,3
53,1.58,101.9,40.82,Female,moderate,139,10513,864.2,5.6,2.49,Yoga,120,97,74,1.96,12.2,6,2
50,1.64,100.0,37.18,Male,moderate,115,1090,480.3,8.0,1.46,None,199,149,84,1.59,27.9,4,2
18,1.5,119.2,52.98,Female,moderate,158,11199,478.6,4.3,2.19,Cardio,170,153,67,1.37,33.1,2,2
32,1.56,75.7,31.11,Male,low,124,6363,695.2,4.4,2.82,None,130,97,69,1.54,21.3,5,2
30,1.88,96.2,27.22,Female,low,175,14396,645.4,4.4,2.5,Yoga,141,81,56,1.04,29.1,4,2
34,1.61,59.5,22.95,Male,high,143,14888,897.0,7.5,1.8,Cardio,153,117,78,1.14,28.2,3,3
41,2.0,75.0,18.75,Male,high,152,4151,795.2,7.0,1.97,Cardio,120,136,75,1.38,31.3,2,2
25,1.58,81.9,32.81,Male,moderate,74,13429,399.2,8.3,2.66,Cardio,196,108,80,0.99,10.7,1,3
44,1.89,61.1,17.1,Male,low,141,7717,271.1,8.8,2.3,Yoga,168,125,74,1.65,33.9,4,1
62,1.85,113.0,33.02,Female,low,87,4145,274.6,5.7,1.18,None,168,118,82,0.88,31.6,6,1
40,1.66,98.7,35.82,Male,low,75,13891,453.1,7.1,2.37,Yoga,161,144,84,1.7,31.9,1,2
63,1.67,66.3,23.77,Female,low,139,11147,534.0,8.4,2.14,Cardio,168,154,72,0.73,34.9,5,1
25,1.78,55.1,17.39,Male,low,119,8890,646.0,5.2,3.04,Yoga,132,129,61,0.83,26.0,5,3
25,1.93,66.6,17.88,Male,moderate,116,14643,800.4,4.5,1.28,Cardio,187,140,75,1.63,12.0,1,1
43,1.69,91.7,32.11,Female,high,134,9145,892.7,8.9,1.0,Cardio,133,132,63,0.89,30.6,4,1
64,1.53,107.0,45.71,Female,moderate,74,1757,486.1,8.5,3.05,Cardio,155,117,61,1.69,13.4,5,3
30,1.69,82.7,28.96,Female,low,109,6966,581.9,7.1,1.53,Yoga,175,135,63,1.68,28.4,4,2
56,1.6,52.7,20.59,Male,high,80,13690,620.5,4.1,1.08,Yoga,188,112,83,0.89,20.6,4,3
54,1.97,63.7,16.41,Male,low,107,9551,591.0,5.1,1.55,Cardio,165,102,66,0.61,10.2,5,3
45,1.85,70.9,20.72,Female,high,169,10297,263.2,7.5,3.22,Strength,134,131,64,0.75,20.9,4,2
42,1.53,92.7,39.6,Male,low,90,10914,280.5,5.8,1.43,None,127,115,64,1.63,29.9,3,3
33,1.65,63.5,23.32,Female,moderate,160,12227,822.1,6.8,1.8,Cardio,175,147,67,1.77,12.2,5,2
19,1.53,62.5,26.7,Male,low,123,8100,672.9,4.3,2.53,Cardio,130,124,59,1.07,10.1,1,3
35,1.92,66.5,18.04,Male,high,118,9114,675.1,6.7,1.45,Cardio,190,135,81,0.75,21.3,3,1
34,1.95,89.4,23.51,Male,high,155,13891,770.3,4.7,2.61,Cardio,142,143,76,0.61,10.0,1,2
47,1.56,81.9,33.65,Female,high,137,13943,258.9,4.5,2.77,Cardio,164,137,62,0.82,33.4,5,2
56,1.72,108.1,36.54,Male,low,97,2817,490.8,6.4,1.58,Strength,146,155,64,1.97,30.6,2,1
30,1.97,97.3,25.07,Female,low,142,13882,372.7,6.6,1.24,Yoga,150,100,60,0.76,25.8,4,1
49,1.57,95.0,38.54,Female,moderate,146,3304,662.6,8.5,2.0,Strength,166,100,65,0.63,10.4,6,2
46,1.65,56.6,20.79,Male,low,171,3460,350.5,8.9,2.75,Cardio,185,147,58,1.68,24.2,3,1
63,1.65,49.1,18.03,Female,low,96,9863,684.5,4.5,3.03,Cardio,180,97,56,1.42,26.8,4,3
47,1.52,83.2,36.01,Female,high,73,9043,471.5,5.6,1.09,Cardio,127,126,60,1.3,24.7,3,3
35,1.52,50.4,21.81,Male,high,121,11833,507.6,7.7,2.34,Yoga,184,147,67,1.17,33.7,2,3
30,1.98,72.3,18.44,Female,low,129,8395,772.6,7.3,1.64,None,144,148,83,1.55,30.8,2,1
60,1.79,47.0,14.67,Female,high,106,2286,443.7,4.4,2.04,None,136,144,66,1.55,19.1,5,1
38,1.65,58.3,21.41,Male,low,135,5412,379.6,4.3,2.32,Strength,149,78,68,1.14,27.4,6,1
47,1.69,53.3,18.66,Male,low,155,1435,795.2,6.1,2.84,Strength,143,75,84,0.85,21.5,6,2
38,1.86,105.1,30.38,Male,low,129,10031,679.8,6.5,1.1,None,171,80,79,1.76,33.2,1,3
34,1.68,71.0,25.16,Female,low,98,3032,482.7,6.9,1.43,Cardio,182,130,62,0.75,25.5,6,2
57,1.61,50.9,19.64,Female,low,130,7251,549.0,7.2,2.54,Yoga,180,103,57,1.3,24.6,3,2
36,1.55,64.9,27.01,Male,low,143,12916,443.5,6.4,2.1,Strength,196,77,59,1.54,22.5,1,2
32,1.86,96.2,27.81,Female,high,172,1935,585.8,7.6,1.52,Yoga,177,116,76,1.46,19.4,2,3
26,1.59,100.9,39.91,Male,moderate,140,6696,297.1,4.6,1.16,Cardio,198,83,61,1.43,13.7,4,3
27,1.53,54.0,23.07,Male,moderate,92,4440,821.9,7.7,3.29,Cardio,151,155,72,1.49,16.8,4,3
61,1.71,103.4,35.36,Male,high,110,8378,587.8,7.1,1.91,Strength,154,133,60,1.81,18.3,6,1
48,1.52,72.8,31.51,Female,moderate,104,5415,469.7,4.0,2.03,None,135,112,72,1.05,13.9,5,3
40,1.98,96.0,24.49,Female,moderate,93,2622,600.1,6.4,1.12,None,128,116,62,1.44,30.3,6,1
47,1.81,95.4,29.12,Male,low,106,14446,312.8,5.8,2.85,None,138,124,61,1.55,10.1,4,1
50,1.58,104.5,41.86,Male,high,167,11390,254.9,5.3,3.48,Cardio,159,88,56,1.39,32.9,4,1
26,1.59,97.3,38.49,Female,moderate,136,13376,583.7,4.3,3.45,Cardio,159,119,58,1.85,13.2,2,3
64,1.78,47.9,15.12,Male,high,96,8280,249.3,8.9,1.78,Yoga,165,107,77,1.48,11.3,3,3
18,1.68,84.0,29.76,Female,low,176,11022,662.6,5.4,3.4,Yoga,122,94,63,1.14,34.9,5,3
61,1.89,57.5,16.1,Male,moderate,160,11502,760.2,6.3,2.02,Yoga,145,108,70,1.77,35.0,6,3
52,1.77,117.7,37.57,Male,moderate,62,14408,891.9,4.5,1.97,Cardio,191,141,73,1.23,14.8,1,2
28,1.72,64.2,21.7,Female,moderate,127,13363,738.5,8.0,3.08,None,189,158,64,1.3,13.3,1,3
51,1.98,76.5,19.51,Female,low,136,2553,881.9,4.1,2.98,Cardio,124,141,80,1.37,14.9,6,3
33,1.7,59.8,20.69,Female,high,69,10312,215.5,6.9,2.19,Yoga,146,144,62,0.98,22.8,6,3
26,1.7,55.1,19.07,Female,moderate,80,4960,591.2,5.4,2.12,Yoga,163,113,83,1.58,18.0,2,3
49,1.83,90.1,26.9,Female,moderate,138,1110,315.3,5.7,3.42,Yoga,157,117,70,0.65,18.4,1,3
32,1.9,82.0,22.71,Male,moderate,142,3794,371.6,6.6,2.02,Yoga,191,113,79,1.8,30.2,4,2
29,1.81,73.1,22.31,Male,high,145,9195,714.2,6.3,3.15,Strength,190,159,83,1.63,32.3,4,2
50,1.85,51.4,15.02,Female,low,131,4821,377.0,6.1,2.87,Yoga,197,118,62,1.03,34.2,4,1
62,1.69,100.2,35.08,Female,moderate,177,12737,325.9,7.1,1.27,Cardio,160,75,74,0.84,22.9,4,1
31,1.74,45.4,15.0,Male,low,114,7377,460.3,6.7,1.4,Strength,177,124,58,1.08,16.2,2,3
25,1.6,79.3,30.98,Male,moderate,169,4387,258.3,5.7,1.09,None,148,148,81,1.71,23.9,6,1
25,1.84,92.4,27.29,Female,moderate,126,8348,302.5,4.9,1.09,Cardio,170,136,77,0.55,31.8,4,2
44,1.61,77.3,29.82,Female,high,123,4606,302.5,4.8,2.51,Cardio,189,77,74,1.2,10.8,4,3
29,1.5,54.5,24.22,Male,high,141,2883,358.2,4.2,1.19,None,182,152,81,0.88,32.8,6,1
18,1.97,103.4,26.64,Female,high,61,5195,809.5,6.2,1.34,Cardio,138,82,67,1.81,15.7,5,1
60,1.65,69.3,25.45,Male,low,92,1391,406.7,4.9,1.61,Strength,146,122,80,1.12,17.8,2,2
57,1.6,55.1,21.52,Male,moderate,98,4623,391.7,8.4,2.38,None,172,115,64,1.55,19.1,1,3
59,1.63,86.3,32.48,Female,high,124,4649,288.2,6.1,1.57,Strength,164,110,77,1.04,32.8,3,1
28,1.67,46.4,16.64,Male,moderate,124,5171,211.3,7.1,1.99,Yoga,130,131,79,0.99,14.4,6,2
56,1.74,69.3,22.89,Male,high,119,8452,312.3,5.6,1.88,None,129,159,82,0.99,15.6,5,3
60,1.53,101.3,43.27,Male,moderate,76,11997,706.1,5.3,1.99,Strength,139,152,63,1.52,28.3,6,2
48,1.53,113.5,48.49,Female,moderate,136,1364,878.9,8.1,3.32,Yoga,138,117,79,1.95,33.4,4,3
34,1.65,89.4,32.84,Male,low,156,3498,720.7,5.8,3.42,Strength,121,102,80,0.81,12.6,6,3
50,1.65,61.3,22.52,Female,moderate,150,5717,797.3,4.5,1.18,Strength,159,159,66,1.47,23.1,3,3
49,1.56,61.5,25.27,Male,moderate,117,8508,750.7,5.6,1.28,Cardio,137,133,80,0.9,32.9,1,2
46,1.7,90.3,31.25,Male,moderate,90,8833,407.2,4.6,1.14,Yoga,121,103,69,1.32,32.2,1,3
38,1.64,75.5,28.07,Male,high,155,9154,711.9,6.3,1.97,Cardio,166,112,76,1.31,33.7,1,1
38,1.51,58.3,25.57,Male,moderate,65,7202,725.4,5.5,3.13,Yoga,168,108,55,1.18,32.6,1,3
57,1.94,104.1,27.66,Male,low,110,2884,381.0,8.1,3.0,Yoga,142,139,66,1.25,17.9,2,3
40,1.94,60.0,15.94,Female,low,109,9205,844.5,4.3,1.89,Cardio,166,94,78,1.82,15.2,2,2
23,1.6,69.1,26.99,Female,high,126,13992,898.6,8.9,2.88,Cardio,198,100,84,0.63,32.5,3,3
39,1.58,49.6,19.87,Male,moderate,152,3770,592.9,8.0,3.45,Cardio,164,101,68,1.75,27.8,5,1
55,1.77,97.6,31.15,Female,low,115,10093,421.6,7.3,1.48,Yoga,140,97,76,1.19,19.5,5,1
54,1.82,65.6,19.8,Female,high,70,3425,450.3,4.3,3.41,Yoga,166,145,77,1.0,27.8,1,3
62,1.98,62.5,15.94,Male,high,149,10971,607.7,8.9,2.93,Yoga,151,96,56,0.77,17.7,3,2
25,1.69,67.8,23.74,Female,low,159,13620,205.4,7.8,1.29,Yoga,138,121,57,1.72,24.5,2,1
58,1.81,110.6,33.76,Female,low,66,4986,415.8,6.3,2.99,Yoga,137,142,60,1.39,15.8,4,2
52,1.94,83.9,22.29,Female,high,109,11488,234.3,8.1,1.26,Yoga,143,141,73,1.59,24.0,3,3
28,1.72,56.8,19.2,Female,high,117,7442,636.9,5.7,1.07,Strength,166,140,75,0.97,33.1,5,2
41,1.56,103.1,42.37,Male,low,93,1195,622.8,6.0,2.91,Cardio,149,143,67,1.09,29.3,6,3
38,1.69,60.6,21.22,Female,high,66,10137,613.7,7.4,3.24,Yoga,140,156,74,1.87,26.4,1,3
19,1.57,75.9,30.79,Male,high,61,5183,305.7,8.6,2.0,Strength,167,89,75,1.94,16.2,5,2
57,1.51,87.6,38.42,Male,low,94,10064,861.2,8.6,1.06,None,185,118,62,1.61,11.6,5,1
36,1.88,88.8,25.12,Female,low,140,14599,574.0,5.2,2.49,Strength,164,125,58,1.62,27.8,6,3
56,1.62,50.2,19.13,Male,low,95,6299,589.1,7.2,1.58,Cardio,120,139,79,1.54,24.4,2,3
45,1.5,107.8,47.91,Female,high,164,13053,581.0,8.4,2.36,None,141,99,73,1.38,15.3,6,3
34,1.94,81.0,21.52,Male,moderate,86,11591,567.1,4.5,1.79,Yoga,175,135,82,1.39,33.4,6,1
23,1.72,119.2,40.29,Female,high,167,10936,856.9,4.9,2.56,Cardio,159,91,61,1.95,23.8,3,1
36,1.62,98.8,37.65,Female,high,85,11917,621.4,7.9,1.65,None,157,126,61,1.63,24.3,5,3
55,1.63,119.4,44.94,Male,low,129,8757,539.6,6.8,1.37,Strength,138,132,55,1.48,17.5,5,1
45,1.62,79.0,30.1,Female,high,131,2268,736.5,4.3,2.88,None,138,155,73,0.78,32.0,4,2
19,1.6,55.6,21.72,Female,low,75,13108,376.0,6.7,2.35,Cardio,185,131,80,1.97,32.3,2,2
55,1.92,99.5,26.99,Female,moderate,66,1726,334.4,8.6,1.79,None,166,112,71,1.28,27.9,1,2
54,1.59,103.3,40.86,Female,low,67,12348,507.4,4.9,2.57,Strength,177,143,62,1.92,12.5,3,2
21,1.78,109.0,34.4,Male,low,60,7298,211.0,4.3,1.72,None,176,111,80,1.57,12.1,6,3
39,1.54,67.6,28.5,Male,low,140,10989,405.5,8.7,1.91,Strength,167,149,75,0.56,21.7,4,2
43,1.97,83.3,21.46,Male,low,151,4595,494.1,5.9,1.94,None,164,150,69,1.31,13.6,3,1
60,1.8,109.3,33.73,Female,low,163,3864,605.1,7.9,1.57,Strength,147,108,74,1.84,18.3,3,3
53,1.95,109.9,28.9,Male,moderate,177,10801,580.2,7.0,2.1,Strength,179,109,73,0.58,14.3,1,1
30,1.7,46.9,16.23,Female,high,133,13989,457.2,4.9,3.04,Strength,124,134,61,1.8,17.8,3,2
49,1.91,95.3,26.12,Female,high,145,9715,440.3,5.0,3.43,Yoga,137,113,78,1.42,33.6,5,3
34,1.93,90.1,24.19,Female,low,163,2636,200.9,7.7,1.55,Strength,156,120,78,0.57,28.8,2,3
58,1.85,51.3,14.99,Male,low,91,1308,816.8,7.2,3.35,Cardio,199,90,67,1.06,13.5,6,3
53,1.55,114.8,47.78,Male,high,87,8371,361.9,4.1,1.69,Strength,144,105,55,0.55,26.7,5,2
63,1.51,78.4,34.38,Male,moderate,111,1688,450.6,6.5,2.17,Yoga,157,88,61,0.5,10.8,4,1
36,1.58,95.6,38.3,Male,low,92,11491,214.2,8.6,1.25,Yoga,120,121,59,1.84,34.6,4,3
52,1.56,111.2,45.69,Female,low,162,4375,869.8,6.7,2.52,Cardio,159,106,72,1.62,23.3,1,1
63,1.86,54.8,15.84,Male,moderate,77,1764,546.2,4.1,2.28,Strength,174,151,62,0.93,22.6,3,2
57,1.78,109.2,34.47,Male,low,146,11073,216.3,6.4,2.7,Yoga,158,91,69,0.67,16.0,4,2
45,1.76,99.3,32.06,Male,high,163,14195,375.8,4.2,2.5,Yoga,195,130,72,0.58,21.4,5,1
18,1.63,108.0,40.65,Male,low,152,13930,815.5,6.3,3.45,None,144,110,60,1.88,23.2,1,3
59,1.58,82.1,32.89,Female,low,81,1344,463.0,7.7,2.93,None,142,116,82,1.44,26.5,2,1
35,1.6,47.5,18.55,Male,low,169,4304,682.6,4.7,3.41,Cardio,162,156,59,0.74,11.1,2,3
57,1.7,95.3,32.98,Male,moderate,165,2283,629.7,5.7,2.31,None,167,93,76,1.52,18.6,2,3
50,1.87,73.1,20.9,Male,high,109,12926,530.4,5.0,1.7,Strength,157,81,65,2.0,19.7,2,1
29,1.63,75.2,28.3,Female,moderate,178,13471,783.3,6.0,2.33,None,143,129,80,1.68,13.7,1,3
25,1.85,78.1,22.82,Male,low,73,4776,228.2,4.7,2.17,Yoga,124,104,62,1.17,16.0,6,3
41,1.75,82.0,26.78,Male,moderate,101,3371,838.7,5.4,2.07,Cardio,179,150,63,1.72,15.9,3,3
33,1.94,94.6,25.14,Male,high,140,2488,702.6,4.7,2.0,None,136,149,67,1.62,30.3,1,2
21,1.62,99.5,37.91,Female,low,129,5104,804.6,6.1,3.03,Cardio,156,103,57,0.63,27.2,5,3
55,1.73,103.3,34.52,Female,moderate,162,10104,211.9,6.4,2.85,Strength,134,141,57,1.89,33.1,6,1
61,1.55,95.4,39.71,Male,high,175,5432,259.4,6.9,2.61,Strength,185,108,61,1.83,17.7,5,2
44,1.67,105.3,37.76,Male,low,178,4730,344.1,7.8,2.61,None,139,108,57,1.39,32.0,3,3
26,1.75,54.2,17.7,Female,low,174,10319,615.5,4.5,1.93,None,149,76,65,1.26,31.6,2,2
64,1.87,107.8,30.83,Female,low,101,9084,264.7,8.3,2.1,None,135,101,68,0.84,21.2,4,1
33,1.6,74.0,28.91,Female,moderate,137,5574,852.1,7.5,1.38,Yoga,163,121,80,1.75,25.7,5,2
29,1.61,84.7,32.68,Female,low,88,3395,724.0,4.5,2.45,Strength,178,131,82,1.15,24.9,1,2
48,1.82,77.5,23.4,Female,moderate,164,12989,765.3,5.9,1.35,Yoga,123,91,75,1.37,17.7,3,3
41,1.69,80.7,28.26,Male,low,108,3799,608.7,5.9,3.29,None,150,100,64,0.76,16.6,5,1
31,1.74,66.4,21.93,Male,low,72,11483,641.7,7.5,2.04,Strength,145,84,74,0.82,14.2,6,1
62,1.92,57.7,15.65,Male,high,95,7755,354.7,4.7,1.11,Yoga,160,113,81,1.98,30.9,4,2
42,1.75,52.9,17.27,Male,high,99,4169,837.0,4.3,1.0,Yoga,195,83,63,1.24,23.3,3,3
51,1.83,78.9,23.56,Female,high,153,9697,654.2,4.1,2.69,Cardio,121,99,81,1.72,18.5,6,2
20,1.83,54.4,16.24,Female,high,174,10972,492.4,8.3,2.53,Yoga,127,94,66,1.74,22.7,1,2
41,1.9,63.4,17.56,Female,moderate,81,5810,817.2,7.1,2.93,None,197,89,62,1.97,12.0,3,2
59,1.82,55.0,16.6,Female,high,78,1442,804.7,4.1,2.87,None,143,85,66,1.97,12.6,4,3
26,1.53,53.2,22.73,Female,high,125,11421,200.4,8.7,1.01,Yoga,159,90,63,1.19,29.0,4,2
43,1.67,111.2,39.87,Male,high,103,1276,847.4,4.5,1.42,Cardio,144,96,76,1.93,32.5,6,3
37,1.99,95.6,24.14,Male,high,115,12690,454.4,7.7,1.81,Cardio,181,136,72,1.05,18.0,3,1
57,1.6,114.3,44.65,Male,high,143,6322,495.5,8.3,1.15,Cardio,177,98,78,1.41,20.2,1,2
27,1.79,93.3,29.12,Male,high,82,9006,259.7,7.2,1.45,Yoga,190,110,84,1.73,19.3,2,1
36,1.92,108.3,29.38,Male,low,82,12778,814.3,4.4,2.45,Yoga,151,92,71,1.87,22.0,5,2
20,1.79,86.6,27.03,Female,low,117,9678,577.4,6.8,2.14,Cardio,165,94,65,1.29,20.3,4,1
41,1.69,79.7,27.91,Female,high,146,4118,834.0,6.3,3.15,Yoga,145,82,75,1.13,19.7,5,3
22,1.54,84.6,35.67,Female,low,171,7115,746.6,7.8,1.56,Strength,161,89,56,1.59,26.5,6,2
20,1.68,69.0,24.45,Female,moderate,104,4665,828.6,5.3,2.34,None,126,151,83,1.18,16.8,1,2
44,1.59,94.3,37.3,Female,low,79,10286,863.8,7.5,3.15,Yoga,175,152,77,1.51,33.6,4,3
33,1.98,112.3,28.65,Male,low,118,5253,820.1,5.0,1.15,Strength,166,121,75,1.71,17.7,4,1
32,1.86,103.7,29.97,Male,moderate,151,8410,346.9,7.5,3.18,Yoga,169,98,80,1.76,15.4,3,1
52,1.87,79.7,22.79,Male,moderate,156,11543,249.1,5.3,1.86,Strength,164,121,73,0.88,34.3,6,3
29,1.72,116.5,39.38,Female,low,151,12841,634.2,8.9,3.15,Cardio,187,92,68,1.36,15.7,3,1
58,1.55,118.9,49.49,Female,low,72,8633,308.5,8.6,2.7,None,163,106,77,0.54,23.4,3,3
61,1.63,82.0,30.86,Female,moderate,170,13308,804.2,6.5,2.68,Yoga,144,158,82,1.7,18.2,5,1
43,1.63,109.8,41.33,Female,low,62,8615,863.2,7.5,1.12,Strength,171,116,57,0.69,11.9,5,3
64,1.74,45.4,15.0,Male,high,149,13957,284.9,8.1,3.35,Strength,137,111,60,1.81,33.8,5,3
51,1.73,50.0,16.71,Female,moderate,127,1490,365.1,7.4,2.08,Cardio,126,107,58,1.11,19.4,3,3
40,1.72,46.7,15.79,Male,high,107,2673,637.7,8.1,1.27,None,141,75,66,0.75,26.1,2,3
48,1.75,103.0,33.63,Female,high,116,10752,707.7,5.5,2.92,None,123,101,80,1.69,31.6,3,1
37,1.99,51.0,12.88,Male,low,141,5839,558.6,4.6,3.17,None,148,91,56,0.8,23.8,2,2
29,1.65,46.3,17.01,Female,high,134,5197,458.3,4.6,3.32,Strength,159,120,79,1.09,27.8,6,1
40,1.81,56.1,17.12,Female,moderate,163,13585,414.2,7.2,2.27,Yoga,171,153,60,1.35,29.6,2,3
21,1.62,68.0,25.91,Male,moderate,131,8186,666.2,6.3,2.01,Yoga,179,152,59,1.04,19.5,4,2
40,1.73,79.9,26.7,Male,moderate,172,2740,721.2,8.1,2.46,Cardio,160,108,83,0.77,25.7,5,2
18,1.6,49.9,19.49,Female,low,172,10460,402.2,4.3,1.74,None,195,77,59,1.11,15.1,4,1
42,1.78,82.4,26.01,Male,moderate,63,9307,428.2,6.7,1.98,Yoga,192,130,62,0.72,11.4,1,3
19,1.63,63.6,23.94,Female,low,162,4236,522.0,4.8,2.35,Strength,134,86,59,1.58,34.7,2,3
47,1.52,65.6,28.39,Female,low,76,3712,515.2,7.5,3.06,Strength,196,100,78,0.76,12.3,3,3
20,1.91,106.6,29.22,Male,low,73,5625,789.9,5.6,3.13,None,176,98,62,1.22,20.7,5,3
38,1.56,119.0,48.9,Female,low,80,14539,505.8,5.2,1.33,Cardio,154,134,55,1.34,11.7,2,3
42,1.68,79.8,28.27,Female,low,131,3033,884.9,4.0,1.33,Cardio,138,132,74,1.92,33.1,6,2
37,1.74,69.1,22.82,Male,moderate,128,12339,417.7,6.6,1.46,None,140,137,63,0.62,12.7,6,1
39,1.72,114.9,38.84,Female,moderate,155,2168,685.0,7.0,2.49,Strength,132,82,68,1.9,29.7,6,1
38,1.86,82.5,23.85,Female,high,113,10966,731.3,7.5,1.51,Cardio,140,150,56,0.81,27.9,3,1
50,1.8,99.8,30.8,Female,high,140,12621,641.3,8.9,2.53,Strength,145,147,65,1.76,11.1,2,2
55,1.65,76.0,27.92,Female,high,111,12988,456.9,6.8,2.81,Strength,175,100,58,0.64,28.0,3,2
32,1.53,60.2,25.72,Male,moderate,67,3574,380.2,7.3,3.15,Yoga,150,132,58,1.98,34.2,2,1
63,1.88,94.1,26.62,Male,moderate,97,10872,623.0,7.0,3.17,Cardio,149,112,71,1.71,23.0,1,2
32,1.68,94.9,33.62,Male,high,94,13079,661.0,7.4,1.54,Strength,143,123,80,0.59,17.2,6,2
63,1.94,79.5,21.12,Female,high,120,9397,380.3,8.6,1.78,Yoga,149,117,80,0.82,23.6,3,1
42,1.7,65.2,22.56,Male,high,109,5896,435.5,8.8,1.45,Strength,145,133,70,1.32,13.0,3,2
38,1.86,107.4,31.04,Male,low,126,6311,803.4,6.9,2.7,None,173,157,84,1.29,33.9,3,3
41,1.97,65.6,16.9,Male,high,164,9226,767.4,6.9,2.72,Cardio,195,95,61,1.44,19.1,1,1
22,1.83,94.4,28.19,Female,low,104,8758,328.6,8.1,1.01,Strength,140,87,66,1.2,21.4,5,1
23,1.71,73.8,25.24,Male,low,79,12984,853.3,4.1,1.41,Cardio,142,77,71,1.6,20.0,6,1
60,1.78,80.4,25.38,Male,low,74,5747,639.6,5.0,1.84,Yoga,147,106,59,1.02,10.7,6,1
61,1.77,60.9,19.44,Female,moderate,111,11928,547.7,4.9,1.52,Cardio,198,95,62,0.76,10.9,6,2
64,1.79,93.7,29.24,Female,moderate,102,5532,340.6,4.4,2.38,Strength,142,88,74,0.55,24.1,3,1
40,1.57,61.9,25.11,Female,low,152,1938,711.1,5.8,1.1,Cardio,178,82,59,0.99,22.6,3,3
21,1.85,81.4,23.78,Female,high,157,7532,844.6,7.8,3.07,None,172,81,65,1.14,34.7,4,2
44,1.57,69.6,28.24,Female,low,89,4150,245.5,7.0,2.17,None,172,157,80,1.49,16.6,1,2
35,1.51,117.3,51.45,Female,high,75,4244,564.5,5.3,2.48,Yoga,153,133,82,1.71,19.2,4,1
38,1.81,118.7,36.23,Male,moderate,178,3024,814.0,8.5,2.45,Strength,187,76,73,0.86,34.7,2,2
45,1.56,101.5,41.71,Male,high,140,14617,866.8,5.6,2.13,Cardio,131,143,75,1.24,11.2,6,2
52,1.89,118.8,33.26,Female,moderate,176,11338,250.5,6.6,2.42,Yoga,121,118,82,0.85,26.1,1,2
39,1.93,53.5,14.36,Female,high,141,9147,753.7,4.2,1.19,Yoga,144,140,73,1.93,12.5,5,1
57,1.97,119.4,30.77,Male,low,178,3241,397.0,8.2,1.96,Strength,187,92,58,1.47,33.7,6,3
40,1.83,52.8,15.77,Female,high,167,4737,579.1,8.9,2.77,Cardio,163,153,65,1.52,17.2,5,1
20,1.74,76.2,25.17,Female,high,166,1128,748.6,8.5,1.92,Yoga,153,90,73,1.3,30.4,1,3
57,1.68,62.9,22.29,Male,moderate,85,9452,581.6,6.0,1.64,Yoga,125,86,59,0.92,32.8,6,2
27,1.75,116.5,38.04,Female,high,127,14727,277.0,4.8,2.41,Strength,158,134,56,0.8,31.2,3,3
42,1.6,92.7,36.21,Female,high,72,7809,613.4,5.5,2.19,Strength,169,128,79,1.48,23.9,1,1
25,1.67,89.8,32.2,Male,high,70,10481,282.5,8.6,2.33,Yoga,143,114,73,1.88,34.3,2,1
28,1.86,119.8,34.63,Male,high,169,3988,443.2,8.9,3.4,Cardio,124,117,80,0.82,26.9,2,1
22,1.61,90.9,35.07,Male,high,110,10295,590.8,4.3,1.37,Yoga,173,96,84,1.36,29.7,6,2
62,1.63,93.5,35.19,Male,moderate,113,12084,894.0,4.7,2.54,None,173,78,71,1.29,16.1,1,3
54,1.87,48.4,13.84,Male,high,83,12962,708.9,8.1,1.08,Strength,129,150,75,1.46,20.5,3,1
62,1.59,109.4,43.27,Female,moderate,81,4415,412.3,4.9,2.62,None,194,95,74,1.38,25.0,5,1
55,1.62,117.8,44.89,Female,high,149,12961,813.6,5.9,1.49,Cardio,188,97,72,0.91,13.6,5,1
46,1.51,117.0,51.31,Female,moderate,78,9252,358.3,4.2,3.02,Strength,125,116,69,1.54,34.1,4,2
22,1.86,61.6,17.81,Female,moderate,153,10684,468.8,5.0,1.67,Cardio,197,115,70,0.91,12.7,1,1
26,1.81,61.9,18.89,Female,low,174,14060,652.9,4.9,2.0,None,135,90,82,1.48,28.3,6,2
19,1.85,72.5,21.18,Male,high,144,12385,487.4,8.1,2.29,Cardio,179,110,66,0.95,11.5,3,2
18,1.61,68.3,26.35,Female,high,91,3893,710.7,4.3,2.52,Strength,133,91,62,0.62,12.6,2,1
57,1.84,67.9,20.06,Female,low,165,11674,655.4,7.0,1.75,None,152,128,79,0.69,25.6,1,2
47,1.8,90.4,27.9,Female,high,94,9362,667.1,6.9,1.39,Strength,188,156,60,1.75,21.3,4,2
28,1.68,105.4,37.34,Female,low,108,12878,494.2,8.7,2.59,None,159,81,78,0.68,10.1,3,1
45,1.72,115.3,38.97,Female,high,154,2756,238.6,4.5,2.1,Yoga,197,115,72,1.0,19.8,5,1
61,1.78,50.1,15.81,Male,low,111,4963,810.9,7.2,1.14,Cardio,159,136,65,0.93,16.3,3,3
29,1.75,65.8,21.49,Female,low,174,13712,251.8,7.8,2.34,Cardio,128,158,60,0.59,31.8,3,1
56,1.82,64.1,19.35,Female,low,102,10078,524.8,4.0,2.17,Strength,186,131,71,1.4,27.7,5,3
43,1.59,71.8,28.4,Female,low,113,10663,411.4,7.2,2.28,Yoga,193,107,64,1.7,28.4,3,3
30,1.77,76.8,24.51,Female,low,119,14000,407.4,4.6,1.27,Strength,167,100,73,1.99,33.8,6,3
25,1.73,74.2,24.79,Female,moderate,160,12048,358.6,7.2,2.18,Strength,194,98,69,1.9,27.7,5,1
45,1.73,116.4,38.89,Female,low,93,5544,390.2,5.4,2.86,None,184,105,70,0.57,14.0,2,3
47,1.73,77.8,25.99,Male,high,141,13111,868.7,4.5,1.33,Yoga,129,101,77,0.89,33.4,3,3
26,1.94,86.4,22.96,Female,high,133,2826,880.4,6.3,2.56,None,125,123,82,1.12,12.8,2,3
56,1.91,101.1,27.71,Male,high,157,2294,599.6,7.1,1.44,Strength,191,147,83,1.81,14.8,1,1
48,1.81,99.4,30.34,Male,moderate,179,2105,567.3,5.6,1.77,None,181,140,83,1.04,17.1,1,1
38,1.86,88.7,25.64,Female,moderate,77,5131,233.9,6.6,1.91,None,150,144,71,1.36,14.4,5,1
64,1.52,109.6,47.44,Female,high,172,6541,762.6,5.8,2.91,Cardio,125,105,76,1.49,10.5,5,1
51,1.87,91.8,26.25,Female,high,97,7931,319.4,8.7,1.57,Yoga,153,99,61,0.95,21.5,4,2
48,1.74,110.6,36.53,Male,high,120,12083,299.8,7.0,1.66,Cardio,186,90,73,1.37,27.2,3,1
42,1.66,67.7,24.57,Female,high,144,2001,496.8,5.6,3.18,Yoga,181,80,81,0.58,20.5,1,3
29,1.57,54.9,22.27,Female,low,110,9098,443.3,5.1,2.86,Cardio,131,143,62,1.22,15.9,3,1
18,1.54,106.5,44.91,Female,low,127,3890,267.6,6.9,2.27,Strength,157,91,62,1.07,32.1,2,2
39,1.52,73.7,31.9,Male,low,85,3196,303.6,8.9,1.79,Cardio,126,83,59,1.03,19.7,4,2
57,1.58,93.8,37.57,Male,moderate,147,12133,894.6,6.4,2.98,Yoga,183,136,65,0.85,31.0,4,2
54,1.52,100.3,43.41,Female,moderate,125,3447,714.4,8.6,2.41,Yoga,196,87,56,1.73,14.5,2,1
64,1.87,69.5,19.87,Male,low,160,13546,619.0,6.7,1.83,Yoga,123,81,72,1.82,18.3,1,2
18,1.62,82.9,31.59,Female,moderate,80,6601,412.5,8.0,1.79,Cardio,140,92,75,1.83,30.1,6,2
18,1.68,112.1,39.72,Male,moderate,123,14079,499.9,6.9,2.14,None,197,119,58,1.09,10.8,4,2
59,1.91,111.0,30.43,Female,low,71,4599,639.6,6.9,3.37,Cardio,155,98,66,0.89,33.0,2,1
59,1.56,101.2,41.58,Male,low,175,2764,749.0,6.1,2.61,None,126,129,58,0.65,19.9,6,2
38,1.92,102.2,27.72,Female,low,151,8331,862.5,7.4,2.7,Cardio,196,106,59,1.51,34.4,5,2
32,1.82,112.3,33.9,Female,low,155,8931,285.9,6.5,1.97,Strength,154,81,71,1.0,27.5,2,3
34,1.67,100.2,35.93,Male,low,173,12863,334.1,8.2,3.44,Strength,168,94,77,0.91,33.7,1,3
39,1.56,70.5,28.97,Male,high,128,3278,597.3,8.6,2.02,Cardio,130,93,73,1.06,11.7,3,3
55,1.55,54.1,22.52,Male,low,124,7192,856.9,6.5,1.03,Cardio,143,136,64,1.33,28.1,2,2
52,1.67,76.6,27.47,Male,low,145,9305,516.8,5.3,3.0,Cardio,141,88,68,0.74,31.9,2,3
62,1.57,51.6,20.93,Male,low,159,7561,643.8,6.2,2.28,Strength,162,106,69,1.94,34.7,4,1
33,1.63,53.7,20.21,Female,low,154,13345,405.6,7.5,1.38,None,170,83,80,1.6,10.8,3,3
25,1.53,116.3,49.68,Female,low,75,2402,768.2,6.5,1.06,Yoga,168,123,68,0.57,12.1,5,1
64,1.8,95.7,29.54,Male,low,65,12945,623.7,6.0,3.48,None,141,158,70,0.96,28.3,6,3
34,1.57,108.9,44.18,Female,low,115,5324,467.3,4.1,2.62,Cardio,198,90,62,0.58,11.0,6,3
34,1.88,93.2,26.37,Female,high,97,11634,579.8,4.9,2.16,Strength,137,98,63,0.84,10.3,3,3
43,1.61,76.4,29.47,Male,low,145,7906,686.3,8.2,1.83,Yoga,163,104,62,0.93,23.6,6,1
30,1.9,46.9,12.99,Female,low,103,4505,349.5,7.8,1.18,None,151,82,65,1.58,23.2,3,1
34,1.59,116.7,46.16,Female,low,104,9107,439.0,4.4,2.61,Cardio,177,153,66,1.58,25.3,3,3
55,1.86,50.3,14.54,Male,high,98,10622,375.4,4.5,1.92,Strength,175,84,68,0.57,10.4,2,1
34,1.67,90.8,32.56,Male,moderate,139,12028,872.1,8.7,3.47,Strength,193,110,72,1.38,22.6,2,3
31,1.79,52.7,16.45,Female,low,156,14667,230.1,8.0,1.27,Yoga,128,98,77,1.94,17.2,2,2
62,1.52,66.3,28.7,Male,high,69,7676,239.5,6.0,1.62,None,182,82,66,1.44,28.9,3,2
23,1.75,58.9,19.23,Female,high,133,3199,449.0,8.9,2.01,Strength,123,75,58,1.94,18.7,2,2
52,1.57,86.5,35.09,Male,high,146,1651,576.6,8.9,2.99,Cardio,157,148,67,1.07,18.9,2,1
63,1.74,111.5,36.83,Male,moderate,179,4631,430.2,9.0,2.94,Cardio,161,148,75,1.19,26.4,3,2
31,1.57,92.7,37.61,Male,high,161,5306,799.9,5.9,1.61,Yoga,126,107,81,1.24,26.5,5,3
64,1.72,94.8,32.04,Male,high,132,14330,318.6,6.7,1.9,None,161,105,70,1.89,11.5,2,3
25,1.56,113.2,46.52,Female,high,125,10392,455.2,7.3,1.15,Strength,179,151,64,1.07,25.7,4,1
32,1.61,101.2,39.04,Male,low,66,13194,541.6,8.1,1.95,Yoga,139,136,75,1.98,26.4,4,3
44,1.8,109.9,33.92,Male,low,125,8011,341.5,5.0,1.42,None,182,109,65,1.31,21.4,4,2
30,1.99,76.2,19.24,Female,high,147,5100,403.1,5.6,3.3,None,140,118,79,0.83,30.7,6,3
48,1.72,109.9,37.15,Female,low,103,14819,863.2,5.8,3.02,Strength,124,121,66,0.66,10.2,3,1
52,1.84,93.4,27.59,Female,low,134,1714,564.2,8.2,1.41,Yoga,149,106,72,0.76,34.2,5,3
23,1.77,55.2,17.62,Female,low,178,13229,808.8,6.4,2.23,Yoga,182,137,56,0.56,19.4,5,3
22,1.75,47.9,15.64,Male,moderate,136,10304,388.6,6.9,3.4,Yoga,178,96,73,1.54,24.9,2,2
39,1.53,63.3,27.04,Female,high,143,4891,628.7,7.9,2.03,Yoga,157,81,59,1.28,10.9,5,1
40,1.57,73.4,29.78,Male,moderate,139,7391,734.3,7.2,2.12,None,155,80,82,1.61,27.7,3,2
42,1.94,107.8,28.64,Female,high,104,7987,495.1,8.6,1.85,Yoga,157,115,74,1.67,23.6,2,3
51,1.71,100.6,34.4,Male,low,134,7479,637.3,4.8,2.23,Yoga,142,154,64,1.9,34.0,3,1
43,1.81,116.7,35.62,Female,high,67,2614,804.3,6.4,2.49,Strength,142,86,80,0.68,20.6,4,3
64,1.76,86.9,28.05,Male,low,64,11994,298.5,5.9,1.22,Cardio,177,147,70,0.78,28.0,3,3
22,1.69,101.1,35.4,Male,high,108,2449,448.3,8.1,1.23,None,167,114,66,1.32,11.9,4,2
43,1.69,65.6,22.97,Female,high,143,13522,776.7,6.4,2.92,Strength,125,143,63,0.69,11.6,1,3
37,1.78,96.0,30.3,Male,high,111,9818,361.6,8.6,3.46,Strength,165,132,57,0.64,33.7,3,1
23,1.57,98.0,39.76,Male,high,166,6760,589.3,5.4,2.23,Strength,134,77,55,1.5,16.3,4,1
23,1.69,108.6,38.02,Male,low,138,4188,506.6,5.2,3.15,None,120,117,59,1.59,32.8,5,2
35,1.72,85.2,28.8,Male,moderate,169,2121,665.4,6.9,3.17,Cardio,193,148,62,1.77,12.2,2,2
21,1.99,93.7,23.66,Female,moderate,140,9993,667.6,4.2,1.92,None,152,82,71,1.87,25.9,1,1
34,1.68,60.2,21.33,Male,high,165,9044,604.9,7.3,1.82,Yoga,143,147,55,1.16,23.8,4,2
31,1.82,100.3,30.28,Male,low,174,7262,862.7,7.8,2.82,Cardio,189,87,67,1.97,34.2,2,3
31,1.57,107.9,43.77,Female,moderate,91,7503,322.7,5.3,3.28,None,133,130,60,0.56,20.1,6,1
30,1.53,89.5,38.23,Female,high,72,1222,784.6,5.8,3.13,None,189,93,69,1.81,11.2,6,2
24,1.94,53.7,14.27,Female,moderate,102,2847,542.6,7.3,1.8,Yoga,157,97,61,0.98,21.9,1,1
61,1.87,68.5,19.59,Male,low,137,12316,663.3,6.8,1.89,None,130,117,84,1.88,30.6,4,3
32,1.66,80.7,29.29,Male,low,81,7970,391.6,7.1,2.84,Cardio,182,98,78,0.83,11.3,6,2
36,1.75,95.8,31.28,Female,moderate,68,2660,266.2,6.8,1.79,Strength,151,77,62,1.61,10.9,3,1
60,1.57,69.0,27.99,Male,moderate,87,11569,744.4,6.5,3.13,None,148,88,57,1.14,30.5,5,3
64,1.85,108.0,31.56,Female,high,81,4016,376.2,4.2,2.27,None,149,157,69,1.07,30.6,5,2
61,1.54,72.9,30.74,Male,high,72,5587,473.2,5.9,1.73,Cardio,148,107,58,0.59,15.0,3,1
52,1.88,48.2,13.64,Female,low,157,9886,233.3,7.0,1.72,None,130,101,63,1.56,26.4,6,3
34,1.77,104.5,33.36,Male,moderate,77,5677,655.1,8.0,2.96,Strength,168,86,65,0.76,11.6,5,3
52,1.64,93.3,34.69,Female,low,85,2406,681.2,8.3,1.31,Yoga,197,120,75,1.19,29.1,1,3
36,1.93,105.1,28.22,Male,low,172,5628,831.2,5.8,3.33,Yoga,183,145,68,0.71,17.6,4,3
37,1.99,71.2,17.98,Female,high,127,11869,823.7,7.5,2.03,Yoga,157,120,81,1.41,15.8,6,3
53,1.63,46.3,17.43,Male,moderate,87,10500,693.6,4.4,3.11,Strength,179,156,84,0.85,26.9,6,2
52,1.9,50.5,13.99,Male,high,134,2369,425.5,5.8,2.98,Yoga,187,90,63,1.39,32.8,5,3
49,1.88,53.4,15.11,Male,high,140,2762,462.2,4.8,2.95,Cardio,126,132,66,1.92,11.0,1,2
61,1.87,105.4,30.14,Female,high,130,2942,467.2,6.4,2.69,Cardio,193,88,59,1.88,13.6,4,2
57,1.98,67.6,17.24,Male,high,131,6103,290.7,7.2,2.25,Strength,126,159,75,0.8,16.4,6,1
41,1.74,119.8,39.57,Male,moderate,72,2560,863.1,8.7,1.97,Strength,124,117,79,0.65,33.2,5,1
34,1.84,101.9,30.1,Male,low,178,3145,772.7,8.2,2.45,Strength,187,99,60,0.56,31.9,1,2
24,1.91,90.1,24.7,Female,moderate,109,5488,301.7,4.8,2.32,Cardio,166,89,73,1.74,32.7,6,3
60,1.74,118.8,39.24,Male,moderate,77,13908,862.5,7.8,1.88,Strength,155,148,82,0.87,19.5,2,3
18,1.74,68.7,22.69,Female,low,94,7387,790.3,6.9,2.23,Strength,134,104,59,0.93,15.8,2,2
52,1.66,57.4,20.83,Male,moderate,83,13351,843.2,8.1,1.91,Yoga,158,118,55,0.84,14.8,3,3
49,1.89,100.3,28.08,Female,moderate,73,8840,400.0,6.4,2.64,Strength,157,83,79,1.76,32.0,4,2
53,1.84,65.9,19.46,Female,high,141,3771,434.9,5.0,3.09,None,155,156,64,1.97,15.8,6,1
30,1.73,117.1,39.13,Male,low,165,3865,528.9,4.4,2.97,Yoga,121,85,68,1.63,23.3,4,3
23,1.71,119.1,40.73,Female,low,109,5752,356.9,5.3,1.85,Cardio,134,140,80,1.74,18.3,3,3
31,1.54,114.5,48.28,Female,low,127,7073,525.8,5.0,2.27,Cardio,174,96,81,1.43,22.5,1,3
54,1.5,115.9,51.51,Male,low,129,5751,206.4,7.1,1.03,Cardio,196,94,77,1.29,18.6,5,1
32,1.76,91.2,29.44,Female,high,166,13750,814.3,7.2,3.18,Yoga,179,103,71,1.58,17.3,3,3
64,1.71,96.9,33.14,Female,moderate,93,8052,313.6,6.2,1.61,Cardio,144,137,84,0.55,20.7,1,2
21,1.9,52.1,14.43,Female,low,84,6477,550.6,6.3,2.1,Yoga,133,115,81,0.59,18.3,4,3
57,1.77,102.2,32.62,Female,moderate,156,4213,850.2,8.3,1.38,Yoga,128,150,65,1.53,31.0,4,2
33,1.97,60.2,15.51,Male,moderate,104,2264,774.7,4.7,2.7,None,168,157,58,1.0,24.5,5,3
45,1.6,108.0,42.19,Female,moderate,60,14683,743.3,4.5,2.36,None,154,122,72,1.23,14.4,6,2
33,2.0,117.1,29.28,Female,moderate,117,10105,623.8,4.4,1.91,None,124,101,73,1.67,15.9,6,1
21,1.65,60.9,22.37,Male,high,148,13490,505.4,6.4,2.34,None,197,105,58,1.37,11.3,4,3
62,1.82,50.9,15.37,Male,low,107,3849,512.2,7.9,1.42,None,136,99,66,1.71,17.5,3,1
43,1.75,81.3,26.55,Female,low,76,14288,260.9,7.3,2.94,Cardio,188,123,68,1.13,26.7,1,1
45,1.68,104.4,36.99,Male,moderate,114,9399,245.4,4.4,1.66,Cardio,196,144,72,0.93,14.6,2,3
49,1.57,102.8,41.71,Male,high,150,3215,790.4,6.5,2.54,Cardio,173,138,80,0.85,12.5,3,3
62,1.57,97.3,39.47,Male,moderate,96,11850,486.1,4.2,3.25,None,166,130,55,0.7,18.0,4,2
19,1.86,106.6,30.81,Male,low,123,7295,237.8,4.6,1.1,Strength,168,81,81,0.56,25.3,2,3
48,1.69,58.1,20.34,Male,low,161,1366,664.1,5.0,1.97,Cardio,193,144,74,0.58,21.8,3,3
20,1.98,93.9,23.95,Male,high,79,2217,678.3,6.1,1.34,Cardio,181,109,79,0.91,18.3,1,2
25,1.66,90.4,32.81,Male,low,93,14025,359.2,5.8,3.27,Strength,142,95,84,0.92,32.1,4,2
41,1.99,56.5,14.27,Male,low,62,10728,487.5,7.4,1.9,None,135,121,65,1.07,21.7,5,3
32,1.6,76.1,29.73,Male,moderate,133,10111,601.4,7.8,1.53,Yoga,126,134,81,1.39,21.4,6,3
60,1.55,108.9,45.33,Female,low,115,7042,617.4,8.5,2.69,Strength,162,91,79,1.64,10.8,6,3
48,1.66,117.9,42.79,Female,low,93,4329,557.8,7.0,2.36,Strength,197,91,82,0.8,26.0,1,1
26,1.94,94.9,25.22,Female,low,82,14194,454.9,5.3,3.04,Cardio,163,145,79,1.64,21.5,2,1
56,1.76,114.1,36.83,Female,high,135,8007,248.2,6.6,2.88,Cardio,128,99,73,0.71,13.6,6,3
62,1.57,54.9,22.27,Female,moderate,142,9793,215.6,7.2,3.44,None,190,108,55,1.98,16.1,5,2
19,1.6,118.1,46.13,Male,low,102,5389,521.7,4.9,1.23,Yoga,197,100,55,0.93,15.1,5,3
25,1.66,47.5,17.24,Male,low,91,14403,342.1,6.1,1.2,Yoga,199,80,84,1.76,13.1,1,3
24,1.8,84.5,26.08,Female,high,154,9651,856.9,5.6,3.27,Strength,179,84,57,0.79,20.9,3,1
61,1.67,66.8,23.95,Female,high,125,12160,648.3,7.2,3.39,None,129,155,80,1.93,19.1,5,3
56,1.87,106.0,30.31,Male,high,117,10214,609.9,4.5,2.02,Yoga,124,152,68,1.74,19.0,3,3
59,1.81,61.3,18.71,Female,high,152,11210,484.6,8.1,2.14,Strength,170,77,62,1.04,16.3,5,1
33,1.94,45.9,12.2,Male,high,121,1478,430.7,4.5,1.92,Cardio,126,133,69,1.13,20.9,5,1
52,1.75,76.1,24.85,Female,high,175,4213,325.9,8.2,2.94,Yoga,141,154,58,0.51,23.7,6,2
47,1.67,49.8,17.86,Male,low,98,3793,242.1,4.7,2.93,Strength,143,143,65,0.88,25.3,3,2
27,2.0,66.8,16.7,Female,moderate,116,13344,644.1,7.9,1.55,Yoga,161,122,62,0.93,15.5,1,2
55,1.68,93.3,33.06,Male,moderate,144,3205,745.4,8.3,1.96,None,141,97,84,1.18,28.2,6,3
35,1.71,67.1,22.95,Female,high,76,4000,800.4,6.9,1.53,Strength,154,79,61,0.71,10.7,6,2
22,1.9,63.4,17.56,Female,moderate,94,4605,707.0,8.5,1.12,None,174,130,84,1.22,28.8,2,1
46,1.54,56.7,23.91,Male,high,61,2340,827.9,5.5,1.14,Strength,122,112,78,1.5,17.1,4,2
56,1.69,55.1,19.29,Male,moderate,77,8968,888.0,5.7,1.37,Cardio,190,156,56,1.06,19.3,4,3
51,1.54,84.4,35.59,Female,moderate,130,2181,873.2,5.9,1.07,Yoga,138,150,62,0.85,24.5,3,3
60,1.57,96.1,38.99,Female,low,87,4627,614.6,8.8,2.06,Cardio,161,159,79,1.32,25.3,6,2
62,1.5,79.0,35.11,Male,low,105,14307,356.9,4.4,1.16,None,165,81,80,0.54,20.5,5,3
40,1.5,54.3,24.13,Male,low,64,14399,274.4,4.0,3.12,Yoga,191,91,81,1.01,33.4,6,3
22,1.69,93.6,32.77,Male,high,157,12579,895.7,4.3,2.78,Cardio,139,83,76,1.29,31.5,3,3
47,1.9,86.8,24.04,Female,low,150,12478,415.9,6.4,2.96,Strength,152,149,84,1.0,15.6,1,2
23,1.79,73.6,22.97,Female,moderate,78,2799,223.8,5.1,2.54,Strength,125,120,73,1.02,24.7,4,3
63,1.82,69.8,21.07,Male,low,87,9832,473.7,6.4,2.66,Cardio,134,111,77,1.77,28.0,2,2
61,1.76,58.7,18.95,Female,low,179,4122,723.7,6.7,1.28,Yoga,188,81,63,1.9,15.4,5,2
21,1.91,56.0,15.35,Female,high,93,6551,823.6,6.4,1.15,None,197,91,70,1.74,10.5,2,3
46,1.94,70.4,18.71,Male,low,64,2647,534.3,6.2,3.47,Strength,192,115,62,0.65,34.4,3,2
40,1.92,48.1,13.05,Female,high,160,2342,405.8,6.0,1.93,None,150,138,84,0.93,34.0,6,2
23,1.91,77.7,21.3,Male,moderate,89,11436,744.9,5.6,1.13,Yoga,125,157,62,1.57,18.0,3,3
49,1.59,90.1,35.64,Male,low,83,4660,552.6,5.6,1.4,Yoga,120,131,65,1.96,16.0,6,3
59,1.8,115.6,35.68,Female,moderate,160,14879,260.2,5.1,3.19,Strength,138,159,61,0.86,13.9,3,2
35,1.79,91.9,28.68,Female,low,142,12935,821.4,6.0,1.51,None,134,119,75,1.85,27.2,6,1
32,1.76,91.8,29.64,Male,low,78,3136,659.1,6.7,2.17,Yoga,153,147,56,1.61,28.9,3,1
57,1.74,73.1,24.14,Male,low,79,9103,225.8,8.7,2.67,None,183,82,75,1.98,20.5,4,1
49,1.54,55.0,23.19,Male,high,110,3008,206.3,7.6,3.41,Strength,168,84,59,0.64,16.1,2,1
26,1.55,78.5,32.67,Female,moderate,172,1572,261.4,8.6,1.04,Strength,194,128,72,1.09,21.2,3,2
54,1.95,89.9,23.64,Male,high,91,11026,775.4,5.1,2.22,Yoga,165,140,65,1.22,22.9,6,3
27,1.82,99.3,29.98,Male,high,72,10907,536.9,5.2,3.49,Yoga,170,118,80,1.51,23.6,2,1
37,1.63,107.0,40.27,Male,low,151,8405,434.7,5.5,1.3,None,192,122,71,1.48,21.1,6,3
23,1.64,64.2,23.87,Male,moderate,120,2267,374.5,8.8,1.31,Yoga,130,145,75,1.86,10.1,3,1
20,1.81,63.1,19.26,Female,moderate,99,4717,554.8,6.6,1.22,Strength,123,76,60,1.76,21.8,4,1
59,1.7,87.4,30.24,Female,moderate,123,10931,258.1,8.1,2.27,Yoga,160,154,67,0.58,18.7,1,1
28,1.72,87.5,29.58,Male,high,122,7543,632.0,8.1,1.87,Cardio,183,80,61,1.23,23.9,6,3
60,1.53,61.3,26.19,Female,low,78,10641,466.4,8.4,2.79,Strength,120,154,65,1.11,11.7,2,3
34,1.57,89.1,36.15,Female,low,76,11009,800.9,5.0,2.43,None,128,119,72,2.0,32.0,4,1
49,1.7,70.9,24.53,Female,low,147,7715,728.1,6.6,2.45,Yoga,158,84,60,1.14,31.9,6,3
21,1.85,92.9,27.14,Male,moderate,139,3940,212.9,7.0,2.28,Yoga,184,83,66,1.52,24.1,6,1
21,1.52,66.8,28.91,Female,low,167,1426,316.5,6.6,3.48,Strength,136,106,78,0.93,28.4,2,2
34,1.67,89.4,32.06,Female,low,76,3484,531.8,8.3,2.35,Strength,186,76,76,1.42,20.9,6,3
58,1.85,102.6,29.98,Male,low,62,10206,661.1,8.7,1.18,None,120,95,57,0.81,24.8,3,1
36,1.9,118.5,32.83,Male,low,77,7105,700.6,5.1,1.81,Strength,143,77,73,1.41,25.4,5,2
22,1.6,113.3,44.26,Female,moderate,73,10586,771.4,4.3,2.95,None,196,158,65,1.8,18.8,5,2
49,1.87,82.8,23.68,Female,moderate,166,3133,234.5,7.7,2.57,Yoga,139,97,77,0.53,34.0,1,1
39,1.98,81.6,20.81,Male,moderate,122,6978,212.9,6.5,2.71,None,183,111,56,1.26,25.1,1,2
23,1.95,77.8,20.46,Male,low,62,5879,620.4,8.7,3.3,None,139,146,57,1.97,34.8,4,2
52,1.89,47.1,13.19,Male,low,84,10544,706.7,7.5,2.11,None,195,110,77,0.74,20.8,5,1
39,1.86,57.4,16.59,Male,high,167,14643,750.7,5.6,1.05,Yoga,159,88,79,0.78,10.8,5,2
18,1.62,49.4,18.82,Female,high,66,14762,309.0,6.7,3.48,Cardio,149,89,71,1.21,17.6,5,2
37,1.82,97.2,29.34,Male,moderate,162,4277,878.1,8.5,2.14,Cardio,142,109,59,1.81,26.3,2,1
39,1.82,76.0,22.94,Female,high,84,4798,360.6,8.2,1.24,None,142,96,83,1.34,32.8,5,1
28,1.7,49.8,17.23,Female,high,173,2304,375.2,6.3,2.37,Strength,175,121,56,1.26,25.4,3,2
30,1.75,96.8,31.61,Female,high,76,8955,308.0,5.1,2.48,Cardio,166,110,66,0.63,21.8,5,3
59,1.85,93.3,27.26,Male,low,135,10651,230.3,4.5,2.41,Yoga,136,89,59,1.94,12.0,2,1
20,1.98,99.0,25.25,Male,moderate,178,8689,766.8,4.9,3.41,None,121,156,83,1.02,13.6,3,3
26,1.65,90.0,33.06,Female,low,130,11900,204.0,6.2,1.8,Cardio,152,132,67,0.88,11.3,6,1
29,1.62,57.1,21.76,Female,moderate,151,8302,524.6,7.6,1.09,Yoga,134,105,76,1.12,27.8,6,3
40,1.8,49.6,15.31,Female,moderate,179,6709,264.4,4.9,3.3,None,151,115,78,1.12,30.8,5,1
31,1.57,106.3,43.13,Female,moderate,93,11428,231.4,7.4,1.48,Cardio,153,148,61,1.19,14.1,4,2
50,1.79,61.2,19.1,Female,low,108,4144,854.3,5.5,2.87,None,179,152,75,1.53,18.1,6,2
35,1.54,85.7,36.14,Male,low,174,14856,777.8,7.1,1.51,Cardio,150,100,65,1.8,22.0,3,3
58,1.75,81.4,26.58,Male,low,86,1512,476.4,6.4,3.07,Cardio,134,157,59,0.59,13.6,2,3
26,1.81,114.1,34.83,Male,high,150,10781,521.0,8.4,3.27,Strength,139,104,84,1.24,20.4,2,1
40,1.54,86.4,36.43,Female,low,119,6839,807.7,8.6,1.26,Cardio,150,86,72,1.12,34.2,1,1
27,1.6,88.5,34.57,Female,high,94,13725,757.8,5.9,1.37,Strength,121,105,60,0.52,28.0,6,3
36,1.67,69.0,24.74,Male,high,171,8395,684.1,5.8,3.31,Yoga,132,156,57,1.72,14.2,1,3
64,1.68,116.9,41.42,Male,moderate,120,13666,575.6,7.1,2.93,Cardio,135,76,60,0.66,12.5,5,2
22,1.84,90.9,26.85,Female,high,128,7826,625.5,5.5,1.1,None,134,152,70,0.67,21.1,5,3
64,1.76,45.4,14.66,Male,high,67,10111,475.4,6.9,1.46,Strength,144,94,57,0.57,34.7,6,2
40,1.69,86.7,30.36,Male,high,73,12972,569.7,6.1,2.03,Cardio,195,132,72,0.8,29.8,2,3
47,1.73,72.3,24.16,Male,high,169,7002,577.8,6.4,3.16,Strength,147,94,78,0.77,17.3,5,2
42,1.51,47.4,20.79,Female,moderate,140,14764,805.4,8.0,1.38,None,131,108,58,1.02,10.7,5,2
45,1.89,77.4,21.67,Female,high,94,6273,353.1,4.6,2.81,None,195,134,59,1.49,20.3,6,2
51,1.52,103.0,44.58,Male,high,170,11185,372.6,4.7,1.21,None,173,108,63,0.58,14.0,6,1
62,1.91,82.8,22.7,Female,low,145,12791,347.7,4.6,2.17,Yoga,177,111,58,1.79,14.5,4,2
64,1.77,93.0,29.68,Male,moderate,123,12898,605.4,7.1,2.82,Yoga,135,141,83,0.99,14.1,1,3
42,1.76,93.0,30.02,Male,high,135,8465,686.6,8.3,1.16,None,181,93,55,1.41,28.0,1,3
27,1.85,95.3,27.85,Female,low,127,5421,367.0,8.5,1.51,Yoga,193,126,81,0.52,10.9,3,3
31,1.93,74.1,19.89,Female,moderate,71,12959,673.9,6.6,2.98,Yoga,129,118,76,1.05,24.1,3,1
59,1.97,72.8,18.76,Female,low,149,13927,639.7,7.2,1.41,Yoga,185,101,81,0.5,28.8,1,2
63,1.77,45.3,14.46,Male,high,116,3685,424.8,7.5,2.67,Yoga,171,112,65,0.75,13.9,5,1
47,1.58,56.6,22.67,Male,low,93,7417,360.9,6.3,2.61,Yoga,149,95,59,1.17,32.3,2,2
58,1.94,116.3,30.9,Male,moderate,94,3961,817.3,7.3,2.3,Yoga,135,158,64,1.3,12.0,5,3
42,1.52,108.2,46.83,Female,high,88,5342,598.8,5.8,1.5,None,129,112,57,0.73,27.1,2,2
31,1.9,65.6,18.17,Male,moderate,90,4298,692.7,7.1,2.04,Yoga,134,87,69,1.62,14.3,5,1
52,1.84,75.1,22.18,Male,high,125,8112,847.7,6.5,2.55,Yoga,145,95,81,0.78,30.2,1,1
51,1.95,115.5,30.37,Male,high,157,9845,343.8,4.8,3.2,Strength,180,116,81,0.67,24.3,6,1
27,1.95,63.8,16.78,Male,high,86,3873,445.4,8.2,2.99,Strength,134,122,68,1.0,24.7,2,1
52,1.53,84.9,36.27,Female,moderate,72,11790,504.1,5.3,2.52,Yoga,125,120,59,1.33,18.7,1,3
28,1.8,46.7,14.41,Female,low,136,10032,363.0,4.5,1.57,Cardio,120,152,62,1.98,17.1,4,1
28,1.56,91.5,37.6,Female,moderate,101,14766,788.3,8.2,1.54,Cardio,154,131,71,1.13,21.6,1,1
38,1.54,114.8,48.41,Male,low,79,10488,258.4,8.3,3.03,Yoga,120,126,74,1.14,28.9,1,1
38,1.72,111.4,37.66,Male,high,167,9579,367.4,4.2,2.66,None,157,96,73,0.59,14.2,6,3
39,1.55,82.6,34.38,Male,high,62,10795,333.7,8.7,1.9,None,199,91,58,1.65,30.4,1,2
62,1.86,93.7,27.08,Female,high,179,10397,867.4,4.4,3.43,Strength,160,100,56,0.77,22.0,1,3
24,1.98,87.7,22.37,Female,low,113,4032,639.1,5.0,3.22,None,131,113,56,1.62,21.3,3,3
34,1.78,50.0,15.78,Female,low,76,3444,701.4,4.0,2.68,None,183,145,56,1.87,10.4,4,3
19,1.62,56.9,21.68,Female,moderate,75,13010,275.9,4.1,1.92,None,129,137,57,1.65,13.1,5,2
29,1.92,117.3,31.82,Female,moderate,97,5146,335.8,4.4,1.77,Yoga,146,125,82,1.46,20.8,4,1
59,1.93,64.2,17.24,Male,high,78,2511,766.9,8.4,3.35,Yoga,158,104,63,1.41,34.5,6,3
35,1.87,73.8,21.1,Female,low,123,2997,597.4,4.3,2.11,Cardio,190,115,59,1.18,16.3,1,1
28,1.81,83.2,25.4,Female,low,126,12135,231.6,7.7,3.0,Strength,189,107,74,0.72,10.3,5,1
33,1.93,118.4,31.79,Female,moderate,95,12685,596.0,6.9,3.35,Cardio,164,124,83,1.67,20.9,5,2
35,1.58,96.7,38.74,Male,low,67,12967,532.8,7.9,2.23,None,130,137,69,1.22,10.4,4,2
52,1.97,92.2,23.76,Female,low,98,9117,307.6,8.2,2.63,None,143,113,58,1.44,18.4,6,3
43,1.97,84.3,21.72,Female,high,152,4482,615.1,6.1,1.22,Cardio,176,102,57,1.06,18.9,4,2
33,1.94,97.6,25.93,Female,moderate,126,11933,321.7,4.8,2.63,Cardio,159,92,63,0.8,10.1,1,2
23,1.63,94.8,35.68,Male,moderate,92,12061,768.0,4.0,1.54,Yoga,156,148,81,1.71,29.5,2,2
61,1.93,112.7,30.26,Male,high,145,13618,632.9,8.4,2.68,Yoga,122,133,64,1.01,32.8,5,1
60,1.75,85.6,27.95,Female,moderate,107,9859,809.9,6.7,1.25,Strength,187,140,71,1.8,35.0,5,2
64,1.8,76.6,23.64,Female,high,105,2359,497.3,6.6,2.24,Yoga,187,117,84,1.95,22.7,1,3
64,1.92,105.5,28.62,Female,high,92,14816,558.3,7.7,2.3,None,120,152,76,1.74,17.7,5,2
59,1.51,105.0,46.05,Female,moderate,75,11172,732.4,5.6,2.21,None,198,87,74,0.69,27.9,1,3
29,1.68,57.7,20.44,Male,moderate,96,1520,582.4,9.0,2.89,Cardio,164,75,62,1.78,28.4,2,3
30,1.91,62.8,17.21,Female,high,152,7052,600.4,6.8,2.89,Strength,150,106,77,1.28,19.5,3,2
21,1.91,116.9,32.04,Male,moderate,139,14150,587.3,4.4,2.77,Yoga,156,84,73,0.86,24.1,4,1
56,1.92,78.3,21.24,Female,high,127,5857,543.9,4.9,2.58,Strength,188,89,59,0.64,30.5,6,3
19,1.58,84.0,33.65,Male,low,161,1990,764.0,5.5,3.26,None,162,91,81,0.92,14.7,2,3
43,1.85,68.3,19.96,Male,moderate,173,14268,539.6,4.8,2.44,None,123,137,65,0.71,10.5,2,3
44,1.57,81.1,32.9,Female,high,109,2860,830.6,8.5,1.87,Yoga,190,128,58,0.54,23.5,2,2
44,1.89,100.8,28.22,Male,high,151,5397,766.0,6.3,1.15,Yoga,148,97,58,1.98,26.6,5,3
32,1.62,81.2,30.94,Female,low,64,13946,684.7,6.1,2.34,Yoga,130,145,80,1.75,24.4,1,2
25,1.87,68.6,19.62,Male,high,124,9404,829.1,7.8,1.57,Cardio,152,124,69,1.61,24.9,5,3
24,1.73,52.2,17.44,Male,high,103,12101,576.0,8.1,1.97,None,172,133,62,0.79,19.8,3,1
64,1.99,114.6,28.94,Female,moderate,78,11572,775.3,5.3,1.12,Cardio,136,110,79,0.54,26.3,5,3
63,1.79,110.4,34.46,Female,low,105,3546,369.3,4.2,2.6,None,131,80,81,1.23,11.1,6,2
57,1.82,104.4,31.52,Male,high,152,5530,251.1,4.7,3.22,Yoga,120,140,67,1.61,13.8,1,2
29,1.68,97.1,34.4,Male,low,65,9768,679.5,8.3,1.81,None,175,106,84,1.94,21.1,6,3
30,1.87,83.7,23.94,Female,moderate,138,4205,411.1,6.1,3.01,None,142,127,84,1.77,33.6,2,2
60,1.75,112.3,36.67,Female,low,107,12602,644.2,5.1,1.32,Strength,126,143,74,1.84,26.1,5,1
34,1.51,104.4,45.79,Female,high,124,10750,254.2,8.9,2.81,None,197,157,66,0.86,18.9,4,2
34,1.8,106.2,32.78,Male,high,118,9507,869.0,5.1,1.2,None,160,76,56,0.73,21.4,1,3
53,1.92,68.2,18.5,Female,low,91,1477,560.6,8.0,1.65,Strength,172,117,55,0.87,31.1,2,1
38,1.62,76.8,29.26,Female,high,70,5498,206.7,9.0,1.9,Yoga,126,114,68,0.71,23.6,3,2
25,1.61,98.0,37.81,Male,low,141,4774,533.3,4.7,1.39,Strength,197,142,80,1.7,11.2,5,3
22,1.8,72.8,22.47,Female,moderate,77,2933,752.8,7.4,1.46,Yoga,185,78,74,1.85,20.4,3,2
43,1.91,82.0,22.48,Female,moderate,73,12504,805.7,8.2,2.75,Yoga,193,149,62,0.96,19.7,1,3
33,1.62,93.5,35.63,Female,low,149,7124,522.9,8.6,1.24,Yoga,172,120,70,1.82,32.5,5,2
53,1.97,77.8,20.05,Female,moderate,68,6449,288.2,5.5,3.33,None,124,94,59,0.58,17.6,4,2
45,1.96,104.5,27.2,Male,high,120,14791,834.3,4.4,2.92,Strength,155,88,56,1.52,11.6,3,1
46,1.6,53.7,20.98,Female,high,178,7133,886.8,4.2,1.89,Strength,163,88,69,1.29,18.9,4,1
64,1.63,98.9,37.22,Female,moderate,61,11637,244.2,5.8,2.57,Strength,130,123,81,0.92,11.1,4,2
29,1.85,55.9,16.33,Female,low,88,14607,254.6,4.8,2.8,Strength,183,77,58,1.65,30.8,4,3
54,1.98,115.3,29.41,Female,moderate,76,2552,595.9,5.8,2.49,Cardio,140,153,58,0.82,24.8,5,3
47,1.85,68.6,20.04,Female,low,152,8609,573.7,8.5,2.55,None,123,95,64,1.12,21.7,1,2
40,1.72,104.7,35.39,Female,moderate,172,9445,612.1,5.2,3.29,Cardio,154,135,75,1.56,19.0,5,2
33,1.58,84.1,33.69,Male,moderate,118,5262,422.0,6.9,3.2,None,154,76,72,1.01,20.4,2,1
31,1.73,51.8,17.31,Male,low,84,1589,235.2,8.9,3.28,Strength,154,95,61,1.78,29.7,1,2
27,1.8,88.7,27.38,Male,moderate,89,11881,606.2,5.9,3.21,Cardio,158,84,59,1.8,14.5,6,2
24,1.67,113.4,40.66,Female,high,176,5652,306.0,5.1,2.71,Yoga,152,93,58,0.8,11.8,5,3
62,1.76,56.8,18.34,Female,high,67,3428,438.9,8.7,2.23,Strength,196,127,78,1.16,24.0,2,1
54,1.57,69.1,28.03,Female,high,112,8546,607.7,6.9,2.22,Strength,187,150,69,1.15,31.5,5,1
46,1.73,77.9,26.03,Male,moderate,93,7924,345.9,4.3,2.93,Yoga,163,123,72,1.12,24.1,6,2
20,1.55,65.6,27.3,Female,moderate,70,13727,579.7,4.6,3.31,Strength,170,154,71,1.25,29.9,2,1
32,1.52,115.8,50.12,Male,moderate,155,11644,700.3,6.9,1.22,None,157,82,60,0.61,32.3,4,3
53,1.93,73.3,19.68,Female,moderate,119,9986,246.0,6.4,3.19,Strength,161,131,80,1.81,11.9,5,2
64,1.6,94.4,36.87,Female,moderate,156,11525,633.6,6.2,3.12,None,164,98,80,0.93,24.7,3,2
63,1.79,61.8,19.29,Male,low,107,2694,556.6,6.7,1.22,None,149,121,78,0.5,30.8,1,3
36,1.57,61.5,24.95,Male,high,87,6143,268.2,5.8,2.64,Strength,154,156,77,1.53,26.1,3,1
30,1.63,58.2,21.91,Male,low,114,4822,694.4,8.2,3.43,Yoga,147,95,79,1.48,24.8,2,1
59,1.68,77.6,27.49,Male,high,98,7322,417.6,8.7,3.13,None,160,82,55,1.97,29.7,3,3
38,1.57,85.0,34.48,Male,low,121,5955,327.6,5.6,1.16,Cardio,164,93,57,1.58,27.7,4,3
54,1.52,45.8,19.82,Male,low,122,9521,397.7,7.4,3.31,None,167,104,63,1.0,22.5,5,3
44,1.94,107.5,28.56,Female,high,116,13397,582.3,5.9,1.43,Yoga,174,100,59,1.93,11.1,6,3
46,1.51,83.5,36.62,Male,moderate,113,2697,606.0,4.8,1.18,Strength,127,94,60,1.05,25.3,6,1
37,1.53,56.8,24.26,Female,high,81,1530,318.8,5.0,1.57,Yoga,145,152,84,1.73,15.3,6,1
42,1.9,50.0,13.85,Female,high,108,11512,855.6,5.2,2.21,Yoga,148,147,81,1.0,16.4,1,3
23,1.64,49.7,18.48,Female,moderate,134,10121,430.3,6.5,3.04,Strength,174,119,67,0.57,27.0,1,3
53,1.86,64.3,18.59,Female,low,157,2421,387.8,5.3,1.67,Cardio,185,138,77,1.6,21.3,4,2
19,1.57,82.4,33.43,Female,moderate,126,11139,330.7,6.6,1.98,Cardio,189,104,57,1.03,27.9,2,2
39,1.62,109.5,41.72,Male,high,135,14834,284.4,4.0,1.35,None,167,127,77,1.01,19.8,3,1
49,1.79,112.7,35.17,Male,low,135,7773,887.5,5.6,1.73,None,199,124,57,1.57,31.8,3,2
33,1.99,107.4,27.12,Male,moderate,91,11149,672.3,6.0,3.26,Cardio,126,136,76,0.98,20.7,4,2
35,1.54,69.6,29.35,Female,moderate,172,7631,750.9,7.1,2.7,Strength,194,116,78,0.68,22.3,6,2
22,1.7,68.0,23.53,Male,low,101,12568,481.0,4.2,2.68,Yoga,199,102,77,1.11,13.2,1,1
53,1.52,119.1,51.55,Female,high,128,2845,490.2,8.6,1.62,Strength,125,132,59,1.74,22.6,1,2
47,1.6,96.1,37.54,Female,high,168,5486,890.8,5.6,1.37,Yoga,156,105,66,0.7,16.0,4,3
62,1.95,67.9,17.86,Female,low,69,5241,340.5,6.5,3.22,Yoga,128,133,76,1.33,29.1,3,1
36,1.55,69.7,29.01,Female,low,99,10120,428.9,7.5,3.36,Cardio,122,149,74,0.7,27.9,3,2
40,1.93,77.6,20.83,Male,high,113,13221,336.6,5.8,1.13,Cardio,172,86,72,0.57,10.4,4,1
51,1.59,91.6,36.23,Male,high,67,9714,397.8,7.1,2.33,Strength,127,119,61,1.07,22.3,5,2
30,1.93,112.3,30.15,Male,low,131,12752,664.5,6.5,2.1,Yoga,159,140,74,1.49,11.1,5,1
60,1.77,59.9,19.12,Male,moderate,84,2712,416.2,6.4,2.85,Strength,136,142,76,0.91,24.2,1,3
46,1.94,51.3,13.63,Male,low,137,12219,812.9,4.9,1.75,None,189,106,80,1.17,32.5,4,2
53,1.58,75.4,30.2,Female,moderate,99,5841,234.1,6.0,2.55,Cardio,166,115,66,1.24,31.7,2,2
39,1.88,63.4,17.94,Male,moderate,144,14286,448.3,5.0,1.21,Cardio,130,129,56,1.76,16.1,1,1
64,1.84,88.2,26.05,Female,high,65,12577,802.5,8.0,3.06,Yoga,129,143,70,1.73,13.5,3,3
53,1.77,97.4,31.09,Female,high,161,13854,635.0,4.7,1.6,Cardio,180,79,84,0.5,29.8,1,2
26,1.91,68.3,18.72,Female,moderate,100,13177,739.7,4.2,1.78,Strength,121,137,56,1.12,23.7,1,3
56,1.82,96.4,29.1,Male,low,90,7505,426.6,6.0,1.95,Yoga,148,78,76,1.48,20.6,1,2
36,1.94,70.7,18.79,Female,low,81,6681,458.5,4.1,1.52,Yoga,189,115,62,1.78,30.3,2,3
55,1.69,92.6,32.42,Female,low,158,13814,821.8,5.8,3.02,None,170,86,55,0.57,16.3,4,2
23,1.79,92.5,28.87,Male,high,111,12618,724.7,7.9,1.17,Strength,192,111,68,1.44,15.6,6,1
64,1.94,65.9,17.51,Female,moderate,142,10125,469.0,8.0,3.33,Yoga,185,129,64,1.76,25.3,6,1
32,1.61,92.7,35.76,Female,moderate,163,8359,350.8,5.9,3.33,Cardio,187,119,77,0.88,16.8,4,3
37,1.74,73.6,24.31,Female,low,162,10954,274.4,7.1,3.07,Cardio,176,102,76,0.81,20.7,1,2
26,1.98,70.2,17.91,Male,low,136,13461,803.3,7.1,3.38,Yoga,160,133,84,1.2,21.4,5,2
49,1.74,66.7,22.03,Female,moderate,115,2126,688.4,6.2,2.9,Cardio,183,81,75,1.94,15.1,5,3
21,1.63,70.9,26.69,Female,low,81,12627,625.1,6.7,2.41,Yoga,123,134,67,1.54,11.5,5,2
35,1.68,104.0,36.85,Male,high,166,4454,743.6,7.1,2.8,Yoga,120,127,64,1.14,29.2,1,1
22,1.94,63.4,16.85,Male,moderate,170,5477,840.5,6.2,1.01,Yoga,194,114,67,0.53,29.6,1,2
37,1.98,96.1,24.51,Female,high,78,8978,733.1,8.7,2.71,Cardio,126,126,82,1.34,25.0,4,1
40,1.98,112.5,28.7,Male,high,80,10278,494.5,8.3,1.11,Cardio,127,85,67,1.02,13.7,2,3
28,1.85,71.3,20.83,Male,high,62,13507,323.5,7.5,3.22,Strength,198,124,78,0.78,21.9,3,2
54,1.75,47.2,15.41,Male,moderate,133,8077,699.7,6.8,3.24,None,177,124,55,1.25,14.4,6,3
39,1.59,46.8,18.51,Male,low,168,4799,372.7,7.5,1.29,Cardio,129,122,59,1.01,32.0,4,1
21,1.56,55.5,22.81,Male,high,128,13933,747.8,8.2,2.7,Yoga,185,158,82,0.56,27.4,1,3
46,1.53,53.3,22.77,Male,high,148,10757,437.1,4.6,2.67,Cardio,198,128,70,1.59,10.8,1,3
61,1.51,101.1,44.34,Male,high,169,9568,309.7,4.6,2.25,Cardio,141,80,60,1.6,10.0,5,2
51,1.94,67.1,17.83,Female,high,160,6828,378.3,5.9,1.06,Yoga,171,124,58,1.43,34.6,1,3
30,1.9,93.9,26.01,Male,low,65,8434,386.6,8.7,1.29,Strength,168,156,64,1.76,11.0,6,3
59,1.78,48.2,15.21,Male,moderate,114,9008,465.2,4.7,2.65,Yoga,186,159,65,0.8,31.6,1,2
26,2.0,67.2,16.8,Male,low,88,14708,380.1,6.6,2.32,Strength,123,77,82,0.93,33.9,5,3
59,1.98,62.6,15.97,Female,high,135,2919,357.9,5.1,1.12,Cardio,176,115,80,1.19,17.7,3,1
48,1.83,65.8,19.65,Male,low,60,8355,474.2,4.8,2.29,Yoga,188,102,56,0.59,23.5,1,2
24,1.73,59.3,19.81,Male,high,131,2168,807.7,8.4,3.12,Cardio,195,106,83,1.83,26.2,5,1
21,1.58,91.3,36.57,Female,high,125,11742,249.3,7.5,3.23,Yoga,172,113,78,1.24,23.0,6,2
36,1.76,94.7,30.57,Male,moderate,67,2386,407.4,7.2,2.74,Cardio,174,145,75,0.99,15.3,5,3
59,1.58,56.1,22.47,Female,moderate,102,10910,593.6,6.9,2.66,Cardio,143,137,80,1.22,24.5,2,1
47,1.7,100.6,34.81,Female,high,127,10591,812.1,7.6,2.92,Cardio,131,93,76,0.99,16.5,1,1
48,1.97,63.8,16.44,Male,moderate,121,12911,398.9,7.8,1.33,Yoga,174,75,63,0.93,14.1,3,1
52,1.67,66.2,23.74,Female,high,172,7258,444.1,5.9,1.48,Strength,166,107,68,1.17,22.6,3,3
38,1.58,107.2,42.94,Male,low,136,8898,758.6,6.0,2.21,Cardio,146,107,56,1.22,19.3,4,1
48,1.79,112.6,35.14,Male,high,178,9833,460.8,5.0,2.13,Yoga,137,85,59,1.15,10.7,6,1
36,1.8,106.9,32.99,Female,low,88,2766,796.1,8.3,1.46,Yoga,170,134,66,1.32,33.7,1,3
48,1.6,56.1,21.91,Female,high,164,6938,518.7,4.7,2.7,Cardio,179,102,55,1.68,11.0,5,3
49,1.6,119.9,46.84,Male,moderate,100,11042,598.4,6.7,2.85,Cardio,176,136,73,0.59,32.6,5,3
19,1.99,95.4,24.09,Male,low,95,12242,592.6,4.1,1.68,Strength,186,121,76,1.72,14.7,2,1
27,1.62,83.3,31.74,Female,low,74,7677,283.5,6.5,1.78,Cardio,121,91,78,0.84,13.5,5,1
19,1.92,116.6,31.63,Male,moderate,119,13795,448.5,8.3,1.64,Strength,130,148,66,0.88,11.7,5,1
19,1.74,106.3,35.11,Male,high,131,11890,369.1,8.6,1.7,None,132,146,75,1.4,20.6,6,2
41,1.72,96.9,32.75,Male,moderate,66,8629,678.1,8.2,1.91,Yoga,159,83,66,1.96,24.7,4,1
34,1.65,107.9,39.63,Female,high,175,13303,853.6,7.8,2.1,Strength,125,157,74,0.53,32.6,6,1
49,1.89,73.9,20.69,Male,low,147,2501,348.7,4.8,2.21,Cardio,131,82,59,1.51,29.6,5,2
33,1.94,96.3,25.59,Male,moderate,140,7497,263.9,7.0,2.21,Strength,162,133,74,1.55,14.0,2,2
33,1.63,59.3,22.32,Male,high,116,6365,554.6,4.6,2.54,Cardio,191,143,56,1.36,14.2,2,1
63,1.55,119.1,49.57,Female,low,90,11719,473.6,4.4,1.86,Strength,192,152,68,0.51,10.2,4,2
56,1.57,89.2,36.19,Female,low,151,10333,225.0,4.1,2.26,Yoga,123,119,71,1.41,27.2,6,1
48,1.9,106.1,29.39,Female,moderate,79,12426,845.1,5.1,2.27,Strength,156,107,78,0.67,10.4,3,3
60,1.72,75.6,25.55,Male,low,76,4427,858.1,7.7,1.24,None,155,112,84,0.62,13.5,4,3
41,1.57,101.9,41.34,Female,high,168,2369,795.3,6.4,2.57,Yoga,151,137,69,1.54,25.9,6,3
18,1.67,74.1,26.57,Male,high,71,5299,396.4,4.8,1.7,Strength,176,86,83,1.55,13.8,1,3
28,1.76,89.3,28.83,Female,moderate,135,4444,285.7,5.2,1.12,None,131,141,71,1.83,13.8,4,2
38,1.93,103.4,27.76,Male,moderate,61,14959,614.7,5.3,2.62,None,137,103,56,0.51,15.9,3,1
21,1.82,53.7,16.21,Female,low,109,12606,397.1,8.1,1.12,Strength,180,96,75,1.07,19.6,4,2
24,1.59,71.8,28.4,Male,low,103,7799,341.2,5.4,2.1,Yoga,150,108,62,0.52,10.2,1,3
43,1.58,85.9,34.41,Male,high,150,8134,648.9,5.1,2.55,Strength,159,144,64,1.05,28.7,3,3
64,1.71,70.0,23.94,Female,high,77,4569,725.3,6.1,3.5,Yoga,165,113,57,1.24,29.3,1,1
29,1.54,68.2,28.76,Male,low,115,9888,569.1,8.4,2.29,Yoga,158,90,65,1.29,19.2,3,2
48,1.88,66.1,18.7,Female,moderate,113,7310,424.0,7.7,1.8,Strength,182,105,81,1.03,30.0,6,3
34,1.7,62.1,21.49,Female,low,67,11335,558.8,7.3,2.23,None,174,123,63,1.59,17.1,3,2
50,1.67,108.7,38.98,Male,moderate,151,8398,619.8,8.6,1.49,Yoga,159,118,69,1.12,34.6,6,1
28,1.75,114.3,37.32,Male,low,94,9864,236.3,8.0,2.09,Cardio,148,153,84,1.28,19.9,3,1
45,1.85,97.5,28.49,Female,high,148,6341,510.7,5.7,3.18,Cardio,130,120,76,1.7,26.7,1,2
49,1.78,47.2,14.9,Female,high,73,4580,618.8,4.3,1.34,None,158,75,65,0.76,18.1,1,1
18,1.9,104.0,28.81,Female,low,158,2142,290.6,4.5,2.33,None,163,118,57,0.98,21.3,1,2
64,1.81,84.9,25.91,Male,moderate,159,12855,514.2,5.9,2.55,Strength,139,158,80,1.28,26.1,3,2
45,1.89,101.9,28.53,Female,moderate,93,7565,442.7,5.8,1.78,Yoga,146,158,61,1.65,18.7,1,2
59,1.85,77.8,22.73,Male,high,169,11968,807.5,8.2,2.84,Strength,157,120,82,1.14,26.4,2,3
24,1.6,48.1,18.79,Male,high,77,13140,542.6,8.9,2.66,Cardio,195,146,77,0.61,13.7,6,3
19,1.53,96.1,41.05,Female,high,164,11045,498.4,8.8,2.16,Cardio,130,127,61,1.98,22.1,6,2
59,1.95,78.3,20.59,Female,high,61,14528,370.7,7.3,2.6,Yoga,155,107,58,1.56,16.8,2,1
41,1.97,110.6,28.5,Male,low,81,11734,870.2,6.0,3.1,Yoga,151,119,84,1.58,33.0,4,1
21,1.86,100.4,29.02,Male,low,96,6987,872.8,5.9,2.5,Cardio,181,138,60,1.2,30.6,4,3
61,1.86,72.0,20.81,Male,high,121,5775,456.7,4.1,2.42,Strength,135,77,73,1.32,22.2,5,2
36,1.64,99.3,36.92,Male,moderate,62,2596,850.3,8.3,2.55,Yoga,161,98,68,1.99,21.3,3,3
43,1.77,82.1,26.21,Female,moderate,117,10406,633.0,8.5,2.69,Strength,150,150,58,1.39,30.8,2,2
28,2.0,60.0,15.0,Male,low,170,12116,746.7,5.0,2.01,Yoga,189,105,73,0.83,27.3,5,1
57,1.93,76.5,20.54,Female,high,161,14539,262.9,5.8,3.09,None,132,145,73,1.95,27.1,6,1
60,1.65,61.7,22.66,Female,high,171,9953,214.9,7.1,3.31,Strength,155,114,71,1.31,23.7,3,3
28,1.65,45.4,16.68,Female,high,126,8658,559.9,5.5,2.55,Cardio,194,155,75,0.53,31.6,1,1
62,1.74,63.5,20.97,Male,moderate,120,14869,253.1,5.8,3.22,None,130,124,82,1.36,14.7,3,2
20,1.7,60.7,21.0,Male,moderate,132,11952,824.2,6.3,2.86,Strength,167,148,73,0.61,31.5,1,1
29,1.69,45.3,15.86,Female,high,123,7225,774.1,5.8,2.06,Yoga,139,89,66,1.29,23.0,3,1
20,1.81,103.8,31.68,Female,high,113,1486,700.4,4.5,2.24,Cardio,148,95,71,1.74,25.5,1,3
59,1.51,50.8,22.28,Female,moderate,144,1505,222.0,7.6,2.43,Yoga,138,95,69,1.31,34.1,1,2
44,1.88,78.7,22.27,Female,high,162,14280,520.8,4.8,3.35,Strength,125,134,63,1.06,20.6,3,3
19,1.87,76.3,21.82,Male,low,81,13975,254.7,8.3,2.62,None,175,139,81,1.82,26.7,2,3
33,1.92,58.6,15.9,Female,low,87,10036,850.0,5.6,2.27,Strength,137,95,82,1.89,23.1,5,1
19,1.92,117.5,31.87,Male,high,134,10846,628.8,5.3,1.31,Cardio,195,129,74,1.02,33.3,1,2
47,1.78,90.3,28.5,Male,moderate,136,10227,309.6,7.6,2.67,None,161,143,82,1.25,22.2,5,2
37,1.89,106.0,29.67,Male,low,162,10602,592.4,7.9,2.39,Cardio,179,153,79,1.97,16.4,5,3
55,1.75,82.2,26.84,Male,moderate,76,8183,283.0,5.6,3.35,Yoga,175,100,70,0.77,22.1,1,3
45,1.98,99.2,25.3,Female,moderate,87,5883,302.0,8.5,1.86,None,122,149,72,0.95,32.9,4,1
42,1.6,117.7,45.98,Male,high,91,1098,256.7,7.3,2.99,Strength,199,129,72,1.14,22.5,5,2
49,1.96,71.1,18.51,Female,moderate,127,9403,810.2,4.6,1.71,Yoga,158,159,58,0.65,13.7,1,2
27,1.63,82.8,31.16,Male,moderate,144,13061,582.0,4.7,1.43,Yoga,162,120,58,0.91,23.5,3,1
59,1.55,83.6,34.8,Female,low,166,2211,429.5,5.1,1.03,Strength,147,136,75,1.32,19.7,4,3
57,1.72,119.4,40.36,Female,moderate,120,6671,200.5,7.9,3.24,Yoga,161,144,81,0.84,26.2,2,2
50,1.81,62.5,19.08,Female,high,109,6868,530.4,8.7,2.11,Cardio,128,128,55,1.53,16.0,3,1
30,1.62,95.6,36.43,Female,moderate,143,8396,558.9,7.9,1.7,Strength,137,78,59,1.02,18.1,1,3
58,1.78,55.4,17.49,Female,high,140,13960,435.6,4.1,2.01,Yoga,140,119,66,0.63,22.9,3,1
59,1.9,114.5,31.72,Male,low,89,3073,539.0,4.7,2.78,None,145,159,68,1.65,13.0,2,2
64,1.63,89.3,33.61,Female,moderate,100,2966,270.5,6.7,1.98,Strength,142,128,64,1.35,15.3,3,3
54,1.79,109.5,34.17,Male,moderate,175,5143,845.4,6.9,1.56,Strength,129,155,72,1.74,30.0,6,1
33,1.67,112.1,40.2,Female,moderate,132,3109,380.8,8.2,1.22,Yoga,163,127,75,1.04,33.5,5,1
62,1.76,86.8,28.02,Male,low,174,7031,863.9,5.8,2.55,Strength,132,118,64,0.53,34.2,5,1
39,1.83,96.2,28.73,Male,moderate,144,13060,545.0,8.3,3.43,Strength,172,110,80,0.57,33.4,3,2
37,1.68,97.4,34.51,Male,low,65,7558,799.7,4.8,2.59,Strength,156,108,70,1.69,33.6,5,2
60,2.0,79.5,19.88,Female,moderate,155,6338,604.0,5.0,3.37,Strength,175,126,60,1.12,30.5,4,2
44,1.78,77.6,24.49,Male,low,112,13605,791.1,5.4,3.2,Strength,178,80,57,1.96,28.4,1,1
58,1.91,59.0,16.17,Female,high,157,9155,207.1,5.2,1.39,Strength,131,112,74,1.75,15.8,5,2
33,1.86,73.8,21.33,Female,low,117,4261,330.5,7.9,3.2,Cardio,122,107,69,0.52,21.0,1,1
51,1.93,119.3,32.03,Male,low,179,10817,447.7,5.7,1.0,Yoga,133,149,59,1.8,19.9,2,1
49,1.59,65.2,25.79,Male,high,60,7907,407.3,4.6,2.27,Cardio,154,129,60,0.82,28.3,5,1
43,1.61,102.2,39.43,Female,high,156,5723,862.7,6.6,2.31,Yoga,149,97,79,1.23,21.9,3,3
42,1.74,49.5,16.35,Female,high,90,2553,476.3,4.6,2.82,Strength,190,118,79,1.26,19.0,6,1
19,1.93,80.1,21.5,Female,low,79,6356,880.5,8.1,2.89,Yoga,185,102,76,0.59,30.4,3,2
29,1.6,49.4,19.3,Female,low,131,14188,655.7,5.7,1.58,Cardio,137,138,66,0.69,28.7,2,1
57,1.99,80.7,20.38,Female,high,169,8934,784.9,6.5,3.21,Yoga,145,122,55,1.13,19.2,2,2
26,1.56,47.1,19.35,Female,moderate,97,9669,475.7,8.4,1.45,Strength,165,133,76,1.46,20.5,6,3
29,1.59,91.0,36.0,Male,low,115,7022,333.1,6.0,3.4,Strength,131,157,64,0.9,32.3,1,3
43,1.58,89.0,35.65,Female,low,105,13296,235.3,4.5,3.46,Strength,177,133,57,1.29,28.3,5,1
26,1.79,104.8,32.71,Female,low,154,2994,659.5,8.3,2.74,Cardio,176,117,75,1.07,27.2,6,2
27,1.96,88.7,23.09,Male,moderate,69,12508,880.3,4.7,2.62,None,151,117,59,1.45,27.8,3,3
49,1.63,114.4,43.06,Male,moderate,97,7364,282.8,7.8,3.45,Strength,183,151,80,1.14,12.6,5,3
51,1.78,103.7,32.73,Male,low,153,10662,740.2,6.2,1.61,Strength,193,87,69,1.78,24.1,3,3
37,1.59,54.9,21.72,Female,moderate,149,10656,455.2,7.9,2.61,Yoga,185,146,58,1.98,17.3,4,2
56,1.82,64.9,19.59,Male,moderate,134,12578,895.4,4.5,2.02,None,156,117,73,1.87,12.1,1,1
19,1.56,47.0,19.31,Male,low,145,10251,809.0,7.7,1.42,Yoga,133,87,71,0.75,28.3,2,1
18,1.75,74.0,24.16,Female,moderate,73,8906,361.5,7.0,1.32,Cardio,129,109,77,1.19,17.6,6,3
53,1.83,83.2,24.84,Female,high,144,13897,736.0,5.1,2.75,None,184,85,83,1.19,17.8,6,1
41,1.79,115.9,36.17,Female,low,84,14179,714.0,6.2,1.57,Strength,183,95,62,1.76,26.0,4,3
44,1.57,84.2,34.16,Female,low,146,5070,734.4,8.3,2.5,None,160,146,59,1.04,26.7,6,2
19,1.58,103.6,41.5,Male,moderate,119,11091,258.0,6.7,1.59,Strength,140,100,78,1.32,21.9,1,1
48,1.84,65.1,19.23,Female,moderate,157,9204,766.6,4.7,2.13,Cardio,188,124,58,1.41,23.9,3,2
31,1.9,56.5,15.65,Male,low,119,13562,383.0,7.8,2.86,Yoga,128,123,78,0.67,31.2,6,1
19,1.95,105.8,27.82,Female,high,77,12401,613.3,4.6,2.32,Cardio,128,148,73,1.34,12.7,5,2
46,1.91,63.6,17.43,Male,high,78,11442,280.8,5.8,3.18,Cardio,137,87,78,0.87,11.6,2,2
32,1.99,110.4,27.88,Female,moderate,133,6021,590.7,4.5,2.32,Strength,188,113,76,0.81,26.4,5,1
29,1.7,57.7,19.97,Female,high,84,10251,834.5,6.0,1.49,Yoga,181,129,63,0.88,25.1,5,3
54,1.67,108.9,39.05,Female,high,113,7403,324.0,8.3,3.24,Cardio,135,81,67,0.65,14.6,4,3
45,1.51,103.0,45.17,Male,high,82,10629,798.5,7.9,2.04,None,123,117,75,0.6,23.0,2,2
37,1.72,90.8,30.69,Male,low,139,14500,504.8,8.5,3.17,Cardio,140,116,71,1.47,28.6,6,2
56,1.83,108.8,32.49,Male,high,92,7303,425.6,6.7,1.58,Strength,163,132,62,1.91,28.3,5,3
41,1.91,69.8,19.13,Female,high,110,1073,240.0,7.3,2.59,None,197,86,81,1.53,24.9,1,1
38,1.63,57.5,21.64,Male,moderate,90,2770,570.0,7.2,1.41,None,195,87,73,0.97,13.3,3,1
27,1.76,56.8,18.34,Female,high,162,9157,340.0,4.2,1.2,Yoga,146,86,65,1.0,17.6,4,2
63,1.83,65.3,19.5,Female,low,138,1300,858.1,7.0,3.5,None,153,150,75,1.31,20.1,6,1
31,1.78,78.5,24.78,Female,high,136,7430,366.7,6.4,1.03,None,123,112,68,1.8,29.7,4,2
54,1.64,110.7,41.16,Male,low,153,13983,610.7,5.8,2.48,Strength,170,77,72,0.8,23.6,2,1
35,1.9,51.7,14.32,Female,moderate,151,10962,591.0,4.8,1.03,Yoga,121,146,77,1.2,28.3,3,2
41,1.59,113.6,44.93,Male,moderate,65,4304,435.8,4.6,2.38,Cardio,151,136,59,1.25,33.1,4,1
31,1.95,114.4,30.09,Female,high,86,1086,796.4,6.5,1.25,None,121,105,82,1.9,25.6,4,2
51,1.98,99.5,25.38,Female,low,164,10591,328.3,4.8,2.97,Cardio,177,151,77,1.3,15.9,1,3
29,1.68,112.5,39.86,Female,high,72,2021,771.9,7.7,1.73,Cardio,141,146,66,1.67,13.5,4,3
39,1.69,102.7,35.96,Male,low,139,6194,345.2,7.9,1.86,Cardio,138,111,70,0.63,10.0,4,3
23,1.87,84.6,24.19,Male,high,65,4084,227.4,5.4,1.63,Yoga,139,98,70,0.99,14.4,3,3
53,1.73,90.1,30.1,Female,moderate,110,9244,860.7,7.1,1.28,Cardio,137,142,68,1.42,16.7,2,2
62,1.51,92.1,40.39,Male,moderate,106,8279,646.1,4.3,2.25,Strength,169,138,61,1.52,16.7,3,1
53,1.96,54.5,14.19,Male,low,99,7442,641.3,8.5,2.12,Yoga,133,90,75,1.83,26.7,3,2
39,1.72,59.5,20.11,Female,low,166,8019,385.5,7.1,2.35,Yoga,139,92,75,1.39,13.8,4,2
31,1.6,84.3,32.93,Female,high,132,10110,297.4,5.8,2.56,Yoga,164,142,63,0.93,20.9,4,2
33,1.78,53.6,16.92,Male,high,125,13000,694.2,6.8,1.22,Yoga,166,114,57,1.31,10.1,3,1
53,1.61,117.4,45.29,Female,high,122,14273,563.1,5.7,2.03,None,176,132,68,1.57,16.5,6,2
42,1.6,83.0,32.42,Female,low,125,1146,422.5,4.4,2.48,None,150,119,78,1.68,11.0,2,3
49,1.77,73.5,23.46,Male,low,96,10638,421.8,5.3,1.81,Cardio,171,127,55,1.92,27.7,5,3
50,1.7,56.8,19.65,Male,moderate,118,2428,822.5,4.1,1.48,None,198,101,68,0.79,18.9,1,2
62,1.79,76.2,23.78,Female,moderate,97,1137,822.8,7.9,2.52,Yoga,165,110,74,1.49,22.0,5,3
53,2.0,67.7,16.92,Male,high,82,14807,392.2,8.8,2.8,Cardio,126,142,82,0.8,29.0,1,3
37,1.93,51.6,13.85,Male,high,130,9250,755.9,5.5,2.88,Strength,168,87,72,0.98,31.6,1,1
35,1.5,117.5,52.22,Female,high,128,3908,358.7,7.6,1.81,None,142,125,57,0.71,22.9,2,2
55,1.53,64.9,27.72,Female,moderate,134,13584,765.6,6.6,1.25,Yoga,160,122,81,1.66,26.2,2,2
20,1.81,96.8,29.55,Female,high,120,12389,288.4,4.1,3.29,Cardio,123,134,60,1.87,28.4,1,3
40,1.81,51.8,15.81,Female,moderate,84,2826,730.7,8.9,2.72,None,150,152,58,0.54,17.1,6,2
49,1.94,113.5,30.16,Male,high,62,6409,589.0,8.8,3.37,Yoga,166,144,55,1.72,27.7,1,2
62,1.81,89.3,27.26,Male,low,93,6025,282.3,8.4,1.36,Cardio,137,125,75,0.86,26.3,3,3
33,1.61,94.3,36.38,Female,moderate,92,10444,631.0,5.6,2.64,None,193,88,57,1.23,21.1,1,3
22,1.73,103.6,34.62,Female,high,80,5139,334.7,4.7,1.49,Strength,126,117,83,1.62,18.5,2,2
21,1.9,90.4,25.04,Female,moderate,174,1248,335.9,5.6,3.17,None,157,77,82,1.26,34.3,3,1
38,1.96,50.3,13.09,Female,high,157,12853,513.1,7.7,2.3,Yoga,164,99,72,0.85,34.7,1,3
57,1.62,77.2,29.42,Male,high,113,3181,875.0,6.4,2.33,Yoga,147,108,74,1.86,27.4,3,2
31,1.77,64.7,20.65,Male,moderate,157,8956,824.6,8.6,3.33,Strength,178,144,83,1.39,19.6,4,3
56,1.58,81.5,32.65,Female,high,142,5689,778.5,4.1,1.76,Strength,137,130,74,1.9,28.8,1,2
48,1.75,75.3,24.59,Female,high,123,12388,795.8,8.8,2.55,Cardio,128,139,57,1.77,27.0,1,2
31,1.55,107.0,44.54,Male,low,152,14942,548.1,8.8,1.36,Cardio,135,134,84,1.81,23.6,2,1
23,1.97,63.5,16.36,Male,low,150,12519,462.3,7.9,1.91,Yoga,181,122,84,1.04,13.3,3,3
29,1.82,60.1,18.14,Male,moderate,79,14638,818.8,6.5,1.49,None,159,146,75,1.98,33.7,3,1
33,1.93,116.9,31.38,Male,high,165,12750,256.6,5.8,1.5,Strength,177,155,75,1.78,15.8,1,3
34,2.0,116.2,29.05,Female,high,158,7455,897.3,8.8,2.65,Cardio,185,151,70,1.01,19.8,1,1
62,1.59,119.5,47.27,Male,low,165,2893,587.1,7.4,1.72,Yoga,188,93,78,1.84,18.6,2,3
40,1.85,87.6,25.6,Male,high,90,10880,578.3,7.8,1.63,Yoga,138,109,80,1.63,13.8,6,1
31,1.94,53.5,14.22,Male,high,135,5562,404.4,8.0,3.02,Yoga,197,107,61,1.59,10.6,1,1
24,1.79,111.0,34.64,Female,moderate,159,11355,319.3,8.3,2.18,Strength,146,116,81,0.51,33.2,4,3
63,1.82,55.9,16.88,Female,low,102,4678,676.2,6.5,1.95,Strength,149,128,63,0.53,28.5,2,1
49,1.7,56.7,19.62,Male,low,167,7963,453.2,8.8,3.04,Strength,164,113,77,1.54,10.5,3,1
32,1.84,59.5,17.57,Male,moderate,109,12705,411.7,5.5,2.22,None,197,138,56,0.92,27.2,1,3
61,1.7,94.0,32.53,Female,high,72,5029,313.6,8.0,3.04,Strength,150,112,57,0.59,13.2,4,3
34,1.74,53.0,17.51,Female,moderate,100,7390,574.6,4.6,1.8,Yoga,155,112,76,0.93,28.1,3,2
58,1.55,103.4,43.04,Male,moderate,123,1599,611.8,5.8,3.4,Strength,158,147,55,1.76,22.6,5,3
64,1.5,49.4,21.96,Female,low,92,11975,510.1,6.2,3.31,None,169,126,78,1.21,34.4,2,2
61,1.53,53.3,22.77,Male,high,137,8390,208.4,6.8,3.06,None,157,121,77,1.42,20.8,2,1
51,1.6,77.6,30.31,Female,low,140,3303,544.2,4.4,1.53,Yoga,130,139,60,1.7,28.7,2,3
22,1.73,73.4,24.52,Male,moderate,99,14980,390.4,6.0,2.82,Cardio,193,116,75,0.99,11.0,3,2
62,1.51,119.2,52.28,Male,moderate,139,12955,297.0,5.6,3.04,Strength,135,129,84,0.52,33.4,2,3
44,1.58,117.5,47.07,Female,moderate,134,9929,604.3,6.3,1.91,Strength,170,133,69,0.98,24.1,2,2
40,1.89,59.2,16.57,Male,moderate,96,12075,669.9,7.6,1.35,None,194,140,80,1.94,17.9,3,2
57,1.88,116.0,32.82,Female,high,135,2963,563.1,4.8,1.67,None,158,148,59,1.22,13.2,4,3
31,1.89,96.9,27.13,Female,low,170,13017,630.0,7.4,2.46,Cardio,142,128,67,1.35,26.0,5,1
32,1.96,75.7,19.71,Female,low,135,6544,624.6,5.8,1.63,None,184,125,62,1.64,28.7,5,1
60,1.56,100.5,41.3,Male,moderate,134,4073,287.0,5.5,2.65,None,168,97,78,0.67,12.1,6,2
50,1.58,112.5,45.06,Male,high,147,11094,351.1,6.0,1.98,None,180,147,67,1.6,14.1,1,2
48,1.67,58.5,20.98,Male,low,154,2333,206.6,8.3,1.56,None,173,85,73,0.95,19.6,5,1
52,1.96,59.7,15.54,Female,moderate,112,10941,887.3,4.3,2.53,Cardio,132,110,63,1.08,31.3,2,3
34,1.89,75.7,21.19,Male,low,154,2167,347.9,6.9,1.18,Strength,191,130,57,0.9,34.6,3,3
45,1.66,57.7,20.94,Male,high,149,12301,770.3,7.7,2.56,Strength,143,116,83,0.73,28.6,1,1
36,1.54,72.0,30.36,Male,high,95,7917,746.9,7.1,3.44,Strength,168,87,80,1.04,10.1,3,1
63,1.81,93.4,28.51,Male,moderate,176,8037,693.5,6.7,2.78,Strength,156,157,68,0.64,32.6,2,1
40,1.63,106.0,39.9,Female,moderate,168,4408,514.8,7.1,1.82,Strength,145,126,78,1.77,10.7,6,2
49,1.77,67.6,21.58,Male,low,111,3320,608.7,5.8,3.25,Yoga,161,104,61,0.96,32.4,5,1
57,1.97,66.1,17.03,Female,moderate,146,12955,330.4,6.1,2.32,Yoga,122,156,67,1.48,20.3,2,1
30,1.79,103.5,32.3,Female,low,177,12866,274.3,5.9,2.32,None,180,86,63,0.95,28.5,3,1
37,1.96,73.6,19.16,Female,low,139,11373,446.2,6.9,1.95,Yoga,162,150,65,0.82,12.2,1,1
52,1.7,106.4,36.82,Female,high,67,8171,777.9,8.4,1.13,Strength,192,95,63,1.57,14.1,5,3
22,1.82,119.5,36.08,Male,low,149,14123,594.8,6.4,1.67,None,184,86,65,1.44,21.3,5,3
26,1.95,118.5,31.16,Male,high,154,5822,734.7,6.0,3.05,Strength,137,136,68,0.83,11.0,2,1
46,1.79,94.7,29.56,Male,low,143,3005,823.2,7.4,1.65,Strength,186,113,69,1.42,19.7,5,2
23,1.81,73.1,22.31,Female,high,155,14692,592.4,5.0,2.03,None,133,118,71,0.51,28.8,2,2
42,1.86,49.9,14.42,Male,moderate,82,7068,457.1,8.5,2.58,Strength,183,78,55,0.77,26.4,4,3
48,1.94,100.4,26.68,Female,high,155,5402,799.0,7.8,1.71,Yoga,151,105,57,1.59,18.8,6,2
39,1.54,118.3,49.88,Male,moderate,88,1855,360.7,5.7,3.03,None,187,98,77,1.12,10.2,2,2
19,1.67,50.1,17.96,Male,moderate,71,6956,217.3,5.0,3.25,Cardio,179,116,57,0.81,16.7,6,3
62,1.7,45.5,15.74,Male,high,160,5771,235.5,7.2,1.15,Cardio,140,123,57,1.26,29.4,5,1
22,1.95,107.4,28.24,Female,high,140,5482,607.6,8.8,2.44,Cardio,146,156,58,1.2,18.5,4,1
44,1.98,52.7,13.44,Male,moderate,153,8991,824.6,8.4,1.87,Strength,124,94,78,1.45,19.4,6,3
42,1.56,51.1,21.0,Female,high,126,10700,595.0,4.4,2.39,Strength,186,82,84,0.61,11.9,5,1
25,1.56,113.3,46.56,Female,low,60,7380,486.4,5.4,2.37,Strength,160,107,71,1.73,25.0,6,1
18,1.97,51.0,13.14,Female,low,75,10099,603.9,7.4,1.02,Strength,121,142,74,0.59,25.5,3,3
37,1.65,53.6,19.69,Male,high,126,4130,669.8,6.7,2.62,None,162,112,58,1.18,20.8,6,3
61,1.62,87.7,33.42,Male,low,172,8612,730.9,5.0,1.54,Cardio,120,110,67,1.57,29.0,3,3
40,1.52,101.8,44.06,Female,low,127,12663,443.1,8.3,2.4,Yoga,142,122,78,1.02,31.9,4,2
49,1.64,75.0,27.89,Female,moderate,112,14511,470.8,8.8,3.24,None,182,82,61,1.87,28.8,1,3
28,1.85,76.5,22.35,Female,low,94,4393,216.5,5.9,1.48,Cardio,167,147,58,1.63,23.6,3,3
56,1.71,92.4,31.6,Female,high,124,9696,654.7,7.0,1.68,Cardio,144,156,82,1.14,33.4,5,3
64,1.76,82.9,26.76,Female,moderate,129,13478,743.7,5.8,1.16,None,186,134,62,0.78,19.6,1,3
41,1.96,46.4,12.08,Male,moderate,166,8895,557.6,5.0,2.23,None,196,98,65,0.57,26.4,3,1
28,1.56,53.5,21.98,Male,moderate,163,9121,463.6,8.5,3.18,None,166,91,73,1.7,24.4,3,3
46,1.54,88.6,37.36,Male,moderate,153,4960,433.2,6.1,2.36,Yoga,175,139,80,0.79,31.0,2,3
43,1.93,104.5,28.05,Female,moderate,129,7067,651.5,4.1,1.88,Cardio,178,113,84,0.9,22.5,5,2
33,1.89,102.2,28.61,Female,moderate,160,14303,431.5,5.6,3.26,Yoga,135,153,61,0.52,23.8,5,2
52,1.63,100.5,37.83,Male,high,160,1545,619.4,6.0,2.33,Yoga,166,129,63,0.53,21.3,3,1
37,1.66,102.8,37.31,Male,low,109,4114,848.9,4.8,3.43,Yoga,173,151,76,0.85,13.5,6,3
63,1.66,48.3,17.53,Female,low,84,14411,431.4,7.7,2.88,Yoga,166,135,58,1.81,32.2,1,3
20,1.82,112.1,33.84,Female,low,165,6243,247.8,4.9,3.28,Yoga,171,105,58,1.67,31.5,2,3
18,1.53,111.7,47.72,Female,moderate,169,1845,811.8,8.3,2.62,None,137,102,55,1.65,27.6,2,2
64,1.74,84.9,28.04,Male,high,146,3454,391.5,7.0,3.47,Yoga,165,106,60,1.74,18.7,6,1
18,1.57,63.6,25.8,Female,moderate,170,11602,892.0,8.0,2.31,Strength,145,81,57,0.78,18.9,1,2
34,1.91,89.4,24.51,Female,high,138,5981,788.1,7.4,2.6,None,137,152,57,1.97,10.9,2,3
19,1.69,86.8,30.39,Female,low,86,12067,498.8,7.8,1.34,Cardio,168,88,55,0.85,11.9,2,2
46,1.76,61.7,19.92,Male,low,64,12077,639.7,6.1,3.34,Cardio,184,147,61,0.72,22.8,3,3
37,1.51,90.2,39.56,Female,high,125,8360,394.3,7.0,1.84,None,126,128,63,0.94,11.2,2,3
23,1.53,104.8,44.77,Male,moderate,161,1100,258.9,5.9,2.66,Yoga,149,144,57,1.3,12.5,2,3
25,1.84,105.5,31.16,Female,moderate,121,2131,568.1,7.6,1.9,None,144,125,77,0.69,16.3,1,1
46,1.88,49.5,14.01,Female,low,154,10361,497.3,5.6,3.21,Cardio,144,153,79,1.61,19.3,2,2
50,1.86,59.8,17.29,Male,high,165,6347,878.9,5.7,1.28,Cardio,146,104,69,1.06,22.2,1,3
20,1.87,95.1,27.2,Female,low,99,9895,618.2,8.1,3.25,None,154,104,84,1.35,18.1,6,3
52,1.55,109.5,45.58,Male,high,173,7746,723.0,4.9,2.56,Strength,149,90,57,1.6,33.5,3,1
22,1.85,84.1,24.57,Female,high,153,5123,294.7,6.0,3.39,Strength,133,97,79,1.85,33.8,1,1
44,1.59,98.1,38.8,Male,moderate,112,10294,706.6,6.9,2.26,Strength,154,105,65,1.73,11.4,2,3
61,1.55,46.6,19.4,Female,low,168,3950,239.4,4.7,2.23,Cardio,153,86,72,1.31,34.6,6,3
29,1.88,90.6,25.63,Male,low,98,6760,629.1,7.1,1.9,Strength,134,159,57,1.99,14.3,1,3
37,1.94,117.1,31.11,Male,high,142,3465,787.0,5.9,1.82,Strength,126,77,81,1.29,18.3,3,3
62,1.86,94.6,27.34,Female,moderate,63,13483,538.1,5.1,1.31,None,132,141,74,1.3,30.9,6,1
37,1.9,114.2,31.63,Male,low,150,7047,350.6,4.3,1.82,Yoga,159,112,84,0.74,27.2,1,2
26,2.0,87.5,21.88,Female,low,68,10002,510.6,6.8,2.52,Yoga,179,159,61,0.72,11.5,5,1
56,1.57,108.3,43.94,Male,low,152,12245,788.8,8.9,1.21,None,153,90,81,0.75,29.4,6,1
21,1.98,54.3,13.85,Female,low,130,1531,700.1,7.9,1.46,Yoga,132,156,63,1.39,26.6,2,2
36,1.8,54.3,16.76,Female,high,101,1776,623.8,6.0,3.15,Strength,123,78,83,1.12,33.8,3,3
55,1.91,54.0,14.8,Female,low,175,4397,685.7,4.9,1.23,Cardio,132,94,71,1.08,32.8,6,3
44,1.83,81.7,24.4,Female,low,64,3419,783.9,7.8,1.6,Strength,167,119,82,0.69,34.4,3,2
62,1.79,69.8,21.78,Male,high,90,2394,306.3,8.3,1.01,None,132,87,63,1.07,21.4,4,1
60,1.85,98.9,28.9,Female,moderate,162,9360,789.3,5.7,2.8,Yoga,152,76,64,1.07,27.7,5,3
30,1.66,112.7,40.9,Female,low,157,9468,764.6,4.3,3.13,None,142,105,67,1.43,34.0,2,2
30,1.96,91.5,23.82,Female,low,121,7247,534.2,7.1,3.2,None,186,102,59,1.08,10.1,6,2
39,1.56,61.0,25.07,Female,high,100,14120,482.0,4.5,3.25,Strength,151,147,68,1.13,29.7,3,2
45,1.66,114.8,41.66,Female,moderate,143,14995,852.8,4.9,2.01,Yoga,174,133,58,0.91,11.3,6,3
64,1.52,84.6,36.62,Male,low,88,10379,773.6,4.0,2.4,Cardio,122,85,68,0.7,35.0,6,2
62,1.64,99.0,36.81,Female,moderate,135,11087,892.1,5.3,2.69,Strength,131,109,83,0.95,10.3,6,1
39,1.61,111.8,43.13,Male,low,87,4055,649.2,7.8,3.29,None,175,123,65,0.56,23.9,6,1
60,1.52,119.2,51.59,Male,moderate,163,7161,222.1,8.1,2.99,None,187,118,82,0.81,23.0,6,2
36,1.75,83.0,27.1,Female,high,97,3919,307.7,8.7,2.22,Yoga,152,132,76,0.99,17.6,1,2
25,1.73,105.6,35.28,Female,moderate,87,12528,774.2,8.1,2.27,None,151,125,64,0.72,28.3,2,2
25,1.54,87.5,36.89,Male,high,134,9942,647.3,5.1,1.84,None,136,91,59,1.5,16.4,3,1
59,1.63,81.5,30.67,Male,moderate,68,1468,338.6,6.6,1.03,Strength,171,78,75,0.92,17.3,2,3
43,1.98,85.3,21.76,Male,low,90,3824,208.4,6.9,1.36,Yoga,192,107,66,1.42,14.5,5,1
43,1.56,81.3,33.41,Female,high,147,12638,384.0,4.6,1.83,Strength,124,136,75,1.47,27.9,5,2
40,1.65,76.6,28.14,Male,moderate,161,4659,296.3,6.2,2.51,Cardio,140,155,69,1.17,14.3,3,3
60,1.52,99.3,42.98,Male,moderate,176,1123,813.4,5.5,2.79,None,122,146,78,1.17,32.4,5,3
30,1.57,63.7,25.84,Female,low,72,13516,817.9,7.8,3.23,Strength,186,117,67,1.37,17.2,6,2
45,1.85,91.2,26.65,Male,high,81,13631,789.6,4.4,2.39,Strength,156,158,80,0.89,23.0,6,2
26,1.68,98.5,34.9,Female,moderate,147,14252,266.2,5.4,1.99,Yoga,154,116,62,0.53,21.9,5,1
37,1.73,111.9,37.39,Male,high,143,11937,294.5,4.5,2.73,None,152,125,80,1.47,27.6,4,1
36,1.58,69.9,28.0,Female,high,101,13876,294.9,6.3,1.98,Strength,173,112,58,1.41,15.9,2,1
56,1.84,109.5,32.34,Male,low,135,6538,380.9,4.9,1.27,None,122,117,67,1.21,31.0,2,2
29,1.88,115.9,32.79,Female,low,160,3550,251.0,4.5,1.01,Cardio,167,122,84,1.81,28.4,2,3
32,1.59,93.7,37.06,Female,moderate,152,3558,887.1,7.3,2.77,None,137,116,69,1.26,18.6,2,1
48,1.52,102.9,44.54,Male,moderate,96,13505,798.6,8.2,3.25,None,122,131,63,0.96,13.0,6,2
31,1.54,75.4,31.79,Female,high,95,14629,248.4,5.0,2.7,Strength,124,128,78,1.57,22.6,4,3
28,1.83,116.4,34.76,Male,high,175,9112,300.6,4.6,1.07,Yoga,128,91,82,1.94,34.5,2,2
43,1.57,95.3,38.66,Female,low,163,4633,383.6,7.3,1.55,Yoga,195,125,60,1.61,10.6,5,2
59,1.75,68.3,22.3,Female,high,70,4934,742.5,4.2,3.37,Yoga,135,83,72,1.86,31.1,6,2
44,1.58,75.3,30.16,Female,low,137,12643,699.9,5.2,2.77,Cardio,192,158,63,0.67,27.5,5,1
28,1.59,91.3,36.11,Female,high,153,14716,641.4,5.5,2.84,Cardio,169,82,76,0.68,14.6,5,2
55,1.5,62.6,27.82,Female,high,146,14562,838.5,8.6,3.02,Strength,176,137,78,0.73,21.9,3,2
51,1.66,101.5,36.83,Female,high,75,1150,225.4,5.8,3.28,Yoga,176,130,60,1.55,25.7,5,2
60,1.54,61.9,26.1,Female,moderate,154,1138,312.9,6.7,2.1,Cardio,136,144,75,1.08,27.4,1,1
36,1.7,89.4,30.93,Male,low,80,14175,332.9,7.9,2.08,Yoga,184,83,61,1.22,33.0,4,2
23,1.8,97.3,30.03,Male,low,144,10767,241.8,8.2,1.06,Yoga,176,149,66,0.89,31.8,6,2
63,1.68,109.5,38.8,Female,low,144,11246,632.8,4.5,3.34,Cardio,182,79,58,1.6,18.2,6,1
55,1.85,100.0,29.22,Female,low,162,14814,346.8,7.8,1.33,Yoga,186,146,80,1.77,13.0,1,2
59,1.87,104.9,30.0,Female,high,147,5787,537.8,7.8,2.13,None,124,138,65,0.74,12.6,6,3
45,1.85,113.5,33.16,Male,low,113,6295,679.8,8.4,2.5,Strength,141,126,57,0.79,34.2,5,2
18,1.97,89.8,23.14,Female,low,140,3452,616.8,7.8,3.48,Cardio,120,109,81,1.01,33.9,4,2
52,1.62,108.5,41.34,Male,high,150,1989,403.1,4.6,2.0,Cardio,166,134,82,0.92,30.5,4,1
57,1.59,62.4,24.68,Female,low,140,9567,489.9,5.5,2.67,Yoga,168,113,61,1.3,34.5,2,1
25,1.8,106.1,32.75,Female,low,173,13934,437.9,6.1,3.38,Cardio,123,80,56,1.63,16.9,4,1
64,1.8,61.6,19.01,Female,moderate,161,2556,796.7,4.6,2.43,None,141,95,64,1.69,30.6,5,1
24,1.76,115.1,37.16,Female,low,68,7078,494.0,4.6,2.34,Yoga,174,110,57,0.81,22.6,6,3
28,1.5,69.7,30.98,Female,low,155,11262,243.2,7.9,2.43,None,151,92,71,0.76,30.0,1,2
56,1.78,57.9,18.27,Male,low,171,11160,633.6,4.9,3.04,Strength,185,75,65,1.05,25.3,4,2
21,1.97,56.1,14.46,Female,high,99,6594,338.4,8.5,1.11,Strength,188,91,82,0.72,31.2,2,3
42,1.67,59.0,21.16,Male,low,110,6134,437.0,5.1,2.9,None,190,143,55,0.64,19.9,6,1
29,1.98,78.6,20.05,Male,low,129,12174,429.4,6.5,1.43,Yoga,127,80,56,0.86,34.7,5,2
43,1.68,84.2,29.83,Female,moderate,171,4256,250.7,5.1,2.92,Strength,155,132,67,1.09,15.5,2,3
55,1.57,113.5,46.05,Female,moderate,141,2708,865.7,8.7,3.0,Yoga,131,119,68,1.38,26.8,2,2
63,1.7,73.6,25.47,Female,low,81,6468,582.9,6.7,2.57,Yoga,147,146,71,1.58,30.1,4,3
29,1.75,61.3,20.02,Male,low,168,3743,309.4,6.8,2.1,Strength,121,157,56,0.83,24.6,2,3
60,1.81,100.8,30.77,Male,moderate,160,4868,589.0,8.4,2.83,Strength,197,122,71,1.73,17.3,4,2
54,1.75,55.1,17.99,Male,high,88,13815,516.1,4.7,1.05,None,138,124,73,0.55,24.0,2,1
63,1.77,111.9,35.72,Female,high,83,10565,441.4,4.4,2.62,Yoga,168,130,79,1.17,22.6,3,1
41,1.51,75.7,33.2,Male,low,90,1902,530.7,8.9,1.58,None,156,83,63,1.45,14.8,6,3
33,1.63,91.0,34.25,Male,high,101,3747,668.7,8.6,2.65,Cardio,171,136,78,0.94,29.1,6,1
30,1.66,59.0,21.41,Male,low,114,13251,339.7,5.3,1.34,Cardio,179,105,79,1.53,16.7,5,2
42,1.99,55.9,14.12,Female,moderate,61,7292,576.5,7.0,1.45,Cardio,161,139,66,1.8,30.8,4,3
21,1.65,104.9,38.53,Male,high,131,7529,769.1,7.5,2.13,Cardio,126,135,84,0.63,15.4,4,2
28,1.95,77.2,20.3,Male,moderate,109,5749,355.7,8.6,2.32,Strength,161,84,70,1.27,22.6,5,2
49,1.65,119.0,43.71,Female,low,169,13835,560.9,5.1,2.04,Strength,176,127,58,0.53,27.4,4,1
24,1.55,84.3,35.09,Female,low,129,7385,876.0,7.9,2.53,None,135,138,84,0.92,34.9,5,2
63,1.62,108.4,41.3,Female,moderate,88,1323,760.4,4.9,1.13,Strength,144,138,78,0.71,16.8,1,3
28,1.64,118.5,44.06,Male,moderate,159,6028,615.1,6.8,1.48,Strength,157,124,65,1.44,25.9,3,3
45,1.99,66.1,16.69,Male,high,82,12059,724.4,5.0,1.01,Strength,163,139,75,0.87,13.8,4,2
58,1.84,105.1,31.04,Male,high,99,8402,567.9,5.5,2.42,Cardio,157,151,74,0.92,30.5,6,2
40,1.97,46.7,12.03,Female,moderate,156,13737,890.6,6.7,2.73,None,164,88,83,0.81,31.5,1,3
62,1.92,96.0,26.04,Male,moderate,139,7995,318.4,5.6,2.21,Yoga,149,97,58,0.87,32.2,6,1
40,1.79,100.9,31.49,Female,moderate,95,13805,703.7,9.0,2.15,Yoga,135,102,56,0.84,33.6,6,1
45,1.84,80.8,23.87,Female,low,87,13767,204.2,7.2,2.06,Yoga,123,132,64,1.55,18.9,6,1
60,1.81,57.2,17.46,Male,moderate,83,12302,288.0,8.2,1.84,Cardio,154,114,63,1.93,26.7,6,2
64,1.83,91.3,27.26,Male,moderate,166,4473,705.3,5.0,2.47,Strength,180,138,83,1.24,17.9,3,2
43,1.63,112.3,42.27,Male,high,114,2182,731.5,4.7,1.02,Strength,124,76,79,1.4,30.1,2,3
42,1.7,114.8,39.72,Female,high,108,12709,227.6,5.4,2.49,Yoga,197,117,84,1.73,20.4,6,3
46,1.8,101.0,31.17,Female,high,63,4460,433.7,8.1,2.22,Yoga,160,86,71,1.21,23.9,3,3
36,1.52,64.8,28.05,Male,moderate,107,2996,282.7,5.0,2.56,None,160,109,66,0.95,13.3,6,3
50,1.74,110.3,36.43,Female,moderate,175,10277,823.1,5.2,3.14,Cardio,147,148,58,1.93,31.3,4,1
53,1.93,111.7,29.99,Male,moderate,72,2088,517.7,7.7,3.07,Strength,129,143,63,1.86,22.1,2,2
31,1.75,72.5,23.67,Male,moderate,103,11373,509.8,8.0,3.02,Yoga,171,137,68,0.83,26.0,2,2
31,1.78,58.7,18.53,Male,moderate,151,11420,776.7,6.7,2.03,Yoga,151,115,58,1.55,26.7,1,1
52,1.6,110.6,43.2,Female,moderate,153,13198,686.8,4.7,1.97,None,195,138,84,1.47,16.9,5,3
47,1.9,111.4,30.86,Female,moderate,118,10953,845.6,8.2,1.52,Strength,164,92,56,1.47,29.9,1,3
45,1.68,52.6,18.64,Male,high,81,2231,857.1,6.9,1.08,Strength,135,144,72,1.75,30.8,2,2
34,1.98,117.5,29.97,Male,moderate,154,12276,419.2,8.7,2.26,None,183,85,67,1.51,22.9,3,3
20,2.0,85.0,21.25,Female,high,66,13451,653.9,5.0,3.44,None,154,139,64,1.28,32.6,4,2
33,1.96,119.5,31.11,Male,low,136,9969,579.3,4.7,2.88,Strength,199,97,68,1.77,14.0,6,1
63,1.54,78.4,33.06,Female,high,162,6129,617.1,5.1,2.37,None,136,78,63,0.9,20.4,1,2
47,1.67,85.0,30.48,Male,high,88,9877,637.7,5.0,1.75,Yoga,161,81,65,1.52,11.1,2,1
46,1.97,65.0,16.75,Female,high,179,8706,242.0,8.0,1.3,Strength,141,115,74,1.55,20.0,3,3
62,1.9,112.4,31.14,Male,low,97,10779,826.5,4.5,1.66,Cardio,169,123,55,1.81,34.9,2,2
32,1.96,78.3,20.38,Female,high,151,8438,298.2,8.1,2.34,Strength,140,91,66,2.0,21.6,1,3
63,1.79,106.1,33.11,Male,moderate,76,14602,497.1,7.2,2.56,None,165,149,83,1.34,20.5,5,3
42,1.74,51.0,16.85,Female,high,83,10305,404.5,8.6,1.91,Cardio,176,129,71,1.23,27.2,2,3
55,1.55,104.1,43.33,Female,low,178,1218,587.6,6.3,1.26,Yoga,124,101,71,1.4,11.2,6,2
59,1.92,81.8,22.19,Female,moderate,73,12459,873.0,5.3,1.66,Yoga,171,86,62,1.49,18.8,3,3
64,1.87,45.4,12.98,Female,moderate,66,8534,488.7,8.5,1.64,Yoga,150,121,71,1.57,23.3,2,2
55,1.53,62.0,26.49,Male,high,173,11891,622.2,4.0,2.34,None,152,108,75,0.92,22.1,1,3
40,1.6,59.5,23.24,Female,moderate,124,14462,298.8,8.6,1.26,Strength,166,82,79,1.23,26.1,4,1
42,1.78,101.4,32.0,Female,moderate,172,4625,524.1,7.1,1.72,None,122,97,74,1.06,13.5,6,2
59,1.84,80.8,23.87,Male,high,111,2757,841.0,4.8,1.86,Strength,172,100,81,0.56,20.1,4,1
24,1.57,57.0,23.12,Female,low,64,3487,852.7,5.5,2.32,None,175,108,79,1.41,25.8,6,1
39,1.62,64.3,24.5,Male,moderate,70,9694,582.5,7.0,1.75,Yoga,137,106,75,1.81,17.5,2,2
34,1.6,82.8,32.34,Female,low,106,13239,738.0,4.5,1.37,None,147,80,67,1.88,25.3,4,2
35,1.61,46.5,17.94,Female,low,80,14673,202.3,4.3,1.06,Strength,134,139,79,1.28,34.0,6,2
58,1.96,76.8,19.99,Female,moderate,87,4483,572.1,6.6,1.43,Yoga,169,133,67,1.65,33.3,4,3
27,1.86,95.9,27.72,Female,low,72,4651,712.7,4.2,3.06,Yoga,152,124,69,1.57,28.1,6,3
27,1.87,83.8,23.96,Female,moderate,159,9150,430.9,7.9,1.88,Cardio,147,142,72,0.84,14.4,4,1
24,1.9,89.9,24.9,Female,high,93,3294,830.8,7.5,2.35,Strength,165,82,84,0.59,29.6,1,2
55,1.68,69.5,24.62,Male,moderate,154,3757,745.7,8.6,2.23,Cardio,191,114,67,1.62,21.2,6,1
44,1.88,58.7,16.61,Male,moderate,80,3064,738.8,8.1,1.69,Cardio,120,120,62,0.92,33.8,5,3
50,1.99,105.7,26.69,Female,high,117,11037,214.9,4.3,3.11,Cardio,190,158,61,1.32,25.3,6,1
18,1.85,112.9,32.99,Female,low,66,8904,328.7,5.0,3.35,Yoga,174,152,77,1.29,15.4,6,1
61,1.71,83.3,28.49,Male,moderate,170,2019,699.5,5.0,1.53,Cardio,177,107,73,1.73,17.8,1,2
51,1.86,67.9,19.63,Male,low,89,3374,593.2,6.2,3.02,Strength,197,132,64,1.47,18.0,1,2
21,1.95,83.3,21.91,Female,low,101,7756,604.9,6.7,2.89,Strength,140,77,66,1.77,16.9,5,1
34,1.56,110.9,45.57,Female,high,154,10180,210.4,6.3,3.1,Cardio,175,153,56,1.63,29.3,3,3
21,1.63,96.9,36.47,Female,low,85,7082,509.4,5.1,2.02,Cardio,189,101,81,2.0,18.4,3,1
60,1.96,109.4,28.48,Female,moderate,111,8826,750.5,8.6,2.72,Cardio,136,157,68,1.8,14.9,5,3
43,1.97,69.6,17.93,Female,moderate,146,9311,664.5,4.2,1.48,Cardio,197,139,64,0.82,24.9,6,1
21,1.74,98.4,32.5,Female,low,118,5654,600.7,4.2,3.42,Cardio,126,131,71,1.94,21.6,1,1
18,1.69,94.0,32.91,Male,moderate,104,1029,687.6,7.8,2.81,Cardio,198,109,67,1.01,10.6,5,2
24,1.64,87.9,32.68,Female,high,154,2128,795.7,5.4,1.19,None,191,126,55,1.41,17.0,3,1
47,1.75,84.6,27.62,Female,moderate,92,13965,794.7,7.7,3.19,Yoga,179,125,77,1.91,11.0,5,3
26,1.97,86.3,22.24,Male,low,147,10522,519.2,5.5,3.4,Yoga,167,91,79,0.82,29.2,5,1
52,1.57,108.7,44.1,Male,moderate,133,12551,415.5,6.8,1.83,Yoga,129,151,69,1.79,33.8,6,1
25,1.71,113.7,38.88,Male,moderate,127,7084,456.5,8.3,2.35,Cardio,160,126,55,1.93,22.5,3,3
41,1.96,53.5,13.93,Male,high,158,3385,565.0,4.9,3.48,None,138,122,69,1.78,24.0,4,1
36,1.67,87.7,31.45,Female,low,94,7255,262.6,7.6,2.13,Yoga,181,132,80,1.73,31.1,5,1
53,1.88,113.9,32.23,Male,high,133,5785,613.7,8.1,2.66,Strength,185,150,74,0.9,10.5,2,1
60,1.69,55.1,19.29,Male,low,179,4857,517.3,8.9,2.13,Yoga,127,100,69,1.11,14.1,6,1
44,1.9,76.0,21.05,Female,low,106,5416,731.3,5.0,1.19,Yoga,149,101,68,1.64,26.4,3,3
49,1.99,51.7,13.06,Male,moderate,136,7796,391.8,6.5,2.27,Yoga,155,98,67,0.68,28.5,3,3
31,1.69,53.5,18.73,Male,low,170,5583,246.4,5.5,3.07,Yoga,169,155,56,1.83,25.7,6,3
35,1.92,112.8,30.6,Female,low,86,2227,826.2,6.2,1.1,Strength,121,85,84,0.82,33.5,2,3
45,1.99,78.5,19.82,Female,high,169,9680,247.7,4.3,2.1,Cardio,124,82,62,1.35,19.8,3,1
46,1.99,96.7,24.42,Female,moderate,142,12865,849.1,8.5,3.06,Strength,165,122,63,0.66,23.9,1,3
33,1.72,55.4,18.73,Female,high,157,4747,548.2,5.6,1.88,Strength,196,106,73,0.78,33.9,3,1
52,1.74,46.6,15.39,Female,moderate,179,9531,239.4,8.9,3.44,Cardio,159,103,73,1.38,32.5,2,2
64,1.65,111.8,41.07,Female,high,98,13238,288.1,6.2,1.96,Strength,176,79,77,1.45,10.8,3,1
48,1.66,88.1,31.97,Female,high,167,14052,573.1,5.8,2.96,Strength,130,123,63,0.9,18.8,4,1
21,1.75,46.5,15.18,Male,moderate,151,2391,211.1,6.5,1.61,Yoga,191,87,77,0.68,28.5,3,3
54,1.6,119.4,46.64,Male,moderate,155,13089,840.6,4.7,1.83,Yoga,157,116,82,1.32,10.0,1,3
34,1.86,81.9,23.67,Female,moderate,87,1569,757.4,8.2,2.8,Cardio,136,84,84,1.76,31.6,6,3
56,1.77,80.7,25.76,Male,high,79,3560,553.2,8.0,1.14,Yoga,194,100,83,0.8,22.6,1,2
63,1.95,91.6,24.09,Female,low,81,3508,848.4,8.1,1.23,Cardio,145,100,61,1.54,12.2,3,1
43,1.91,45.6,12.5,Male,low,85,3520,381.8,6.1,1.67,Cardio,158,159,68,1.08,21.1,5,2
56,1.66,87.7,31.83,Female,high,115,1906,797.4,5.8,1.63,None,186,97,56,1.91,22.3,4,1
58,1.75,92.2,30.11,Male,high,83,3480,763.6,8.8,1.17,Cardio,144,118,66,0.62,19.2,3,1
21,1.88,67.3,19.04,Female,moderate,61,2946,607.3,6.8,3.43,Strength,149,150,65,0.56,21.4,4,2
47,1.6,99.5,38.87,Male,moderate,126,9049,423.2,8.4,1.73,Cardio,165,113,71,0.69,32.3,1,2
47,1.52,73.3,31.73,Female,moderate,75,13496,590.8,5.3,2.81,None,160,117,56,1.67,18.1,5,1
39,1.93,98.8,26.52,Male,high,99,8765,870.1,6.7,1.98,Strength,169,126,82,1.88,34.0,3,2
28,1.57,55.8,22.64,Male,moderate,86,13444,259.2,7.4,3.48,None,163,132,76,1.73,27.2,4,3
19,1.94,113.5,30.16,Female,low,139,2269,340.7,4.5,1.35,Yoga,129,150,82,1.58,32.4,2,1
61,1.96,111.0,28.89,Male,moderate,132,11990,650.7,8.4,1.94,Strength,192,106,66,0.59,15.2,6,3
29,1.73,56.3,18.81,Male,moderate,91,3021,674.9,6.2,2.08,Cardio,121,92,84,0.82,22.3,3,2
47,1.9,115.4,31.97,Male,moderate,78,14222,315.1,8.0,2.79,None,140,116,80,1.9,24.1,2,3
53,1.68,86.8,30.75,Male,high,77,3748,764.4,8.0,2.24,Cardio,194,158,69,1.43,12.1,1,2
35,1.93,97.6,26.2,Male,low,144,13715,849.9,7.4,2.88,Yoga,193,76,83,1.2,22.3,5,3
43,1.91,108.0,29.6,Female,moderate,62,8915,255.8,5.9,3.1,Strength,144,134,62,1.48,31.5,5,2
24,1.54,51.3,21.63,Female,moderate,147,14800,882.0,6.8,1.72,Cardio,188,107,62,0.77,11.3,3,1
18,1.79,57.7,18.01,Male,low,120,10460,396.8,8.0,3.01,Yoga,141,120,76,1.84,26.1,5,1
43,1.82,66.8,20.17,Female,moderate,177,12977,416.2,4.5,2.23,Cardio,188,155,72,1.48,34.7,3,1
40,1.5,80.8,35.91,Male,moderate,87,5204,231.4,8.1,1.19,Strength,192,133,68,1.21,23.2,4,1
43,1.99,71.0,17.93,Female,high,80,6535,548.2,5.4,1.74,Yoga,130,131,79,1.19,17.6,4,2
62,1.7,82.9,28.69,Male,high,63,1651,868.3,5.9,3.01,Yoga,163,136,64,1.73,24.6,4,3
23,1.76,58.9,19.01,Male,high,170,2473,312.7,5.4,1.97,None,124,137,58,0.96,23.5,6,1
23,1.6,96.2,37.58,Male,high,124,1047,603.8,8.9,1.23,Strength,125,147,70,0.71,12.6,3,2
61,1.81,49.2,15.02,Male,high,150,12201,392.1,7.6,2.6,Yoga,135,105,70,0.78,15.4,6,2
25,1.91,72.1,19.76,Female,high,77,13415,213.0,9.0,3.13,Strength,165,113,83,0.62,26.7,2,1
41,1.79,58.4,18.23,Female,low,96,14842,891.0,4.5,1.33,Cardio,143,159,75,1.26,24.8,1,1
39,1.89,99.7,27.91,Female,moderate,143,6301,701.3,8.8,2.36,Strength,133,96,71,1.52,18.6,2,2
36,1.87,111.3,31.83,Male,low,89,8666,714.8,5.1,1.52,None,143,91,63,1.9,34.5,2,3
54,1.62,50.9,19.39,Female,low,171,1547,664.1,4.1,1.84,Strength,195,77,65,1.63,26.1,5,2
35,1.72,103.9,35.12,Female,low,157,13013,300.6,5.1,2.03,Strength,142,106,81,1.37,15.8,2,1
48,1.57,112.2,45.52,Male,low,128,13869,344.7,4.9,1.01,Cardio,158,107,81,1.8,21.8,3,1
54,1.52,118.0,51.07,Male,high,111,10998,470.0,7.7,1.89,None,125,138,80,1.84,27.8,5,1
47,1.53,88.5,37.81,Male,moderate,140,13037,896.8,7.4,1.77,Cardio,140,84,67,1.57,26.8,6,3
59,1.97,69.6,17.93,Female,high,123,5085,670.8,5.8,2.67,Yoga,192,79,55,0.58,16.2,5,3
50,1.99,69.1,17.45,Female,high,143,8850,509.7,4.9,3.2,Cardio,165,142,61,0.94,26.2,2,3
27,1.55,73.4,30.55,Male,moderate,97,8041,539.3,5.8,1.26,None,160,112,65,1.0,18.3,3,2
54,1.67,91.0,32.63,Female,high,76,2253,845.5,8.8,2.21,None,178,115,79,2.0,21.4,5,2
29,1.56,81.8,33.61,Male,low,71,12320,337.5,5.5,1.69,Strength,188,158,57,1.2,26.7,4,3
47,1.92,94.0,25.5,Female,low,90,7183,424.6,7.4,3.47,None,161,147,56,1.64,24.5,5,3
44,1.75,47.9,15.64,Male,high,143,13364,459.6,5.7,2.95,Cardio,178,135,68,1.72,27.8,6,1
56,1.81,52.9,16.15,Female,moderate,70,5309,828.3,8.0,1.29,None,154,89,64,1.48,19.5,1,1
26,1.77,118.2,37.73,Female,low,154,5090,743.7,6.9,1.92,Yoga,160,126,78,0.53,28.8,6,2
38,1.86,119.7,34.6,Female,high,83,13645,613.5,7.3,1.28,None,186,82,74,0.53,10.4,2,3
29,1.66,101.0,36.65,Male,low,173,10037,420.3,4.2,2.97,None,184,130,71,1.73,14.7,4,3
46,1.57,64.2,26.05,Male,moderate,85,6245,341.5,7.7,2.22,Cardio,138,104,62,1.61,34.3,2,2
50,1.51,116.5,51.09,Male,low,113,8607,431.5,5.3,2.62,Strength,198,148,69,1.3,12.2,6,3
60,1.72,61.0,20.62,Female,moderate,163,11537,850.6,7.2,2.44,Strength,138,152,76,0.87,26.5,1,1
32,1.95,99.9,26.27,Male,low,74,8419,837.2,6.1,1.46,Cardio,144,108,60,0.63,32.9,6,3
19,1.65,53.6,19.69,Female,low,70,8477,495.4,5.6,1.03,Strength,158,133,74,0.75,31.5,2,2
56,1.6,93.7,36.6,Male,low,87,14197,427.9,5.8,3.18,Yoga,152,130,76,1.37,32.8,4,2
61,1.96,102.0,26.55,Male,high,100,2488,819.2,4.6,1.23,Yoga,199,87,56,1.32,34.6,1,3
35,1.55,109.5,45.58,Female,high,121,1979,512.4,4.7,2.98,Strength,159,125,76,1.91,18.9,4,2
20,1.53,100.1,42.76,Female,high,94,10218,227.1,4.6,1.48,Cardio,131,133,69,1.94,18.3,1,1
24,1.94,114.3,30.37,Male,low,102,9809,442.0,7.4,3.13,Cardio,149,136,70,1.36,13.0,1,1
60,1.85,84.1,24.57,Male,moderate,100,8224,625.1,5.4,2.48,Strength,189,103,56,1.76,15.0,5,1
35,1.71,95.8,32.76,Female,moderate,161,2562,861.2,8.8,2.0,None,161,136,76,1.72,26.3,6,3
61,1.88,72.7,20.57,Female,high,135,13484,497.2,8.1,2.65,Strength,133,81,68,1.63,18.3,4,2
55,1.87,45.8,13.1,Male,high,115,4764,368.1,5.7,1.68,Yoga,124,118,79,1.16,18.5,1,1
54,1.52,101.8,44.06,Female,low,178,14434,469.1,6.6,2.05,Yoga,155,80,77,1.08,26.1,1,2
50,1.84,110.2,32.55,Male,low,92,10754,239.9,7.9,3.06,None,178,136,82,0.9,12.6,3,2
61,1.82,58.0,17.51,Male,moderate,113,4703,829.2,4.7,1.02,Yoga,176,142,84,1.91,11.4,6,2
48,1.98,47.1,12.01,Male,high,75,7533,223.4,4.9,1.58,Cardio,179,152,84,1.75,30.1,4,1
28,1.98,57.3,14.62,Female,low,136,4905,200.7,5.9,2.85,None,197,144,82,0.77,29.7,3,2
21,1.69,112.1,39.25,Male,low,110,1167,629.9,6.6,2.8,None,182,91,74,0.88,19.6,1,1
35,1.79,67.2,20.97,Male,low,80,6116,307.8,4.6,1.41,None,168,123,55,1.37,24.8,3,1
21,1.57,62.5,25.36,Female,high,171,1841,407.3,6.3,3.46,Cardio,184,98,63,1.12,16.0,2,1
51,1.53,46.1,19.69,Female,low,77,3773,543.7,5.0,2.69,Yoga,171,151,71,0.82,19.2,6,3
46,1.72,67.3,22.75,Female,moderate,73,10906,754.5,8.4,1.93,Strength,128,86,75,1.69,10.9,4,2
41,1.84,98.7,29.15,Male,high,78,10763,471.3,8.7,1.88,Yoga,135,131,68,0.5,16.8,4,3
39,1.78,116.9,36.9,Female,moderate,131,9477,870.0,7.7,2.31,Strength,154,103,77,1.01,10.4,2,3
19,1.71,68.5,23.43,Female,high,153,8893,517.2,4.7,1.09,None,193,136,64,1.89,20.6,6,3
61,1.91,63.1,17.3,Male,low,177,14569,844.0,7.4,2.79,Strength,135,152,67,1.64,23.0,2,3
23,1.9,111.6,30.91,Male,low,71,9033,516.6,6.7,1.17,Yoga,152,101,67,1.1,22.4,3,1
59,1.87,108.9,31.14,Male,moderate,134,12547,561.3,8.2,2.63,Cardio,170,79,80,1.89,18.5,2,1
42,1.54,69.6,29.35,Male,low,128,7083,870.7,5.9,3.0,Yoga,180,114,76,1.85,15.2,1,2
38,1.9,50.2,13.91,Female,high,171,6691,672.4,8.9,3.26,Cardio,198,121,73,0.58,21.4,2,2
33,1.96,119.4,31.08,Male,low,151,6042,304.6,8.0,1.37,Cardio,178,83,81,0.69,31.7,3,1
48,1.53,96.1,41.05,Female,low,123,5592,619.0,5.0,2.86,Cardio,191,90,62,1.08,34.6,5,2
31,1.7,114.5,39.62,Male,high,110,11516,357.7,7.3,3.46,Strength,123,87,81,1.89,17.8,4,2
56,1.99,70.6,17.83,Male,low,97,4180,416.8,6.6,1.17,None,121,128,61,1.77,34.4,2,3
45,1.8,93.6,28.89,Female,high,132,4152,786.7,7.7,1.07,None,190,89,79,0.57,20.9,6,3
49,1.76,95.6,30.86,Female,high,93,3344,677.5,5.9,1.53,None,177,99,71,1.27,25.3,5,3
45,1.59,110.5,43.71,Female,low,128,3643,400.8,4.1,1.51,Cardio,181,90,62,1.58,30.1,2,3
26,1.78,119.5,37.72,Male,low,134,10531,203.3,5.9,1.8,Strength,144,118,58,0.91,19.0,1,3
62,1.72,53.1,17.95,Male,low,83,3731,571.8,7.3,3.31,Strength,190,121,61,1.58,15.2,4,1
39,1.56,92.3,37.93,Female,moderate,145,3143,375.1,4.7,2.71,Strength,144,107,77,1.05,16.8,4,3
49,1.73,70.2,23.46,Female,high,112,1554,219.8,8.7,1.03,Yoga,185,158,74,0.91,31.0,5,3
22,1.58,105.9,42.42,Male,high,75,7064,244.3,5.7,2.24,Strength,145,100,78,1.09,33.4,2,1
40,1.87,101.6,29.05,Female,moderate,99,5354,671.3,7.0,3.19,Strength,174,114,83,1.93,13.2,1,3
22,1.99,111.9,28.26,Female,moderate,125,11720,490.0,4.6,2.34,Strength,122,145,82,1.86,27.4,1,2
59,1.73,70.8,23.66,Male,moderate,144,5845,383.7,4.1,1.49,None,165,119,71,1.87,10.9,6,1
49,1.82,58.8,17.75,Female,low,124,5774,815.8,6.6,3.38,Cardio,148,155,59,1.88,31.9,3,2
27,1.72,46.6,15.75,Male,high,149,3037,777.6,6.4,1.77,Yoga,177,117,74,0.77,31.4,3,2
56,1.57,64.2,26.05,Male,high,132,1191,526.3,9.0,1.88,None,130,146,58,1.84,29.4,1,1
32,1.99,72.5,18.31,Male,low,99,11867,392.9,8.1,1.89,Strength,140,97,73,0.82,30.6,1,1
24,1.56,116.0,47.67,Female,moderate,111,2251,555.0,7.5,1.99,Cardio,162,121,55,1.76,25.1,5,3
46,1.56,81.9,33.65,Female,moderate,108,12341,727.0,7.2,2.77,Cardio,123,118,75,1.31,13.7,3,1
64,1.73,86.7,28.97,Female,moderate,104,3091,207.5,8.7,1.79,Cardio,188,156,78,0.86,32.9,2,1
20,1.83,111.0,33.15,Female,moderate,168,12177,628.8,8.5,2.16,Cardio,189,116,64,1.1,13.5,2,3
36,1.68,111.4,39.47,Male,moderate,173,4867,697.1,4.5,1.66,Strength,141,86,60,1.15,15.6,3,3
27,1.6,84.6,33.05,Male,low,79,4150,771.8,5.6,2.27,Yoga,125,110,66,1.6,20.8,2,1
45,1.91,53.5,14.67,Female,moderate,130,9631,351.6,5.1,3.37,Strength,197,153,71,1.41,22.4,5,3
46,1.68,65.3,23.14,Female,low,90,1817,342.4,7.3,1.72,Cardio,141,156,59,1.73,12.4,6,3
32,1.6,79.3,30.98,Female,high,98,3909,351.0,8.3,3.04,Strength,135,87,76,1.1,29.0,2,3
52,1.68,101.3,35.89,Female,low,68,6530,852.0,8.7,1.55,Cardio,155,155,63,1.62,13.4,5,2
23,1.61,98.4,37.96,Male,low,72,11981,298.7,9.0,1.36,Strength,169,139,63,1.69,26.4,2,3
29,1.76,93.2,30.09,Female,low,128,9016,735.3,8.3,1.23,Yoga,177,101,59,0.59,21.3,4,2
64,1.83,111.0,33.15,Male,moderate,150,1107,890.7,5.7,3.45,Cardio,190,94,73,1.06,30.3,2,1
55,1.9,105.2,29.14,Female,moderate,78,5796,862.4,5.0,2.43,Strength,170,92,76,1.83,17.4,2,2
30,1.61,118.7,45.79,Female,moderate,165,4285,486.9,5.4,2.29,None,197,138,81,1.56,30.9,3,2
46,1.58,111.7,44.74,Female,high,101,10488,787.5,7.5,1.02,Yoga,166,83,78,1.13,16.3,6,2
36,1.51,59.7,26.18,Male,low,74,9156,669.1,7.2,2.21,None,172,148,82,0.77,24.4,2,2
20,1.61,49.3,19.02,Female,high,142,13204,807.9,8.2,2.66,Strength,125,99,65,0.64,22.2,5,2
25,1.51,76.1,33.38,Male,high,152,3595,312.8,5.3,2.02,Yoga,144,75,82,0.84,18.8,5,2
25,1.67,91.3,32.74,Male,low,111,10885,735.5,6.8,1.32,Yoga,122,133,66,0.87,10.3,5,1
37,1.57,93.2,37.81,Female,moderate,87,12103,610.6,8.5,1.67,Yoga,132,110,59,1.06,19.9,5,1
64,1.79,65.1,20.32,Male,low,137,5119,578.1,4.3,2.79,Strength,172,92,62,0.77,13.0,4,1
21,1.69,109.5,38.34,Male,low,109,11497,710.2,5.8,2.19,Yoga,186,121,71,0.72,15.6,6,2
38,1.55,69.7,29.01,Male,moderate,173,9037,391.1,4.4,2.2,Yoga,150,153,62,1.77,27.2,1,3
20,1.7,113.9,39.41,Female,high,137,6807,252.2,7.8,1.1,None,186,107,56,0.87,24.3,3,2
62,1.6,80.4,31.41,Male,moderate,74,13422,551.5,4.3,2.32,Strength,174,96,77,1.34,23.2,3,1
25,1.84,45.8,13.53,Male,moderate,78,5171,411.5,8.7,2.06,Cardio,185,139,72,0.8,24.1,1,2
40,1.68,57.2,20.27,Female,moderate,139,9254,379.5,8.2,3.2,Strength,124,85,73,1.24,13.0,5,1
33,1.57,52.7,21.38,Female,low,94,4027,899.0,4.3,1.95,Strength,128,100,75,0.92,14.1,1,3
30,1.67,48.3,17.32,Male,moderate,95,4893,338.5,8.1,2.52,Yoga,148,144,64,0.63,23.6,6,3
20,1.61,98.6,38.04,Male,high,92,8363,364.9,4.5,3.34,None,154,137,61,1.97,20.2,5,1
26,1.9,59.4,16.45,Male,low,98,2256,433.7,7.5,2.42,None,154,152,63,1.19,21.6,6,1
31,1.99,107.9,27.25,Male,moderate,96,10704,547.9,7.5,1.07,Strength,169,112,66,1.09,32.0,6,2
30,1.51,64.8,28.42,Female,low,108,6097,808.4,8.8,1.25,Cardio,149,123,66,0.8,14.6,3,2
24,1.85,47.4,13.85,Female,low,112,4954,323.5,6.3,3.42,Strength,134,91,59,1.24,32.8,5,2
32,1.63,106.6,40.12,Male,low,143,1933,631.2,7.8,2.38,Cardio,148,131,65,1.45,31.4,4,3
24,1.53,80.0,34.17,Female,low,83,6277,458.0,6.8,1.47,Cardio,144,88,71,0.96,32.5,5,3
55,1.51,90.0,39.47,Male,moderate,98,10731,757.8,8.9,2.42,Strength,194,157,69,1.22,26.0,4,3
51,1.94,70.2,18.65,Female,low,84,7163,621.3,6.5,3.39,Yoga,176,82,65,0.86,31.6,6,2
58,1.68,48.5,17.18,Female,high,93,14784,756.6,8.7,1.11,Yoga,170,130,69,1.29,34.8,4,1
39,2.0,72.8,18.2,Male,moderate,69,3105,798.6,6.0,2.32,Cardio,187,97,70,1.68,21.8,1,1
41,1.72,83.9,28.36,Male,moderate,119,10636,838.5,4.9,1.34,None,177,118,73,0.59,31.5,1,2
54,1.59,45.9,18.16,Male,high,123,9541,897.0,5.9,2.12,Yoga,131,140,75,1.28,32.6,2,2
61,1.89,88.1,24.66,Male,high,147,7754,633.2,6.2,2.64,Yoga,188,77,66,1.1,17.7,1,1
18,1.96,112.0,29.15,Female,moderate,115,4913,646.3,7.3,2.15,Cardio,156,127,57,0.61,21.1,5,1
27,1.91,61.3,16.8,Female,low,76,1524,298.4,7.1,3.41,Cardio,144,87,62,1.91,24.3,2,3
60,1.87,114.5,32.74,Male,low,101,11005,273.6,4.9,2.46,Cardio,187,143,78,0.89,18.7,4,2
33,1.67,52.3,18.75,Female,high,101,9810,541.3,4.6,3.41,Yoga,143,156,65,1.35,18.1,1,3
63,1.53,106.9,45.67,Female,moderate,177,5426,685.6,6.6,1.79,Yoga,155,75,55,1.06,19.5,2,3
25,1.6,108.0,42.19,Male,high,164,13580,373.7,4.3,1.05,None,121,95,78,0.91,20.6,1,1
42,1.72,64.3,21.73,Male,high,106,14438,429.0,7.1,1.39,None,154,157,84,1.29,16.3,5,2
29,1.98,116.8,29.79,Female,moderate,137,14437,690.1,7.1,1.18,Strength,127,130,58,1.53,21.8,3,1
42,1.86,76.2,22.03,Male,low,139,10357,348.2,5.0,2.85,Cardio,192,76,81,1.68,29.5,2,3
34,1.91,55.6,15.24,Male,high,149,14289,565.0,8.7,1.47,Yoga,147,158,60,1.45,25.6,1,2
43,1.64,89.4,33.24,Female,moderate,100,4209,577.0,6.9,2.89,None,179,105,64,1.29,19.5,2,3
63,1.84,119.7,35.36,Female,low,90,12159,841.9,9.0,2.34,Cardio,173,87,69,1.67,13.9,3,3
31,1.93,112.4,30.18,Male,moderate,124,6662,481.6,4.2,1.54,Cardio,163,88,62,1.28,30.6,1,1
58,1.74,65.9,21.77,Female,high,175,9569,347.4,7.8,2.53,Strength,129,150,68,1.96,22.8,2,2
53,1.71,88.3,30.2,Male,moderate,130,8162,321.7,5.3,1.03,Cardio,124,131,56,1.29,34.3,5,2
40,1.86,53.7,15.52,Male,moderate,90,3332,405.2,6.6,1.84,None,166,87,78,0.98,16.3,1,2
60,1.78,79.6,25.12,Female,low,86,10912,395.2,4.5,2.96,Strength,150,88,77,1.17,14.4,5,2
23,2.0,84.2,21.05,Female,moderate,63,9146,725.1,4.8,2.87,Yoga,148,101,74,1.23,10.2,6,3
64,1.71,68.6,23.46,Male,low,179,8653,615.6,5.6,2.98,Strength,122,144,82,0.93,12.1,2,1
22,1.59,81.3,32.16,Male,low,84,10857,677.7,7.9,2.47,Cardio,145,134,75,0.74,19.6,6,2
60,1.74,114.0,37.65,Male,moderate,164,6656,641.2,8.1,2.43,Cardio,121,144,60,1.15,15.0,1,3
42,1.62,82.5,31.44,Female,moderate,89,2685,536.9,4.9,2.02,None,198,89,57,1.85,10.9,6,1
35,1.78,107.3,33.87,Male,moderate,125,1766,849.8,4.7,3.37,Cardio,196,130,56,0.88,15.6,6,1
30,1.56,68.8,28.27,Female,low,106,7528,772.2,8.7,3.37,Yoga,175,136,68,1.04,28.2,1,1
60,1.97,117.9,30.38,Male,high,141,3567,347.6,7.6,1.02,None,133,87,72,1.64,28.4,1,2
31,1.93,52.0,13.96,Female,high,98,8080,496.6,4.7,3.41,Cardio,195,81,69,0.62,13.7,5,3
45,1.58,88.9,35.61,Male,high,175,14542,401.5,4.4,3.18,Yoga,134,95,58,1.74,33.4,3,1
35,1.59,104.2,41.22,Female,low,115,1227,722.0,5.9,2.52,None,164,88,70,1.58,14.0,5,1
45,1.76,106.1,34.25,Male,low,167,3440,441.1,4.6,1.81,Cardio,166,77,77,1.32,12.2,3,1
44,1.89,59.9,16.77,Male,high,147,1436,648.2,7.6,2.05,Yoga,139,137,66,0.81,14.1,5,3
49,1.61,75.1,28.97,Male,moderate,118,10755,404.5,4.9,3.12,Yoga,137,117,71,0.64,13.5,6,3
64,1.53,91.8,39.22,Male,low,152,7022,320.2,6.5,1.37,Strength,198,86,55,0.85,25.8,1,2
26,1.77,68.7,21.93,Female,high,100,1958,206.4,5.8,2.55,None,180,129,74,1.64,13.9,4,2
57,1.85,94.4,27.58,Female,low,139,11445,896.2,7.1,1.58,Strength,195,159,63,1.9,25.9,5,3
49,1.62,73.4,27.97,Female,moderate,90,14165,353.7,8.6,1.95,Yoga,124,133,66,1.61,16.9,1,2
37,1.87,71.3,20.39,Female,moderate,151,13753,782.6,6.1,1.01,Strength,177,94,84,1.29,16.2,3,3
45,1.98,53.1,13.54,Female,low,167,8655,775.5,6.4,3.42,Strength,196,143,82,1.93,32.4,5,2
50,1.57,47.9,19.43,Male,high,166,10576,365.2,8.3,1.27,Strength,179,119,59,1.74,15.4,3,2
21,1.76,107.6,34.74,Female,low,94,2055,490.9,7.2,2.91,None,132,129,71,1.48,31.6,5,3
63,1.53,81.7,34.9,Female,low,173,7912,785.3,4.3,2.4,Cardio,199,133,57,0.56,17.6,1,1
51,1.6,87.2,34.06,Female,moderate,139,6095,682.9,4.1,3.07,Strength,159,149,81,0.93,34.8,1,1
20,1.54,72.9,30.74,Female,moderate,146,4594,458.9,8.7,2.29,Cardio,186,134,60,0.96,34.5,3,2
43,1.7,55.3,19.13,Male,high,137,5831,864.4,5.0,3.46,None,171,135,83,1.02,30.7,3,1
25,1.91,78.7,21.57,Male,moderate,110,11550,439.6,8.6,2.52,Cardio,121,116,57,1.08,31.7,5,1
23,1.79,62.2,19.41,Male,high,92,5337,348.4,6.2,2.54,None,172,118,81,1.91,30.6,2,2
33,1.61,107.8,41.59,Male,high,165,13823,302.7,6.3,3.3,Cardio,186,80,76,1.61,25.7,5,1
41,1.52,119.0,51.51,Female,low,178,5152,690.9,9.0,1.65,None,130,143,60,1.54,30.2,2,3
56,1.78,111.7,35.25,Female,moderate,117,9260,220.3,6.6,1.91,Yoga,130,96,75,1.14,25.7,6,3
47,1.57,84.6,34.32,Male,low,133,3146,792.1,8.9,2.66,None,129,139,80,1.01,31.1,4,1
62,1.67,92.1,33.02,Male,low,134,10044,413.0,7.2,1.35,Cardio,147,158,67,0.68,33.4,1,3
30,1.76,116.1,37.48,Female,low,128,10309,458.9,7.9,3.02,Strength,130,94,75,1.18,28.8,3,3
22,1.95,85.4,22.46,Female,moderate,80,1853,761.3,4.3,2.48,Yoga,126,121,79,0.81,34.1,3,1
42,1.54,92.9,39.17,Male,high,151,7729,769.9,4.1,2.89,Strength,148,122,73,1.09,21.2,6,3
37,1.83,92.2,27.53,Male,high,177,3501,480.0,7.6,3.48,Cardio,184,98,69,0.73,33.1,3,2
35,1.51,98.1,43.02,Male,low,127,7860,587.7,6.5,3.44,Strength,171,146,81,1.02,15.7,4,2
64,1.81,93.0,28.39,Male,moderate,67,11297,675.4,8.0,2.12,Strength,134,113,80,0.56,10.8,6,2
35,1.78,95.3,30.08,Female,moderate,163,11595,682.0,4.9,1.7,None,126,129,61,0.51,13.2,4,1
19,1.91,99.4,27.25,Female,moderate,111,8051,573.8,8.1,2.59,Cardio,187,129,67,1.8,14.0,2,3
27,1.77,105.7,33.74,Female,high,89,4782,790.9,7.3,2.78,Strength,174,144,74,1.46,30.6,3,1
62,1.68,75.2,26.64,Male,moderate,92,7354,789.0,5.3,1.74,Strength,122,137,56,1.38,20.0,2,1
64,1.62,100.9,38.45,Female,low,104,5587,794.2,8.6,1.7,Strength,139,151,80,1.27,15.8,6,3
29,1.54,52.5,22.14,Female,high,163,7404,387.8,8.8,1.54,Cardio,122,93,73,1.59,30.3,4,3
64,1.77,110.7,35.33,Male,high,113,12713,379.8,6.3,3.27,Yoga,148,132,73,1.6,15.1,4,3
30,1.94,66.8,17.75,Male,low,175,7379,297.9,6.3,1.25,Strength,139,100,57,1.9,11.9,1,1
64,1.76,75.3,24.31,Male,moderate,166,10515,778.5,6.9,1.62,Strength,129,155,57,0.87,21.7,3,1
28,1.87,105.3,30.11,Male,high,91,14444,242.5,7.6,2.56,Yoga,180,121,80,1.68,11.7,1,2
36,1.65,92.8,34.09,Male,low,158,2223,294.7,7.5,2.17,Yoga,156,88,60,1.99,17.0,4,1
52,1.72,68.1,23.02,Male,low,92,1332,848.3,6.7,1.3,Yoga,170,77,67,0.54,27.5,2,3
56,1.66,61.9,22.46,Female,moderate,96,2170,287.6,8.6,1.72,Strength,161,143,68,1.06,19.4,5,1
43,1.55,116.8,48.62,Female,high,141,7145,284.9,4.8,2.02,None,192,88,60,1.15,12.2,4,2
63,1.71,51.6,17.65,Female,low,101,2793,836.4,5.0,3.4,Cardio,194,82,81,1.73,20.1,1,3
31,1.88,45.3,12.82,Female,high,123,6997,417.1,7.6,1.99,Strength,149,89,63,0.52,22.8,6,2
62,1.7,95.5,33.04,Female,low,96,8713,817.0,7.7,1.29,Yoga,164,119,78,1.4,16.3,3,1
61,1.83,91.1,27.2,Female,high,141,2102,464.4,6.0,3.43,Yoga,143,119,64,1.84,14.3,6,1
41,1.88,100.3,28.38,Male,low,88,13154,461.5,5.5,2.09,Yoga,150,77,70,0.72,29.0,1,2
58,1.66,99.9,36.25,Male,low,179,4844,294.6,4.2,1.35,Yoga,142,85,77,0.67,11.7,1,2
18,1.9,109.7,30.39,Male,low,132,6693,843.0,5.9,2.53,None,172,83,69,2.0,33.9,4,3
60,1.67,114.2,40.95,Female,moderate,62,6984,733.2,5.2,3.02,Cardio,161,78,66,1.74,10.2,5,3
39,1.63,103.1,38.8,Female,high,111,7793,358.0,8.2,2.78,None,155,153,82,1.55,26.3,6,2
40,1.61,62.4,24.07,Male,high,91,4163,709.5,6.4,1.78,None,153,124,67,1.1,13.3,1,3
36,1.6,79.8,31.17,Male,high,135,14697,272.6,6.8,1.6,Cardio,145,154,72,1.78,23.7,6,2
35,1.87,93.1,26.62,Male,low,105,6681,566.7,7.7,3.21,Strength,190,80,80,1.88,14.7,3,2
29,1.94,85.5,22.72,Male,moderate,154,1357,378.0,5.5,1.48,Strength,144,118,56,1.6,10.9,2,1
45,1.62,56.9,21.68,Male,high,156,6231,795.4,8.4,2.89,None,122,79,68,1.1,31.5,2,2
45,1.54,89.2,37.61,Female,high,60,7397,557.8,6.0,1.06,Cardio,162,131,71,1.38,20.6,2,3
50,1.66,111.5,40.46,Female,high,155,9735,844.8,4.5,2.05,Yoga,125,123,77,0.65,16.9,6,2
36,1.83,76.4,22.81,Female,moderate,156,8939,609.6,8.3,3.46,Cardio,173,157,77,0.74,33.7,1,1
45,1.68,95.2,33.73,Male,high,106,3761,552.8,8.6,2.58,Strength,171,150,55,1.67,12.0,4,3
54,1.77,91.2,29.11,Female,high,83,11995,685.8,5.1,1.78,None,132,143,76,0.54,18.7,1,2
43,1.87,73.3,20.96,Male,low,124,8945,748.8,7.3,2.75,Yoga,185,102,65,0.57,14.4,2,1
52,1.7,87.4,30.24,Female,low,158,13173,210.7,7.4,1.88,Strength,175,113,68,1.26,34.8,2,3
51,2.0,60.8,15.2,Male,moderate,89,5804,565.6,5.2,3.35,Yoga,166,108,66,0.76,23.7,4,1
52,1.65,86.0,31.59,Male,high,145,4576,743.0,6.1,1.59,Cardio,196,136,77,0.94,30.3,1,1
57,1.99,104.9,26.49,Female,moderate,71,10640,485.2,6.0,1.8,Cardio,184,86,68,1.1,14.1,1,3
33,1.6,101.9,39.8,Female,low,93,7073,231.6,7.1,2.72,Strength,185,143,71,1.28,17.6,1,1
55,1.56,71.8,29.5,Female,low,133,13259,212.3,6.4,2.99,Strength,187,128,66,0.93,25.5,5,1
30,1.88,53.4,15.11,Female,moderate,150,11797,755.7,7.4,2.44,Yoga,132,154,60,1.23,14.5,3,1
40,1.85,105.0,30.68,Female,low,63,1585,338.7,4.5,1.72,Yoga,149,147,80,1.06,22.5,4,3
39,1.91,64.9,17.79,Male,high,97,1820,322.4,5.4,2.43,Cardio,195,111,63,0.62,33.3,4,1
33,1.67,49.0,17.57,Female,moderate,99,12681,402.7,4.3,1.55,None,152,107,66,1.8,33.3,3,2
45,1.97,78.4,20.2,Female,high,137,12725,271.5,6.8,1.14,Yoga,157,123,71,0.92,18.9,1,1
52,1.56,100.5,41.3,Male,high,89,9687,237.3,6.1,3.3,Cardio,162,75,70,1.41,22.9,4,2
62,1.52,105.6,45.71,Female,moderate,168,2058,810.6,8.8,2.2,None,122,121,56,1.35,15.0,5,1
63,1.65,118.7,43.6,Male,low,127,4047,411.9,5.5,2.2,Strength,162,111,72,0.8,34.5,1,2
25,1.9,59.2,16.4,Female,high,170,5695,607.7,5.4,2.86,Strength,192,83,70,0.54,23.0,2,3
61,1.84,67.0,19.79,Female,low,111,13187,800.5,5.8,2.4,Yoga,190,92,64,1.79,15.2,4,1
39,1.72,90.7,30.66,Male,high,60,6523,884.2,6.4,2.14,None,123,159,73,1.25,31.1,5,2
38,1.63,105.9,39.86,Female,moderate,168,2220,681.9,7.1,2.99,Cardio,151,118,84,1.12,20.5,5,3
43,1.53,62.6,26.74,Female,high,89,4639,865.1,5.8,2.19,Yoga,120,152,58,1.64,25.9,5,1
57,1.67,75.7,27.14,Female,low,117,4895,496.5,7.3,3.28,Cardio,132,144,61,0.55,31.1,2,1
38,1.73,75.6,25.26,Female,moderate,152,7724,752.7,7.6,1.77,None,155,137,70,1.65,17.7,6,1
42,1.84,103.0,30.42,Male,low,113,12938,856.3,7.7,1.08,Yoga,145,77,73,1.11,24.4,3,3
58,1.82,63.1,19.05,Male,high,109,10863,237.2,8.2,1.37,None,196,92,77,1.33,11.4,2,3
18,1.97,117.7,30.33,Female,high,127,10949,422.2,4.8,3.05,None,141,111,59,1.63,15.9,5,2
23,1.55,83.3,34.67,Female,low,137,3276,718.2,7.7,3.32,None,130,94,59,1.32,13.5,1,1
40,1.67,66.2,23.74,Male,high,105,3417,420.7,5.5,1.19,Cardio,144,110,77,0.59,26.1,5,2
40,1.74,66.3,21.9,Male,low,64,3781,211.9,7.6,3.27,Strength,198,154,77,1.59,16.4,2,2
60,1.84,46.4,13.71,Female,high,157,2568,764.9,4.1,3.36,Yoga,164,78,61,1.68,29.0,2,2
60,1.75,96.9,31.64,Male,low,73,6021,315.3,5.1,2.89,Cardio,155,152,79,1.19,29.0,2,2
40,1.96,103.2,26.86,Male,low,139,8485,424.6,6.4,2.9,None,153,91,71,1.16,29.6,2,2
49,1.8,47.4,14.63,Male,moderate,171,4515,837.4,7.0,1.0,Cardio,153,131,55,0.88,13.3,5,1
47,1.52,88.9,38.48,Male,high,66,5502,346.2,8.7,1.56,None,151,123,57,1.47,23.2,2,3
30,1.56,103.6,42.57,Female,moderate,132,14146,826.3,5.2,1.54,None,144,127,70,1.82,27.0,2,2
60,1.88,73.2,20.71,Male,high,132,2634,495.8,6.6,2.45,None,186,84,76,1.48,18.1,5,3
35,1.86,77.5,22.4,Female,high,98,14623,842.7,6.5,2.64,None,178,103,56,1.66,16.5,4,2
40,1.58,72.1,28.88,Female,high,145,7570,813.8,7.5,3.25,Cardio,176,150,79,1.76,27.9,6,1
32,1.53,68.7,29.35,Male,high,167,9952,490.7,5.2,2.22,None,148,83,55,0.84,18.8,5,2
50,1.79,81.8,25.53,Female,moderate,126,13170,845.3,8.6,2.25,Cardio,140,95,84,1.1,16.2,6,2
38,1.82,57.5,17.36,Female,moderate,75,3502,642.9,9.0,1.14,Cardio,192,75,75,1.15,24.1,1,2
56,1.57,78.1,31.68,Male,low,132,2477,532.9,8.4,3.49,Strength,140,110,61,1.34,25.5,3,1
40,1.74,115.6,38.18,Male,high,115,10948,571.5,7.5,3.36,Cardio,190,157,64,0.57,29.4,6,2
44,1.65,47.1,17.3,Male,low,137,12196,244.3,7.4,1.18,Strength,166,80,57,1.38,11.0,4,1
62,1.97,57.4,14.79,Female,low,121,12296,765.3,7.8,2.39,Strength,151,92,84,0.63,14.4,1,3
61,1.61,103.3,39.85,Female,moderate,177,3567,404.7,6.8,1.87,Strength,141,146,72,1.71,29.4,5,3
35,1.87,54.9,15.7,Female,low,102,11091,389.1,5.2,2.07,Cardio,161,85,83,1.94,23.3,4,3
41,1.76,65.3,21.08,Female,low,94,2340,700.8,8.4,2.63,Strength,130,143,57,0.93,30.2,1,1
64,1.51,79.1,34.69,Male,low,156,8511,459.6,7.3,2.05,Yoga,177,95,82,1.26,21.2,5,2
57,1.76,115.7,37.35,Female,low,85,7037,559.9,4.4,2.24,None,197,159,61,1.73,21.5,1,3
59,1.55,58.8,24.47,Male,low,65,2128,495.1,6.5,1.68,Cardio,160,158,69,0.97,19.4,2,3
24,1.83,114.2,34.1,Male,low,142,10399,553.2,6.2,1.21,None,144,83,55,0.74,27.3,2,2
37,1.78,98.9,31.21,Male,high,77,14938,355.5,4.5,2.89,Cardio,135,76,78,1.61,24.8,3,3
44,1.51,95.3,41.8,Male,high,128,2365,819.5,5.8,1.95,Strength,185,78,73,1.55,19.8,6,3
23,1.6,99.3,38.79,Female,high,80,6679,627.1,5.0,3.22,Yoga,189,86,59,1.35,14.7,1,2
44,1.89,47.3,13.24,Male,low,158,11644,363.6,4.2,3.36,Strength,153,157,80,1.92,10.1,5,1
26,1.64,52.4,19.48,Female,moderate,99,2556,264.1,4.1,1.22,Cardio,165,157,81,1.93,12.3,1,1
62,1.75,70.1,22.89,Male,low,175,5668,574.8,5.4,2.71,Strength,167,157,75,1.79,12.7,1,3
48,1.66,50.5,18.33,Male,low,100,4765,527.7,4.5,3.05,Yoga,156,113,76,0.94,24.2,2,3
38,1.96,119.1,31.0,Male,high,77,4386,852.7,8.2,2.62,None,141,134,61,0.84,29.0,5,1
43,1.77,88.5,28.25,Female,moderate,117,5869,361.5,8.9,1.82,None,199,108,65,1.75,21.4,5,3
57,1.85,81.6,23.84,Male,moderate,79,7168,817.1,6.3,1.71,Strength,126,133,55,1.48,20.4,5,1
62,1.54,103.9,43.81,Male,moderate,94,12167,736.5,6.9,2.16,Cardio,166,146,76,1.09,13.3,1,3
30,1.52,118.3,51.2,Male,moderate,123,5214,533.6,8.7,1.65,Cardio,196,80,56,1.11,32.5,3,3
40,1.63,116.6,43.89,Male,low,98,10533,811.6,7.8,3.24,None,136,106,68,1.78,28.4,4,1
37,1.65,104.5,38.38,Female,low,112,2786,803.3,6.5,1.12,Yoga,122,102,64,0.74,20.4,4,2
54,1.84,73.3,21.65,Female,high,110,3376,700.1,6.1,1.28,Strength,131,149,57,1.92,12.4,4,3
45,1.78,49.9,15.75,Male,low,99,8704,271.1,7.7,2.52,Strength,189,115,68,1.45,31.2,2,3
34,1.69,52.4,18.35,Male,moderate,111,11840,312.1,5.6,2.65,None,195,146,59,1.69,14.2,4,2
45,1.83,45.1,13.47,Female,moderate,62,10829,614.1,7.7,2.84,Cardio,194,158,71,1.06,26.8,4,3
58,1.58,45.1,18.07,Female,low,130,1903,371.8,4.4,1.69,Strength,138,101,61,1.38,18.5,1,2
19,1.53,115.2,49.21,Female,low,68,14670,585.8,6.6,1.74,Cardio,150,127,55,1.62,31.5,5,2
42,1.93,114.5,30.74,Male,moderate,84,6414,592.5,4.9,2.03,Cardio,121,85,78,1.15,24.7,5,1
58,1.78,95.1,30.02,Female,low,79,14549,611.0,7.7,1.59,None,137,96,65,1.23,15.7,1,2
23,1.82,99.5,30.04,Male,high,68,13449,598.9,8.8,1.94,Cardio,174,79,82,1.37,10.3,3,1
28,1.65,83.5,30.67,Female,moderate,68,4868,465.5,7.3,2.74,Yoga,123,108,60,0.6,15.3,1,1
55,1.69,62.8,21.99,Female,moderate,74,1187,347.2,7.6,2.25,Yoga,141,136,70,1.79,19.1,3,1
23,1.54,113.6,47.9,Male,moderate,89,7061,563.0,4.8,3.42,None,197,105,81,1.8,27.7,6,3
62,1.93,65.8,17.66,Female,moderate,75,13077,546.6,6.7,2.45,Strength,197,121,68,0.92,15.4,5,3
28,1.8,100.5,31.02,Male,low,112,11049,392.6,7.9,1.82,Cardio,153,111,71,1.82,16.5,2,2
31,1.54,63.4,26.73,Female,moderate,159,9630,235.8,8.3,1.45,Yoga,167,100,69,1.62,20.9,6,1
19,1.9,110.3,30.55,Male,low,82,12838,343.9,8.9,1.55,None,189,117,68,1.22,11.1,1,3
57,1.72,93.8,31.71,Female,low,77,10427,585.5,7.7,1.04,None,195,135,61,1.02,29.2,2,3
20,1.88,93.2,26.37,Female,moderate,142,11966,574.9,6.9,2.11,Cardio,143,112,64,1.1,12.0,1,2
52,1.51,52.3,22.94,Male,high,153,14932,293.5,8.1,3.4,None,164,106,73,1.3,28.4,4,3
50,1.51,76.5,33.55,Male,low,74,9619,624.2,5.3,2.94,Strength,129,143,61,1.12,16.7,5,3
41,1.59,84.4,33.38,Male,low,109,10492,495.9,8.4,1.75,Cardio,165,136,69,1.13,21.5,3,3
36,1.61,67.1,25.89,Male,low,101,3802,657.6,7.9,3.0,Strength,155,99,81,0.8,20.3,5,3
35,1.88,111.1,31.43,Female,moderate,90,1488,821.6,4.8,3.33,Yoga,170,107,78,1.56,16.3,5,3
41,1.85,107.8,31.5,Female,high,72,3243,416.0,8.3,2.68,Yoga,151,138,80,1.41,16.4,4,3
62,1.81,82.0,25.03,Female,low,64,3347,443.1,8.2,2.28,Yoga,151,145,68,1.99,33.7,1,2
52,1.94,70.5,18.73,Female,low,84,11280,673.8,8.6,1.34,Yoga,134,90,69,0.71,17.6,6,1
18,1.62,105.1,40.05,Female,low,79,12471,864.4,8.5,1.2,None,128,123,73,0.67,14.6,6,3
53,1.95,59.8,15.73,Female,high,91,12821,540.3,5.6,1.55,Strength,177,89,75,1.27,16.3,1,1
42,1.95,50.4,13.25,Male,low,150,8856,318.5,6.6,2.66,None,155,94,80,0.73,27.4,3,2
62,1.72,48.4,16.36,Female,high,140,3440,854.5,8.0,1.39,None,141,96,70,1.42,17.7,4,2
60,1.55,47.9,19.94,Female,low,167,13197,528.8,7.8,2.33,Yoga,132,84,56,0.79,14.3,2,1
51,1.86,81.7,23.62,Male,high,108,4678,522.5,8.0,2.09,Strength,160,146,84,1.22,20.4,6,1
42,1.67,64.1,22.98,Female,high,146,3123,577.9,5.2,2.57,Cardio,197,129,56,1.42,12.9,3,2
33,1.9,96.8,26.81,Female,low,63,10981,376.8,8.0,1.13,Cardio,145,102,55,1.19,20.0,2,3
51,1.58,94.0,37.65,Female,high,76,11727,749.3,4.5,3.45,Cardio,180,83,70,0.98,31.6,2,1
46,1.77,85.7,27.35,Male,moderate,126,10345,648.7,6.4,2.72,Strength,163,105,73,1.67,19.3,4,1
36,1.75,71.5,23.35,Male,high,63,6212,868.4,4.3,2.8,Yoga,149,157,58,1.78,22.9,1,3
40,1.55,108.8,45.29,Female,high,108,9338,342.7,6.3,1.04,Yoga,196,148,57,0.92,29.7,5,1
36,1.68,98.2,34.79,Male,high,123,14197,633.4,5.2,1.2,Strength,156,158,65,1.72,22.9,2,3
42,1.54,65.4,27.58,Female,high,102,6695,561.6,6.6,2.72,Yoga,177,131,78,1.09,11.2,5,2
33,1.73,82.6,27.6,Female,high,138,3101,826.3,7.6,1.27,Strength,154,105,71,1.23,15.4,1,1
26,1.92,56.7,15.38,Female,high,178,12926,221.3,4.2,3.24,Strength,168,149,59,0.85,32.4,5,3
18,1.64,69.7,25.91,Male,high,169,5612,732.6,5.3,2.55,Cardio,178,117,77,1.44,30.1,2,3
59,1.88,119.8,33.9,Female,moderate,166,1027,636.1,4.7,1.18,Cardio,126,148,83,0.65,29.0,4,2
36,1.59,61.8,24.45,Female,moderate,171,3226,625.3,4.9,2.53,None,154,83,63,1.39,23.7,6,1
50,1.84,97.4,28.77,Female,high,159,13407,812.7,6.9,3.01,Strength,158,116,55,1.98,18.8,4,3
51,1.96,62.9,16.37,Female,moderate,128,13809,612.9,4.3,3.0,Cardio,125,148,79,1.63,27.4,3,1
33,1.66,115.4,41.88,Female,moderate,104,9842,701.1,7.5,2.0,Cardio,197,124,81,1.84,26.6,6,3
61,1.95,68.3,17.96,Male,high,115,2355,652.0,5.2,2.15,Cardio,184,111,63,1.2,26.1,2,1
57,1.75,71.0,23.18,Female,high,135,9902,248.7,8.8,2.84,Yoga,146,145,58,0.71,22.6,3,1
35,1.66,89.5,32.48,Male,high,174,8831,279.0,8.7,3.19,Cardio,130,158,70,0.93,16.5,5,3
51,1.95,89.1,23.43,Female,high,60,3884,436.9,7.7,2.98,Yoga,128,158,69,0.57,20.9,3,3
42,1.52,88.4,38.26,Male,low,109,4158,673.0,7.9,2.49,Cardio,129,146,64,1.25,22.8,1,1
62,1.51,88.0,38.59,Female,low,115,12094,218.5,7.6,2.81,Yoga,173,91,59,1.47,15.4,1,1
23,1.8,68.4,21.11,Female,moderate,157,3311,740.8,7.6,2.63,Yoga,162,151,70,1.14,15.8,4,2
38,1.9,77.6,21.5,Male,low,134,5001,342.1,4.9,2.44,Cardio,169,151,60,1.34,29.8,3,3
23,1.88,89.5,25.32,Male,moderate,103,6477,591.7,8.6,3.3,Strength,165,122,70,0.98,18.0,2,1
49,1.54,95.3,40.18,Female,high,83,1561,340.8,8.0,2.62,None,182,76,58,0.63,34.3,4,1
58,1.98,64.0,16.32,Male,high,116,1685,323.2,6.9,1.96,None,168,116,76,1.15,20.9,5,3
60,1.85,97.6,28.52,Male,moderate,87,8297,433.9,4.8,3.44,Strength,150,137,75,1.32,25.2,6,1
56,1.97,114.2,29.43,Female,low,166,3729,845.1,7.9,3.37,Cardio,182,85,69,1.97,22.6,5,1
48,1.66,101.8,36.94,Female,high,154,5545,366.5,8.5,2.95,Strength,127,158,57,1.02,22.3,4,2
59,1.85,51.3,14.99,Female,high,156,1641,234.0,6.4,1.08,Cardio,159,130,73,1.52,32.3,1,2
27,1.93,80.2,21.53,Female,high,155,14688,817.6,4.4,2.82,Cardio,179,147,63,1.73,12.3,1,3
47,1.69,77.6,27.17,Female,high,129,12763,507.3,8.8,1.07,Cardio,170,119,59,1.0,18.6,5,3
35,1.98,70.2,17.91,Male,low,96,4068,634.7,4.9,1.18,Cardio,124,119,70,1.89,17.2,1,3
41,1.63,81.8,30.79,Female,high,111,2198,820.0,8.0,1.88,Cardio,150,103,81,1.01,18.2,5,2
26,1.66,78.0,28.31,Male,moderate,87,5451,729.0,8.9,1.79,Strength,126,108,57,1.95,32.8,6,2
48,1.96,45.5,11.84,Female,high,158,4644,757.6,5.5,2.41,Strength,164,143,62,0.5,11.7,1,2
32,1.98,62.7,15.99,Female,high,135,6869,536.1,4.5,1.61,None,166,94,78,1.45,17.1,6,1
21,1.64,61.0,22.68,Male,high,163,11748,681.1,8.1,1.5,Cardio,133,146,68,1.68,28.4,5,2
57,1.57,71.2,28.89,Female,low,158,13979,874.6,4.3,2.67,Strength,144,144,84,0.92,16.0,5,2
26,1.88,58.1,16.44,Male,high,161,1839,822.9,6.6,2.11,Strength,166,92,83,0.68,30.8,6,3
62,1.96,50.1,13.04,Male,high,169,11849,628.7,7.7,1.13,Cardio,165,146,57,0.54,18.2,5,2
26,1.8,59.7,18.43,Male,high,105,5500,259.8,7.2,2.11,Cardio,164,134,70,0.61,12.8,1,2
43,1.82,109.1,32.94,Female,moderate,155,12383,885.8,6.8,2.9,Strength,150,129,61,1.31,23.0,2,1
21,1.88,104.8,29.65,Female,high,82,13458,357.8,5.3,1.17,Cardio,171,126,63,1.76,22.8,5,2
34,1.58,78.2,31.33,Female,high,104,8807,452.5,5.6,3.29,Yoga,123,99,57,0.59,11.0,6,3
33,1.99,110.8,27.98,Female,low,67,1441,298.2,5.8,2.19,Strength,165,140,62,0.67,27.9,1,1
32,1.68,62.4,22.11,Female,high,102,14779,316.6,7.3,2.28,None,148,102,82,0.51,13.5,2,2
52,1.81,88.8,27.11,Female,low,108,4955,757.0,7.4,1.75,Cardio,168,94,66,0.92,15.3,6,2
22,1.73,55.7,18.61,Male,moderate,98,6700,289.8,4.9,2.62,Yoga,184,144,71,1.88,24.1,5,2
22,1.73,107.5,35.92,Female,high,137,6388,332.6,4.1,1.05,None,120,111,82,0.91,32.3,2,1
37,1.85,54.8,16.01,Female,low,163,9847,320.0,4.4,2.85,None,187,90,68,1.16,10.5,3,1
32,2.0,47.4,11.85,Female,moderate,177,2142,459.1,7.4,1.25,None,178,109,70,0.77,30.6,5,2
35,1.83,65.5,19.56,Female,moderate,167,3085,686.3,4.5,2.11,Cardio,156,129,73,0.67,28.9,5,3
64,1.9,112.6,31.19,Male,high,67,13930,650.7,5.6,1.37,None,197,139,82,0.77,14.0,1,2
19,1.51,54.7,23.99,Male,high,126,10024,707.3,6.8,1.42,Strength,171,152,58,0.82,19.3,3,1
46,1.91,69.8,19.13,Male,moderate,158,3490,708.8,6.8,2.16,Strength,197,88,57,0.7,32.6,1,1
30,1.65,68.7,25.23,Male,high,100,10575,202.1,6.7,1.16,Cardio,121,98,67,1.69,13.7,4,1
21,1.56,105.1,43.19,Male,low,148,9494,679.2,8.6,1.37,Cardio,140,157,63,1.22,12.8,6,3
59,1.56,76.6,31.48,Female,high,137,1197,679.2,6.2,2.36,None,148,112,67,1.31,28.4,3,2
62,1.84,90.9,26.85,Male,low,151,14094,243.5,4.8,2.74,Cardio,195,156,83,1.06,21.8,6,2
27,2.0,75.3,18.82,Male,low,140,5914,499.0,4.3,1.9,Strength,157,83,66,0.82,17.1,5,1
48,1.83,86.4,25.8,Female,low,135,8217,255.1,6.6,3.16,Strength,151,151,80,0.64,14.3,6,2
58,1.63,49.7,18.71,Female,moderate,81,5480,333.6,7.0,1.4,Strength,160,133,75,0.61,28.1,6,3
25,1.6,73.1,28.55,Male,low,135,3455,542.8,6.9,2.4,Cardio,141,125,69,0.78,21.0,5,3
20,1.76,109.1,35.22,Female,high,109,10373,208.4,5.0,1.22,Strength,161,125,57,1.78,16.0,6,2
63,1.53,96.8,41.35,Female,low,133,12861,266.5,4.2,1.42,Cardio,131,93,57,0.82,33.6,5,2
26,1.7,118.6,41.04,Male,high,126,9371,259.4,8.4,3.27,Yoga,176,136,81,1.03,24.0,3,2
47,1.83,104.1,31.08,Female,moderate,87,2787,287.2,6.2,3.48,None,127,84,56,1.36,18.8,5,2
28,1.98,78.9,20.13,Male,moderate,90,13672,234.8,4.5,3.49,Yoga,147,112,80,1.27,28.0,6,2
52,1.71,95.7,32.73,Male,low,71,2564,628.5,7.3,3.0,Strength,176,77,60,1.5,22.4,6,2
54,1.6,103.2,40.31,Female,high,125,9537,325.0,7.3,1.5,None,172,122,79,0.79,10.2,4,1
59,1.91,65.2,17.87,Male,low,73,8239,803.8,7.1,1.72,Strength,199,115,70,1.29,31.0,6,1
30,1.87,49.5,14.16,Male,low,164,3020,819.4,5.2,1.22,Strength,195,91,77,1.65,11.7,2,1
53,1.93,75.4,20.24,Female,high,156,12478,683.7,8.3,1.14,Yoga,136,147,72,1.08,34.7,3,3
30,1.61,55.9,21.57,Female,moderate,100,11198,245.5,4.4,2.83,Strength,140,143,63,1.96,18.7,2,3
29,1.7,65.8,22.77,Female,low,139,12249,824.1,4.6,2.35,None,170,157,84,1.37,23.1,1,3
54,1.99,116.0,29.29,Female,low,103,9829,493.1,5.9,2.65,Strength,126,89,57,1.51,35.0,1,3
27,1.58,108.5,43.46,Male,low,133,7049,326.8,8.5,2.45,None,180,130,77,1.19,16.7,3,1
26,1.84,89.4,26.41,Female,low,105,3493,745.1,8.1,1.03,Yoga,173,150,80,1.79,21.6,5,2
24,1.62,75.1,28.62,Female,low,114,8745,442.7,8.5,1.8,Cardio,160,152,77,1.18,28.9,1,2
19,1.75,64.8,21.16,Male,moderate,114,5324,554.3,7.5,2.73,Strength,179,89,70,1.91,21.7,1,2
40,1.9,87.9,24.35,Male,low,130,14117,720.1,7.1,3.15,Yoga,163,79,58,0.96,18.3,6,3
56,1.74,85.0,28.08,Male,high,104,7844,270.8,7.9,1.39,Strength,196,118,68,1.8,13.0,4,1
57,1.9,103.6,28.7,Male,high,174,3861,318.7,5.0,1.29,None,148,77,58,1.46,22.8,1,2
56,1.71,114.6,39.19,Female,high,76,1716,878.0,4.6,3.4,Strength,162,121,82,1.7,23.8,1,3
38,2.0,69.7,17.42,Female,low,148,10715,699.5,8.7,3.42,Cardio,156,104,72,0.56,15.8,1,3
40,1.72,60.5,20.45,Male,moderate,89,10436,361.8,8.2,2.88,Strength,180,86,72,0.92,18.3,5,3
46,1.57,75.2,30.51,Male,moderate,103,10025,601.7,6.1,1.15,Cardio,178,89,72,1.77,17.5,1,2
31,1.7,77.8,26.92,Male,moderate,126,13295,331.6,7.9,2.58,Cardio,180,112,82,0.98,20.7,3,1
43,1.87,48.0,13.73,Male,high,125,8635,805.8,6.5,1.32,Strength,191,102,81,1.57,30.0,6,2
22,1.92,109.6,29.73,Female,high,103,2161,514.0,4.1,3.11,Yoga,139,123,75,1.99,18.3,5,1
48,1.73,119.7,39.99,Male,low,120,2623,764.8,4.1,1.76,Strength,163,121,57,0.77,16.8,4,1
42,1.8,114.2,35.25,Female,high,84,13183,880.3,6.4,2.19,Cardio,175,153,80,1.13,31.0,6,2
48,1.92,109.5,29.7,Male,high,176,12674,886.6,6.9,1.47,Yoga,167,149,61,0.75,30.3,1,2
37,1.91,119.4,32.73,Female,high,177,8827,296.3,8.1,2.81,Cardio,193,86,67,0.73,29.8,5,3
61,1.83,113.1,33.77,Female,moderate,164,1505,861.4,6.9,2.26,Cardio,134,128,61,1.45,28.6,6,3
34,1.91,96.6,26.48,Female,low,108,1504,389.2,7.0,2.76,Strength,195,157,76,0.79,32.2,5,2
62,1.79,57.5,17.95,Female,low,147,13050,451.7,9.0,1.8,None,175,106,67,1.22,27.8,6,2
19,1.5,56.7,25.2,Male,moderate,94,1314,244.1,4.0,1.94,Strength,175,75,78,1.97,14.2,6,1
42,1.52,48.7,21.08,Female,high,94,14314,651.9,5.7,3.24,None,165,90,81,1.0,10.8,1,1
30,1.99,75.9,19.17,Male,moderate,175,4641,650.9,8.6,1.64,None,176,85,58,1.81,14.5,4,3
56,1.57,105.7,42.88,Female,low,110,6952,743.9,5.9,3.26,Strength,164,129,70,1.09,19.1,1,1
45,1.7,81.8,28.3,Female,high,108,2759,862.4,5.2,1.19,None,199,110,79,0.89,11.3,1,2
59,1.97,72.5,18.68,Male,moderate,130,7646,499.7,6.2,1.4,Cardio,161,104,82,1.0,28.9,3,1
23,1.6,53.2,20.78,Male,low,61,12428,485.2,7.8,2.66,Yoga,181,142,82,0.69,26.0,5,1
20,1.92,48.9,13.26,Female,low,172,6853,647.4,7.8,3.49,Strength,127,130,69,1.52,27.9,2,1
52,1.91,74.9,20.53,Female,moderate,101,14949,667.2,5.7,3.33,None,133,134,67,1.26,12.4,4,2
35,1.99,52.5,13.26,Male,high,81,13454,511.7,4.6,2.27,Cardio,145,91,64,1.42,18.2,4,3
28,1.64,52.8,19.63,Female,high,113,6412,843.5,8.8,2.32,Yoga,160,107,64,0.95,21.5,5,1
37,1.66,74.7,27.11,Male,moderate,145,4692,236.5,5.2,2.43,None,148,104,59,1.48,25.1,2,2
22,1.95,82.7,21.75,Male,high,150,8575,729.5,8.6,2.98,None,182,87,58,0.75,30.1,2,1
36,1.62,59.0,22.48,Male,low,104,12765,345.6,6.0,2.38,Cardio,132,86,73,1.48,34.4,2,1
39,1.77,96.3,30.74,Female,high,168,8039,546.7,8.9,1.29,Yoga,178,106,84,0.62,12.1,5,2
36,1.85,76.4,22.32,Female,high,134,5502,796.0,5.2,3.1,Yoga,166,108,69,1.1,26.0,6,1
64,1.64,51.9,19.3,Male,high,121,5809,430.7,7.3,3.21,Cardio,140,157,63,1.41,13.4,1,2
33,1.97,92.8,23.91,Male,low,123,14081,829.8,8.1,3.29,Yoga,131,86,70,1.78,17.5,6,3
41,1.83,71.8,21.44,Male,moderate,72,6967,515.5,6.0,2.05,Strength,143,78,82,1.72,29.3,4,1
58,1.52,48.9,21.17,Male,high,77,2664,691.9,4.7,1.55,Yoga,140,100,58,1.29,34.9,2,2
21,1.57,116.1,47.1,Female,low,64,5998,705.9,4.5,1.3,None,123,156,79,1.83,23.2,6,1
32,1.6,87.8,34.3,Male,low,85,8820,382.6,5.1,2.31,Yoga,144,138,65,1.26,18.8,1,1
42,1.62,80.8,30.79,Female,low,94,10268,830.5,4.3,1.69,Strength,127,104,71,1.28,15.4,4,1
61,1.87,109.4,31.28,Male,low,86,6692,287.2,8.3,2.07,Strength,155,108,75,1.58,29.6,4,2
52,1.54,115.3,48.62,Female,low,66,2955,613.0,7.5,1.25,None,153,107,55,1.82,32.6,3,2
31,1.68,61.5,21.79,Female,low,66,1019,850.3,7.3,1.5,None,169,105,63,1.4,31.2,2,2
36,1.96,105.8,27.54,Female,moderate,68,10875,221.7,7.5,2.1,Strength,147,130,66,1.92,22.7,5,3
55,1.78,107.3,33.87,Female,moderate,79,1191,571.9,7.2,1.45,Cardio,181,136,77,0.85,24.7,1,1
53,1.63,49.1,18.48,Female,low,176,7784,372.5,4.2,1.56,Strength,193,105,66,1.89,30.9,2,2
24,1.98,98.4,25.1,Male,high,70,11348,334.7,6.9,1.05,Yoga,163,151,64,0.83,33.2,5,1
47,1.62,49.7,18.94,Male,low,70,2019,363.6,6.1,1.18,None,151,98,63,1.29,33.5,1,1
36,1.95,89.6,23.56,Female,low,150,7132,831.9,4.8,1.29,Cardio,127,143,75,1.69,27.2,1,1
42,1.86,95.2,27.52,Male,low,119,11155,497.9,7.3,2.64,Strength,173,125,80,1.7,14.8,5,2
33,1.87,72.5,20.73,Male,low,111,13506,365.1,6.1,1.37,None,136,139,84,0.92,17.8,5,3
64,1.88,111.1,31.43,Male,high,76,1318,849.3,5.3,3.2,Yoga,131,83,79,1.98,16.7,2,3
57,1.75,105.0,34.29,Male,moderate,159,6664,425.1,7.7,2.96,Cardio,186,82,74,0.62,14.3,4,3
25,1.91,114.4,31.36,Male,low,126,1589,706.4,4.3,3.04,Cardio,194,110,70,0.55,16.3,1,3
35,1.92,68.6,18.61,Male,moderate,104,13178,576.0,5.8,1.88,Cardio,197,143,67,1.76,31.7,4,2
45,1.68,46.6,16.51,Male,moderate,111,3937,675.4,5.4,1.14,Yoga,190,130,57,1.73,29.3,2,3
33,1.7,105.9,36.64,Female,moderate,126,3906,327.9,4.6,1.19,None,145,120,72,1.57,11.1,4,3
36,1.94,61.7,16.39,Male,moderate,112,13328,675.0,4.7,2.72,Strength,152,84,58,1.78,13.7,6,2
59,1.76,80.0,25.83,Male,high,106,4223,834.1,5.1,3.31,None,163,148,73,0.71,34.6,2,2
34,1.93,106.3,28.54,Male,moderate,71,11570,270.6,4.1,1.44,Yoga,151,85,79,0.64,15.6,6,1
62,1.81,61.2,18.68,Female,low,79,1822,428.6,7.0,3.16,None,157,82,67,1.95,25.9,6,1
30,1.8,68.4,21.11,Female,low,85,1734,880.8,6.6,2.63,Cardio,129,142,82,1.44,15.1,6,3
24,1.52,77.9,33.72,Male,moderate,89,11827,357.6,8.3,2.69,Strength,198,92,82,1.88,15.8,5,1
44,1.64,65.4,24.32,Female,low,119,11548,241.7,8.0,2.74,Yoga,198,158,67,1.86,22.5,3,2
27,1.75,79.6,25.99,Female,low,103,11713,238.5,8.9,1.16,Cardio,189,77,66,1.48,22.2,5,1
51,1.79,45.7,14.26,Male,moderate,73,11964,392.7,4.1,2.51,None,120,89,78,1.44,26.2,2,1
53,1.82,60.9,18.39,Female,moderate,69,5961,546.4,6.5,2.21,Cardio,189,134,82,1.04,14.2,3,2
42,1.86,107.4,31.04,Male,high,111,2701,388.2,4.8,3.09,None,196,146,55,0.72,16.6,1,3
23,1.83,76.0,22.69,Female,low,158,8716,396.6,6.3,2.07,None,194,129,56,1.53,25.6,2,1
41,1.92,92.7,25.15,Male,moderate,68,8128,782.0,4.9,2.27,Yoga,144,144,57,1.73,12.4,3,1
35,1.65,62.4,22.92,Female,high,116,4502,736.9,4.4,2.45,None,171,158,76,1.32,32.7,4,3
40,1.82,93.7,28.29,Male,high,134,2285,417.6,8.2,2.47,Cardio,171,106,75,0.58,14.5,3,1
23,1.53,120.0,51.26,Male,high,66,8147,441.4,6.2,2.0,Yoga,131,80,81,0.72,21.0,6,3
46,1.74,89.6,29.59,Female,low,176,10516,878.8,7.4,1.42,Strength,165,90,75,0.65,12.7,1,2
42,1.63,92.1,34.66,Male,low,123,2366,865.1,4.6,1.63,Yoga,128,140,76,1.49,27.1,5,2
34,1.69,53.4,18.7,Male,moderate,67,14862,881.2,6.9,2.03,Cardio,164,156,67,1.35,18.2,6,3
63,1.68,75.3,26.68,Female,moderate,146,11628,857.4,8.1,2.55,None,155,158,66,1.2,11.8,6,2
41,1.53,109.6,46.82,Male,moderate,130,7371,639.7,8.5,2.14,Yoga,128,90,70,1.32,24.8,4,2
28,1.73,107.6,35.95,Male,low,151,6970,415.8,5.5,2.98,Yoga,159,159,68,0.91,34.5,5,2
43,2.0,84.2,21.05,Female,moderate,88,11841,878.6,8.6,2.44,Yoga,153,88,78,1.71,31.8,1,2
51,1.65,112.8,41.43,Male,low,114,8146,720.0,6.4,1.86,Cardio,172,136,68,0.99,27.6,4,2
45,1.87,55.7,15.93,Female,low,174,12109,697.9,5.2,2.24,None,164,92,71,1.47,10.3,1,2
20,1.77,94.4,30.13,Male,low,157,7244,758.3,6.8,1.9,Strength,152,82,59,1.09,31.5,1,1
28,1.66,63.7,23.12,Female,low,133,7225,618.9,7.4,1.08,Strength,148,79,60,0.61,32.4,2,1
55,1.54,93.4,39.38,Female,high,71,8967,608.3,4.4,1.7,None,157,115,81,0.89,10.9,4,1
31,1.61,51.6,19.91,Male,low,141,1278,452.9,7.5,2.13,Strength,167,133,64,1.95,13.1,2,2
43,1.89,115.8,32.42,Female,moderate,108,6030,305.5,7.8,1.64,None,196,83,81,0.79,21.3,1,1
38,1.64,104.0,38.67,Male,high,105,9527,507.0,6.2,2.8,Yoga,178,116,76,0.66,20.1,2,3
56,1.57,60.1,24.38,Male,high,119,2601,562.2,8.5,3.16,Yoga,181,92,63,0.94,17.4,6,3
47,1.67,92.8,33.27,Female,moderate,78,12910,814.5,5.1,1.74,Cardio,154,120,80,1.82,14.9,5,3
25,1.79,101.9,31.8,Male,moderate,111,7579,481.1,5.0,1.06,Yoga,166,156,61,0.96,23.7,3,1
37,1.85,60.7,17.74,Male,low,106,13613,818.1,7.1,3.19,Cardio,178,122,58,1.13,29.3,2,2
49,1.69,52.0,18.21,Female,low,85,10241,422.3,6.3,2.44,Strength,178,102,77,0.97,33.4,5,3
39,1.75,71.4,23.31,Male,moderate,106,4203,861.3,6.1,1.01,Strength,121,111,61,1.98,17.5,1,1
24,1.73,55.2,18.44,Male,moderate,159,8932,227.3,7.1,2.25,Yoga,179,148,65,2.0,27.6,2,1
26,1.5,87.4,38.84,Female,low,66,3355,567.7,5.8,1.24,None,125,94,81,1.22,29.7,2,2
62,1.7,76.8,26.57,Male,low,155,13125,425.1,8.8,2.68,Strength,144,112,60,1.68,21.9,5,2
18,1.79,79.7,24.87,Male,moderate,82,12100,406.1,8.5,2.33,Strength,172,115,70,0.83,33.0,1,1
46,1.78,85.7,27.05,Female,moderate,130,1624,255.6,5.6,3.28,Strength,197,136,70,1.06,10.6,5,2
25,1.87,118.7,33.94,Male,low,139,6038,676.9,5.0,1.99,None,123,94,78,1.52,32.5,4,2
21,1.84,104.4,30.84,Male,moderate,178,7630,474.8,4.9,3.31,Yoga,191,97,78,0.93,32.3,1,2
52,1.64,92.2,34.28,Female,moderate,64,10199,864.3,7.9,3.09,Cardio,175,124,83,0.84,13.4,1,2
20,1.63,72.3,27.21,Male,low,169,10081,698.7,7.0,2.88,None,121,79,67,1.88,21.0,5,2
62,1.73,47.0,15.7,Male,high,164,12582,510.0,6.7,2.09,None,136,134,80,0.87,22.9,5,1
57,1.87,53.7,15.36,Female,moderate,177,9576,639.1,7.3,2.04,Strength,187,147,66,0.59,20.0,3,3
24,1.55,99.8,41.54,Female,low,140,10952,246.2,7.7,1.99,Cardio,167,117,83,1.63,32.4,5,1
44,1.97,72.7,18.73,Male,low,65,9378,612.4,5.1,1.13,None,146,110,76,0.86,27.8,4,1
18,1.77,70.1,22.38,Male,low,84,3969,666.3,8.9,2.52,Strength,153,77,81,1.18,13.1,4,1
44,1.65,111.7,41.03,Female,moderate,114,5415,274.3,5.8,2.99,None,160,135,56,0.67,33.2,5,1
33,1.85,81.3,23.75,Male,low,91,8707,677.7,4.4,2.86,Strength,125,128,75,0.6,11.2,3,1
55,1.52,112.5,48.69,Male,moderate,124,9284,531.8,8.2,2.46,Cardio,125,110,67,1.19,24.9,3,2
24,1.74,111.5,36.83,Male,low,173,4811,535.7,6.7,1.89,Cardio,147,119,55,1.01,23.1,4,3
61,1.74,51.0,16.85,Female,high,119,8106,706.5,4.1,2.74,Strength,127,103,64,1.26,11.8,1,2
40,1.58,115.9,46.43,Male,high,130,1102,514.9,7.0,2.32,Yoga,120,100,80,1.95,27.4,2,3
58,1.92,50.8,13.78,Male,moderate,66,7443,364.0,7.1,3.1,None,199,82,84,1.11,34.1,6,1
28,1.9,117.3,32.49,Female,moderate,139,14868,408.8,7.4,1.68,Yoga,137,147,82,1.4,21.5,2,1
59,1.58,78.9,31.61,Female,low,172,12371,716.8,7.0,1.26,None,199,96,83,0.65,22.8,6,1
50,1.68,102.1,36.17,Female,moderate,65,1136,249.7,5.3,1.01,Cardio,166,143,64,1.83,19.6,3,1
53,1.55,98.0,40.79,Male,low,154,6185,788.6,9.0,2.86,None,199,118,84,1.71,31.9,6,1
54,1.92,83.9,22.76,Male,low,160,14819,607.5,6.3,2.5,Strength,130,115,82,1.28,33.2,1,1
58,1.66,91.5,33.21,Female,high,94,12736,708.9,5.9,1.15,Strength,125,110,83,0.78,19.9,4,1
34,1.72,116.2,39.28,Male,high,73,5932,440.6,4.0,3.1,Strength,133,104,65,1.14,32.3,3,3
52,1.66,114.6,41.59,Male,low,157,11399,355.9,6.8,2.19,Yoga,141,123,63,0.95,15.1,3,1
22,1.66,94.1,34.15,Male,moderate,107,12869,763.2,6.4,2.15,Cardio,150,91,58,1.99,21.4,2,1
49,1.87,94.3,26.97,Male,low,74,11189,271.5,8.7,2.71,Cardio,147,104,71,1.24,16.3,2,1
20,1.87,63.5,18.16,Female,moderate,177,5597,316.1,5.6,2.59,Cardio,138,147,73,1.13,15.6,5,3
64,1.76,107.1,34.58,Female,low,119,5624,399.4,7.4,1.6,Strength,120,78,64,0.75,31.4,4,3
52,1.83,92.4,27.59,Male,low,165,8417,445.9,7.2,2.61,Cardio,186,150,67,0.86,27.9,1,1
31,1.76,107.0,34.54,Female,low,161,11441,342.6,8.0,3.15,Yoga,191,109,56,1.57,11.7,4,2
48,1.51,94.3,41.36,Male,high,141,5449,838.8,8.0,1.98,Yoga,132,158,63,1.3,28.9,5,3
48,1.53,67.4,28.79,Male,high,123,14108,219.0,4.0,1.72,Yoga,170,91,61,1.04,24.3,6,1
34,1.69,59.2,20.73,Female,high,161,4027,762.4,8.3,1.15,Strength,120,81,80,0.95,29.7,4,3
41,1.87,50.8,14.53,Female,low,154,10163,487.7,4.6,2.51,None,148,136,64,0.8,24.8,2,2
40,1.96,88.9,23.14,Male,low,161,14412,785.3,4.3,2.89,Cardio,132,132,66,0.55,19.4,4,1
35,1.51,66.3,29.08,Male,high,96,1117,757.2,8.0,3.42,Yoga,161,118,76,1.97,22.4,1,3
31,1.68,92.3,32.7,Male,low,63,2769,284.7,4.4,2.53,None,148,132,74,1.63,13.5,6,2
32,1.61,49.4,19.06,Male,moderate,152,12993,666.5,4.2,2.12,None,135,127,65,1.89,17.8,6,3
32,1.91,73.2,20.07,Female,low,72,12127,464.9,5.2,3.34,Yoga,179,146,58,1.12,10.6,6,3
23,1.92,64.5,17.5,Female,high,175,14514,774.7,6.6,1.45,Yoga,153,83,66,1.8,20.2,3,1
44,1.6,72.8,28.44,Male,low,133,8305,795.7,8.4,2.77,Cardio,159,80,66,0.88,12.3,1,1
32,1.86,49.1,14.19,Male,low,178,4272,332.3,8.6,1.82,Cardio,186,93,77,1.26,26.5,1,3
53,1.87,99.3,28.4,Female,moderate,99,8817,535.1,6.3,3.15,None,174,94,62,0.8,32.8,2,2
25,1.59,53.8,21.28,Male,low,93,9708,616.1,7.0,2.86,None,177,138,74,1.66,28.5,1,1
32,1.72,46.1,15.58,Female,moderate,107,5827,580.9,8.6,1.83,None,171,158,68,1.25,15.2,5,3
20,1.81,116.0,35.41,Male,high,160,3313,376.2,7.9,2.94,Strength,183,101,61,1.3,22.7,5,3
64,1.51,59.5,26.1,Female,moderate,119,9675,390.7,7.1,3.23,None,123,81,57,1.79,27.8,5,1
30,1.7,107.1,37.06,Male,low,115,7445,800.7,5.2,1.63,Strength,167,98,82,1.61,30.1,4,1
58,1.58,117.3,46.99,Male,moderate,157,4130,222.9,6.4,2.43,Cardio,191,82,82,1.95,17.1,4,3
51,1.77,85.1,27.16,Male,high,102,4891,383.7,8.3,2.05,None,137,141,79,1.11,21.9,4,1
41,1.92,84.5,22.92,Female,high,136,7910,356.2,5.6,3.31,Cardio,129,85,82,1.19,12.6,4,3
57,1.76,72.6,23.44,Female,moderate,155,13551,459.5,4.7,3.43,None,133,140,73,1.42,28.2,1,2
49,1.52,76.9,33.28,Male,high,107,8238,680.3,4.8,1.26,Cardio,170,75,68,1.18,20.9,6,1
49,1.51,81.2,35.61,Male,moderate,132,3890,572.6,7.9,2.37,None,165,81,73,1.13,11.0,4,1
47,1.8,56.4,17.41,Male,moderate,157,11015,578.4,4.8,2.33,Strength,185,98,64,1.01,23.2,2,3
30,1.66,72.4,26.27,Male,high,104,12251,711.9,4.2,3.17,Yoga,180,86,66,1.75,29.8,6,1
18,1.79,106.2,33.15,Female,moderate,111,6468,768.5,8.3,2.95,Cardio,121,137,83,1.3,11.1,2,2
51,1.58,58.7,23.51,Female,low,91,5409,311.9,8.7,1.72,Cardio,154,146,72,1.41,20.1,3,3
32,1.89,99.7,27.91,Female,moderate,143,7086,275.6,8.9,2.3,Yoga,153,87,73,0.81,22.0,6,2
61,1.93,93.9,25.21,Male,high,122,8884,410.9,5.8,1.95,None,189,144,78,0.88,35.0,5,2
31,1.94,49.3,13.1,Male,moderate,124,5646,779.3,8.5,1.88,Strength,187,98,72,1.01,15.5,1,2
46,1.65,46.7,17.15,Female,low,101,12258,579.2,4.8,2.83,Strength,184,112,67,1.2,30.5,2,2
51,1.83,71.4,21.32,Male,high,107,1383,300.0,9.0,2.5,Strength,154,145,71,0.57,13.6,4,3
35,1.64,96.9,36.03,Female,moderate,140,12965,314.6,4.1,1.5,None,167,84,75,1.83,34.1,5,1
24,1.88,69.8,19.75,Female,moderate,159,11670,828.8,5.7,2.55,Cardio,166,104,78,1.86,17.7,3,2
46,1.56,95.1,39.08,Female,low,174,4693,456.9,7.7,2.16,None,130,101,60,1.49,13.6,2,2
48,1.88,94.9,26.85,Female,high,115,1882,378.7,7.0,1.85,Strength,181,104,84,0.97,19.5,1,3
42,1.72,105.5,35.66,Male,high,70,3290,685.6,6.0,1.17,Yoga,123,153,70,1.08,10.4,3,2
55,1.93,52.5,14.09,Female,low,102,5514,802.5,4.4,3.32,Strength,152,76,72,1.6,12.7,5,2
31,1.87,88.3,25.25,Male,moderate,132,13143,509.7,8.8,3.15,Cardio,153,82,82,0.93,22.4,4,2
25,1.69,49.7,17.4,Female,moderate,121,9409,753.8,8.3,1.76,None,193,91,63,1.41,33.5,4,2
44,1.95,58.2,15.31,Female,low,61,4288,501.0,4.4,2.39,None,154,122,84,1.86,21.1,6,1
19,1.64,69.4,25.8,Female,moderate,86,11417,684.0,7.8,3.16,Strength,172,138,67,1.12,26.5,5,2
34,1.98,98.1,25.02,Female,moderate,177,12560,602.4,4.8,2.3,Cardio,147,135,58,1.38,27.7,2,3
54,1.88,118.0,33.39,Male,moderate,179,14388,826.1,8.8,1.35,Cardio,142,87,67,1.89,10.9,4,1
31,2.0,70.7,17.68,Male,moderate,129,2192,427.5,4.3,2.19,Yoga,168,156,57,1.01,18.1,4,3
42,1.53,84.1,35.93,Male,high,60,13287,739.3,4.9,1.78,Strength,195,95,58,1.64,34.9,6,1
47,1.64,64.4,23.94,Male,high,98,9968,678.8,7.9,2.14,Yoga,121,150,73,1.63,10.2,2,1
46,1.87,95.7,27.37,Female,low,141,3598,787.2,4.1,3.12,None,196,76,78,1.89,21.8,5,2
37,1.96,72.5,18.87,Male,low,119,4165,625.3,8.4,2.02,None,145,158,55,1.79,30.9,5,2
38,1.51,81.1,35.57,Male,moderate,161,14424,522.1,5.3,3.0,Cardio,136,97,55,1.62,17.2,3,3
39,1.5,87.6,38.93,Female,high,110,11938,234.6,8.3,1.58,Yoga,162,159,63,1.45,34.9,4,1
52,1.63,96.5,36.32,Male,high,78,5851,787.8,6.4,2.48,Cardio,178,90,77,0.86,22.2,6,1
54,1.93,49.5,13.29,Male,high,60,14974,837.0,4.3,2.07,Strength,185,87,79,1.51,32.8,6,2
33,1.88,86.6,24.5,Male,high,115,5632,514.8,6.7,3.43,Cardio,193,78,57,0.91,23.2,5,1
60,1.67,77.3,27.72,Male,high,105,7853,355.6,7.6,1.0,None,158,76,57,1.16,19.9,6,2
34,1.5,55.0,24.44,Female,moderate,155,13807,653.0,6.7,1.91,None,145,139,84,1.56,27.8,2,2
33,1.78,60.6,19.13,Female,moderate,178,3598,285.2,8.5,3.03,Cardio,141,100,72,1.51,34.0,2,3
19,1.62,111.3,42.41,Male,moderate,60,13258,228.6,7.8,1.98,Strength,194,104,56,1.1,19.4,2,2
21,1.87,110.4,31.57,Female,low,121,9864,403.1,4.6,1.54,Yoga,141,112,65,0.77,31.6,4,2
38,1.72,47.5,16.06,Male,moderate,137,5843,675.9,4.2,3.13,None,177,94,63,1.23,26.5,1,1
56,1.84,96.7,28.56,Male,high,76,5279,769.9,5.8,2.48,None,148,99,56,0.9,19.5,5,3
51,1.93,86.6,23.25,Male,high,68,2558,309.8,7.5,2.39,Strength,129,126,74,0.88,11.4,1,3
47,1.77,115.5,36.87,Female,low,102,12554,862.3,8.3,2.0,Cardio,144,157,81,0.99,17.8,1,3
23,1.67,113.1,40.55,Female,high,98,2676,586.5,8.3,1.39,None,140,84,58,1.56,30.8,3,2
34,1.88,88.5,25.04,Female,high,68,6264,847.7,4.3,2.44,None,180,115,63,1.25,12.4,2,3
56,1.63,55.4,20.85,Female,low,70,3599,304.9,8.0,2.26,Strength,158,155,68,1.06,24.3,2,2
42,1.95,79.5,20.91,Female,moderate,70,2653,520.6,5.4,2.01,Cardio,196,135,73,1.85,22.8,2,2
22,1.54,99.4,41.91,Female,moderate,85,2867,501.6,8.6,1.19,Strength,185,76,70,1.56,26.5,5,2
22,1.92,116.4,31.58,Male,high,68,4316,488.2,6.5,2.63,Strength,125,155,80,1.24,33.5,2,2
37,1.55,72.3,30.09,Female,low,158,8461,851.6,4.8,2.58,Cardio,120,81,68,1.13,28.8,2,3
33,1.53,103.9,44.38,Male,moderate,68,1607,794.6,9.0,2.4,None,147,134,69,1.73,22.8,3,3
58,1.68,96.3,34.12,Male,moderate,67,1064,756.0,5.0,1.33,Yoga,130,135,72,0.76,30.8,3,1
54,1.98,50.9,12.98,Female,moderate,113,14280,400.3,5.4,1.76,Yoga,158,154,82,1.5,27.5,1,3
57,1.99,86.8,21.92,Male,low,128,3100,437.3,6.6,2.17,Yoga,188,101,69,0.53,32.4,6,1
26,1.6,58.8,22.97,Male,moderate,128,8286,381.5,4.1,2.84,Strength,137,75,73,0.51,28.1,6,3
22,1.57,96.3,39.07,Male,low,74,4277,755.4,8.1,1.56,None,139,101,84,1.9,28.8,5,3
59,1.68,90.8,32.17,Female,high,160,2609,475.0,6.3,3.0,None,195,154,63,1.27,12.1,1,3
19,1.67,118.0,42.31,Female,low,149,8680,885.1,5.8,1.8,None,177,134,75,0.97,10.1,5,2
26,1.88,115.2,32.59,Male,moderate,93,9023,455.0,6.2,2.66,None,169,127,75,1.69,33.9,4,3
60,1.72,45.7,15.45,Female,high,136,1583,318.9,8.8,3.34,Strength,160,110,70,1.98,16.3,3,3
53,1.89,51.0,14.28,Male,high,151,13970,850.9,6.5,2.79,Yoga,137,154,77,0.55,14.1,2,1
39,1.87,102.7,29.37,Female,low,137,13901,747.9,7.8,1.17,Yoga,153,98,84,0.56,14.0,6,3
39,1.79,96.4,30.09,Male,low,60,2041,608.3,4.1,1.94,Cardio,185,109,71,1.78,28.4,1,2
39,1.92,105.1,28.51,Male,moderate,77,11948,800.9,7.8,2.45,None,197,107,64,1.34,11.2,6,3
51,1.6,65.0,25.39,Female,low,126,2146,864.6,4.5,2.68,Yoga,184,91,59,1.82,26.5,6,1
46,1.58,108.7,43.54,Female,high,73,8975,803.0,8.0,1.86,Yoga,146,143,63,1.54,24.3,2,3
55,1.88,78.2,22.13,Female,high,86,12325,833.2,8.6,2.07,None,149,109,68,1.21,13.7,3,3
63,1.62,64.6,24.62,Female,moderate,66,5858,389.9,5.2,1.94,None,195,157,84,0.74,13.4,6,1
50,1.5,45.8,20.36,Female,moderate,111,6572,557.6,5.4,2.74,Yoga,120,121,76,1.08,13.3,1,3
35,1.96,110.4,28.74,Male,high,75,7203,756.7,8.0,3.28,Cardio,160,133,82,1.68,16.5,5,1
24,1.81,85.2,26.01,Male,moderate,101,14781,568.2,7.9,2.95,None,181,135,78,0.85,26.0,5,1
18,1.72,118.2,39.95,Male,high,166,5314,649.3,8.0,1.66,Yoga,120,96,64,1.57,15.2,2,2
50,1.86,98.6,28.5,Female,moderate,91,5513,846.0,8.0,2.35,Cardio,124,101,78,0.87,26.5,5,2
18,1.67,51.0,18.29,Female,low,128,9098,406.7,5.7,2.2,Strength,167,146,55,1.2,34.3,2,1
41,1.98,89.1,22.73,Male,high,61,4288,577.6,8.8,1.04,Cardio,124,89,78,0.63,31.6,1,2
21,1.53,46.3,19.78,Male,moderate,126,6052,594.5,8.5,3.35,None,190,110,76,1.18,30.0,2,2
21,1.82,86.8,26.2,Male,low,130,9250,451.7,4.6,2.16,Strength,145,131,74,1.42,33.7,4,1
35,1.89,71.3,19.96,Male,low,61,12649,457.8,4.2,3.36,Cardio,168,150,57,1.34,25.3,6,3
44,1.73,93.2,31.14,Female,high,158,14055,738.3,8.6,2.66,Yoga,189,115,70,1.11,29.2,1,3
60,1.88,85.6,24.22,Male,low,136,6782,850.7,5.1,2.77,None,180,119,59,1.05,29.3,2,3
49,1.96,64.6,16.82,Female,low,65,12412,643.6,7.7,2.07,Strength,122,117,67,0.91,34.4,5,2
50,1.87,57.2,16.36,Male,low,128,11756,541.6,7.3,3.14,Yoga,158,86,59,1.65,26.2,2,2
45,1.65,75.4,27.7,Female,high,166,5475,725.3,7.6,1.46,Strength,197,142,77,1.67,16.8,5,3
59,1.78,119.0,37.56,Female,high,70,11458,898.5,7.1,3.4,Cardio,168,141,79,1.22,14.9,6,1
58,1.96,77.7,20.23,Female,moderate,141,2425,257.7,5.4,2.54,Yoga,133,78,65,1.07,17.7,4,1
53,1.72,101.2,34.21,Female,low,78,4171,656.1,7.0,1.83,None,139,139,71,1.46,29.0,4,1
23,1.84,49.3,14.56,Male,high,106,5717,589.3,6.7,2.85,Yoga,177,79,84,1.34,26.4,5,2
33,1.73,73.4,24.52,Male,low,128,5581,627.2,5.5,2.86,Cardio,163,76,79,1.5,15.5,1,3
51,1.56,88.5,36.37,Male,high,131,11620,216.0,5.7,2.94,Strength,128,120,57,0.96,31.5,5,1
40,1.53,101.3,43.27,Female,high,150,12058,869.0,7.2,1.73,Yoga,182,149,76,1.68,34.5,2,3
59,1.98,84.6,21.58,Male,moderate,109,10115,259.8,8.2,1.06,Strength,181,83,60,0.98,28.9,1,3
41,1.81,83.6,25.52,Male,moderate,165,7222,415.2,7.0,3.22,None,125,82,70,1.13,11.6,1,2
30,1.55,102.3,42.58,Male,low,73,3046,408.8,6.2,2.99,Yoga,185,132,74,0.7,25.7,2,1
35,1.93,68.5,18.39,Female,moderate,62,13882,713.2,4.6,2.0,Strength,162,137,84,1.78,33.4,6,2
30,1.76,51.8,16.72,Female,moderate,63,7800,669.7,4.1,1.42,None,183,135,56,1.47,17.8,1,3
54,1.89,71.0,19.88,Female,high,92,12232,243.2,4.4,2.17,Cardio,163,89,59,0.85,24.6,2,3
60,1.56,56.9,23.38,Male,high,99,9576,304.8,4.3,1.76,Yoga,124,147,73,1.78,15.7,3,3
56,1.95,117.4,30.87,Male,moderate,96,3074,423.1,4.8,1.49,Yoga,132,116,74,1.56,32.0,4,1
59,1.8,88.3,27.25,Male,high,157,3505,692.9,8.5,2.22,Yoga,134,124,76,1.16,31.7,3,1
34,1.87,78.5,22.45,Female,moderate,85,1806,850.5,4.8,3.07,Strength,153,125,65,1.98,19.1,3,1
32,1.52,113.4,49.08,Male,low,71,6941,420.8,5.0,2.45,Strength,175,99,77,1.01,18.7,4,3
35,1.66,112.5,40.83,Female,moderate,111,11953,567.9,7.1,2.22,None,192,96,72,0.65,10.0,3,3
40,1.63,76.2,28.68,Female,moderate,133,8007,460.8,6.7,3.49,Yoga,149,96,81,1.6,17.9,6,1
47,1.97,110.6,28.5,Female,low,102,3997,604.1,8.2,2.9,None,175,148,57,1.64,29.5,5,3
51,1.59,49.8,19.7,Female,low,86,9148,639.6,5.1,1.33,Yoga,144,143,66,0.59,10.7,4,3
21,1.85,111.4,32.55,Male,low,160,10800,562.8,6.4,2.04,Cardio,187,143,77,1.73,15.1,3,3
20,1.52,68.3,29.56,Male,low,60,12889,472.3,4.5,2.16,Yoga,166,140,67,1.66,28.3,4,1
24,1.6,87.4,34.14,Female,high,79,4601,815.8,6.9,2.53,None,147,138,75,1.89,26.2,6,2
35,1.67,65.2,23.38,Male,high,77,8428,761.3,7.0,2.7,Strength,156,96,74,0.68,34.7,4,2
59,1.9,118.9,32.94,Female,high,170,9109,898.9,8.2,1.81,Cardio,193,87,74,1.4,19.8,4,2
24,1.89,50.4,14.11,Male,high,65,1469,488.9,5.7,1.92,Cardio,192,101,63,0.83,13.3,5,1
57,1.98,78.5,20.02,Male,moderate,130,5173,227.1,5.5,1.26,Yoga,155,121,63,1.1,26.6,5,3
23,1.96,91.6,23.84,Female,high,115,8775,656.0,8.8,1.22,Cardio,120,95,80,0.9,12.0,2,2
39,1.54,91.2,38.46,Female,high,129,9047,748.4,6.3,2.89,None,194,105,61,1.17,12.9,2,2
18,1.91,100.4,27.52,Female,moderate,152,7559,855.7,5.4,3.32,None,144,153,55,0.67,24.2,5,1
21,1.73,99.3,33.18,Female,moderate,64,12339,207.3,7.0,1.49,Yoga,194,112,55,0.96,21.8,4,3
63,1.93,104.5,28.05,Male,moderate,164,8037,815.7,4.7,3.31,Strength,160,113,73,0.61,16.6,1,3
60,1.54,62.6,26.4,Female,low,167,11436,561.7,5.9,1.86,Cardio,174,110,57,1.24,21.9,2,1
46,1.91,72.8,19.96,Male,high,170,4443,462.4,6.3,3.2,Cardio,188,139,61,0.95,31.7,2,2
38,1.58,73.7,29.52,Female,moderate,174,3523,355.4,8.4,1.07,Yoga,176,85,66,1.39,28.1,1,3
43,1.67,116.7,41.84,Male,low,107,7555,769.9,7.6,1.23,Cardio,122,143,84,1.18,21.4,6,3
31,1.51,75.7,33.2,Female,high,126,6852,454.6,6.0,2.09,Strength,127,108,70,0.87,17.8,1,2
26,1.56,61.6,25.31,Male,moderate,143,13665,623.2,6.3,3.12,Yoga,167,79,67,0.65,24.6,6,1
64,1.72,92.4,31.23,Male,low,128,3289,558.2,8.7,2.12,None,178,94,72,1.63,10.1,2,2
29,1.91,77.0,21.11,Male,low,176,9417,384.2,8.2,3.1,Cardio,155,137,78,1.45,28.3,2,3
59,1.89,63.8,17.86,Female,high,176,11128,751.4,4.6,1.85,Yoga,174,119,71,0.55,30.1,6,1
23,1.62,98.6,37.57,Female,high,117,1821,408.7,5.8,1.33,None,198,116,81,1.98,13.0,3,2
37,1.58,59.4,23.79,Female,high,67,5749,751.1,6.3,3.31,None,196,87,83,1.46,20.1,6,2
41,1.69,92.5,32.39,Female,low,124,2703,486.7,5.0,1.19,None,160,83,78,0.81,13.6,3,1
44,1.94,77.3,20.54,Male,moderate,161,7351,221.1,4.6,2.77,Yoga,193,79,63,1.76,33.7,4,3
55,1.55,68.9,28.68,Male,moderate,94,8770,737.2,5.6,3.21,Yoga,178,112,68,1.82,30.6,2,1
25,1.77,115.9,36.99,Male,low,63,11637,829.5,7.3,1.3,None,153,123,59,1.36,10.5,6,1
18,1.54,69.3,29.22,Female,high,128,8019,283.9,8.8,2.3,None,149,102,65,1.83,34.3,6,3
41,1.74,71.1,23.48,Male,high,68,4078,609.7,8.9,1.13,Yoga,181,117,74,0.54,13.5,2,2
64,1.56,110.3,45.32,Male,high,131,1401,250.2,8.4,2.15,Yoga,189,144,60,1.92,12.1,4,1
24,1.54,54.7,23.06,Female,low,159,7645,780.9,7.6,2.97,Strength,174,115,60,0.59,10.8,6,1
36,1.6,53.1,20.74,Female,moderate,106,3780,891.6,4.4,1.76,None,141,118,78,1.46,29.8,4,2
39,1.63,66.2,24.92,Male,low,147,3439,546.5,4.1,1.58,Cardio,141,103,62,1.02,33.1,1,3
52,1.64,89.4,33.24,Female,low,82,1866,419.4,4.1,1.63,Cardio,132,142,55,0.56,12.4,2,2
47,1.82,73.8,22.28,Female,high,133,12690,792.0,4.5,2.98,Yoga,142,156,63,1.89,34.6,6,2
46,1.53,90.6,38.7,Female,moderate,141,2251,564.5,6.3,3.43,Cardio,137,153,64,0.7,17.9,2,1
39,1.54,57.0,24.03,Female,low,176,7270,514.3,4.1,1.57,Yoga,193,99,71,1.78,27.0,1,1
28,1.59,64.6,25.55,Male,moderate,163,1805,359.5,5.8,1.17,Strength,185,142,57,1.0,34.7,1,3
37,1.94,87.4,23.22,Male,high,175,14897,631.2,8.8,1.31,Yoga,133,88,77,1.61,10.2,1,1
46,1.81,61.3,18.71,Male,moderate,70,1950,624.4,6.8,2.57,None,151,133,75,0.88,23.7,4,2
58,1.87,76.7,21.93,Male,high,144,10905,384.0,7.0,2.69,Yoga,149,136,76,1.38,26.4,6,2
59,1.69,87.9,30.78,Male,low,134,6808,348.0,6.5,2.12,Cardio,138,91,67,1.7,19.3,3,3
51,1.61,118.0,45.52,Female,low,89,13521,507.0,8.9,1.2,Cardio,188,93,62,1.35,12.7,2,1
18,1.52,51.0,22.07,Male,high,153,8197,515.6,4.8,3.32,Cardio,167,103,74,0.96,25.5,3,1
48,1.74,79.5,26.26,Male,moderate,108,9591,289.9,8.9,3.32,None,193,152,68,0.85,11.2,6,3
47,1.79,74.7,23.31,Female,moderate,163,9805,393.2,6.3,1.98,Yoga,124,140,84,0.76,33.1,6,3
35,1.95,106.8,28.09,Female,moderate,160,5182,312.2,8.6,3.05,Yoga,197,119,74,1.76,21.6,1,1
34,1.94,112.5,29.89,Female,moderate,79,2870,831.0,7.2,3.25,Cardio,158,145,62,1.42,32.8,3,3
55,1.71,113.0,38.64,Male,high,78,11949,252.0,5.0,2.27,None,162,102,73,1.26,30.9,6,2
31,1.71,73.1,25.0,Female,moderate,67,11182,815.1,8.0,2.5,Cardio,138,133,67,0.87,10.1,6,3
40,1.58,67.8,27.16,Female,low,96,5814,569.5,4.7,2.83,Cardio,194,128,60,1.15,21.5,6,2
42,1.63,78.7,29.62,Female,low,166,12543,665.7,8.1,3.23,None,158,82,58,1.43,32.2,5,2
32,1.96,70.8,18.43,Male,low,114,11548,846.3,4.2,1.22,Cardio,178,84,60,0.61,19.3,5,2
63,1.57,98.9,40.12,Female,moderate,68,12959,455.8,4.7,1.13,Strength,171,95,74,1.04,18.1,3,1
39,1.98,61.0,15.56,Female,moderate,84,9623,691.8,5.8,2.69,None,169,109,56,0.86,27.1,1,2
20,1.75,94.4,30.82,Male,low,100,6502,670.2,4.3,1.12,Cardio,194,78,64,1.47,27.6,4,3
36,1.73,114.5,38.26,Female,moderate,63,13237,891.8,8.1,1.26,Yoga,129,127,65,1.41,26.1,5,2
61,1.59,66.0,26.11,Male,high,164,4348,232.2,6.3,2.06,Strength,134,159,65,0.95,19.1,3,1
51,1.83,95.8,28.61,Male,moderate,82,12656,518.8,7.1,1.46,Yoga,179,99,57,0.56,11.6,5,1
52,1.73,55.8,18.64,Female,moderate,84,7199,892.7,4.5,3.25,Yoga,154,94,65,0.77,33.1,6,1
18,1.69,54.1,18.94,Male,moderate,137,4624,429.5,4.0,1.83,Strength,154,145,62,0.74,17.9,2,1
38,1.63,53.7,20.21,Female,low,74,14295,876.0,8.9,2.44,None,120,145,83,1.35,29.9,4,3
46,1.53,55.4,23.67,Female,high,98,8978,771.7,4.7,1.02,Cardio,166,96,71,0.75,18.8,1,1
23,1.76,61.2,19.76,Female,high,80,13683,437.5,8.2,2.28,Yoga,182,123,81,1.22,22.4,2,3
54,1.66,87.2,31.64,Female,low,153,1791,220.4,7.2,3.03,Yoga,137,80,80,1.42,19.3,1,1
18,1.85,102.5,29.95,Male,low,149,5907,396.2,8.0,3.42,Yoga,145,125,76,1.82,12.0,2,1
18,1.86,54.5,15.75,Female,high,176,14544,286.6,7.0,2.7,None,179,101,79,0.87,18.2,5,3
44,1.67,110.3,39.55,Female,moderate,171,1531,499.9,5.9,1.51,Yoga,137,92,55,0.78,33.9,6,2
38,1.83,108.2,32.31,Female,low,82,10122,857.7,6.6,1.91,Yoga,182,86,70,0.76,12.8,1,3
33,1.63,99.6,37.49,Male,low,107,4234,558.8,6.7,1.39,Yoga,160,102,83,1.04,23.9,1,2
61,1.86,76.9,22.23,Male,high,159,14537,513.3,4.9,1.84,Strength,162,93,74,1.47,34.2,4,3
57,1.51,45.1,19.78,Female,high,151,11843,351.0,7.2,2.4,Strength,157,117,61,1.51,10.5,2,2
43,1.58,100.1,40.1,Male,low,97,14104,635.0,4.9,2.22,Yoga,146,155,76,0.82,11.7,1,1
33,1.62,110.9,42.26,Male,low,147,1132,518.8,6.7,3.18,None,168,89,76,0.7,32.7,5,2
45,1.89,70.1,19.62,Female,high,172,7062,740.9,7.4,1.51,None,175,143,79,1.17,28.4,1,2
18,1.53,98.8,42.21,Female,moderate,71,1849,561.3,8.1,2.08,Cardio,168,110,62,0.71,23.6,2,1
53,1.59,49.7,19.66,Female,high,170,10416,820.6,6.7,2.58,Strength,160,159,67,1.72,23.4,1,1
27,1.68,98.2,34.79,Female,moderate,158,8750,748.1,7.1,3.45,None,179,116,83,0.63,34.4,4,2
60,1.5,50.1,22.27,Female,high,174,4438,301.5,7.6,1.53,Yoga,175,119,59,1.63,10.5,4,2
34,1.88,89.0,25.18,Male,low,134,9448,295.2,5.8,3.08,Strength,195,104,81,0.56,16.8,6,3
40,1.78,89.8,28.34,Female,low,64,1638,217.0,4.2,2.54,None,181,113,84,1.71,17.9,2,1
24,1.95,67.7,17.8,Female,low,125,14277,458.3,5.5,1.33,Cardio,181,120,82,1.44,13.0,4,1
61,1.52,50.9,22.03,Female,moderate,106,1277,238.2,4.6,2.96,Yoga,161,132,81,0.98,18.9,4,1
24,1.64,116.2,43.2,Female,moderate,165,7051,515.0,7.8,1.44,Strength,147,104,72,1.11,19.3,5,3
61,1.87,85.2,24.36,Female,high,105,7772,368.9,8.1,2.75,Cardio,156,130,66,1.51,34.0,6,3
32,1.84,88.5,26.14,Male,moderate,93,14630,548.8,8.8,1.6,Cardio,139,159,70,0.78,21.1,6,2
51,1.62,91.1,34.71,Female,high,144,12524,310.8,7.0,2.17,Strength,154,128,57,1.84,33.4,5,3
63,1.8,111.8,34.51,Male,low,136,9497,584.4,6.4,2.96,None,173,111,66,1.22,30.3,2,3
62,1.9,49.5,13.71,Female,low,142,7583,876.5,8.7,2.59,Yoga,190,96,80,1.64,28.4,6,3
21,1.52,112.0,48.48,Female,low,156,10068,646.1,8.6,2.85,Cardio,125,98,73,1.26,18.3,2,1
31,1.86,63.0,18.21,Female,low,65,14779,595.1,7.2,3.01,Cardio,138,143,74,1.18,20.7,6,2
31,1.63,50.8,19.12,Male,low,168,7369,751.6,7.9,1.09,Strength,127,107,72,1.2,11.1,2,3
33,1.97,94.3,24.3,Female,moderate,159,6134,203.9,5.0,2.2,Strength,167,91,62,1.04,19.4,1,3
24,1.77,118.3,37.76,Female,moderate,105,10937,397.7,6.6,3.46,Strength,185,136,78,1.6,31.8,5,3
49,1.52,49.3,21.34,Female,low,82,14172,890.9,5.7,2.99,Cardio,135,86,84,1.77,29.5,5,1
36,1.7,77.0,26.64,Female,moderate,82,4120,747.8,8.1,1.91,None,143,104,67,1.78,30.2,5,2
19,1.98,84.7,21.6,Female,low,164,14653,263.2,8.5,1.71,None,144,87,82,0.68,15.5,2,2
27,1.87,63.9,18.27,Female,low,167,6798,428.5,6.0,2.76,Yoga,132,80,62,1.64,15.3,2,3
34,1.65,118.7,43.6,Female,high,63,14425,507.9,6.4,1.34,Strength,192,141,64,0.8,26.6,6,2
54,1.79,93.1,29.06,Male,moderate,61,7252,854.2,5.2,3.21,Yoga,149,85,68,0.52,26.3,4,1
29,1.8,108.3,33.43,Female,moderate,100,2039,610.3,8.4,1.2,Cardio,128,134,69,0.91,14.9,4,3
23,1.51,76.2,33.42,Female,moderate,168,1309,254.1,4.7,2.4,Cardio,182,84,75,0.94,28.0,3,2
39,1.59,71.5,28.28,Female,low,85,8021,556.4,8.6,3.12,Cardio,159,149,69,1.71,19.4,5,3
49,1.78,86.5,27.3,Male,moderate,112,6979,402.6,7.1,2.8,Yoga,126,90,80,1.61,32.2,4,1
58,1.7,77.6,26.85,Male,high,88,3205,437.1,5.2,2.21,Strength,199,158,60,0.63,19.1,4,3
37,1.6,98.6,38.52,Female,low,84,10701,280.0,6.1,1.57,Yoga,151,116,68,0.99,15.7,5,1
18,1.89,64.9,18.17,Male,high,178,12193,521.1,4.5,2.5,Yoga,180,118,60,0.88,14.9,1,3
64,1.74,78.7,25.99,Female,moderate,129,14166,668.6,7.0,3.42,Cardio,179,93,77,1.39,32.5,2,3
23,1.65,112.1,41.18,Female,low,61,12209,731.7,8.0,1.24,Cardio,170,147,55,1.31,31.5,1,2
36,1.58,101.7,40.74,Male,low,94,6961,686.8,7.3,1.08,None,159,89,64,1.52,20.6,1,2
35,1.81,57.6,17.58,Female,moderate,71,2090,662.4,4.8,2.05,Strength,198,159,73,1.87,16.0,3,1
23,1.83,111.5,33.29,Male,low,150,13584,808.5,6.8,2.48,Strength,130,113,65,1.13,17.1,5,1
62,1.83,89.2,26.64,Male,low,143,12537,432.7,8.1,1.9,Strength,192,79,57,1.48,19.6,1,1
50,1.61,95.9,37.0,Male,moderate,171,1597,350.2,8.3,2.79,Yoga,135,105,81,1.88,11.1,1,2
40,1.8,67.1,20.71,Female,low,111,3110,262.6,7.7,2.31,Cardio,144,153,77,1.31,11.7,1,3
40,1.95,78.1,20.54,Female,high,122,2436,316.0,5.8,1.87,Cardio,151,102,84,0.96,33.2,1,1
43,1.68,105.5,37.38,Female,moderate,162,13487,304.6,8.9,2.99,None,193,112,60,1.1,29.2,6,3
30,1.61,69.8,26.93,Female,high,166,9379,838.7,8.1,1.25,Yoga,129,126,63,1.63,30.3,3,3
24,1.89,57.4,16.07,Female,low,83,7004,326.4,8.2,1.1,Strength,176,89,79,1.58,22.0,3,2
32,1.59,73.4,29.03,Female,high,130,6575,265.8,8.3,1.14,Yoga,160,93,63,1.62,19.1,6,2
61,1.63,50.2,18.89,Female,moderate,177,14442,480.2,7.7,3.04,Cardio,184,109,83,1.61,12.3,6,3
44,1.55,98.8,41.12,Male,low,149,11973,318.7,6.5,3.0,None,151,156,58,1.88,24.0,5,1
43,1.63,56.1,21.11,Female,moderate,71,2545,291.4,6.2,3.08,Yoga,167,148,57,1.65,28.6,1,2
50,1.71,66.4,22.71,Female,moderate,177,13999,453.7,7.8,1.71,Cardio,173,89,74,1.78,14.9,4,3
32,1.53,111.1,47.46,Female,moderate,173,14112,843.6,6.4,2.23,Yoga,194,121,73,1.36,19.7,1,2
53,1.94,85.5,22.72,Male,high,147,4142,221.3,8.5,1.8,Cardio,160,130,77,1.47,33.2,5,3
62,1.76,69.1,22.31,Male,low,156,12493,345.4,5.1,2.47,Yoga,180,94,65,1.95,31.1,6,2
44,1.79,86.1,26.87,Male,low,133,11742,777.0,7.9,3.11,Strength,126,149,73,1.81,30.0,4,1
22,1.69,61.4,21.5,Female,high,155,12666,371.7,5.2,1.05,Yoga,172,83,71,1.67,11.0,5,1
19,1.83,46.9,14.0,Male,high,163,11125,508.8,6.3,2.42,Yoga,172,79,62,1.53,14.1,6,2
50,1.72,90.3,30.52,Male,high,83,5384,269.0,4.4,1.5,Strength,145,85,60,1.04,17.7,5,2
33,1.88,98.6,27.9,Female,high,148,12131,756.6,6.5,3.18,Yoga,180,76,59,1.32,17.6,1,2
40,1.91,111.0,30.43,Female,moderate,171,13654,715.5,6.6,3.39,Cardio,154,126,62,0.58,13.2,2,1
55,1.84,102.9,30.39,Female,high,144,9147,289.6,4.9,3.07,Cardio,122,94,81,1.12,17.2,2,2
33,1.75,114.5,37.39,Male,moderate,80,12456,863.6,5.6,1.08,Cardio,188,95,62,0.67,20.7,6,1
31,1.89,118.9,33.29,Female,moderate,169,8129,613.4,5.1,1.76,Cardio,183,125,57,1.59,11.2,1,2
46,1.75,100.9,32.95,Female,low,145,11185,758.7,6.1,1.57,Cardio,130,104,73,1.84,20.1,3,2
43,1.56,110.1,45.24,Female,low,100,2055,734.7,7.2,3.07,Strength,125,122,70,0.76,22.4,6,3
52,1.56,95.5,39.24,Female,moderate,115,2008,563.4,4.7,1.05,Strength,121,75,64,0.87,11.0,4,1
32,1.97,57.8,14.89,Female,high,61,5255,723.2,6.0,3.31,Yoga,196,109,77,1.79,26.9,6,2
20,1.61,58.6,22.61,Female,high,167,3579,366.5,6.7,2.47,Cardio,184,100,57,1.38,12.0,3,1
40,1.91,53.3,14.61,Male,moderate,160,9956,214.9,8.0,2.86,Yoga,159,83,63,1.38,26.2,4,3
46,1.62,115.7,44.09,Female,high,87,6667,439.5,7.1,2.14,Cardio,134,114,62,1.34,34.9,6,1
51,1.72,95.5,32.28,Male,high,159,9669,306.8,8.1,2.77,Yoga,149,95,62,0.83,11.5,1,1
50,1.83,104.2,31.11,Male,low,111,5897,886.8,4.3,1.84,Strength,125,154,79,0.86,16.8,2,1
58,1.58,69.8,27.96,Female,high,124,9224,846.5,4.9,2.65,Cardio,140,86,62,1.92,13.2,2,1
58,1.87,79.5,22.73,Male,moderate,85,12213,300.9,8.6,2.08,Strength,176,111,74,1.59,19.2,5,1
40,1.84,48.0,14.18,Male,low,130,8189,440.8,7.3,3.33,Yoga,174,145,61,0.64,30.9,2,1
24,1.77,111.7,35.65,Male,high,128,4101,556.5,6.1,3.33,Strength,182,98,68,0.83,33.2,4,1
20,1.78,109.0,34.4,Female,high,149,4440,479.1,5.8,2.43,Strength,128,124,76,1.44,31.0,2,2
49,1.55,103.9,43.25,Male,high,72,8470,690.0,7.7,2.93,Strength,171,128,71,0.93,27.3,6,2
48,1.72,49.4,16.7,Male,low,100,12547,552.5,8.4,2.86,None,156,158,66,0.88,27.9,2,1
35,1.54,58.1,24.5,Male,low,150,6716,595.7,6.7,2.77,Yoga,189,102,59,0.8,13.0,2,1
60,1.65,70.1,25.75,Male,high,76,8240,674.3,4.7,3.44,Yoga,193,78,56,0.78,16.2,3,2
24,1.95,64.7,17.02,Female,low,69,3988,216.6,8.3,3.19,Cardio,128,86,79,1.42,19.1,3,3
58,1.79,107.9,33.68,Female,moderate,72,2144,208.7,6.0,2.86,Cardio,135,141,69,1.86,11.3,3,2
18,1.87,59.6,17.04,Male,high,82,6327,324.7,8.5,1.2,Cardio,151,111,65,1.04,30.5,4,3
31,1.79,84.9,26.5,Female,moderate,81,6047,702.8,7.8,1.89,Strength,122,78,69,0.68,16.4,4,1
49,1.6,87.9,34.34,Female,low,157,7107,368.3,5.6,1.86,Yoga,133,89,67,0.69,11.3,6,1
23,1.8,76.9,23.73,Male,moderate,68,1950,844.1,4.6,2.28,Strength,140,102,73,1.9,11.8,1,2
56,1.88,63.1,17.85,Female,high,133,10536,254.9,6.5,3.14,Yoga,191,111,66,1.29,34.2,4,2
27,1.57,117.0,47.47,Female,high,115,14924,605.9,4.4,2.68,Strength,166,83,69,1.2,32.8,1,2
24,1.91,76.0,20.83,Male,low,116,10969,217.9,8.1,2.93,Cardio,140,88,66,1.84,34.0,5,1
43,1.78,99.5,31.4,Male,low,77,12062,880.4,4.3,1.1,Strength,161,141,77,1.26,33.9,5,2
51,1.5,58.8,26.13,Female,high,94,8691,349.6,8.7,1.13,None,136,156,72,1.22,30.0,6,2
47,1.76,106.7,34.45,Female,low,177,13937,611.3,6.5,3.32,Cardio,159,124,77,1.89,16.9,6,3
53,1.7,61.2,21.18,Female,high,113,11449,867.1,6.4,1.52,None,177,152,83,1.21,18.1,3,1
38,1.65,95.6,35.11,Female,low,95,7350,221.3,8.2,2.99,None,123,99,58,1.09,20.1,2,1
34,1.89,83.0,23.24,Male,moderate,134,3348,558.9,6.7,2.37,Cardio,161,113,65,1.37,29.6,6,1
50,1.95,56.0,14.73,Male,moderate,64,13790,568.7,6.1,1.87,None,176,100,76,1.97,33.2,3,2
27,1.88,46.9,13.27,Male,high,170,6494,446.0,5.0,2.91,None,155,134,69,1.95,21.0,1,1
64,1.92,114.8,31.14,Male,high,100,8543,658.2,7.6,3.41,Yoga,171,126,79,1.66,17.5,4,2
59,1.95,54.4,14.31,Male,moderate,119,11483,579.8,6.5,1.65,Strength,141,144,78,1.25,16.1,4,3
29,1.96,97.9,25.48,Female,low,69,2654,374.4,6.5,1.88,None,187,100,79,1.82,16.4,1,1
33,1.56,94.0,38.63,Female,moderate,73,10575,693.7,5.3,1.73,Strength,129,122,84,1.13,10.2,5,3
58,1.73,70.6,23.59,Male,high,140,11056,526.3,4.7,2.61,None,143,128,59,1.46,15.9,3,3
49,1.5,58.9,26.18,Male,high,96,14148,529.2,5.6,2.81,Cardio,154,115,59,0.77,17.4,1,1
32,1.75,58.4,19.07,Male,moderate,110,5431,866.3,8.0,2.2,Cardio,197,75,74,1.49,29.4,5,1
44,1.96,88.9,23.14,Female,high,145,14261,574.5,7.1,1.54,Yoga,139,95,79,0.91,23.7,3,2
45,1.6,86.0,33.59,Female,low,61,3535,749.3,5.8,1.8,Cardio,171,152,84,1.66,18.3,1,3
34,1.82,110.7,33.42,Female,high,144,14605,807.2,5.5,2.87,Yoga,133,146,64,1.12,24.9,4,3
63,1.82,93.0,28.08,Male,moderate,106,1672,606.5,4.0,3.21,Cardio,158,99,78,1.1,29.7,2,2
19,1.58,106.4,42.62,Male,low,144,9045,750.5,4.2,2.27,Strength,192,92,76,1.62,25.3,2,1
53,1.62,47.4,18.06,Male,low,79,10788,416.7,6.4,1.62,None,153,89,64,1.14,11.8,4,3
24,1.73,95.3,31.84,Male,low,79,14016,327.3,5.3,2.66,None,186,116,84,1.57,16.0,6,2
30,1.59,62.5,24.72,Male,low,149,5822,686.9,8.7,2.6,Yoga,195,94,84,1.78,17.1,6,3
32,1.79,64.0,19.97,Female,moderate,168,7086,848.3,6.8,3.27,Cardio,131,90,76,0.71,19.1,2,3
42,1.74,99.0,32.7,Male,high,101,2582,229.7,8.5,1.71,Strength,161,81,60,1.22,10.6,1,2
40,1.76,104.5,33.74,Female,moderate,148,9032,734.1,5.0,3.04,Strength,150,155,60,1.92,28.6,4,3
39,1.57,72.9,29.58,Female,high,68,6894,219.9,4.6,2.68,Cardio,190,79,77,1.72,21.8,4,2
43,1.76,104.3,33.67,Female,moderate,100,10940,521.0,8.2,3.1,None,128,92,60,1.96,32.4,2,2
50,1.52,78.3,33.89,Female,low,161,8690,674.0,7.0,1.26,Cardio,170,152,78,1.79,22.9,2,3
28,1.94,109.3,29.04,Female,moderate,138,10169,483.7,7.5,3.07,None,156,92,61,0.97,34.7,4,3
27,1.67,46.9,16.82,Male,low,106,12978,410.7,6.8,2.19,Cardio,141,138,72,0.77,27.5,1,1
42,1.93,51.3,13.77,Male,high,136,5436,330.8,5.8,2.94,None,128,99,80,0.82,32.2,5,1
54,1.85,103.2,30.15,Male,moderate,156,3034,884.5,5.4,1.61,Yoga,199,149,58,0.83,34.3,1,3
60,1.88,91.8,25.97,Female,low,111,5076,599.2,4.5,1.87,Strength,183,100,68,0.61,21.8,1,1
55,1.66,86.9,31.54,Female,low,133,11706,289.5,4.4,2.04,Cardio,182,143,65,1.86,25.8,5,1
58,1.61,91.0,35.11,Female,high,125,12482,233.7,6.3,2.38,None,192,90,61,1.25,32.9,1,2
62,1.7,114.8,39.72,Female,low,69,1395,370.4,5.5,2.28,None,131,137,72,0.65,24.4,1,3
41,1.51,94.2,41.31,Female,moderate,149,4781,577.0,6.9,1.59,None,146,146,74,1.64,11.3,4,1
57,1.96,93.6,24.36,Female,low,98,11086,726.4,7.5,3.26,Yoga,166,151,56,0.99,27.4,5,1
63,1.69,102.0,35.71,Male,low,99,6069,886.7,7.3,3.36,None,192,132,56,0.61,33.4,5,1
50,1.99,110.0,27.78,Female,high,71,7063,783.8,8.4,1.59,Strength,147,101,84,0.78,29.5,6,3
34,1.88,64.6,18.28,Female,moderate,88,10766,628.4,7.7,1.98,Yoga,154,123,61,1.49,29.8,1,2
41,1.54,91.3,38.5,Male,moderate,171,6454,666.5,6.0,3.01,None,157,147,65,1.69,12.0,3,3
54,1.83,88.8,26.52,Female,moderate,136,3967,565.4,5.8,2.96,Strength,160,121,72,0.88,28.4,5,2
19,1.64,55.1,20.49,Male,high,147,1916,504.2,4.3,3.43,None,186,145,74,1.37,10.8,2,1
49,1.62,84.0,32.01,Male,high,116,10184,749.3,6.8,3.37,Strength,175,124,61,0.5,33.3,5,3
41,1.63,50.2,18.89,Male,moderate,164,8443,324.1,7.4,3.19,Strength,128,120,76,0.92,32.9,6,2
26,1.96,58.9,15.33,Female,high,90,10387,433.8,5.6,2.47,None,122,82,74,0.77,34.5,2,1
21,1.75,113.5,37.06,Male,low,79,7063,885.1,8.2,1.84,Strength,170,76,79,0.61,17.6,6,1
34,1.83,53.9,16.09,Male,low,70,7661,600.2,5.8,2.31,Cardio,196,92,59,1.23,23.5,2,3
34,1.64,88.4,32.87,Female,low,152,11183,549.0,5.8,2.93,None,168,110,56,1.45,24.5,2,2
47,1.76,69.3,22.37,Male,high,164,10758,795.6,5.6,1.26,Cardio,199,116,68,0.57,23.9,5,1
57,1.68,86.6,30.68,Female,moderate,139,8494,733.4,4.5,2.76,Strength,154,85,61,0.71,20.3,5,1
28,1.66,62.6,22.72,Female,moderate,95,13579,428.2,9.0,3.24,Yoga,135,133,64,1.9,34.7,4,1
38,1.62,78.3,29.84,Male,high,81,6723,638.2,6.4,1.53,Yoga,159,126,82,0.83,32.2,6,2
38,1.7,110.1,38.1,Female,moderate,105,8076,329.8,8.7,3.03,Strength,188,148,72,1.64,25.3,4,2
35,1.83,73.2,21.86,Female,moderate,120,2313,237.1,6.9,3.23,Cardio,127,123,62,1.62,26.2,2,1
46,1.61,71.5,27.58,Male,low,131,9561,892.9,8.3,1.17,None,173,130,77,0.98,27.9,4,2
41,1.98,78.5,20.02,Male,moderate,79,9919,716.0,7.0,3.39,Yoga,152,144,70,0.81,25.1,3,1
27,1.56,52.5,21.57,Male,moderate,98,6475,851.5,7.2,2.26,Cardio,170,148,68,0.87,27.7,4,1
62,1.74,74.1,24.47,Male,high,80,3007,782.3,8.8,2.14,Yoga,121,104,82,1.35,30.4,2,2
34,1.54,45.5,19.19,Female,moderate,115,3891,499.7,7.8,2.51,Yoga,157,129,63,1.07,34.4,1,2
35,1.51,82.8,36.31,Male,low,167,13528,803.0,4.9,1.53,Strength,175,102,60,1.24,31.2,3,3
59,1.96,108.6,28.27,Male,low,98,6691,750.7,7.3,2.66,None,139,125,61,1.72,13.2,5,3
37,1.91,86.4,23.68,Male,moderate,165,4358,380.8,5.7,3.02,Cardio,171,101,80,1.25,23.7,3,2
54,1.85,90.6,26.47,Female,low,89,8453,636.1,6.0,1.81,Cardio,128,126,84,1.99,25.8,1,2
62,1.93,47.3,12.7,Female,high,70,7162,413.5,8.3,1.64,None,184,108,84,1.5,16.6,1,2
35,1.9,109.5,30.33,Female,moderate,147,1149,363.8,8.3,3.29,Cardio,185,106,63,0.81,21.9,6,2
34,1.82,73.9,22.31,Female,high,179,5508,257.2,5.8,2.17,Yoga,138,118,61,1.25,33.3,2,1
26,1.92,118.1,32.04,Female,moderate,147,6266,580.2,8.5,2.57,None,135,78,63,1.72,16.5,6,1
31,1.7,54.0,18.69,Male,low,162,6333,474.7,6.4,3.14,Yoga,188,122,78,0.83,17.9,1,3
46,1.78,115.9,36.58,Female,high,166,9055,261.6,5.4,2.79,Yoga,139,90,75,1.59,32.7,5,2
48,1.89,92.6,25.92,Female,high,143,3223,702.8,4.2,1.8,Yoga,171,134,61,0.55,12.4,3,3
21,1.54,48.9,20.62,Female,low,137,14876,706.1,5.5,1.05,None,133,121,66,1.91,32.0,3,2
35,1.93,117.9,31.65,Male,low,146,12722,364.7,7.8,2.17,Cardio,196,149,77,1.5,17.6,3,2
37,1.58,46.0,18.43,Male,high,88,2315,869.1,6.4,1.62,Yoga,154,89,71,0.74,22.5,6,2
64,1.93,99.8,26.79,Female,low,138,3435,744.5,5.1,2.05,None,176,130,74,1.81,26.1,4,1
60,1.66,111.7,40.54,Male,high,143,5863,763.7,6.4,2.15,None,153,90,75,0.62,26.2,3,3
61,1.66,58.2,21.12,Female,low,149,11942,202.6,8.5,3.16,Strength,178,75,66,1.11,34.5,1,2
26,1.54,70.8,29.85,Male,moderate,71,8045,884.9,5.5,2.92,Strength,199,99,76,1.61,10.9,6,3
30,1.94,87.1,23.14,Male,high,111,2748,893.2,7.4,1.49,Strength,147,138,77,1.91,27.6,6,3
32,1.59,96.0,37.97,Female,moderate,178,7269,555.1,4.7,1.79,Cardio,162,117,59,1.02,31.1,4,1
44,1.82,110.4,33.33,Male,high,146,5175,889.5,8.4,2.46,Cardio,154,88,72,1.75,24.7,3,1
32,1.82,102.1,30.82,Female,moderate,78,9443,628.5,6.5,2.41,Cardio,134,122,59,0.8,34.4,3,2
45,1.64,72.2,26.84,Female,low,92,10625,293.8,5.4,2.36,Cardio,122,142,59,0.55,20.4,4,3
54,1.99,106.6,26.92,Female,high,84,10213,770.0,8.3,3.38,Yoga,146,88,61,0.54,28.7,6,1
36,1.53,117.5,50.19,Male,low,76,3687,590.7,4.7,2.73,None,123,154,83,1.49,27.2,2,3
43,1.8,62.0,19.14,Male,moderate,91,6215,439.6,5.8,1.24,None,141,89,57,0.73,10.8,3,3
43,1.74,50.6,16.71,Female,high,145,9531,365.3,4.8,3.35,Strength,188,151,55,0.58,23.8,6,2
42,1.62,77.0,29.34,Female,high,93,10280,563.2,8.4,2.16,None,142,91,82,1.97,16.5,2,3
43,1.58,111.1,44.5,Male,moderate,161,4331,684.2,6.2,2.45,Cardio,132,126,60,0.86,23.2,5,1
43,1.87,56.3,16.1,Female,high,135,14411,813.9,5.5,3.05,None,179,84,82,1.19,32.1,3,2
63,1.96,111.4,29.0,Male,high,60,14859,619.0,8.3,1.53,Yoga,146,91,61,1.42,25.8,4,2
45,1.55,119.4,49.7,Male,moderate,138,11577,490.7,8.5,2.28,Yoga,169,82,81,0.72,24.8,4,2
35,1.6,49.1,19.18,Male,high,120,5070,642.5,4.5,3.15,Strength,198,76,80,1.04,26.8,5,1
49,1.99,82.1,20.73,Female,high,141,6379,547.9,7.0,2.84,Cardio,131,130,62,1.47,23.2,6,2
20,1.51,69.7,30.57,Female,low,168,3028,656.4,6.8,1.88,None,129,139,68,1.46,21.2,6,3
19,1.75,74.5,24.33,Male,high,121,10849,626.3,8.2,2.47,Strength,168,129,77,1.76,19.4,4,2
50,1.76,78.9,25.47,Female,moderate,96,7898,885.1,6.5,1.02,None,154,143,69,1.16,27.5,1,1
59,1.63,100.5,37.83,Female,moderate,124,13595,635.6,4.5,1.12,Strength,157,154,61,1.83,29.4,2,1
36,1.83,89.3,26.67,Male,low,61,6050,683.7,8.9,1.28,Strength,173,147,61,1.52,20.6,1,2
34,1.97,117.1,30.17,Male,low,159,7984,824.7,6.7,2.74,Yoga,139,110,55,1.34,11.1,6,3
61,1.73,70.0,23.39,Female,high,75,4220,839.1,7.2,2.55,Yoga,131,83,63,0.68,23.6,3,1
50,1.87,85.6,24.48,Male,low,165,6309,298.6,4.3,3.29,Yoga,122,88,79,1.36,24.3,1,1
29,1.82,106.0,32.0,Female,low,114,1527,517.7,8.0,2.77,Strength,121,148,61,1.39,22.0,6,1
20,1.74,73.0,24.11,Male,low,148,9601,859.9,8.5,2.05,Yoga,141,96,79,1.64,19.0,6,2
60,1.52,79.9,34.58,Male,high,102,1037,871.8,5.4,3.17,Yoga,154,90,81,1.58,32.4,2,1
43,1.87,96.4,27.57,Female,moderate,143,10629,333.0,5.4,1.11,Cardio,128,115,74,1.29,22.0,6,1
52,1.68,109.6,38.83,Female,moderate,169,7297,510.6,5.0,1.03,None,136,141,61,1.39,30.0,5,1
25,1.61,76.2,29.4,Female,low,108,14793,395.1,6.7,1.63,None,133,102,72,1.66,25.9,5,2
53,1.97,84.9,21.88,Female,low,77,7227,753.5,4.1,1.32,Cardio,151,103,68,1.03,29.7,5,1
24,1.89,118.1,33.06,Female,moderate,92,2147,796.5,4.6,1.68,Cardio,178,139,76,0.7,31.9,5,1
63,1.98,48.2,12.29,Male,low,149,14334,528.5,7.1,1.76,Yoga,177,102,69,1.81,16.1,3,2
63,1.63,78.6,29.58,Male,moderate,74,12240,673.0,6.4,2.14,Yoga,155,106,72,1.95,30.7,4,2
53,1.92,92.7,25.15,Female,low,162,1863,809.0,7.7,2.53,None,152,126,64,1.14,28.0,6,3
33,1.8,45.6,14.07,Male,high,165,10881,696.7,7.7,1.88,Cardio,193,85,57,1.99,24.0,5,1
41,1.99,89.8,22.68,Female,high,150,6994,309.5,6.2,3.42,Cardio,183,100,81,0.98,23.6,6,2
18,1.97,49.2,12.68,Male,high,124,7871,698.4,7.4,2.35,Yoga,132,105,83,0.6,17.8,6,3
42,1.99,109.3,27.6,Male,moderate,164,2020,311.3,8.3,3.19,None,153,94,65,1.36,23.5,1,1
27,1.98,105.5,26.91,Female,high,146,13983,657.6,7.0,3.01,Strength,124,158,55,1.8,19.6,1,2
33,1.5,47.4,21.07,Female,high,117,3027,433.5,8.8,1.12,Cardio,189,143,77,1.43,32.2,4,2
33,1.87,48.7,13.93,Female,high,85,1066,239.5,9.0,2.18,None,152,115,82,0.51,24.6,2,1
25,1.64,101.5,37.74,Male,low,95,2879,358.5,6.6,3.02,None,124,141,56,0.52,17.5,2,1
46,1.85,72.7,21.24,Female,low,175,10192,527.9,5.3,3.27,None,191,118,70,1.59,13.6,5,3
56,1.99,88.1,22.25,Female,low,61,4998,895.8,7.9,2.58,Cardio,137,134,57,1.77,27.3,6,1
45,1.52,65.3,28.26,Female,low,163,9469,379.0,4.9,3.33,Strength,137,81,82,0.88,26.6,6,1
23,1.78,58.0,18.31,Female,low,168,7905,885.1,7.9,2.66,Yoga,145,128,71,1.21,19.0,1,1
33,1.87,67.2,19.22,Female,low,145,10336,455.0,6.2,1.52,Strength,139,137,57,1.94,14.1,4,2
37,1.63,63.5,23.9,Female,low,173,4989,872.0,7.9,2.4,None,123,156,65,1.19,27.9,2,3
33,1.61,78.6,30.32,Male,high,145,12127,869.3,5.5,2.89,Cardio,141,154,58,0.7,16.8,5,3
24,1.53,101.0,43.15,Male,high,161,12447,300.0,6.3,2.67,Cardio,192,87,84,1.87,31.6,5,3
58,1.55,86.6,36.05,Male,low,106,13090,780.1,8.2,1.21,Strength,128,107,61,1.24,28.2,4,2
31,1.83,90.7,27.08,Male,moderate,83,8432,562.1,5.7,1.59,Strength,178,81,76,1.02,32.3,1,1
60,1.75,80.3,26.22,Female,low,150,10046,680.3,6.0,2.72,Cardio,152,104,70,0.65,34.6,2,2
43,1.52,69.4,30.04,Female,high,116,2878,743.3,6.9,2.32,Strength,126,85,71,1.19,18.5,6,3
43,1.98,55.8,14.23,Male,high,131,8827,287.2,7.2,1.08,Yoga,152,144,65,1.65,22.6,2,1
31,1.83,71.6,21.38,Male,moderate,136,10498,759.3,4.9,2.85,Yoga,185,95,58,1.58,20.1,1,1
24,1.76,94.9,30.64,Male,high,123,2562,412.0,7.1,1.2,Yoga,191,106,79,1.24,11.9,1,3
50,1.64,100.0,37.18,Female,moderate,160,2820,712.7,6.4,1.46,None,178,79,57,1.58,20.1,5,1
43,1.83,80.2,23.95,Female,high,136,10667,601.6,8.0,3.26,Strength,154,109,76,1.03,21.1,1,2
62,1.68,93.4,33.09,Female,moderate,132,1947,679.3,7.3,1.79,Cardio,151,121,81,1.6,14.3,3,3
37,1.85,60.8,17.76,Male,high,95,4342,636.0,6.5,1.09,None,120,86,70,0.63,32.1,4,2
20,1.84,109.5,32.34,Male,low,152,1134,767.3,8.3,1.04,Cardio,171,111,56,0.8,17.3,4,1
21,1.55,109.9,45.74,Male,moderate,81,4155,826.2,7.0,3.34,Strength,154,118,59,1.82,29.0,1,3
43,1.95,69.0,18.15,Male,high,174,7344,514.4,6.3,1.93,Strength,159,96,79,0.94,11.9,4,1
28,1.74,86.1,28.44,Male,low,69,2023,474.5,5.0,2.55,None,163,85,82,0.81,10.8,5,3
19,1.7,90.5,31.31,Female,high,100,6487,369.5,5.0,2.03,None,158,129,72,0.63,34.9,2,3
31,1.98,80.4,20.51,Female,high,100,9156,769.7,4.7,1.53,Yoga,139,84,57,1.09,13.1,2,3
61,1.72,113.3,38.3,Female,low,170,7986,876.9,8.1,3.19,None,122,116,82,0.6,29.1,4,3
47,1.86,100.5,29.05,Female,moderate,161,7465,336.7,4.2,3.37,Yoga,172,154,56,1.25,25.1,1,3
29,1.83,95.4,28.49,Female,low,118,14719,520.5,8.8,3.47,None,131,150,56,1.88,21.3,6,1
43,1.58,84.0,33.65,Male,low,162,5417,739.2,7.0,1.1,Yoga,127,129,76,1.68,10.9,4,3
61,2.0,51.4,12.85,Female,high,72,13648,645.2,4.6,1.13,Strength,183,124,76,0.56,18.2,6,2
50,1.73,53.1,17.74,Male,moderate,179,8033,770.5,8.1,3.14,Cardio,160,106,75,0.95,32.5,6,3
30,1.7,67.4,23.32,Female,high,95,5088,211.3,8.4,1.44,Strength,130,142,84,0.78,32.6,3,2
31,1.96,60.9,15.85,Male,low,156,13798,837.9,5.8,2.4,Yoga,145,92,56,0.6,25.0,5,1
41,1.76,116.4,37.58,Male,high,123,4780,242.9,5.8,2.45,Strength,157,155,70,0.66,24.4,4,3
51,1.85,75.7,22.12,Male,high,100,11739,511.8,8.2,2.65,None,124,159,55,1.86,20.6,6,3
61,1.92,110.7,30.03,Male,high,94,12128,393.0,6.4,1.09,None,151,139,83,0.97,29.4,6,2
43,1.62,106.4,40.54,Male,low,121,5038,849.7,6.6,1.77,Cardio,188,99,83,1.09,32.1,5,3
38,1.58,105.9,42.42,Male,low,80,14738,392.6,8.5,2.29,Cardio,134,105,73,1.23,28.2,6,1
45,1.53,61.2,26.14,Female,high,62,10223,461.3,4.6,1.44,Strength,180,158,73,1.62,23.1,6,1
53,1.95,78.5,20.64,Male,moderate,127,13850,821.8,8.4,3.36,Cardio,171,93,63,1.7,25.9,1,3
57,1.6,68.8,26.87,Male,moderate,164,2875,576.2,8.6,3.07,None,147,92,74,1.95,15.5,1,2
19,1.65,117.8,43.27,Female,low,133,12641,828.7,4.1,1.35,None,138,142,84,0.82,34.8,5,1
59,1.64,110.8,41.2,Male,low,109,8149,662.7,7.4,2.68,None,173,107,84,0.95,33.4,4,3
26,1.65,63.7,23.4,Female,low,77,4664,255.4,5.4,2.03,Yoga,134,144,63,0.97,33.9,1,2
40,1.83,68.5,20.45,Female,moderate,126,3769,504.4,6.8,1.78,Yoga,132,81,83,1.17,14.2,3,2
32,1.98,84.7,21.6,Male,moderate,175,9656,323.5,7.2,1.73,Strength,142,75,65,1.71,26.3,3,1
30,1.66,65.9,23.91,Male,moderate,61,14003,245.6,6.9,2.66,Yoga,199,154,55,0.86,26.4,5,3
40,1.7,106.8,36.96,Female,low,148,10118,461.7,7.4,3.26,Cardio,181,133,73,1.67,18.9,3,1
34,1.89,106.4,29.79,Male,moderate,128,7191,835.9,6.8,3.09,None,144,108,71,0.81,31.6,5,2
19,1.72,99.3,33.57,Female,low,174,11593,282.4,7.7,1.87,Strength,151,126,60,1.57,29.6,4,1
37,1.96,96.7,25.17,Male,high,159,5351,204.7,6.7,2.77,Yoga,140,85,55,1.7,28.0,2,3
37,1.75,86.0,28.08,Female,high,173,8342,854.6,5.0,2.32,Strength,120,82,72,1.78,10.7,1,1
63,1.67,71.0,25.46,Male,high,140,8223,571.1,5.0,2.1,Strength,147,127,63,1.27,34.8,1,2
20,1.99,107.8,27.22,Male,high,119,8106,591.0,7.3,1.74,Cardio,131,89,81,0.99,28.0,4,1
29,1.71,109.4,37.41,Female,moderate,144,12583,849.9,6.5,1.2,Cardio,198,102,55,1.66,34.2,4,2
57,1.62,48.7,18.56,Female,moderate,135,12719,690.1,5.8,1.48,Cardio,139,158,58,0.98,12.2,6,2
19,1.59,74.9,29.63,Female,low,177,12370,778.8,6.8,2.42,Strength,170,88,76,0.72,27.4,6,2
53,2.0,47.0,11.75,Female,moderate,154,12407,739.3,8.9,2.82,Strength,145,132,84,1.75,28.6,4,1
31,1.88,108.0,30.56,Male,low,134,9783,628.3,7.2,1.09,Cardio,162,131,72,1.12,11.6,1,3
33,1.7,58.3,20.17,Female,moderate,119,1412,681.9,7.5,1.95,Yoga,169,126,71,1.36,11.6,5,2
36,1.91,95.5,26.18,Female,high,141,5819,592.5,7.3,1.41,None,193,111,74,1.88,29.1,3,1
51,1.77,71.8,22.92,Male,moderate,69,4343,448.8,7.5,2.51,Cardio,147,76,73,0.7,29.9,1,2
61,1.66,106.2,38.54,Male,moderate,157,12657,399.7,5.0,3.16,Yoga,145,108,77,1.34,32.8,2,1
63,1.87,83.2,23.79,Female,low,161,13540,323.2,4.7,3.32,Strength,196,108,77,1.34,29.3,5,2
23,1.87,69.3,19.82,Male,low,101,7550,447.8,7.9,3.21,Strength,144,132,82,1.79,16.0,6,1
30,1.75,69.3,22.63,Female,high,69,5000,603.8,5.2,3.18,Yoga,150,147,68,1.01,34.2,4,2
53,1.52,69.5,30.08,Male,moderate,65,14043,611.3,4.0,2.5,Yoga,198,135,80,1.1,16.7,2,2
39,1.54,104.1,43.89,Female,moderate,140,4026,678.4,5.5,1.61,Strength,137,128,81,1.28,28.2,6,2
35,1.89,98.3,27.52,Male,moderate,130,3952,815.6,6.3,2.87,Strength,159,141,61,0.75,23.2,6,3
29,1.91,68.9,18.89,Female,high,136,14216,656.3,5.3,2.81,Strength,186,104,63,1.21,13.1,6,1
47,1.84,81.8,24.16,Female,high,103,3008,319.6,4.5,1.42,Strength,182,157,79,1.15,33.2,3,3
57,1.92,50.7,13.75,Male,high,150,11992,218.0,5.3,1.49,Cardio,130,154,74,0.8,24.7,3,1
24,1.86,107.1,30.96,Male,high,126,14315,337.8,4.4,1.27,Strength,146,133,63,1.75,12.3,1,2
49,1.95,64.9,17.07,Female,moderate,105,7500,835.7,6.7,2.25,Strength,156,132,69,1.15,19.6,6,1
36,1.58,111.7,44.74,Female,high,64,7567,597.4,7.4,1.8,Yoga,131,98,65,0.96,29.1,5,1
23,1.69,89.8,31.44,Male,high,131,12750,794.0,7.6,3.25,Yoga,147,89,61,0.7,25.5,2,2
37,1.73,87.6,29.27,Male,low,177,3310,364.0,7.9,1.09,Yoga,125,96,60,0.63,15.6,4,2
44,1.65,57.2,21.01,Male,low,179,8365,696.9,4.3,1.81,Strength,189,106,81,1.94,24.2,6,2
60,1.86,50.2,14.51,Male,high,151,5074,712.2,7.7,3.19,Yoga,163,149,63,1.99,17.7,4,1
54,1.96,86.4,22.49,Male,high,172,5102,766.7,7.7,3.5,Strength,166,116,58,1.85,23.2,6,2
24,1.71,80.1,27.39,Male,low,134,8301,574.9,6.5,2.81,Strength,155,133,71,1.19,17.9,2,2
22,1.97,54.0,13.91,Male,low,115,14386,755.5,7.0,3.25,Yoga,163,157,60,1.71,22.4,1,1
28,1.76,107.7,34.77,Male,moderate,126,6625,854.8,7.4,1.04,None,188,129,83,1.75,31.1,2,3
32,1.76,76.3,24.63,Male,low,147,14226,870.2,6.5,2.93,Cardio,142,79,71,0.95,15.3,5,1
20,1.8,64.5,19.91,Female,moderate,68,10303,287.8,9.0,2.15,Cardio,142,115,80,1.38,10.0,4,1
22,1.63,104.1,39.18,Male,high,138,13668,637.0,4.2,2.73,None,154,131,79,1.94,13.9,4,1
40,1.69,113.5,39.74,Male,moderate,88,10541,279.4,4.6,2.07,None,188,127,68,0.92,31.0,2,2
54,1.78,67.9,21.43,Female,high,174,4825,845.8,5.4,2.42,Strength,180,112,59,1.49,20.4,1,1
26,1.97,103.2,26.59,Female,high,79,4635,868.8,6.9,1.65,Yoga,157,75,72,1.49,28.5,6,3
32,1.82,93.9,28.35,Female,high,111,5823,549.7,8.6,2.44,Cardio,171,134,82,1.18,10.8,1,1
20,1.67,119.2,42.74,Female,low,118,8617,871.9,8.8,1.73,Cardio,121,150,62,1.24,13.7,3,1
46,1.51,60.3,26.45,Female,low,93,5149,736.4,8.8,1.7,None,138,120,64,1.18,24.2,3,2
23,1.99,117.1,29.57,Female,moderate,116,14607,687.2,8.8,1.82,Yoga,182,78,65,1.28,28.0,2,2
34,1.75,68.6,22.4,Male,high,135,5622,606.5,8.3,1.5,Cardio,186,89,76,0.72,29.7,2,3
43,1.97,75.9,19.56,Female,moderate,100,9700,484.7,6.7,1.56,Cardio,142,155,83,1.69,26.1,4,1
38,1.77,71.9,22.95,Female,low,150,12254,874.6,7.4,3.33,Strength,145,86,57,1.49,28.9,4,1
25,1.8,65.1,20.09,Female,low,165,13121,337.9,4.1,2.14,Strength,149,75,81,1.96,14.1,6,1
38,1.86,97.0,28.04,Male,moderate,178,2081,761.8,4.1,2.54,Strength,138,151,56,0.87,26.5,2,1
28,1.66,89.2,32.37,Female,high,105,8457,457.2,8.4,2.43,Cardio,158,104,80,0.72,20.6,6,1
55,1.85,67.9,19.84,Male,moderate,178,5279,727.3,5.8,1.66,Cardio,147,148,81,1.01,32.9,6,1
25,1.76,54.9,17.72,Female,low,122,10146,314.6,5.9,1.0,Strength,192,80,68,1.26,25.4,3,2
59,1.84,68.8,20.32,Female,low,117,13694,461.3,5.0,1.26,Strength,180,147,58,0.81,23.5,1,3
41,1.92,73.6,19.97,Male,high,147,6430,862.3,5.3,3.08,Yoga,167,124,71,1.19,24.5,6,1
52,1.59,73.5,29.07,Male,high,110,10715,590.1,7.5,1.27,Cardio,198,76,71,1.46,30.8,4,1
31,1.81,71.8,21.92,Female,high,109,5120,543.9,8.3,1.52,Cardio,132,80,75,0.58,10.3,6,2
31,1.53,48.7,20.8,Male,high,73,5085,726.5,5.9,3.28,None,130,149,80,1.64,31.5,4,1
27,1.55,79.8,33.22,Male,low,95,4915,491.9,7.3,3.02,Strength,159,151,63,1.91,10.7,3,2
29,1.84,107.7,31.81,Female,low,124,7614,545.1,7.7,1.13,Strength,170,112,82,0.9,24.6,3,3
55,1.54,58.5,24.67,Female,high,130,7240,592.4,6.6,2.61,Strength,189,150,75,1.66,22.6,6,1
61,1.8,55.9,17.25,Female,low,67,13585,893.0,6.0,2.29,Cardio,199,157,76,1.13,19.3,1,3
63,1.61,80.4,31.02,Male,low,88,6880,763.8,7.0,1.91,Yoga,149,92,80,1.5,13.2,1,1
51,1.65,72.8,26.74,Female,high,81,3687,227.9,6.8,2.24,Cardio,149,93,63,1.61,13.1,4,3
58,1.56,87.1,35.79,Female,moderate,168,8048,748.5,5.6,1.38,None,197,102,57,0.94,28.6,2,3
27,1.62,116.0,44.2,Male,moderate,71,12432,552.1,5.7,3.39,None,173,86,82,1.68,12.8,5,1
34,1.91,102.1,27.99,Male,low,150,4597,361.5,5.0,1.43,Yoga,126,126,58,0.66,27.2,3,3
34,1.82,96.5,29.13,Female,high,152,10149,797.5,6.8,1.47,Strength,186,151,56,1.98,34.8,2,2
20,1.97,76.2,19.63,Male,high,117,10818,389.4,8.7,1.92,None,129,132,68,1.01,27.0,6,2
48,1.52,66.6,28.83,Female,high,172,12400,424.3,5.7,1.53,Cardio,180,96,74,0.84,11.9,6,3
18,1.9,85.5,23.68,Male,high,66,12883,244.1,7.4,1.78,None,156,119,62,0.71,23.6,5,3
29,1.85,111.4,32.55,Female,low,149,13908,884.3,8.1,1.1,None,134,136,72,1.72,30.9,5,2
56,1.63,110.8,41.7,Male,moderate,89,3778,756.8,8.8,2.54,Yoga,169,116,58,1.38,33.9,6,1
21,1.86,78.4,22.66,Male,high,77,7857,303.7,8.0,1.6,Yoga,123,141,62,1.93,28.2,4,2
59,1.86,63.5,18.35,Male,moderate,174,9558,542.7,4.5,3.43,Cardio,161,83,61,1.47,17.7,3,3
30,1.73,61.9,20.68,Male,high,134,1963,435.7,4.4,1.29,Strength,187,138,79,1.01,16.3,6,2
51,1.84,47.5,14.03,Female,high,112,12622,222.7,7.6,1.19,Yoga,129,89,69,1.75,29.6,5,1
59,1.72,108.2,36.57,Male,moderate,161,9087,849.1,7.6,1.44,Yoga,141,104,84,0.92,29.0,2,2
38,1.67,64.9,23.27,Female,moderate,133,14411,787.6,8.4,2.36,Strength,150,100,69,0.94,22.2,3,1
39,1.73,71.9,24.02,Male,low,150,7522,890.8,7.9,2.87,None,195,143,56,0.54,12.2,5,3
21,1.95,105.7,27.8,Male,high,91,12577,369.8,7.0,2.4,Cardio,192,96,58,0.88,26.8,5,2
35,1.69,54.0,18.91,Female,moderate,81,8163,689.6,7.5,3.15,Cardio,147,128,79,0.89,24.8,2,2
22,1.7,79.6,27.54,Male,low,136,5589,282.7,7.1,2.48,None,188,132,76,0.95,10.3,6,1
36,1.8,54.2,16.73,Male,high,178,7217,502.0,8.5,1.35,Strength,199,153,79,1.05,26.1,4,2
19,1.88,78.1,22.1,Female,low,161,8475,792.7,6.3,1.46,Strength,138,127,63,1.37,13.3,1,2
29,1.87,48.5,13.87,Male,high,168,11167,205.6,4.9,1.89,Yoga,197,93,77,0.82,30.6,6,1
34,1.51,83.8,36.75,Female,moderate,179,6813,536.5,4.9,3.3,Strength,166,108,84,1.46,26.8,4,2
27,1.84,104.7,30.93,Male,low,100,2557,504.3,4.1,2.15,Cardio,143,156,61,0.7,11.3,6,1
51,1.73,95.7,31.98,Male,high,73,4588,683.7,8.1,3.19,Cardio,175,88,78,1.9,23.3,4,3
23,1.76,83.2,26.86,Male,low,71,9301,366.5,6.9,1.19,Cardio,130,96,72,0.54,30.1,1,2
25,1.78,107.2,33.83,Female,high,114,8999,321.3,6.3,2.72,Strength,196,87,80,1.86,30.7,3,1
28,1.87,62.1,17.76,Male,high,150,11908,655.5,7.7,2.17,None,193,138,66,1.32,12.1,5,1
29,1.92,107.3,29.11,Male,high,82,11463,648.9,5.6,1.43,Cardio,173,130,68,1.57,12.0,3,2
26,1.82,65.7,19.83,Male,high,110,6944,726.2,7.6,1.2,Cardio,178,146,61,0.95,29.4,1,1
19,1.78,72.2,22.79,Male,low,61,12881,372.8,8.3,1.79,None,184,116,60,0.76,15.8,1,3
25,1.69,54.6,19.12,Male,high,162,3748,211.4,7.1,3.05,Yoga,151,140,77,1.92,24.9,4,3
28,1.57,52.6,21.34,Male,low,75,2807,814.6,8.9,2.6,Strength,137,137,76,1.16,25.2,3,2
53,1.98,114.9,29.31,Male,moderate,82,9827,344.4,7.7,2.16,Cardio,123,116,81,1.22,25.7,5,3
27,1.73,59.2,19.78,Male,moderate,86,7823,492.6,6.2,3.11,Strength,199,108,73,1.98,18.4,6,2
38,1.78,70.0,22.09,Male,high,111,4274,528.0,7.1,1.45,Cardio,170,103,75,1.0,11.0,6,2
37,1.88,84.7,23.96,Female,low,130,7984,331.1,4.6,1.7,Cardio,166,100,73,0.65,23.4,6,1
25,1.53,71.1,30.37,Male,high,139,2499,564.6,8.6,2.39,Yoga,173,97,76,1.38,22.9,2,1
53,1.93,110.3,29.61,Female,low,162,10052,840.0,7.3,2.47,None,144,110,69,1.33,20.8,4,1
46,1.9,112.6,31.19,Female,high,70,3278,389.9,6.1,1.8,None,129,83,73,1.66,17.0,3,1
59,1.89,69.4,19.43,Female,high,73,12368,564.2,8.3,2.26,None,126,159,66,1.93,31.1,4,2
29,1.51,51.9,22.76,Male,high,130,14220,416.1,4.3,1.3,Yoga,184,116,56,0.96,19.3,1,1
31,1.76,60.8,19.63,Female,moderate,148,7179,886.5,6.7,1.03,Yoga,138,141,65,1.58,13.2,2,1
38,1.53,80.6,34.43,Female,low,70,3127,354.4,7.7,3.26,None,126,81,67,1.15,29.0,1,3
39,1.78,66.6,21.02,Female,high,104,3148,276.5,7.5,2.1,Strength,164,97,58,1.68,25.9,4,2
38,1.86,79.0,22.84,Male,low,92,13577,299.8,4.1,1.58,Strength,197,106,79,0.75,17.7,5,3
61,1.56,101.9,41.87,Female,moderate,155,5528,456.9,5.1,1.82,Yoga,157,97,55,1.25,13.8,3,3
47,1.85,76.5,22.35,Male,high,164,10328,587.0,8.3,2.29,Strength,126,90,78,0.62,21.0,3,3
56,1.72,59.8,20.21,Female,low,175,3204,667.6,5.3,3.37,None,165,143,75,1.34,11.6,6,1
37,1.91,71.8,19.68,Female,high,79,14654,593.7,6.4,2.8,Cardio,186,87,56,0.75,15.6,5,2
41,1.77,100.7,32.14,Male,low,127,13468,833.9,8.9,3.37,Strength,194,84,68,1.94,34.1,3,3
40,1.67,76.8,27.54,Male,high,96,14419,452.2,7.0,1.28,None,127,133,79,1.33,13.8,6,3
24,1.67,63.7,22.84,Female,moderate,121,13009,698.6,6.8,1.45,None,122,76,72,1.29,16.9,2,2
26,1.95,77.1,20.28,Female,moderate,92,6293,387.7,6.9,1.91,None,131,154,65,1.96,13.5,5,1
18,1.73,79.1,26.43,Female,moderate,175,4436,677.2,4.9,1.61,Strength,162,126,65,1.25,32.8,4,3
43,1.7,67.2,23.25,Male,high,167,5822,848.1,7.4,3.39,Cardio,126,75,73,1.52,33.1,4,2
55,1.52,119.7,51.81,Male,moderate,145,5265,884.9,4.1,1.43,Strength,167,144,71,0.57,11.5,2,1
55,1.68,102.6,36.35,Female,moderate,95,8664,710.8,5.6,1.42,None,199,128,71,1.56,32.5,6,1
61,1.92,96.9,26.29,Female,low,176,11787,859.7,5.5,2.22,None,164,93,56,0.66,13.6,3,1
39,1.88,109.1,30.87,Male,low,60,3380,676.3,4.4,2.74,None,144,102,56,1.67,19.9,1,1
61,1.61,95.0,36.65,Male,moderate,101,3034,874.2,5.7,1.95,Yoga,123,79,84,1.82,24.7,4,1
27,1.71,104.3,35.67,Female,moderate,116,7810,828.6,7.0,1.11,Strength,123,150,67,0.97,21.6,5,2
23,1.6,75.9,29.65,Male,high,66,8941,274.6,5.9,2.91,Cardio,169,104,60,1.82,13.4,3,1
34,1.98,82.5,21.04,Female,moderate,131,10152,531.9,4.1,3.36,Strength,177,155,69,1.22,29.8,5,3
55,1.8,48.5,14.97,Male,moderate,131,5544,443.2,7.1,3.03,None,184,93,65,1.36,27.2,3,2
41,1.88,66.0,18.67,Female,low,149,8938,218.9,5.5,3.1,None,186,116,78,1.12,33.5,4,3
27,1.86,72.6,20.99,Female,low,147,1711,526.8,9.0,3.12,Yoga,147,99,82,1.21,18.8,5,3
25,1.94,91.9,24.42,Female,moderate,86,12002,303.8,8.5,2.9,None,194,109,58,1.86,20.8,5,1
38,1.97,79.8,20.56,Male,moderate,143,8480,225.5,6.4,3.01,Strength,156,83,73,1.92,18.7,2,1
23,1.52,90.6,39.21,Female,high,163,10182,511.5,5.8,1.19,Strength,121,113,83,1.17,11.6,3,2
38,1.99,98.5,24.87,Female,moderate,126,9575,362.7,4.3,1.14,Strength,192,130,68,1.27,11.4,4,2
56,1.94,48.2,12.81,Male,low,119,7378,854.7,4.0,1.19,None,180,112,72,0.67,29.0,6,3
41,1.69,64.4,22.55,Female,moderate,130,7431,768.9,8.0,2.48,Yoga,170,89,71,0.99,17.1,2,1
50,1.92,57.8,15.68,Female,high,134,4763,869.3,6.5,1.6,Strength,150,120,62,1.27,22.2,2,1
35,1.87,59.1,16.9,Female,low,154,13909,817.0,5.6,1.07,Cardio,162,111,67,0.8,34.5,1,3
45,1.9,82.7,22.91,Male,high,162,3063,709.6,6.8,1.19,Cardio,147,134,77,1.36,10.4,4,1
49,1.61,100.5,38.77,Male,moderate,97,4250,618.3,5.5,1.17,Cardio,158,136,83,1.53,22.9,1,2
29,1.82,65.5,19.77,Male,high,77,11740,245.8,5.9,2.57,Strength,184,105,69,1.47,23.0,3,3
59,1.51,106.8,46.84,Male,low,78,5594,386.1,4.4,1.36,Yoga,135,104,65,1.16,35.0,2,1
44,1.92,111.9,30.35,Female,high,82,11287,697.5,6.2,3.11,None,186,140,70,1.65,30.9,4,3
27,1.98,71.3,18.19,Male,moderate,102,5431,480.8,4.7,3.48,Yoga,198,81,72,0.98,11.7,5,1
63,1.83,96.1,28.7,Male,moderate,149,3813,427.8,6.2,2.1,None,187,104,66,1.2,13.9,2,1
59,1.76,53.8,17.37,Male,moderate,67,12047,272.8,7.9,2.34,None,155,107,77,0.91,10.8,6,1
49,1.86,100.8,29.14,Female,high,118,1480,249.1,5.2,1.65,None,149,112,66,1.41,14.9,4,2
59,1.66,57.4,20.83,Female,moderate,138,13668,347.0,5.1,2.64,None,142,158,60,1.16,15.3,2,3
43,1.81,96.6,29.49,Female,moderate,119,5972,784.2,7.6,3.29,Strength,182,93,78,0.83,12.2,3,2
42,1.86,76.6,22.14,Male,low,87,1547,664.1,6.7,1.45,Cardio,188,83,60,0.96,23.2,4,2
28,1.57,114.6,46.49,Female,low,105,11076,438.7,6.1,3.38,Strength,166,106,58,0.92,34.4,6,3
40,1.57,79.8,32.37,Female,low,72,10781,242.7,4.2,1.55,Yoga,130,104,83,1.87,30.1,3,3
51,1.86,47.3,13.67,Male,high,114,13775,331.9,6.4,1.66,None,138,80,84,1.28,15.1,4,1
57,1.72,81.1,27.41,Female,moderate,99,7378,514.9,6.0,3.28,Strength,181,135,78,1.48,29.6,3,1
40,1.94,104.7,27.82,Male,moderate,62,12291,307.3,4.8,2.48,Strength,191,155,55,1.9,34.6,1,3
46,1.66,93.5,33.93,Male,moderate,82,9955,733.8,8.7,1.08,Strength,162,111,80,0.77,30.9,4,1
48,1.52,117.5,50.86,Female,low,135,9065,752.0,6.0,3.01,None,194,153,71,1.91,21.7,3,1
24,1.82,108.2,32.67,Male,low,81,12420,295.8,4.0,2.61,None,128,145,58,1.31,16.7,6,3
57,1.84,84.5,24.96,Male,low,94,7331,708.8,8.8,2.86,None,144,152,71,1.78,28.7,4,2
50,1.78,60.5,19.09,Male,high,62,5793,558.6,6.3,1.4,Strength,197,94,59,0.75,29.7,5,3
38,1.84,45.3,13.38,Male,low,111,4555,873.7,7.1,3.18,Strength,150,104,81,0.91,17.4,5,3
19,1.76,118.5,38.26,Male,moderate,102,1388,751.3,5.9,2.96,Yoga,132,92,79,0.79,15.6,3,2
35,1.85,115.4,33.72,Male,low,156,13300,609.7,7.9,3.39,Cardio,184,137,84,1.48,26.8,5,1
64,1.52,65.6,28.39,Female,high,177,13613,622.5,5.5,2.02,Cardio,149,135,63,0.71,32.2,3,2
50,1.68,92.9,32.92,Male,high,107,10712,325.2,6.3,2.3,None,192,131,79,1.69,10.5,5,2
54,1.61,99.7,38.46,Male,low,150,10146,825.5,6.1,2.75,Cardio,148,96,60,0.88,34.7,2,3
51,1.55,88.4,36.8,Male,moderate,85,4570,591.5,6.2,1.26,None,137,123,66,0.88,14.8,2,1
37,1.62,108.2,41.23,Male,low,127,6114,601.9,7.1,1.53,None,122,92,71,0.92,18.7,4,1
52,1.6,50.8,19.84,Female,low,133,8559,602.8,7.9,1.72,Strength,154,135,80,1.62,11.3,6,2
35,1.99,112.2,28.33,Female,high,117,12344,393.4,6.0,3.36,Cardio,185,156,75,1.89,11.4,3,3
63,1.64,74.4,27.66,Male,high,167,5609,768.5,7.1,1.0,Yoga,123,152,64,1.86,16.8,5,2
41,1.62,81.1,30.9,Female,low,109,2889,803.6,4.3,3.48,None,160,142,56,0.65,24.1,6,1
25,1.92,78.4,21.27,Male,low,153,7403,401.5,4.4,1.99,None,198,81,82,0.89,32.5,4,1
47,1.71,84.8,29.0,Male,low,176,1802,509.2,4.5,2.62,Yoga,149,81,55,1.51,11.7,2,3
61,1.71,89.9,30.74,Male,moderate,111,10136,325.4,5.1,2.03,Cardio,130,139,67,1.43,23.6,2,3
27,1.72,98.3,33.23,Male,high,153,4174,367.0,4.9,2.96,Yoga,152,114,75,1.03,20.4,3,2
40,1.71,84.4,28.86,Female,moderate,102,10841,435.2,6.4,3.38,Cardio,157,98,75,1.79,34.7,6,3
28,1.66,96.4,34.98,Female,high,175,10106,831.4,5.3,2.12,Cardio,124,106,55,0.7,14.7,2,2
19,1.64,70.4,26.17,Male,high,87,9966,638.3,7.4,1.45,Cardio,178,84,67,1.46,19.2,4,3
43,1.94,115.3,30.64,Male,low,107,6533,611.6,7.9,1.56,Cardio,170,83,83,0.91,10.8,4,2
53,1.58,49.8,19.95,Female,high,111,13093,862.7,6.0,1.66,Cardio,184,113,77,1.29,32.9,4,1
50,1.59,85.9,33.98,Female,high,138,4350,753.9,8.4,1.55,Cardio,187,77,57,1.08,25.6,1,1
64,1.79,51.6,16.1,Male,low,96,10669,211.2,6.9,1.03,None,177,143,65,1.97,24.7,3,1
30,1.67,78.2,28.04,Female,high,78,2178,287.0,8.4,3.15,Strength,167,81,83,1.23,11.2,2,1
57,1.71,64.3,21.99,Male,low,82,9049,373.4,6.3,2.7,None,177,86,76,1.96,12.5,1,1
42,1.9,115.3,31.94,Female,high,113,8957,412.7,5.7,2.29,None,156,97,70,0.88,29.8,4,1
21,1.95,46.0,12.1,Female,low,140,3444,783.8,6.7,1.37,Yoga,126,137,72,1.65,23.7,3,3
59,1.9,74.3,20.58,Female,high,127,6706,738.9,5.9,1.1,Strength,179,91,84,1.58,15.0,1,3
36,1.62,103.7,39.51,Female,low,176,3079,301.8,5.6,1.96,Strength,178,152,79,1.77,23.7,2,3
35,1.99,59.1,14.92,Male,low,142,9878,573.8,4.5,1.01,Strength,129,138,56,1.54,34.2,2,2
54,1.68,106.2,37.63,Male,low,124,13549,276.4,6.4,1.14,Cardio,152,139,72,1.52,12.6,5,3
47,1.58,109.5,43.86,Female,high,95,2597,321.0,7.2,1.18,Cardio,170,102,71,1.49,34.3,3,3
36,1.75,98.1,32.03,Male,low,102,14887,369.5,8.0,3.04,Cardio,197,132,55,1.98,29.4,5,2
40,1.86,60.7,17.55,Female,high,170,10637,833.7,8.3,2.82,None,155,92,82,0.84,13.6,4,2
33,1.54,65.4,27.58,Female,moderate,113,2158,456.0,4.8,1.77,Strength,157,118,58,0.55,30.4,2,1
18,1.82,57.5,17.36,Male,low,166,9126,841.1,5.9,1.76,Strength,174,138,77,1.52,28.6,4,3
29,1.93,58.8,15.79,Male,low,144,5379,725.5,7.1,1.86,None,149,111,74,0.76,24.3,5,3
41,1.63,47.7,17.95,Male,moderate,66,6402,724.6,7.2,2.41,Cardio,145,77,75,1.52,29.4,2,2
51,1.85,109.3,31.94,Female,low,149,12551,762.4,8.4,3.15,Yoga,161,88,60,0.98,13.5,6,1
25,1.7,84.6,29.27,Male,high,143,6832,267.2,6.6,2.19,Strength,166,81,75,0.57,28.0,3,3
35,1.71,69.6,23.8,Male,low,61,7119,770.2,6.7,1.37,None,138,91,59,1.65,26.0,6,2
22,1.64,66.7,24.8,Male,low,148,4219,376.8,5.8,1.4,Cardio,196,144,84,0.58,17.1,1,2
43,1.81,85.9,26.22,Male,low,169,12478,888.8,8.8,1.14,None,199,157,74,0.84,27.3,4,3
47,1.68,69.5,24.62,Female,high,129,3347,793.7,5.1,2.85,Yoga,144,153,84,1.0,27.0,4,2
30,1.92,109.8,29.79,Female,low,89,3788,897.7,7.6,2.0,Yoga,137,113,63,0.7,16.0,2,2
36,1.98,60.8,15.51,Female,high,160,5831,856.0,6.6,3.3,Cardio,128,79,75,1.87,13.7,2,3
46,1.97,111.2,28.65,Female,moderate,156,10849,451.8,5.3,1.78,None,136,153,79,1.43,19.1,5,1
20,1.58,94.8,37.97,Female,low,96,9690,859.2,5.0,3.0,Cardio,123,126,84,1.81,20.0,4,3
43,1.51,116.7,51.18,Female,low,87,1566,431.2,6.9,2.24,None,174,100,58,1.52,30.6,4,1
57,1.72,46.1,15.58,Female,low,153,12777,661.5,4.2,3.12,None,173,113,79,1.99,20.9,4,2
29,1.86,49.4,14.28,Male,high,115,12563,773.1,8.8,2.4,Yoga,147,119,59,1.29,28.4,1,3
19,1.99,82.6,20.86,Female,moderate,168,11056,467.4,5.7,1.48,None,159,151,62,0.58,21.6,4,3
28,1.89,113.4,31.75,Female,moderate,123,4002,342.7,9.0,3.0,None,128,105,71,0.74,11.7,5,1
61,1.79,99.8,31.15,Female,low,133,3891,826.4,6.8,1.01,Yoga,155,151,69,1.38,26.3,4,2
45,1.51,91.7,40.22,Female,low,138,7305,272.3,5.5,2.26,Strength,127,97,74,1.02,32.4,5,3
35,1.91,47.4,12.99,Male,moderate,142,11130,455.5,5.2,1.49,Strength,181,114,67,0.67,23.0,2,3
30,1.59,71.6,28.32,Female,low,112,4290,578.4,7.8,1.85,Strength,168,106,69,0.86,27.6,5,2
54,1.53,70.9,30.29,Female,moderate,135,5098,763.3,4.3,2.02,Strength,189,78,83,1.21,29.5,4,1
39,1.93,85.7,23.01,Male,moderate,158,9679,808.2,7.9,2.4,None,161,155,58,1.28,21.7,3,3
29,1.78,64.3,20.29,Female,high,154,12902,558.1,7.2,1.89,Strength,121,158,72,1.9,16.2,2,2
19,1.56,65.0,26.71,Female,low,71,14285,601.4,5.7,2.61,Strength,150,120,73,0.64,31.5,6,3
54,1.69,91.6,32.07,Female,low,117,8807,797.7,6.8,1.47,None,195,149,78,1.04,30.7,1,3
24,1.54,115.8,48.83,Female,low,163,2464,526.9,8.4,2.97,Strength,138,116,82,1.26,31.5,1,3
43,1.82,94.5,28.53,Female,high,71,3607,591.4,8.7,2.5,Strength,184,113,62,0.67,30.6,3,1
43,1.64,95.1,35.36,Female,high,145,11679,212.9,8.7,1.88,Cardio,193,144,68,1.53,13.3,3,2
41,1.93,119.0,31.95,Female,high,149,7131,865.8,6.6,2.33,Strength,179,130,55,1.27,20.4,2,3
29,1.68,56.5,20.02,Male,high,169,4090,596.7,6.9,2.01,Cardio,181,121,56,1.19,14.8,4,3
33,1.75,47.5,15.51,Male,moderate,66,12959,709.3,4.9,3.19,Strength,179,112,74,1.48,13.9,2,3
40,1.53,100.9,43.1,Female,high,102,10024,373.5,8.6,2.37,None,135,92,81,0.93,29.5,1,1
57,1.64,77.9,28.96,Male,high,126,4254,659.6,4.3,2.97,Strength,126,76,83,1.01,22.0,2,3
26,1.84,77.2,22.8,Female,moderate,174,1606,522.0,6.4,2.99,Yoga,196,128,76,0.74,12.3,4,2
49,1.87,61.9,17.7,Male,moderate,95,12085,278.7,5.0,2.83,None,187,155,57,1.29,20.2,4,1
32,1.62,83.0,31.63,Female,low,118,2312,781.1,6.2,2.88,Strength,193,104,70,1.06,34.8,6,2
54,1.75,78.2,25.53,Male,low,164,1668,787.5,7.4,1.56,Strength,131,78,77,0.89,15.3,1,3
30,1.91,70.9,19.43,Female,low,167,9906,244.6,6.1,3.18,None,124,81,57,0.69,19.9,6,3
22,1.69,78.2,27.38,Male,moderate,91,13260,473.4,8.6,2.77,Yoga,166,153,78,0.53,24.9,5,1
28,1.57,73.8,29.94,Male,low,106,6055,397.0,7.2,1.13,None,130,131,60,0.79,15.0,1,3
27,1.72,115.5,39.04,Female,moderate,66,1493,561.5,6.8,2.62,Yoga,153,104,62,0.87,34.2,5,2
30,1.8,118.5,36.57,Female,moderate,175,1895,542.2,6.2,2.21,None,198,118,77,1.23,25.9,4,2
58,1.5,108.0,48.0,Male,moderate,106,3885,659.5,5.7,1.36,None,170,151,66,0.86,15.7,6,2
63,1.67,119.3,42.78,Male,moderate,101,10832,373.2,8.5,2.18,Cardio,124,103,59,1.73,21.2,4,3
32,1.8,64.9,20.03,Female,low,120,11898,355.2,6.1,3.31,Cardio,167,110,59,1.21,19.0,6,3
59,1.98,108.2,27.6,Male,low,139,13301,706.3,6.9,3.19,None,150,122,57,1.44,13.1,4,1
24,1.7,75.5,26.12,Female,high,110,2584,883.3,6.5,1.22,Cardio,159,93,58,0.81,17.1,3,1
57,1.58,101.0,40.46,Male,high,115,9977,862.4,7.0,2.1,Strength,126,137,78,1.12,23.8,2,2
45,1.77,60.1,19.18,Male,high,95,8098,754.4,5.1,2.27,Strength,159,76,59,1.4,12.2,5,2
49,1.64,105.9,39.37,Female,low,102,5153,247.2,8.9,2.73,Strength,188,88,83,0.97,11.2,2,1
52,1.61,51.3,19.79,Female,moderate,82,6121,366.4,5.9,2.92,Cardio,133,154,79,1.0,23.5,2,1
32,1.8,65.3,20.15,Female,low,174,4557,682.7,5.3,3.07,Cardio,129,109,57,1.71,20.9,1,2
53,1.96,106.6,27.75,Male,moderate,72,7995,407.0,4.2,2.49,Strength,168,95,64,1.76,14.7,1,1
38,1.92,101.0,27.4,Male,moderate,104,12649,475.5,8.2,3.21,None,136,91,73,1.3,27.8,6,3
23,1.59,82.6,32.67,Male,moderate,131,10777,867.6,7.3,2.39,Strength,170,156,78,1.84,12.2,5,3
18,1.88,95.5,27.02,Female,high,109,12004,260.4,5.5,1.06,Cardio,199,106,62,1.61,16.8,6,1
21,1.61,58.9,22.72,Male,moderate,159,12394,802.9,5.9,2.15,Yoga,181,97,82,0.58,12.5,1,1
28,1.65,95.1,34.93,Male,moderate,145,3897,235.2,6.4,1.4,Strength,149,80,77,1.34,28.2,1,3
61,1.96,45.6,11.87,Female,moderate,90,13820,436.6,6.1,2.44,Strength,174,103,60,1.55,25.8,6,3
43,1.96,107.5,27.98,Male,high,97,1541,588.8,6.1,2.7,Cardio,153,137,77,1.31,14.7,6,2
54,1.58,83.7,33.53,Male,moderate,170,5310,449.5,7.1,2.7,Cardio,188,144,61,1.75,23.9,5,1
40,1.53,115.8,49.47,Female,high,175,1440,870.0,8.2,2.23,Cardio,152,155,60,0.95,27.4,2,3
46,1.65,80.9,29.72,Female,moderate,137,2023,553.1,5.9,2.79,Cardio,124,78,67,0.6,10.9,3,1
38,1.79,77.5,24.19,Female,low,128,6768,713.7,4.9,1.29,Strength,161,132,67,1.45,26.6,2,3
62,1.94,78.8,20.94,Female,low,90,12266,691.4,4.2,3.37,Cardio,122,105,79,1.6,17.8,5,3
62,1.56,72.0,29.59,Female,high,113,7617,784.6,6.2,3.11,Yoga,182,96,75,1.65,13.4,2,1
44,1.71,57.5,19.66,Female,moderate,132,2171,804.7,5.1,3.14,None,157,101,59,0.52,30.5,1,2
56,1.64,108.2,40.23,Female,low,67,13203,526.4,5.1,1.08,Cardio,132,159,60,1.51,25.2,3,3
57,1.51,74.2,32.54,Female,moderate,71,9726,804.1,4.4,1.57,Cardio,127,158,64,0.53,23.7,4,1
30,1.89,84.7,23.71,Female,moderate,118,2201,657.4,4.8,1.25,Strength,180,90,81,1.66,30.9,1,3
40,1.91,46.5,12.75,Male,low,128,1624,680.2,6.2,3.16,None,149,80,83,1.55,16.6,6,1
33,1.61,49.5,19.1,Female,high,114,3784,321.3,7.4,2.87,None,169,154,74,1.35,10.4,5,1
47,1.58,89.8,35.97,Female,low,91,2252,371.6,6.2,1.24,None,188,81,80,1.26,33.7,5,3
21,1.57,110.9,44.99,Male,moderate,157,3006,681.4,7.6,2.01,Cardio,157,88,64,1.57,16.6,2,2
57,1.73,82.0,27.4,Female,moderate,85,13790,385.9,7.9,2.28,Strength,178,77,79,0.59,25.8,6,3
33,1.62,57.4,21.87,Male,moderate,71,7629,543.0,7.3,2.79,Strength,121,123,82,1.75,34.4,4,3
48,1.76,53.7,17.34,Male,low,156,6796,543.0,4.1,1.73,Cardio,176,110,70,0.8,15.8,4,2
59,1.69,112.5,39.39,Female,low,68,8099,363.8,6.8,1.73,None,126,103,72,1.22,34.8,2,2
42,1.61,97.6,37.65,Male,low,60,9964,596.5,5.4,2.33,None,199,78,81,1.23,23.5,6,1
61,1.88,117.5,33.24,Female,low,74,1753,594.6,8.3,2.31,Strength,129,114,82,1.67,34.0,1,1
29,1.58,51.2,20.51,Female,high,157,8717,290.3,8.5,1.28,Yoga,148,115,57,0.79,12.2,3,2
43,1.9,112.7,31.22,Male,moderate,94,14398,466.8,6.1,2.78,Cardio,153,96,79,0.95,23.3,6,2
54,1.78,108.4,34.21,Male,high,150,12567,456.1,7.8,1.45,Yoga,191,153,55,1.49,33.6,4,3
50,1.92,112.0,30.38,Male,low,67,9188,593.5,5.9,3.12,Yoga,164,78,75,1.12,13.9,6,2
45,1.5,45.4,20.18,Female,low,65,6869,724.5,6.4,2.93,None,190,156,57,0.95,16.9,2,3
26,1.87,100.6,28.77,Female,low,81,1119,212.8,8.9,3.45,Yoga,177,97,84,1.43,15.3,3,3
29,1.53,86.2,36.82,Male,low,178,5346,292.8,4.9,1.43,Cardio,197,78,73,0.63,34.1,2,3
22,1.98,88.0,22.45,Female,moderate,164,14515,411.4,7.0,3.36,Strength,152,142,55,1.68,16.6,3,2
45,1.85,80.2,23.43,Female,moderate,167,9119,767.3,7.2,2.83,Cardio,170,92,62,1.29,13.0,3,2
52,1.66,100.7,36.54,Male,high,175,9656,536.4,8.2,3.2,Cardio,183,75,84,0.81,29.9,1,3
22,1.66,120.0,43.55,Male,low,99,14004,557.6,4.7,1.09,Cardio,157,106,73,1.11,22.8,5,2
51,1.93,98.3,26.39,Male,low,95,14647,486.4,8.5,1.8,Cardio,199,95,58,0.7,24.7,5,1
63,1.95,95.9,25.22,Male,high,106,7461,490.6,7.4,1.07,Yoga,131,112,70,1.42,25.2,4,1
51,1.95,94.1,24.75,Male,high,136,7490,884.3,9.0,1.45,None,182,100,59,1.5,25.3,5,3
30,1.9,97.1,26.9,Male,low,134,7968,829.0,6.7,3.21,Strength,184,115,59,1.11,21.4,4,2
56,1.91,70.7,19.38,Male,high,136,13439,708.1,7.1,2.03,None,179,123,82,1.01,34.4,6,1
59,1.79,69.0,21.53,Male,moderate,104,6924,426.9,5.0,2.68,Yoga,139,159,56,1.77,14.4,4,3
62,1.51,103.8,45.52,Male,moderate,175,5081,559.6,6.0,2.21,None,185,115,77,1.36,33.9,3,1
31,1.54,49.0,20.66,Male,low,130,9379,682.6,7.9,2.18,None,137,133,60,1.5,17.3,4,3
28,1.82,101.9,30.76,Female,low,168,7344,476.2,5.5,2.62,Yoga,161,78,84,0.69,14.7,2,3
59,1.7,106.0,36.68,Female,low,154,8440,567.1,8.7,2.09,None,193,87,81,1.57,25.6,6,3
55,1.78,84.1,26.54,Male,low,127,2194,302.0,7.8,1.05,Strength,125,135,61,1.17,32.3,2,1
21,1.62,113.3,43.17,Female,high,171,3303,265.5,5.1,3.0,Yoga,185,125,69,1.05,19.1,3,3
50,1.82,80.5,24.3,Female,high,114,14526,317.1,8.6,1.68,Strength,199,109,64,1.89,11.9,1,3
24,1.62,58.4,22.25,Female,moderate,159,13683,729.0,5.2,2.68,None,188,139,64,0.58,23.4,3,1
58,1.73,72.1,24.09,Female,moderate,130,13018,333.0,6.7,2.65,Cardio,141,123,73,0.79,34.6,3,3
25,1.74,112.9,37.29,Female,moderate,97,12268,847.3,7.0,1.36,Cardio,141,123,78,1.06,19.7,5,1
54,1.59,119.5,47.27,Female,moderate,114,4166,458.0,5.9,1.41,Yoga,184,88,70,0.99,10.5,5,3
27,1.94,76.6,20.35,Male,moderate,156,4462,318.3,5.3,2.12,Cardio,168,111,76,1.27,22.5,3,2
60,1.76,57.5,18.56,Male,moderate,134,7070,777.7,4.3,1.85,Cardio,196,104,77,1.1,19.6,2,2
32,1.93,66.5,17.85,Female,moderate,151,2866,519.7,8.3,1.68,Cardio,131,88,63,1.68,11.7,3,1
55,1.63,86.5,32.56,Female,high,75,7648,471.9,4.8,1.77,Yoga,182,149,78,1.65,31.9,2,3
32,1.59,87.9,34.77,Male,moderate,104,7475,430.6,5.2,1.64,Strength,132,101,62,1.66,25.5,1,1
22,1.51,92.3,40.48,Female,high,83,6797,431.4,8.2,1.28,Cardio,181,136,73,1.05,13.9,5,3
46,1.55,107.7,44.83,Female,high,108,4968,664.4,5.7,1.22,Yoga,178,77,55,1.11,33.1,4,1
36,1.57,98.3,39.88,Female,moderate,111,14127,578.5,7.2,3.2,Strength,130,144,82,1.58,24.4,2,2
27,1.54,64.6,27.24,Female,high,84,1080,527.3,6.9,3.04,Yoga,120,113,71,0.69,27.2,6,1
29,1.95,74.6,19.62,Female,low,149,14107,512.9,7.9,2.24,Cardio,187,93,80,1.78,24.6,2,2
21,1.96,108.0,28.11,Male,moderate,81,3068,299.4,7.2,1.8,Cardio,128,150,72,1.31,34.5,1,2
48,1.97,92.5,23.83,Male,low,139,9318,779.5,5.9,2.72,None,122,113,78,1.77,32.3,5,2
35,1.98,57.5,14.67,Female,low,103,11139,848.8,8.2,1.27,None,191,84,80,1.69,10.4,6,1
33,1.75,69.4,22.66,Male,high,142,10188,761.5,7.2,1.25,None,128,121,69,1.06,10.4,5,1
57,1.77,104.3,33.29,Female,moderate,108,10054,515.9,6.3,1.35,Strength,188,97,60,0.65,22.2,6,2
53,1.57,57.9,23.49,Female,low,113,11709,880.5,5.8,2.73,Yoga,141,133,76,1.88,17.9,6,1
42,1.57,96.8,39.27,Female,moderate,134,10012,633.1,7.0,3.05,Strength,188,157,71,1.02,23.5,5,3
40,1.89,87.3,24.44,Female,moderate,123,11799,741.9,4.1,2.34,None,142,94,72,1.06,18.5,2,2
29,1.93,56.1,15.06,Female,low,105,13542,718.9,7.8,1.42,None,199,119,75,1.86,32.0,5,3
51,1.89,96.7,27.07,Female,low,60,1044,695.5,7.7,1.84,Cardio,124,118,73,1.88,14.2,5,2
53,1.92,55.7,15.11,Female,moderate,90,3144,649.4,6.3,3.06,Strength,158,92,56,0.89,11.4,4,3
54,1.64,74.9,27.85,Female,moderate,158,3787,348.1,5.9,2.28,Cardio,122,122,84,0.63,18.6,2,2
20,1.73,68.1,22.75,Female,moderate,137,6015,406.1,8.0,2.13,Cardio,145,149,79,0.5,13.5,2,2
26,1.73,96.8,32.34,Male,high,168,13727,820.7,4.8,2.65,Yoga,127,75,80,1.16,24.8,6,2
35,2.0,103.7,25.92,Female,high,179,5472,326.0,7.7,1.89,None,171,106,61,1.35,21.8,6,1
60,1.97,57.6,14.84,Male,moderate,176,1703,306.4,4.1,1.01,Cardio,188,138,71,0.91,27.7,5,3
52,1.8,105.9,32.69,Male,moderate,111,14315,398.9,8.5,3.35,Cardio,125,81,69,0.89,11.8,3,2
51,1.57,45.5,18.46,Female,low,133,11184,453.7,8.8,2.78,None,146,145,70,1.04,28.9,5,1
58,1.63,84.8,31.92,Male,low,62,1206,587.2,7.6,3.4,None,141,120,81,0.89,16.9,2,2
31,1.68,83.8,29.69,Female,high,121,9608,623.9,7.7,3.13,Yoga,175,98,71,1.79,26.8,2,3
21,1.94,91.8,24.39,Female,high,87,8300,753.5,5.8,1.93,Yoga,162,143,57,1.46,17.3,4,2
46,1.59,63.0,24.92,Female,low,69,9637,251.4,8.4,1.95,Cardio,146,110,64,1.74,30.8,1,1
58,1.61,45.7,17.63,Female,high,101,9665,345.8,5.5,1.36,Cardio,164,141,60,1.79,30.9,5,2
62,1.67,79.1,28.36,Male,moderate,85,4458,553.6,6.8,3.02,Cardio,165,124,83,1.15,17.7,1,2
32,1.96,50.4,13.12,Male,high,81,5831,375.6,7.7,2.55,Strength,152,133,56,1.22,32.7,6,2
45,1.75,111.9,36.54,Female,high,90,7324,811.4,6.9,1.64,Yoga,147,132,65,1.97,18.0,5,2
59,1.82,58.0,17.51,Male,moderate,91,3665,648.1,6.5,3.4,Cardio,170,120,62,1.73,32.4,4,1
33,1.69,76.9,26.92,Male,moderate,95,9980,543.2,5.1,2.92,None,183,144,68,1.7,14.8,6,2
29,1.59,77.6,30.69,Male,moderate,130,6940,200.3,7.3,3.21,Yoga,154,97,66,1.38,17.2,1,3
22,1.61,86.5,33.37,Female,low,131,3457,801.1,7.8,1.44,Yoga,155,86,74,1.19,32.1,3,3
51,1.9,103.7,28.73,Male,moderate,170,9346,522.6,6.8,2.48,Cardio,125,102,78,1.84,12.0,5,2
59,1.95,80.4,21.14,Male,low,88,3019,572.0,8.1,3.48,Strength,177,132,82,1.71,27.5,5,1
18,1.75,46.9,15.31,Male,high,131,12822,688.8,7.0,1.87,Cardio,142,135,61,1.28,27.0,4,3
56,1.68,102.8,36.42,Female,high,129,7176,856.2,7.7,2.01,Strength,133,129,72,0.91,34.3,5,2
49,1.9,51.2,14.18,Male,high,176,4284,310.7,8.7,2.34,Strength,192,108,79,0.72,34.3,4,2
43,1.84,93.1,27.5,Male,moderate,121,5436,249.8,5.4,1.11,None,175,92,59,1.33,22.0,5,1
34,1.52,105.3,45.58,Female,high,178,10784,285.3,6.2,1.56,Cardio,198,109,60,0.94,26.5,5,2
44,1.68,66.2,23.46,Male,low,148,5111,718.5,8.5,1.81,Strength,144,122,67,0.9,13.9,6,1
41,1.84,78.7,23.25,Female,high,101,5900,290.5,6.4,1.02,Yoga,139,111,84,0.66,15.7,6,3
52,1.79,46.1,14.39,Female,high,115,3440,550.7,4.0,1.79,Cardio,190,115,56,0.55,24.0,3,2
63,1.99,105.3,26.59,Female,low,96,2180,694.5,4.2,2.36,Strength,137,80,73,1.68,15.9,2,1
59,1.93,97.7,26.23,Female,low,151,2939,698.9,4.5,1.05,Yoga,136,157,80,0.66,15.4,5,2
56,1.53,62.4,26.66,Female,low,91,3951,484.4,6.0,2.33,None,133,154,82,1.83,10.6,6,2
43,1.86,74.3,21.48,Female,low,94,6837,689.0,5.9,3.0,None,145,113,62,0.82,11.8,5,3
55,1.67,97.1,34.82,Male,low,136,1430,865.0,7.1,1.37,Cardio,151,78,65,1.64,27.8,1,2
40,1.84,71.9,21.24,Female,high,70,4301,219.6,5.1,3.4,Cardio,178,90,75,1.73,10.4,4,1
39,1.81,57.2,17.46,Male,moderate,66,10001,670.0,6.1,2.04,Cardio,190,126,70,1.69,32.4,5,1
21,1.75,83.9,27.4,Male,moderate,171,10734,565.8,7.5,2.1,Cardio,176,93,80,1.81,12.0,3,1
26,1.93,99.3,26.66,Female,moderate,170,6691,348.8,8.9,2.29,Cardio,192,91,55,1.01,13.9,6,2
21,1.85,69.1,20.19,Male,low,178,13176,415.4,6.4,1.98,Strength,131,119,79,1.98,18.5,5,2
24,1.94,54.1,14.37,Male,high,179,2225,786.0,4.0,2.63,Yoga,122,76,83,0.92,28.2,6,3
40,1.64,107.2,39.86,Male,low,69,2853,610.8,7.1,1.44,Cardio,151,76,81,1.9,27.5,4,2
19,1.67,64.0,22.95,Female,moderate,150,13530,210.2,6.6,3.3,Yoga,134,129,70,1.16,16.2,5,1
41,1.81,83.5,25.49,Male,high,129,6495,875.8,5.8,3.17,Strength,128,78,66,0.59,18.2,1,1
57,1.98,96.9,24.72,Male,moderate,118,7872,666.3,5.7,2.61,Strength,168,158,71,1.68,30.5,4,3
48,1.69,68.8,24.09,Female,high,66,4158,509.8,7.6,2.97,Strength,163,86,63,1.68,22.4,2,1
64,1.52,93.6,40.51,Male,high,103,14611,698.6,5.6,2.77,Cardio,147,128,80,0.8,21.5,1,1
48,1.72,79.5,26.87,Male,moderate,77,5980,343.2,8.9,2.19,None,164,134,60,1.74,25.8,3,1
64,1.77,87.8,28.03,Male,low,136,3535,382.3,4.5,1.39,None,132,103,61,0.74,21.4,6,3
57,1.9,89.3,24.74,Female,low,72,8405,306.5,4.4,1.81,Cardio,166,135,67,0.73,20.9,4,3
60,1.86,106.8,30.87,Male,moderate,73,3339,478.0,8.6,3.21,Cardio,140,120,71,1.71,30.0,3,1
51,1.98,94.2,24.03,Male,moderate,75,1703,833.3,6.1,2.66,Cardio,169,123,64,0.94,33.3,5,1
41,1.89,64.8,18.14,Female,high,77,14777,472.0,6.4,3.16,Strength,166,92,65,0.62,23.7,1,2
43,1.65,49.5,18.18,Female,moderate,121,14286,401.7,4.5,3.19,None,124,150,68,1.93,17.2,5,2
33,1.82,45.1,13.62,Female,high,107,9709,692.5,5.8,2.32,None,126,148,71,1.34,33.7,2,1
64,1.84,112.8,33.32,Male,high,167,9526,808.7,6.8,2.09,Yoga,157,98,70,1.17,27.5,6,2
30,2.0,115.7,28.92,Female,high,120,2047,371.0,4.4,2.07,Yoga,156,91,59,1.26,26.4,2,1
32,1.57,52.1,21.14,Female,high,153,14046,765.5,7.5,2.11,None,151,130,72,1.51,25.2,1,1
44,1.6,81.5,31.84,Female,moderate,72,12292,413.4,7.2,3.37,None,175,126,65,1.79,28.5,2,2
21,1.58,56.4,22.59,Male,low,97,5713,373.1,6.9,1.38,Strength,162,145,64,1.51,29.4,3,3
33,1.79,116.2,36.27,Female,moderate,108,3284,531.1,5.9,1.38,Yoga,186,94,82,1.61,29.8,5,3
47,1.57,63.5,25.76,Female,moderate,82,14455,246.7,5.9,1.97,Cardio,146,103,75,0.77,34.4,6,3
61,1.83,82.6,24.66,Female,low,177,10142,803.6,8.3,3.0,Strength,170,157,75,1.08,20.3,5,1
47,1.9,57.4,15.9,Female,low,78,3120,812.0,4.2,3.13,Yoga,167,149,76,1.38,16.1,4,1
53,1.72,70.0,23.66,Female,low,131,1453,674.2,7.8,3.06,Cardio,191,124,79,1.43,19.9,2,3
20,1.78,65.0,20.52,Male,high,140,10805,412.0,4.9,2.46,Cardio,172,89,60,0.91,29.2,1,3
39,1.96,80.7,21.01,Male,high,95,8056,316.7,7.9,3.14,None,167,105,64,1.96,23.5,1,3
39,1.78,76.5,24.14,Female,low,67,3871,689.2,6.4,1.48,None,129,87,65,0.68,31.6,1,1
29,1.6,69.8,27.27,Female,high,116,10755,272.2,5.8,2.5,Cardio,128,130,55,0.67,15.9,5,1
38,1.67,52.9,18.97,Female,high,157,11246,487.8,5.4,1.82,Cardio,165,93,59,0.84,28.4,6,2
21,1.76,81.3,26.25,Male,moderate,89,13000,262.2,6.4,1.68,None,129,144,56,1.63,16.2,5,2
48,1.58,108.8,43.58,Male,low,65,12932,498.5,7.5,1.25,None,155,102,65,0.55,30.0,5,2
61,1.81,99.8,30.46,Male,low,163,13956,294.1,6.8,1.91,None,129,96,68,1.98,21.0,5,3
48,2.0,99.0,24.75,Male,high,166,9764,222.5,7.2,1.09,None,146,102,78,1.98,34.7,4,1
40,1.83,72.5,21.65,Female,high,169,7209,514.8,8.7,1.88,Yoga,198,154,67,0.74,26.7,6,2
37,1.69,98.1,34.35,Female,low,62,13787,597.4,7.1,2.19,None,138,107,77,1.1,28.5,4,2
32,1.67,79.9,28.65,Female,low,83,3973,507.5,6.9,1.89,Strength,130,119,65,0.81,11.1,3,2
40,1.97,56.3,14.51,Female,low,151,11130,323.3,5.9,2.93,Strength,151,122,60,1.11,27.6,5,2
45,1.94,76.4,20.3,Male,low,83,7571,254.2,5.6,1.7,Strength,139,137,56,1.3,20.5,3,3
33,1.74,55.0,18.17,Female,low,71,9759,288.5,6.6,1.19,None,165,100,73,1.73,18.1,5,1
54,1.68,53.6,18.99,Male,low,94,13093,709.0,4.1,1.5,Cardio,179,75,79,0.55,29.9,5,1
38,1.86,46.7,13.5,Male,moderate,95,3155,211.1,6.9,3.05,Cardio,198,136,63,1.98,15.7,1,1
32,1.66,66.2,24.02,Female,moderate,142,3032,804.3,5.7,2.59,Yoga,187,146,77,1.91,14.5,2,2
34,1.56,69.8,28.68,Male,low,107,11238,788.1,7.9,2.44,None,136,77,72,1.36,18.9,6,3
54,1.66,97.5,35.38,Male,high,174,3249,816.3,4.7,2.35,Strength,184,151,68,1.22,25.7,3,3
30,1.72,85.4,28.87,Female,high,96,9000,815.1,7.6,2.87,Cardio,176,158,67,1.33,16.4,2,3
36,1.63,109.4,41.18,Male,low,98,14745,667.3,6.2,1.49,None,138,79,82,0.53,24.0,6,1
47,1.61,58.2,22.45,Male,moderate,123,2634,793.2,6.1,1.52,Strength,124,119,66,1.61,19.6,2,1
62,1.5,64.9,28.84,Female,moderate,141,10808,711.2,4.2,1.33,Strength,174,86,66,1.24,19.9,6,3
35,1.82,115.6,34.9,Male,high,62,10697,410.1,5.7,1.85,Strength,123,122,67,0.93,15.1,6,2
31,1.81,78.3,23.9,Male,high,132,1356,728.6,8.7,1.68,Strength,171,155,61,1.19,18.1,3,1
53,1.59,104.2,41.22,Female,low,169,2272,630.9,4.1,3.29,Strength,138,88,70,0.94,16.8,4,1
53,1.97,81.9,21.1,Male,high,110,11801,219.2,4.7,1.03,Yoga,150,127,71,1.55,16.1,1,2
37,1.7,80.3,27.79,Female,high,97,1695,750.5,7.9,2.19,Strength,122,119,63,1.42,12.0,4,2
36,1.51,56.1,24.6,Male,high,81,7799,809.6,6.0,2.83,Yoga,186,106,68,1.08,20.8,3,1
62,1.61,108.8,41.97,Male,low,144,5420,562.2,4.7,3.27,Strength,148,104,84,0.97,16.1,4,2
61,1.85,50.9,14.87,Female,low,74,1116,540.9,4.9,3.42,Strength,172,86,63,1.82,34.0,6,2
24,1.6,68.3,26.68,Female,low,177,4532,499.1,4.6,1.17,Strength,127,157,60,1.52,25.0,3,2
61,1.53,95.5,40.8,Male,moderate,171,13096,703.2,4.2,1.49,Strength,124,118,80,1.57,21.6,4,2
21,1.81,83.0,25.34,Female,moderate,122,10743,350.8,9.0,3.5,Yoga,183,99,84,1.43,18.4,5,2
51,1.76,111.1,35.87,Male,high,134,10543,741.8,6.4,1.78,None,146,116,55,0.61,21.5,6,3
19,1.88,47.9,13.55,Female,moderate,150,4909,404.6,5.3,1.14,Cardio,152,95,78,0.59,18.5,5,1
22,1.89,93.7,26.23,Male,moderate,93,12965,383.0,6.6,3.33,Yoga,177,135,76,1.14,31.4,3,3
27,1.98,80.8,20.61,Male,high,153,11858,766.4,5.8,2.01,Yoga,181,140,79,1.9,16.4,2,3
49,1.53,56.6,24.18,Male,high,114,9299,322.1,8.1,1.73,Yoga,145,95,79,1.29,17.0,6,3
59,1.52,100.7,43.59,Male,low,95,3636,803.8,7.0,1.38,None,133,100,77,1.81,27.7,1,1
58,1.99,75.8,19.14,Male,moderate,176,14832,884.5,8.2,2.06,Cardio,151,106,74,0.64,32.5,2,1
30,1.82,84.9,25.63,Female,low,65,7822,423.9,5.2,1.92,None,160,91,81,1.59,27.0,4,1
56,1.86,117.5,33.96,Female,low,71,12121,849.5,6.7,3.31,Cardio,133,78,55,0.87,12.1,5,3
22,1.55,81.5,33.92,Male,moderate,73,6171,596.5,5.3,1.53,Cardio,167,113,73,1.29,32.5,6,1
27,1.53,106.8,45.62,Male,low,159,14761,381.5,5.3,1.22,Cardio,167,89,76,0.94,29.2,1,3
27,1.58,102.7,41.14,Female,high,116,4019,516.8,4.9,1.69,None,157,107,69,1.57,16.0,1,2
55,1.71,94.7,32.39,Female,high,81,4373,760.0,6.0,2.37,Cardio,126,135,71,1.1,11.6,5,1
44,1.56,112.3,46.15,Female,moderate,138,12076,666.6,7.5,1.82,Strength,152,88,74,1.19,27.9,6,2
38,1.72,63.9,21.6,Female,low,155,2750,546.3,6.5,1.78,Yoga,143,121,78,0.87,15.9,5,3
25,1.78,106.6,33.64,Female,moderate,122,5615,380.1,8.9,1.99,Cardio,145,76,82,0.92,23.1,1,1
18,1.5,73.3,32.58,Male,moderate,102,10117,708.1,5.3,3.18,Yoga,169,158,62,0.77,12.2,5,1
45,1.56,105.9,43.52,Male,moderate,153,3763,419.3,7.5,2.66,None,161,140,76,1.33,24.2,1,2
56,1.69,82.0,28.71,Female,moderate,175,11740,431.7,5.9,2.32,None,132,122,84,0.72,10.5,5,3
31,1.53,109.3,46.69,Female,low,146,5977,722.8,5.7,2.01,Strength,150,138,76,0.9,23.3,4,3
38,1.57,112.1,45.48,Female,moderate,75,14203,590.9,6.2,1.18,Cardio,142,140,57,1.3,30.8,5,1
47,1.62,89.8,34.22,Female,high,98,5831,330.1,5.2,3.21,Yoga,156,122,77,0.91,24.5,2,1
38,1.71,83.1,28.42,Female,low,71,2200,681.0,8.7,1.32,Yoga,178,155,66,1.38,32.1,5,1
26,1.86,103.7,29.97,Female,low,143,12110,380.6,5.9,1.47,Yoga,177,92,78,0.52,23.7,2,1
34,1.57,65.0,26.37,Female,moderate,169,10432,732.3,5.3,2.13,None,135,125,69,1.96,27.2,3,1
22,1.87,46.2,13.21,Female,high,156,9929,535.1,6.9,1.35,Cardio,158,78,72,1.59,19.2,2,3
48,1.93,75.5,20.27,Female,moderate,73,1948,616.5,4.8,2.6,Strength,191,155,67,1.26,17.4,1,1
57,1.83,83.1,24.81,Male,low,154,1717,620.7,7.7,2.24,Strength,128,107,59,1.88,18.4,3,2
55,1.52,67.3,29.13,Female,moderate,96,14667,302.8,6.0,2.24,None,183,97,76,1.8,12.6,6,1
60,1.72,73.8,24.95,Female,moderate,111,11730,655.3,6.6,3.42,Cardio,141,127,71,1.05,16.4,5,1
36,1.83,55.0,16.42,Male,moderate,109,2247,807.0,8.2,2.68,Strength,194,87,82,0.67,19.7,2,3
53,1.99,65.8,16.62,Male,moderate,153,6516,823.8,4.7,2.83,Strength,173,145,75,0.88,18.5,6,3
50,1.98,63.0,16.07,Male,high,116,4147,682.0,6.9,2.52,None,141,132,57,0.81,22.4,5,3
30,1.7,67.6,23.39,Female,moderate,85,1096,878.3,4.2,1.65,Yoga,133,137,73,1.63,22.2,4,2
31,1.81,67.4,20.57,Female,low,96,1552,618.8,6.0,1.16,Strength,185,139,60,1.32,28.4,2,3
50,1.95,86.9,22.85,Female,low,77,8592,378.4,8.3,2.4,None,198,116,81,1.78,19.9,6,1
46,1.92,63.8,17.31,Female,moderate,94,4881,662.1,7.6,2.12,Strength,169,114,71,1.23,26.9,6,3
60,1.74,115.6,38.18,Male,moderate,171,9959,836.4,7.9,1.31,Strength,124,95,59,1.65,32.3,5,2
53,1.63,83.3,31.35,Female,high,69,1868,451.2,6.1,3.15,None,136,157,75,0.99,21.4,6,1
61,1.57,54.7,22.19,Female,moderate,173,7659,385.4,6.4,2.24,None,120,154,59,1.4,23.8,1,1
27,1.74,66.0,21.8,Male,high,77,3860,876.6,8.2,2.13,Cardio,133,107,73,1.46,26.9,2,2
48,1.86,99.7,28.82,Female,moderate,60,2841,736.6,6.5,2.04,Strength,174,144,76,1.64,22.4,1,3
23,1.98,46.0,11.73,Female,low,104,2551,234.8,7.0,2.84,Yoga,136,116,65,1.7,14.1,2,3
18,1.93,115.3,30.95,Female,moderate,62,3552,592.8,8.2,1.13,Yoga,128,111,55,0.91,17.3,2,3
24,1.6,78.4,30.62,Female,low,104,11807,364.1,8.1,1.54,Cardio,131,146,84,1.08,10.7,6,3
44,1.86,84.1,24.31,Male,high,93,10214,400.8,5.2,3.26,Cardio,185,75,80,0.81,27.1,3,2
38,1.64,119.1,44.28,Male,high,165,12182,261.3,6.9,1.1,None,134,151,67,1.62,17.0,5,2
45,1.84,82.8,24.46,Male,low,129,6436,361.7,5.0,2.53,Yoga,153,100,71,0.91,30.6,6,3
33,1.83,116.1,34.67,Male,moderate,149,12985,553.7,4.2,1.6,Strength,156,154,65,1.09,26.4,5,2
63,1.64,113.6,42.24,Female,moderate,81,3459,255.0,4.5,2.35,None,172,113,72,1.7,28.4,3,1
40,1.62,115.6,44.05,Female,low,143,6764,822.8,6.3,2.33,Strength,160,121,58,1.01,32.1,4,3
37,1.55,105.9,44.08,Female,high,152,1071,742.8,8.4,2.64,Yoga,197,130,80,0.94,20.6,6,1
55,1.53,67.2,28.71,Male,low,163,5855,467.0,6.4,1.43,None,123,132,79,1.48,14.7,6,1
42,1.93,71.0,19.06,Male,low,150,8333,291.2,4.6,2.6,Strength,127,102,64,1.96,33.4,6,1
45,1.52,72.4,31.34,Male,low,146,3666,895.8,4.7,2.95,Cardio,190,131,78,0.59,34.9,3,3
22,1.54,118.4,49.92,Female,high,125,5220,594.3,7.1,1.44,Strength,136,145,81,1.75,15.4,5,3
38,1.62,72.1,27.47,Female,low,70,14745,496.1,8.3,2.97,Strength,141,146,80,0.68,28.5,6,3
35,1.94,53.2,14.14,Male,low,76,2898,339.0,5.6,1.3,None,127,119,65,1.02,11.8,4,2
64,1.67,103.4,37.08,Male,high,167,13368,342.3,6.7,1.66,Yoga,141,139,72,1.13,10.7,5,3
23,1.6,72.5,28.32,Female,high,96,7674,757.3,8.5,1.9,Strength,159,78,55,1.58,26.9,4,1
46,1.86,91.6,26.48,Female,moderate,176,9296,563.9,4.7,1.78,Strength,141,135,58,1.89,16.4,2,3
36,1.66,114.3,41.48,Female,high,161,8615,888.8,4.8,2.83,Strength,124,135,59,0.65,31.7,1,2
50,1.67,88.2,31.63,Male,high,78,2640,867.2,5.9,1.67,Strength,128,117,56,1.62,22.8,6,3
18,1.87,92.8,26.54,Male,moderate,91,4296,344.8,6.3,2.88,Cardio,179,93,82,0.98,29.6,6,2
62,1.63,93.2,35.08,Male,low,141,2877,899.6,5.1,1.14,Yoga,139,75,80,1.85,12.6,3,1
20,1.95,90.9,23.91,Male,low,159,11137,890.6,6.7,1.8,Yoga,153,93,76,0.92,31.9,6,1
59,1.78,57.0,17.99,Female,high,70,9252,759.5,8.5,3.28,None,155,125,78,1.54,14.7,4,1
38,1.77,79.2,25.28,Female,moderate,147,3592,473.6,8.4,1.96,Strength,190,138,66,0.75,24.2,5,1
52,1.63,45.6,17.16,Female,low,137,14886,356.9,4.3,2.18,None,157,137,65,1.94,25.2,6,1
58,1.92,92.0,24.96,Male,low,172,1905,272.2,7.0,2.88,Cardio,186,103,82,0.51,11.6,2,1
57,1.79,88.2,27.53,Female,high,70,12972,236.4,5.1,1.13,Cardio,151,93,75,0.85,34.4,4,2
20,1.58,68.9,27.6,Female,moderate,162,5303,774.6,7.3,2.75,Strength,165,117,70,1.51,17.6,5,1
42,1.6,84.3,32.93,Female,low,89,4368,861.9,6.8,1.16,None,144,144,58,1.78,27.9,2,3
62,1.73,82.0,27.4,Female,moderate,61,5222,740.8,5.1,2.38,None,183,113,61,1.99,25.8,5,2
55,1.89,63.8,17.86,Female,high,94,2136,731.3,8.7,2.53,Yoga,152,97,83,0.76,10.8,3,2
62,1.97,67.0,17.26,Male,low,88,10096,490.6,6.4,1.36,None,166,75,75,0.96,31.6,6,3
37,1.83,102.2,30.52,Female,low,141,2821,648.8,6.0,3.13,Cardio,188,135,82,1.84,17.6,5,3
61,1.75,101.7,33.21,Female,moderate,158,3510,669.9,8.0,2.42,Cardio,148,153,78,0.55,16.2,1,3
62,1.63,80.2,30.19,Male,moderate,150,5901,380.1,5.5,1.39,Strength,178,99,77,1.6,11.5,3,3
51,1.84,98.8,29.18,Male,moderate,110,3114,717.1,7.0,3.15,None,150,78,75,1.13,16.3,2,3
38,1.99,78.8,19.9,Female,high,64,2617,302.3,5.0,3.06,None,145,75,67,1.53,25.5,1,1
40,1.74,108.9,35.97,Female,low,128,10656,405.4,4.3,2.68,Cardio,182,114,68,1.29,15.0,2,2
23,1.58,70.0,28.04,Female,moderate,174,10119,612.8,6.5,2.01,Strength,177,95,65,1.44,21.7,6,3
30,1.55,114.5,47.66,Female,high,146,1227,577.7,4.8,2.24,Yoga,168,117,62,1.5,30.0,1,3
40,1.63,85.7,32.26,Male,low,81,7391,693.2,5.8,2.76,Yoga,184,84,55,1.45,33.9,3,2
26,1.78,85.2,26.89,Female,high,87,14380,608.0,6.4,1.75,Strength,178,140,62,1.5,27.5,4,2
34,1.97,95.3,24.56,Male,moderate,84,8215,234.7,4.0,2.49,Strength,181,91,73,1.35,14.9,5,1
19,1.65,70.6,25.93,Female,moderate,63,13352,884.4,5.7,2.56,Yoga,187,87,71,1.57,19.6,6,2
36,1.65,99.3,36.47,Female,high,105,1055,734.4,6.2,1.56,Cardio,166,84,63,1.66,23.9,5,3
36,1.74,69.0,22.79,Female,moderate,92,2711,816.3,6.7,1.32,None,141,126,81,1.68,31.8,3,2
24,1.96,74.8,19.47,Male,high,150,8796,762.7,8.2,1.41,Yoga,199,84,67,1.78,23.7,5,3
59,1.71,95.6,32.69,Female,high,82,10349,348.7,5.6,1.05,Strength,183,121,76,0.97,22.3,1,2
59,1.61,73.4,28.32,Female,high,97,13718,852.9,8.6,2.88,Strength,165,83,69,1.62,16.5,5,2
37,1.58,60.0,24.03,Male,low,112,9128,888.9,5.7,3.02,None,178,120,81,1.92,22.5,5,1
26,1.73,110.4,36.89,Female,low,122,9117,255.1,6.8,3.0,Strength,151,142,67,1.05,18.0,6,3
34,1.9,114.2,31.63,Male,moderate,63,8054,310.9,4.4,3.32,Cardio,156,128,81,1.67,24.1,6,1
44,1.65,92.0,33.79,Female,high,96,14360,893.2,6.0,1.21,Strength,186,142,62,0.94,30.2,6,1
64,1.76,105.8,34.16,Male,high,177,4132,405.4,7.9,3.33,None,171,78,81,0.76,33.6,2,3
19,1.8,119.0,36.73,Male,low,176,13296,773.9,5.5,2.25,Yoga,162,149,84,1.17,30.2,1,2
53,1.73,91.1,30.44,Male,high,152,7093,251.9,4.1,1.98,Cardio,153,75,80,1.71,30.7,1,1
36,1.6,113.2,44.22,Female,low,60,9763,712.7,8.6,1.35,Strength,180,159,66,0.96,18.9,6,2
34,1.96,71.9,18.72,Male,low,165,5975,691.0,4.0,2.21,None,190,133,65,0.94,27.4,3,2
22,1.78,97.5,30.77,Male,low,126,10177,856.4,5.3,2.7,Yoga,186,99,74,0.92,19.7,3,1
56,1.86,49.2,14.22,Female,high,63,3128,710.1,8.5,1.22,Yoga,164,83,67,0.83,10.6,1,1
35,1.82,104.2,31.46,Male,low,77,5051,229.0,4.7,3.44,None,160,99,70,1.42,32.1,1,1
24,2.0,107.2,26.8,Female,low,105,2189,515.3,8.3,3.29,Yoga,171,156,56,0.87,11.3,6,2
34,1.73,75.1,25.09,Female,low,66,11276,443.5,8.8,3.22,Yoga,185,145,60,1.9,12.9,3,3
56,1.71,92.9,31.77,Male,moderate,120,2001,599.5,7.1,2.02,Yoga,131,100,70,1.02,10.5,2,3
53,1.68,109.4,38.76,Male,low,60,10286,499.8,5.7,3.14,Yoga,134,130,72,1.31,11.7,5,1
57,1.68,111.3,39.43,Female,low,152,7171,396.6,5.5,1.31,None,135,123,71,1.11,11.5,1,2
62,1.64,53.0,19.71,Male,low,116,12486,662.7,4.7,3.28,None,122,156,69,1.94,26.9,6,1
21,1.99,107.1,27.04,Male,moderate,72,9547,417.8,8.5,3.14,Strength,146,139,61,1.14,31.3,3,2
55,1.94,65.6,17.43,Male,low,178,10602,795.5,8.0,2.47,Strength,142,135,68,1.35,29.9,4,3
42,1.66,99.5,36.11,Male,moderate,149,1801,426.1,5.1,2.66,Cardio,183,83,61,1.65,25.7,6,3
22,1.65,69.4,25.49,Female,moderate,83,1836,560.7,7.3,1.88,Yoga,152,84,60,0.76,29.6,3,1
47,1.55,49.2,20.48,Female,low,87,11205,778.2,7.0,3.37,Yoga,167,85,66,0.55,21.4,3,1
29,1.94,60.7,16.13,Male,low,111,9263,776.0,4.7,1.17,Cardio,174,159,56,1.18,32.7,2,3
21,1.69,75.7,26.5,Female,high,129,7836,610.3,5.2,3.23,None,146,110,75,1.33,21.5,6,2
41,1.79,100.6,31.4,Male,moderate,68,8110,465.9,4.7,1.65,None,166,130,55,0.93,10.7,3,3
46,1.95,52.6,13.83,Male,high,160,1973,590.6,6.7,3.01,Cardio,150,106,72,1.19,27.6,4,2
26,1.7,106.0,36.68,Male,moderate,86,1782,794.8,5.0,1.12,Strength,198,157,83,1.42,30.8,2,1
21,1.9,119.8,33.19,Male,moderate,118,9518,353.1,8.9,1.61,Strength,154,146,82,1.96,15.6,3,3
41,1.72,104.1,35.19,Female,high,160,8624,285.7,5.4,1.49,Yoga,155,109,59,1.4,17.9,3,1
31,1.85,80.5,23.52,Male,low,113,11948,607.4,7.6,3.45,Strength,143,78,75,1.17,27.4,2,3
22,1.72,87.6,29.61,Female,high,90,2524,601.8,5.6,1.52,None,136,136,61,0.53,24.3,3,1
35,1.7,45.5,15.74,Male,high,103,7113,405.2,5.8,1.93,Cardio,164,137,69,0.97,32.2,5,3
59,2.0,60.7,15.18,Female,moderate,179,5446,504.1,5.6,1.75,Cardio,181,82,75,1.04,21.9,4,3
36,1.81,112.4,34.31,Female,low,175,9740,262.0,4.5,3.46,Cardio,120,150,81,1.22,26.8,2,1
29,1.68,46.6,16.51,Female,moderate,143,10942,291.5,8.6,2.54,Strength,139,143,60,1.67,16.8,6,3
35,1.63,112.9,42.49,Female,low,144,2699,779.8,7.9,1.9,Cardio,189,135,56,1.66,33.2,3,3
34,1.52,53.5,23.16,Male,moderate,152,8869,525.1,5.2,3.27,Cardio,188,137,75,1.77,19.2,5,3
47,1.85,55.0,16.07,Female,low,83,1862,269.9,5.5,2.77,Strength,183,135,78,0.93,23.5,6,3
41,1.69,58.2,20.38,Male,low,163,1787,873.3,6.2,2.76,None,189,111,71,1.02,25.4,3,1
28,1.91,105.0,28.78,Female,low,127,10363,347.0,7.9,2.22,Yoga,169,78,81,0.73,16.4,3,1
52,1.68,80.9,28.66,Female,low,72,3669,421.8,8.4,2.24,None,172,130,67,1.79,17.9,5,3
40,1.69,55.9,19.57,Female,high,95,13678,880.8,7.8,2.83,Strength,157,117,67,1.48,22.6,1,3
34,1.89,96.5,27.01,Male,low,107,6386,326.6,8.8,1.03,Cardio,171,95,68,0.62,16.8,5,1
18,1.74,115.6,38.18,Female,low,104,7433,878.1,7.8,2.09,Yoga,180,132,80,0.96,13.3,6,3
32,1.94,87.9,23.36,Male,low,179,11688,705.6,5.1,3.45,None,193,90,77,0.73,30.9,2,2
49,1.8,52.4,16.17,Male,high,69,5709,498.8,5.9,2.63,Yoga,144,127,62,1.95,18.1,2,1
26,1.62,49.1,18.71,Male,low,80,5842,616.5,7.7,1.95,None,148,92,69,0.99,20.4,1,3
32,1.78,104.7,33.05,Female,high,173,10705,555.5,4.6,1.43,None,154,131,65,1.24,23.7,2,2
45,1.5,92.0,40.89,Female,moderate,168,3543,763.3,5.1,1.9,Strength,166,112,67,0.98,31.1,1,3
41,1.66,114.2,41.44,Female,low,171,8215,244.0,8.9,2.2,None,176,106,75,1.21,13.5,5,3
52,1.6,86.0,33.59,Female,high,139,6523,769.4,7.3,2.58,Cardio,151,93,74,2.0,25.6,3,3
39,1.83,49.7,14.84,Female,low,177,2127,879.4,4.9,3.46,Strength,165,158,55,0.93,18.8,3,2
44,1.57,75.3,30.55,Female,moderate,174,7538,500.7,4.5,2.24,Yoga,155,122,79,0.92,31.7,1,2
36,1.65,94.3,34.64,Female,high,112,4701,334.0,8.8,1.91,Strength,190,148,56,1.06,26.5,3,1
62,1.67,73.9,26.5,Male,moderate,170,11819,276.2,6.5,1.63,None,129,100,65,0.75,13.6,1,3
29,1.5,120.0,53.33,Female,high,154,1225,442.7,6.1,2.92,Yoga,165,156,68,1.61,17.4,2,3
37,1.52,75.4,32.64,Male,moderate,115,13901,291.5,8.0,2.16,Cardio,145,119,84,1.07,10.9,2,2
18,1.66,86.0,31.21,Male,high,137,9053,360.8,7.3,2.81,Strength,167,119,59,1.37,29.3,4,3
38,1.61,61.9,23.88,Female,moderate,122,11005,658.1,6.8,1.71,None,167,89,61,1.49,20.3,4,3
62,1.56,56.4,23.18,Female,low,77,8992,491.0,5.1,1.93,Yoga,132,92,78,0.55,11.2,2,3
18,1.58,93.4,37.41,Male,low,138,8979,830.7,6.8,3.39,Cardio,149,105,70,1.47,10.3,6,2
27,1.92,89.1,24.17,Male,high,124,11612,524.7,6.7,1.58,Cardio,189,89,84,1.3,33.9,2,3
64,1.84,45.3,13.38,Female,low,92,9095,307.9,4.5,1.8,Strength,185,89,65,0.62,31.3,2,3
49,1.74,66.4,21.93,Male,moderate,172,12743,297.0,6.5,2.27,Yoga,126,139,80,0.69,18.4,4,1
56,1.95,93.3,24.54,Male,low,91,12012,685.2,7.0,2.31,None,175,120,69,1.16,22.9,5,3
39,1.51,105.9,46.45,Male,high,134,10229,643.7,7.7,1.17,Yoga,149,149,58,1.02,24.4,3,2
35,1.67,68.4,24.53,Male,high,161,9505,695.5,6.8,3.43,Cardio,174,90,64,1.16,22.9,3,2
63,1.91,93.6,25.66,Female,moderate,139,8726,437.1,6.8,1.76,Yoga,152,129,55,1.45,17.7,6,3
49,1.81,64.9,19.81,Female,moderate,178,10044,840.5,6.8,1.13,Strength,161,104,61,0.73,19.8,4,1
44,1.99,96.8,24.44,Male,high,177,10134,279.6,5.4,1.64,Yoga,125,115,66,1.49,14.5,6,3
45,1.97,97.3,25.07,Male,high,63,10163,223.0,8.4,2.0,Yoga,127,141,83,1.73,10.8,3,3
35,1.58,54.8,21.95,Male,high,109,10146,719.5,7.1,1.58,Strength,192,91,80,0.5,13.9,1,3
56,1.99,94.9,23.96,Female,high,179,6856,674.0,7.4,1.39,Yoga,194,100,65,1.05,10.3,4,2
46,1.97,70.0,18.04,Female,low,73,12538,545.5,6.5,2.27,Strength,189,147,65,0.91,20.8,2,3
35,1.69,57.9,20.27,Male,moderate,164,3791,230.6,4.7,2.99,Strength,159,155,79,1.15,26.5,5,2
61,1.99,82.5,20.83,Male,high,94,8942,279.9,4.8,2.76,Strength,175,138,71,1.42,14.5,1,1
25,1.52,78.9,34.15,Male,moderate,176,11123,336.7,6.3,2.06,Cardio,199,132,84,0.78,23.3,1,3
48,1.83,103.0,30.76,Female,high,105,2162,647.1,8.4,1.31,Yoga,136,149,55,0.7,18.1,4,2
51,1.63,51.3,19.31,Male,high,67,6710,664.1,4.6,3.39,Strength,126,77,69,1.59,13.0,2,2
24,1.56,104.2,42.82,Male,high,169,2941,673.8,6.5,1.84,None,159,102,77,1.53,13.2,2,2
53,1.79,53.0,16.54,Male,high,171,14982,762.1,4.2,1.26,None,177,78,79,1.19,25.5,1,3
35,1.65,60.6,22.26,Male,low,98,6634,217.4,8.4,1.84,Cardio,181,114,75,1.25,12.9,2,1
55,1.83,83.7,24.99,Male,moderate,107,2860,650.3,5.3,2.74,Strength,193,149,74,0.9,23.8,6,2
26,1.77,79.7,25.44,Female,low,176,6280,376.1,5.8,1.63,Strength,173,131,76,0.99,14.8,6,3
26,1.7,119.2,41.25,Female,high,157,12725,599.7,4.8,1.46,Cardio,128,139,79,0.98,31.7,2,2
63,1.59,89.2,35.28,Female,low,177,2994,716.5,5.6,1.66,Yoga,170,121,72,1.59,11.2,2,2
25,1.8,69.6,21.48,Male,high,118,6011,704.0,6.0,2.38,Strength,129,154,75,1.33,19.7,3,3
52,1.91,112.5,30.84,Female,low,170,12806,401.5,4.8,3.19,Strength,168,108,58,1.59,29.0,5,2
35,1.8,68.4,21.11,Male,moderate,60,2359,448.7,5.4,1.33,None,149,119,83,1.39,28.7,6,2
22,1.81,65.5,19.99,Female,high,135,9264,842.1,7.4,1.36,Strength,128,106,73,1.32,13.6,4,3
31,1.76,82.1,26.5,Female,moderate,90,7212,794.2,8.3,2.07,Cardio,165,118,59,0.98,14.9,4,1
45,1.69,113.5,39.74,Male,high,107,13369,379.9,7.2,1.31,None,145,85,68,1.09,23.7,3,1
47,1.73,98.1,32.78,Male,high,89,5051,610.9,8.8,3.45,Cardio,183,110,77,1.83,27.1,3,1
21,1.99,95.8,24.19,Male,low,162,11104,275.1,5.2,3.2,Cardio,153,87,67,1.36,28.8,4,1
56,1.87,99.5,28.45,Female,high,75,9411,657.7,5.8,1.16,Strength,146,131,81,1.29,25.5,4,3
37,1.72,94.5,31.94,Male,low,100,9274,634.9,5.6,3.27,Yoga,146,158,73,0.58,29.6,2,3
42,1.73,102.0,34.08,Female,low,137,14196,384.7,6.7,1.71,Strength,160,99,73,1.51,21.0,3,1
45,1.75,59.5,19.43,Female,high,144,10809,495.3,7.6,1.81,Yoga,137,144,70,1.53,24.0,3,3
29,1.83,58.3,17.41,Female,low,83,11193,747.6,5.1,1.85,None,169,111,84,1.54,20.8,6,1
19,1.73,72.2,24.12,Male,low,166,6004,378.8,8.1,1.18,Cardio,162,78,76,0.64,29.0,5,2
60,1.84,108.8,32.14,Male,low,124,14450,737.9,5.7,2.95,Cardio,160,100,75,0.95,14.4,1,2
31,1.66,98.6,35.78,Male,high,159,5740,421.5,6.3,1.46,Strength,195,156,73,1.06,16.3,5,2
39,1.71,87.5,29.92,Female,moderate,173,7883,787.7,8.2,1.52,Yoga,137,87,55,1.74,30.9,6,1
48,1.93,46.5,12.48,Female,moderate,70,13287,221.4,5.6,2.92,Cardio,180,146,64,1.97,27.9,2,2
40,1.66,62.7,22.75,Male,low,148,10362,380.7,7.4,1.15,Cardio,191,125,56,1.12,28.4,2,1
37,1.98,105.3,26.86,Female,low,136,13628,324.3,6.3,1.84,Yoga,172,121,69,1.33,12.5,2,3
55,1.59,63.2,25.0,Female,high,139,12204,823.4,5.4,2.4,Cardio,199,107,73,0.51,22.1,5,2
21,1.62,99.8,38.03,Female,high,152,13989,500.0,6.2,1.29,Cardio,172,154,58,0.51,24.1,1,2
32,1.73,58.8,19.65,Male,moderate,78,7624,581.9,7.8,2.06,Cardio,132,116,75,0.61,29.5,1,2
41,1.9,90.5,25.07,Female,low,165,11985,369.5,7.3,1.88,Yoga,145,105,80,1.58,20.6,2,3
42,1.87,92.1,26.34,Female,moderate,138,3944,289.8,7.8,1.8,Yoga,175,114,84,0.77,23.5,2,1
18,1.59,101.4,40.11,Male,high,78,5170,618.8,5.6,1.68,None,180,90,84,1.64,16.0,1,2
24,1.62,77.9,29.68,Male,low,90,12241,398.3,7.9,1.85,Cardio,169,130,79,1.15,30.8,1,2
48,1.79,92.5,28.87,Male,high,71,11402,850.2,6.0,1.98,Cardio,140,148,58,1.77,32.8,3,1
29,1.65,81.5,29.94,Male,low,92,5228,533.4,6.7,1.32,None,127,110,66,1.81,21.6,4,2
59,1.71,116.1,39.7,Male,low,129,5030,296.7,8.4,1.52,Yoga,189,159,79,1.82,20.9,5,2
22,1.74,84.1,27.78,Male,moderate,161,7602,216.7,7.6,3.28,Yoga,183,154,75,1.32,18.2,5,2
61,1.8,60.7,18.73,Female,moderate,101,14397,362.6,7.6,3.36,Strength,169,130,83,1.68,16.7,6,1
59,1.63,95.1,35.79,Female,low,110,2413,423.9,6.5,3.48,Yoga,121,122,73,1.49,23.8,4,2
55,1.58,86.1,34.49,Female,moderate,115,9679,344.9,6.9,2.2,Strength,191,154,77,0.78,14.2,4,3
29,1.7,105.3,36.44,Female,low,112,5096,455.9,7.8,1.34,None,189,132,78,1.07,24.7,3,1
56,1.54,58.3,24.58,Male,moderate,146,5525,815.3,4.0,2.71,Yoga,125,89,63,1.94,24.0,1,2
35,1.76,64.6,20.85,Female,low,139,11508,233.6,6.1,3.34,None,141,146,79,1.66,27.4,1,3
19,1.92,114.1,30.95,Male,moderate,101,6558,760.9,5.5,1.08,Strength,165,89,76,0.89,15.6,3,3
27,1.56,114.8,47.17,Male,moderate,116,12410,498.1,5.3,1.06,Cardio,180,95,70,0.92,27.5,1,3
32,1.56,78.2,32.13,Female,moderate,95,6205,834.5,8.1,2.53,Cardio,154,138,69,0.88,10.4,3,3
47,1.54,48.6,20.49,Female,moderate,76,12548,666.9,6.4,1.1,None,181,159,63,0.99,23.4,2,3
61,1.92,68.0,18.45,Male,high,77,9285,315.4,4.2,1.98,Cardio,188,81,73,1.89,31.1,3,2
34,1.54,63.5,26.78,Male,moderate,63,1770,871.6,8.9,1.94,None,176,126,72,1.15,28.2,2,3
21,1.99,76.1,19.22,Male,high,152,8174,308.3,4.7,1.25,Strength,144,93,75,1.05,31.3,2,1
24,1.68,68.8,24.38,Male,moderate,110,7492,435.4,6.2,2.86,Cardio,192,120,61,0.86,13.7,2,2
58,1.66,107.2,38.9,Female,high,79,12945,885.2,7.2,1.27,Strength,144,112,81,1.84,28.0,6,2
48,1.55,45.2,18.81,Male,high,126,8741,348.3,6.8,1.68,Yoga,152,87,70,1.94,21.7,4,3
56,1.79,93.3,29.12,Female,high,163,7409,641.8,6.2,2.82,Cardio,127,118,69,0.99,18.1,4,3
51,1.79,94.8,29.59,Male,moderate,116,11910,884.3,5.5,2.55,Cardio,132,96,77,1.42,18.9,6,2
23,1.75,94.5,30.86,Male,high,73,2093,682.2,6.8,2.18,Cardio,180,145,65,1.94,12.5,1,1
55,1.66,84.0,30.48,Male,moderate,151,12142,663.9,8.3,1.12,None,127,109,60,1.25,27.4,2,2
62,1.68,90.8,32.17,Female,low,171,8237,635.1,5.2,2.91,Yoga,146,77,57,1.2,25.8,4,2
51,1.66,105.8,38.39,Male,high,103,14850,588.8,4.3,3.06,Yoga,173,90,68,1.29,13.8,2,3
61,1.71,103.8,35.5,Female,low,165,5466,864.4,5.8,1.26,Yoga,122,119,60,0.55,23.6,6,1
32,1.67,47.6,17.07,Female,high,84,6296,580.6,7.7,3.47,Strength,152,90,71,0.95,13.2,4,3
31,1.84,47.3,13.97,Female,low,123,7573,664.3,9.0,1.87,Yoga,147,140,73,1.55,17.8,4,3
23,1.65,107.9,39.63,Male,high,61,6589,717.2,7.3,2.06,None,171,155,72,1.95,11.1,5,3
54,1.68,88.1,31.21,Female,low,97,14990,569.4,6.5,2.04,None,148,112,74,1.35,25.5,5,3
49,1.72,116.8,39.48,Female,moderate,137,3979,821.4,4.4,2.58,Strength,180,98,70,0.79,10.3,2,1
20,1.5,77.4,34.4,Male,moderate,65,13595,216.0,5.7,2.43,Strength,192,124,78,1.14,16.5,4,3
20,1.75,58.3,19.04,Male,moderate,107,2081,476.7,4.3,2.4,Yoga,180,157,57,1.24,16.7,5,3
39,1.63,80.5,30.3,Female,high,147,4936,631.6,6.1,2.95,Yoga,141,131,60,0.73,28.7,1,1
39,1.53,77.7,33.19,Female,high,159,6246,213.3,6.5,3.32,None,191,130,80,0.99,21.3,2,2
27,1.96,83.8,21.81,Male,high,140,6020,855.8,5.4,3.05,None,176,155,84,1.17,24.3,4,3
20,1.66,105.6,38.32,Female,moderate,87,12272,778.5,4.3,2.8,Yoga,164,140,71,0.89,16.2,4,2
29,1.71,94.2,32.22,Female,low,169,6672,353.3,6.1,1.13,None,149,152,74,1.03,23.7,5,3
46,1.91,58.9,16.15,Female,high,158,6974,432.2,8.9,1.62,Strength,198,151,59,0.91,13.7,1,3
34,1.58,100.1,40.1,Male,moderate,125,1025,674.0,5.6,1.26,None,133,155,75,1.42,34.8,2,1
24,1.93,89.4,24.0,Female,high,98,8870,438.7,5.6,3.14,Yoga,199,147,70,1.37,22.9,2,1
30,1.62,88.4,33.68,Male,high,144,2179,799.7,4.7,2.63,Strength,167,136,71,1.33,32.0,5,2
19,1.79,95.9,29.93,Male,moderate,100,8732,373.9,6.8,1.08,None,137,88,70,0.65,12.6,3,3
21,1.84,87.3,25.79,Male,low,175,5810,772.8,6.7,2.81,Strength,151,140,79,0.78,24.8,1,1
27,1.95,79.3,20.85,Female,low,62,11613,525.2,5.9,1.84,Yoga,157,134,75,0.67,26.8,1,3
56,1.8,93.0,28.7,Male,high,130,11910,517.4,8.5,2.36,None,172,95,63,0.59,29.7,2,3
41,1.73,99.3,33.18,Female,moderate,60,5593,317.9,4.5,2.45,Yoga,134,109,61,0.87,22.1,3,2
34,1.79,61.9,19.32,Male,moderate,108,5812,888.4,8.6,1.41,Cardio,156,104,59,0.79,10.9,4,3
23,1.6,82.3,32.15,Female,low,169,9847,441.4,6.1,2.0,Yoga,168,155,63,1.59,16.5,4,1
36,1.84,79.4,23.45,Female,high,94,3762,343.2,4.7,2.07,Cardio,152,113,75,1.54,17.0,3,2
22,1.59,48.0,18.99,Female,low,94,7629,222.7,6.8,2.54,Strength,132,99,64,0.8,18.0,6,1
49,1.78,107.6,33.96,Male,moderate,108,5911,545.5,7.4,3.22,Strength,190,118,79,0.75,12.3,5,2
27,1.82,73.3,22.13,Female,moderate,121,14728,222.6,5.4,2.54,Cardio,183,133,75,0.72,10.0,4,2
26,1.95,50.5,13.28,Female,moderate,75,9946,518.8,8.2,2.71,Strength,138,80,55,0.98,23.0,2,3
44,1.73,79.3,26.5,Male,low,124,14556,831.9,4.1,2.66,Strength,175,77,61,0.94,28.4,5,2
30,1.89,57.1,15.98,Male,high,61,8650,548.6,5.7,1.21,Yoga,156,110,75,0.54,15.8,1,2
36,1.58,97.8,39.18,Female,low,61,2425,230.3,8.4,1.75,Cardio,177,75,59,1.35,27.3,6,3
38,1.58,87.9,35.21,Male,high,126,8838,385.1,7.4,2.0,None,128,108,60,1.85,28.3,5,2
41,1.76,65.3,21.08,Male,low,118,7387,234.1,5.1,2.11,Strength,123,139,60,1.31,20.3,5,2
55,1.8,116.3,35.9,Male,low,101,14982,817.4,6.3,3.11,Strength,190,100,77,0.6,23.1,2,1
21,1.82,66.9,20.2,Female,moderate,158,12247,368.1,5.3,2.31,None,132,92,82,1.4,17.8,5,1
41,1.87,86.6,24.76,Male,low,91,13682,245.5,6.4,3.04,Yoga,182,110,69,1.23,19.4,1,3
52,1.65,105.1,38.6,Female,moderate,75,11853,875.2,8.2,3.27,Yoga,182,80,62,1.86,24.7,2,2
20,1.81,83.5,25.49,Male,high,168,1710,541.0,4.3,2.74,Yoga,180,149,55,1.04,19.0,5,3
21,1.59,117.1,46.32,Male,high,108,13113,483.9,5.2,1.28,None,155,118,64,1.63,22.5,4,3
54,1.61,108.3,41.78,Female,moderate,112,12365,849.0,4.2,1.5,Yoga,127,114,81,0.56,28.6,2,3
57,1.53,114.1,48.74,Male,low,125,3302,571.6,9.0,3.07,Strength,146,104,57,1.58,34.1,4,1
52,1.87,73.0,20.88,Male,low,96,2042,397.0,4.8,2.41,Yoga,145,152,76,0.56,32.3,2,3
48,1.75,86.1,28.11,Male,high,112,5944,754.4,5.4,2.29,Strength,164,148,70,1.02,32.9,6,2
61,1.62,108.0,41.15,Male,moderate,110,3073,390.2,8.3,3.42,None,161,105,55,1.92,32.8,4,1
42,1.78,112.8,35.6,Female,high,135,12795,510.0,6.6,1.92,Yoga,133,132,70,1.55,16.0,6,1
57,1.68,115.8,41.03,Female,high,125,8298,762.2,8.7,1.1,Yoga,191,129,68,1.89,33.7,1,1
30,1.92,110.9,30.08,Female,moderate,147,1746,852.0,7.0,1.64,Strength,171,110,59,1.24,15.6,2,2
21,1.76,99.8,32.22,Female,low,61,7600,624.1,7.6,1.71,None,188,153,70,1.41,31.6,2,3
63,1.51,46.8,20.53,Female,moderate,61,14077,553.4,7.1,2.28,Yoga,172,104,75,1.28,24.5,4,3
31,1.99,68.6,17.32,Female,moderate,88,8969,253.3,7.7,1.02,None,170,122,80,1.22,31.0,6,1
30,1.54,54.7,23.06,Female,low,125,10057,631.9,5.3,3.47,Strength,196,152,79,1.37,34.6,2,1
44,1.85,56.6,16.54,Male,low,74,1997,428.6,5.7,1.15,Strength,121,91,65,0.56,31.9,4,3
23,1.72,66.8,22.58,Female,high,165,2589,560.1,7.0,1.58,Yoga,167,101,72,0.78,30.4,5,2
34,1.62,50.6,19.28,Female,high,161,2530,721.2,8.3,2.68,None,197,137,61,0.82,15.2,2,1
53,1.84,63.2,18.67,Female,low,174,13343,648.1,5.1,3.44,Strength,168,151,79,1.07,31.5,3,1
57,1.56,116.8,47.99,Male,low,104,8102,267.9,8.8,2.28,None,178,88,62,1.15,14.1,6,2
52,1.93,68.4,18.36,Female,high,144,11755,478.1,6.2,1.85,Cardio,186,100,71,1.61,22.8,2,1
34,1.63,57.0,21.45,Female,low,142,1386,339.6,4.7,1.41,Cardio,199,117,84,0.75,22.6,3,2
58,1.68,98.9,35.04,Female,moderate,139,9409,305.8,8.4,3.26,Yoga,128,149,68,1.35,23.0,3,3
19,1.82,107.1,32.33,Male,low,130,3803,354.2,8.6,1.13,None,121,75,71,0.91,28.1,5,3
30,1.5,68.6,30.49,Female,low,88,13719,844.5,8.1,1.17,None,194,98,66,1.27,19.9,3,1
19,1.74,65.9,21.77,Male,moderate,142,8058,698.8,6.2,1.16,Strength,162,94,72,1.44,21.4,4,3
45,1.95,63.1,16.59,Male,low,92,7068,835.7,8.7,2.17,None,133,146,55,1.37,26.5,6,2
60,1.84,74.5,22.0,Male,low,147,6589,554.5,5.7,3.33,None,159,82,78,0.82,27.1,4,1
43,1.69,51.5,18.03,Male,high,110,2541,200.8,4.4,2.39,Strength,174,104,61,1.56,20.9,2,2
39,1.83,95.2,28.43,Female,low,172,6608,224.1,5.7,1.89,Yoga,178,92,60,1.48,11.3,1,3
64,1.97,106.7,27.49,Male,high,142,1927,301.3,5.8,1.6,Strength,166,151,69,1.9,16.5,5,3
60,1.59,94.8,37.5,Male,moderate,64,14477,746.5,8.0,2.29,Cardio,153,157,72,1.45,33.6,5,3
20,1.77,76.6,24.45,Female,high,96,1132,341.2,7.6,2.1,None,155,87,65,1.58,33.2,6,1
52,1.62,66.7,25.42,Male,moderate,148,14137,271.1,7.1,1.23,None,152,122,79,1.72,26.2,5,2
29,1.93,75.7,20.32,Male,moderate,62,8410,802.7,5.0,1.02,Yoga,182,134,83,0.66,14.6,5,1
41,1.86,76.8,22.2,Male,low,151,14090,360.0,8.0,2.49,Cardio,137,100,71,1.54,12.4,5,3
22,1.9,95.0,26.32,Male,high,149,5070,551.7,4.2,3.15,None,141,83,55,0.98,33.7,1,3
37,1.97,114.6,29.53,Male,high,70,9294,437.6,5.1,2.52,Strength,124,127,56,1.73,31.8,6,1
56,1.62,50.3,19.17,Male,moderate,70,12189,827.6,6.7,1.82,None,151,145,61,1.22,19.9,2,2
56,1.52,116.5,50.42,Female,moderate,66,10779,693.3,6.4,1.38,Yoga,168,83,64,1.37,25.7,6,3
30,1.65,113.3,41.62,Female,moderate,149,13371,517.7,7.5,2.85,Strength,155,100,68,0.89,32.9,2,2
58,1.7,53.8,18.62,Female,low,170,14967,804.1,8.0,2.76,None,192,107,66,1.48,13.5,5,3
62,1.81,58.8,17.95,Female,moderate,127,1013,708.7,8.3,3.12,Yoga,133,107,71,0.55,25.9,1,1
29,1.9,68.4,18.95,Male,moderate,78,4686,766.2,8.8,3.46,Cardio,183,126,68,1.62,33.0,1,3
30,1.67,87.0,31.2,Male,high,93,12641,884.3,6.8,1.28,Strength,151,114,73,0.74,30.9,1,1
27,1.74,55.1,18.2,Male,low,69,12095,342.2,6.9,1.66,Strength,128,78,64,0.84,17.2,3,1
50,1.89,60.0,16.8,Female,high,61,6895,341.7,6.8,1.86,Cardio,167,102,78,0.5,33.8,4,1
57,1.61,112.7,43.48,Female,high,130,4626,589.6,8.5,2.34,Strength,171,128,66,0.97,15.1,1,3
33,1.61,53.2,20.52,Male,low,167,9827,572.8,7.9,1.13,Yoga,128,142,61,1.08,15.2,3,2
62,1.79,74.9,23.38,Male,low,94,11354,808.4,6.5,1.69,Cardio,151,123,62,0.85,12.4,5,2
52,1.72,102.2,34.55,Female,moderate,91,8970,309.1,7.4,2.99,None,129,80,83,0.85,13.0,3,3
20,1.97,111.6,28.76,Female,high,74,13229,497.5,5.5,1.12,Yoga,188,107,67,1.84,29.0,4,1
22,1.68,70.2,24.87,Female,low,71,6441,569.5,4.8,3.04,Cardio,130,79,82,0.99,16.9,1,2
43,1.88,57.3,16.21,Female,moderate,122,14888,524.9,4.2,1.46,None,177,157,60,1.58,31.7,4,2
28,1.79,100.3,31.3,Male,high,170,12633,247.0,6.1,1.76,Yoga,147,92,62,0.86,31.4,2,3
24,1.53,102.9,43.96,Female,high,167,10329,303.5,5.9,2.8,Yoga,153,77,59,1.71,12.9,4,1
27,1.54,118.5,49.97,Female,high,136,7651,307.5,7.8,2.91,Strength,172,76,63,1.52,23.3,1,2
59,1.6,55.5,21.68,Male,moderate,102,5999,617.2,6.5,1.53,Strength,159,139,80,1.63,28.5,6,3
51,1.57,98.2,39.84,Male,moderate,131,7251,500.2,4.9,2.01,Cardio,183,109,65,1.16,27.1,5,3
20,1.66,76.3,27.69,Male,high,162,4894,324.7,4.5,1.6,None,129,125,67,1.82,12.6,6,1
25,1.79,113.6,35.45,Female,high,144,1417,715.7,4.4,2.28,Yoga,145,142,55,1.06,18.0,4,3
48,1.8,75.6,23.33,Female,low,86,14623,762.1,4.1,2.63,Yoga,162,109,61,1.4,25.3,2,1
28,1.79,78.4,24.47,Female,low,114,3073,347.1,4.4,1.68,Cardio,190,146,60,1.46,24.6,6,2
62,1.56,54.5,22.39,Female,moderate,140,5413,705.9,7.8,2.16,Strength,163,118,62,1.93,30.4,3,3
24,1.8,69.1,21.33,Male,high,134,5241,244.5,7.9,2.34,Yoga,190,103,56,0.7,11.4,2,2
62,1.7,75.1,25.99,Male,low,131,9455,799.2,5.8,2.05,Yoga,176,110,71,0.7,22.0,3,1
19,1.95,46.3,12.18,Female,high,91,4378,873.9,4.2,2.28,Strength,167,152,71,1.19,31.2,6,1
23,1.96,77.8,20.25,Female,low,69,11488,309.1,4.6,1.36,None,198,116,84,1.88,34.8,6,1
58,1.88,70.2,19.86,Female,high,94,6094,750.3,6.5,1.1,None,181,81,72,0.53,13.2,2,3
49,1.85,105.3,30.77,Male,high,178,9298,268.1,8.9,1.16,Strength,180,87,75,0.91,26.1,1,3
37,1.56,53.0,21.78,Female,low,151,4045,872.9,4.6,3.43,Yoga,186,96,61,0.93,10.0,3,3
51,1.54,102.0,43.01,Male,moderate,155,11087,516.5,4.8,1.18,Strength,164,131,69,0.96,18.7,1,2
33,1.92,98.6,26.75,Female,high,63,11111,574.7,6.0,1.97,None,180,119,67,0.54,21.1,4,2
42,1.71,63.1,21.58,Male,high,173,12784,734.7,7.1,2.98,Cardio,190,128,79,1.74,18.6,6,3
29,1.73,51.2,17.11,Male,low,150,7950,374.1,6.0,3.13,Cardio,121,76,74,0.51,25.6,3,2
24,1.92,108.1,29.32,Female,moderate,175,10129,479.2,7.1,1.67,None,193,146,83,1.22,10.4,4,1
56,1.81,63.7,19.44,Male,low,98,14919,249.0,4.3,2.6,None,166,131,79,0.58,32.7,6,3
34,1.59,55.9,22.11,Male,moderate,102,10289,630.2,4.9,2.81,None,186,159,68,1.7,18.0,5,1
62,1.61,71.9,27.74,Female,moderate,77,6179,759.5,4.4,3.29,Strength,148,158,81,1.62,13.8,2,1
28,1.5,75.1,33.38,Male,high,91,5210,796.3,8.4,3.22,Cardio,182,149,69,1.58,20.8,2,1
23,1.86,69.5,20.09,Female,low,128,8793,575.4,8.0,2.09,None,144,108,57,1.6,22.8,6,2
40,1.74,118.2,39.04,Male,low,177,5466,736.1,5.3,2.35,Yoga,123,118,82,1.91,11.3,2,1
44,1.97,111.1,28.63,Male,moderate,160,5653,304.9,7.8,3.0,Cardio,166,143,60,1.13,30.0,5,2
63,1.86,110.5,31.94,Male,moderate,87,9967,720.4,8.1,2.5,Strength,188,127,63,1.79,28.4,5,1
23,1.55,74.9,31.18,Male,low,98,10560,203.2,8.3,1.89,Yoga,182,136,81,0.78,22.8,6,3
55,1.58,117.2,46.95,Female,high,136,10817,336.4,6.2,3.38,Strength,125,107,68,1.18,14.6,6,1
19,1.75,96.3,31.44,Female,moderate,145,6707,644.2,8.8,3.49,None,137,150,83,0.51,33.2,1,1
39,1.96,107.4,27.96,Female,high,86,14820,424.4,8.5,3.33,None,155,143,70,0.93,29.9,3,3
37,1.62,82.6,31.47,Male,moderate,112,5642,487.4,7.5,1.86,None,195,75,71,1.19,15.8,6,2
42,1.91,57.0,15.62,Male,moderate,68,4949,778.2,4.2,1.61,Yoga,176,109,66,1.86,28.4,3,3
32,1.66,111.5,40.46,Female,high,150,9875,599.8,7.7,2.23,None,149,99,58,0.98,12.5,3,1
46,1.63,81.5,30.67,Female,moderate,110,12696,479.3,7.1,2.96,Cardio,133,78,59,1.51,13.0,4,1
25,1.95,117.6,30.93,Female,high,140,1535,526.0,8.7,1.68,None,158,147,65,1.75,21.1,5,2
54,1.52,64.1,27.74,Female,high,71,1952,793.9,6.3,2.02,Cardio,121,141,76,0.99,27.5,5,1
50,1.83,119.4,35.65,Male,high,71,6263,539.9,6.9,1.38,Yoga,153,158,65,0.75,32.9,5,1
39,1.52,61.7,26.71,Female,low,158,12432,812.7,6.8,2.75,Strength,177,84,62,1.39,34.3,2,2
64,1.9,72.6,20.11,Male,low,179,2579,373.0,4.1,2.84,Strength,154,94,82,0.93,27.3,4,2
22,1.91,89.6,24.56,Female,moderate,151,4045,573.6,5.1,2.24,Cardio,153,114,72,1.48,29.6,5,2
56,1.95,97.0,25.51,Male,high,89,9946,458.3,4.9,2.84,Yoga,127,141,60,0.7,22.8,5,2
35,1.59,99.0,39.16,Female,high,86,4973,613.9,5.8,2.61,Cardio,162,149,61,0.73,11.4,3,1
55,1.56,80.7,33.16,Female,high,102,9359,602.9,5.4,3.32,None,182,89,60,1.51,13.1,3,2
54,1.75,50.8,16.59,Male,low,155,5710,599.9,5.6,2.47,None,181,102,68,1.96,34.3,5,2
47,1.64,82.2,30.56,Male,high,117,14667,569.4,4.4,1.89,None,139,109,74,0.87,19.8,2,1
48,1.8,70.1,21.64,Female,low,112,10228,518.1,4.8,2.82,Strength,171,81,60,1.57,29.3,5,2
27,1.76,94.3,30.44,Male,low,161,7497,837.3,6.5,1.14,Cardio,165,128,58,1.3,15.5,3,1
32,1.57,58.7,23.81,Female,high,163,11419,387.6,6.5,2.19,Yoga,123,116,79,1.77,23.3,4,2
59,1.87,74.5,21.3,Male,low,65,5853,503.8,4.5,3.41,Cardio,181,112,67,1.08,13.8,2,2
61,1.9,117.5,32.55,Female,low,154,3170,347.8,7.0,2.76,Cardio,129,157,71,1.96,30.2,1,3
35,1.98,51.7,13.19,Female,moderate,176,2813,432.6,8.9,3.5,Cardio,159,138,66,0.62,14.2,4,1
40,1.7,90.2,31.21,Female,low,60,1252,374.3,6.0,1.98,None,124,131,63,1.98,27.6,4,2
50,1.67,51.8,18.57,Female,moderate,102,4462,668.8,4.8,1.98,None,137,103,81,1.77,13.8,2,3
33,1.6,56.8,22.19,Female,high,80,7765,695.3,9.0,1.15,Cardio,180,140,74,1.8,30.5,2,3
55,1.59,90.4,35.76,Female,moderate,135,13177,393.7,6.6,1.9,None,176,157,57,1.76,22.6,5,1
52,1.66,78.3,28.41,Female,moderate,71,8124,888.5,5.2,1.35,Strength,182,147,65,1.79,20.3,1,3
51,1.99,86.1,21.74,Female,low,179,13762,399.0,8.4,1.99,None,124,80,59,1.72,18.4,2,1
45,1.55,111.0,46.2,Male,low,160,7919,779.9,4.6,1.0,Strength,140,155,57,1.85,27.2,2,3
19,1.63,106.3,40.01,Male,moderate,105,3303,404.8,4.9,2.1,Strength,138,76,71,1.19,12.2,4,1
47,1.54,111.6,47.06,Male,moderate,145,10009,489.2,7.8,3.35,Cardio,142,113,78,1.91,31.4,5,2
30,1.64,91.2,33.91,Female,moderate,97,9836,665.3,8.6,2.91,Cardio,188,80,63,1.08,29.0,5,1
58,1.55,81.7,34.01,Female,low,110,5877,590.4,6.2,1.6,None,152,88,60,1.59,19.3,3,3
33,1.75,79.4,25.93,Female,high,139,2968,554.3,4.4,1.68,Yoga,123,92,72,1.57,34.4,1,1
22,1.72,100.5,33.97,Male,low,135,1513,756.0,7.1,1.77,Cardio,154,144,83,1.73,30.8,3,2
45,1.59,84.1,33.27,Male,moderate,162,14335,695.4,7.8,1.23,Strength,178,150,60,1.61,16.8,5,2
56,1.59,52.9,20.92,Male,low,104,3060,839.9,6.6,3.48,Strength,161,96,60,0.55,32.2,4,3
62,1.81,55.6,16.97,Male,high,73,8253,361.6,6.0,2.67,None,194,152,76,1.61,12.5,4,3
37,1.69,71.8,25.14,Male,high,68,1394,211.4,7.4,2.85,Strength,168,87,64,0.53,27.2,1,3
41,1.53,50.1,21.4,Female,moderate,61,1232,899.9,6.4,2.74,Cardio,160,147,65,1.3,13.3,6,2
44,1.96,62.9,16.37,Male,moderate,88,13562,398.4,7.9,2.16,None,196,84,68,1.76,34.4,5,2
47,1.7,94.2,32.6,Female,low,120,14995,230.1,4.0,3.04,None,197,101,66,1.74,11.2,4,3
62,1.8,45.9,14.17,Female,low,94,14661,373.1,7.0,1.59,Yoga,168,88,79,1.76,15.8,2,2
44,1.94,90.3,23.99,Female,low,145,9451,668.1,8.2,1.97,None,190,83,74,1.4,23.3,6,2
43,1.7,102.9,35.61,Male,low,128,13914,611.7,7.4,1.81,Yoga,199,83,72,0.78,24.6,1,3
24,1.91,57.8,15.84,Male,low,64,10908,344.7,6.8,3.38,Cardio,165,131,78,1.26,22.8,2,2
59,1.96,58.6,15.25,Female,low,103,6066,330.4,5.1,1.1,Strength,183,109,76,1.27,28.5,5,3
64,1.59,47.2,18.67,Male,low,109,13848,511.0,6.8,1.19,Cardio,169,100,69,0.99,10.0,5,2
55,1.95,83.4,21.93,Male,moderate,114,4395,209.5,8.1,3.39,None,162,115,64,1.14,24.1,2,1
22,1.56,94.1,38.67,Female,high,143,10999,201.7,8.3,2.72,Yoga,146,141,55,1.81,25.4,6,1
40,1.64,79.3,29.48,Female,moderate,156,10753,631.8,7.2,2.59,Strength,153,104,69,1.28,15.2,3,2
45,1.9,74.2,20.55,Female,moderate,103,14915,427.7,8.9,3.05,None,182,103,76,1.56,26.5,1,2
51,1.95,79.1,20.8,Female,moderate,128,6240,216.7,4.6,3.29,Cardio,186,158,56,1.24,26.3,2,1
32,1.84,103.6,30.6,Female,high,121,10118,521.9,7.4,3.24,None,146,142,74,1.43,23.3,2,3
49,1.55,47.5,19.77,Male,high,66,11870,854.9,4.2,3.22,Yoga,126,88,56,0.64,16.5,6,3
43,1.76,103.8,33.51,Female,high,128,7838,378.4,8.3,3.1,Cardio,142,126,58,1.9,20.4,3,1
48,1.79,95.0,29.65,Male,high,60,7534,375.7,7.9,1.3,None,185,113,77,1.15,16.8,4,3
36,1.64,63.1,23.46,Male,low,142,13943,527.6,8.1,2.59,Yoga,121,95,78,1.62,29.2,1,3
26,2.0,84.4,21.1,Female,high,132,9367,303.9,5.8,2.23,None,155,145,68,1.5,25.5,3,1
46,1.67,48.7,17.46,Female,moderate,140,1313,646.6,5.1,2.95,Yoga,177,80,73,1.7,13.8,2,1
56,1.61,73.5,28.36,Male,moderate,98,5851,787.5,5.1,3.39,None,130,129,68,0.55,24.2,4,2
21,1.56,58.1,23.87,Female,high,68,4440,336.2,8.5,1.91,Cardio,126,114,67,1.9,32.6,5,1
20,1.69,46.7,16.35,Male,high,111,6594,661.1,6.6,2.89,Cardio,185,144,55,1.74,30.8,4,1
46,1.85,71.8,20.98,Female,high,139,8934,821.6,5.0,1.53,Cardio,198,99,64,1.75,32.3,5,3
28,1.62,99.5,37.91,Female,high,142,8333,832.2,4.4,2.05,Cardio,150,78,68,1.2,32.9,3,3
50,1.88,114.1,32.28,Male,high,170,7255,587.0,6.1,2.81,Cardio,165,156,71,1.69,14.7,5,2
55,1.57,94.7,38.42,Male,high,137,1268,306.6,4.7,1.22,Strength,189,108,80,1.36,28.0,5,3
28,1.72,75.1,25.39,Female,low,159,2877,661.4,5.8,3.16,None,172,96,70,1.26,26.1,2,3
44,1.85,120.0,35.06,Female,low,95,8861,714.4,4.7,3.29,Cardio,187,130,69,1.68,10.8,5,3
50,1.57,66.2,26.86,Female,high,103,9740,728.0,6.7,3.18,Strength,165,120,65,1.44,29.5,5,1
38,1.8,59.0,18.21,Male,high,126,1918,854.0,4.3,1.0,Strength,156,130,77,0.62,15.2,1,3
56,1.9,79.8,22.11,Female,moderate,85,3130,630.7,4.3,3.01,None,195,152,66,0.97,32.9,2,1
48,1.8,82.9,25.59,Female,low,170,13339,526.3,8.1,3.24,Yoga,146,149,55,1.43,30.9,3,3
55,1.76,71.6,23.11,Female,high,70,8173,551.8,4.4,3.46,None,144,101,57,1.86,29.2,3,1
63,1.92,97.2,26.37,Female,moderate,102,10460,425.1,8.8,1.08,None,131,109,65,1.9,27.4,3,3
19,1.99,58.8,14.85,Male,moderate,87,4447,240.1,6.9,2.41,Yoga,179,90,75,1.76,21.8,6,2
44,1.59,83.3,32.95,Male,high,99,5747,702.2,5.5,3.2,Yoga,136,94,65,0.88,29.9,3,2
53,1.85,82.5,24.11,Male,moderate,166,11890,213.9,5.4,2.83,Cardio,169,89,59,1.21,30.5,6,2
28,1.54,106.8,45.03,Female,moderate,178,8469,244.9,7.3,3.14,Yoga,195,152,69,1.15,12.5,4,3
64,1.52,114.5,49.56,Female,low,70,8051,433.9,8.3,2.75,Yoga,128,146,81,1.16,18.3,1,2
35,1.64,94.7,35.21,Female,high,71,3247,851.7,6.6,1.06,None,148,98,74,0.57,17.9,2,1
18,1.99,67.9,17.15,Male,low,101,10482,538.2,7.8,3.2,None,144,136,78,0.76,13.1,6,2
52,1.78,96.7,30.52,Male,low,150,11761,350.6,8.7,2.54,None,134,154,70,0.73,34.4,2,2
52,1.63,63.9,24.05,Male,high,135,5380,827.9,7.0,1.62,Yoga,128,118,57,1.43,24.6,4,2
48,1.57,117.5,47.67,Male,moderate,92,10038,600.2,6.1,2.7,Strength,132,88,62,1.12,24.7,2,2
45,1.96,106.7,27.77,Female,moderate,64,5220,458.9,4.6,2.29,Cardio,166,147,70,0.99,19.6,6,1
56,1.68,77.3,27.39,Male,moderate,80,4180,701.0,7.5,2.79,None,163,151,70,1.17,29.2,3,2
18,1.65,103.8,38.13,Male,low,89,8777,508.8,8.3,2.18,Strength,122,125,76,0.99,21.9,4,3
42,1.93,75.6,20.3,Female,moderate,92,6696,711.0,4.1,1.26,Cardio,193,96,58,1.64,28.6,3,2
60,1.8,50.6,15.62,Male,low,133,10126,352.9,7.2,3.28,None,137,106,80,0.75,32.0,4,3
55,1.58,98.0,39.26,Female,low,60,5652,305.1,4.3,2.71,Strength,129,154,81,0.58,26.4,3,3
37,1.71,75.3,25.75,Female,high,88,8859,522.7,8.7,2.78,Cardio,155,99,69,1.48,25.6,5,2
20,1.96,114.8,29.88,Female,moderate,130,4036,423.7,6.1,2.92,None,176,123,73,0.85,29.7,2,2
19,1.95,68.0,17.88,Female,high,110,6549,623.6,4.9,2.28,None,122,97,80,1.47,22.6,1,3
35,1.54,108.2,45.62,Female,high,156,5920,752.2,5.0,2.78,Strength,139,111,69,0.59,30.3,3,1
61,1.63,96.0,36.13,Male,high,124,3671,831.1,4.5,1.53,Yoga,137,77,67,0.87,12.3,2,1
27,1.58,109.0,43.66,Male,high,154,12148,732.4,7.3,2.17,Yoga,168,134,82,0.73,16.0,2,2
22,1.77,66.9,21.35,Female,low,107,1166,439.2,8.4,2.73,None,156,133,64,0.94,33.1,4,1
26,1.87,79.6,22.76,Male,moderate,92,9209,709.2,5.9,3.01,Strength,139,97,56,0.99,14.3,2,1
19,1.65,106.7,39.19,Female,low,62,3445,570.9,6.7,3.42,Yoga,193,107,60,1.24,21.3,6,2
51,1.88,93.3,26.4,Male,high,154,4231,834.3,5.3,3.15,Yoga,183,128,71,1.28,22.0,6,3
55,1.83,72.0,21.5,Male,low,125,7911,694.8,7.9,1.1,Yoga,141,113,80,1.45,20.4,5,3
48,1.86,83.4,24.11,Male,high,77,9995,305.2,7.2,1.44,Strength,140,99,62,1.0,31.7,6,1
27,1.97,119.7,30.84,Male,moderate,163,9301,254.7,9.0,2.7,Strength,199,137,70,1.3,28.7,6,3
29,1.71,100.6,34.4,Male,high,77,3908,580.7,8.3,1.21,Cardio,154,159,83,1.99,30.3,4,2
53,1.67,91.1,32.67,Male,low,147,9604,455.5,4.7,3.49,Yoga,120,133,75,0.82,34.8,2,1
38,1.84,107.1,31.63,Male,low,155,12785,317.7,8.2,2.18,Strength,131,105,67,0.73,34.4,3,3
64,1.9,78.2,21.66,Female,moderate,147,11083,758.4,4.3,2.72,Cardio,132,123,77,1.76,32.3,4,1
23,1.6,116.3,45.43,Female,moderate,132,8255,462.8,4.7,1.12,None,127,134,82,1.12,24.1,1,3
20,1.92,86.4,23.44,Female,moderate,71,2594,260.2,5.9,2.08,Cardio,150,138,66,1.77,17.5,1,1
27,1.53,69.5,29.69,Male,low,86,3916,383.6,4.9,1.6,Yoga,124,112,70,1.14,28.1,6,3
22,1.5,51.5,22.89,Male,low,118,1661,673.8,5.4,1.26,Strength,163,145,61,0.53,33.7,2,3
63,1.58,73.2,29.32,Female,low,162,12341,653.6,7.6,2.68,Yoga,170,151,81,1.06,34.8,6,2
43,1.99,87.6,22.12,Female,high,128,1893,383.7,6.8,3.44,Yoga,144,82,64,1.42,25.3,5,2
38,1.76,97.7,31.54,Male,low,94,8681,438.8,6.0,1.76,None,164,159,60,1.17,27.5,5,2
62,1.52,110.6,47.87,Female,low,85,8191,234.9,7.2,3.32,Strength,132,87,59,1.19,17.0,5,1
43,2.0,115.8,28.95,Female,moderate,69,10361,867.3,4.0,1.01,Strength,154,100,72,2.0,15.0,1,1
55,1.87,52.7,15.07,Female,high,133,14073,429.0,8.4,2.66,None,151,84,70,1.32,26.0,2,1
61,1.92,90.1,24.44,Female,low,111,11420,850.6,6.0,2.33,Strength,191,130,57,1.55,15.6,1,3
43,1.61,95.0,36.65,Male,moderate,62,7206,769.7,6.4,1.92,Cardio,141,78,57,1.58,19.9,2,3
25,1.55,57.9,24.1,Female,high,136,13131,434.6,4.6,2.04,Yoga,125,105,59,0.5,22.3,6,3
22,1.76,85.9,27.73,Female,high,145,8133,685.9,7.8,2.5,None,168,91,56,1.33,33.3,1,1
32,1.89,70.1,19.62,Female,moderate,80,1822,531.5,9.0,2.4,None,130,82,81,1.94,34.4,3,2
33,1.82,50.8,15.34,Female,moderate,93,12730,883.7,7.8,2.27,Yoga,190,126,55,1.63,16.2,6,1
18,1.82,49.9,15.06,Male,high,113,8587,646.9,4.7,3.46,None,134,111,58,1.01,13.3,4,1
33,1.88,101.9,28.83,Female,low,176,4045,563.4,8.6,2.92,Strength,187,94,64,1.05,15.6,4,2
54,1.61,91.2,35.18,Female,moderate,85,14580,646.6,6.9,1.45,Strength,159,121,67,0.96,23.0,1,2
20,1.83,98.6,29.44,Female,moderate,69,10486,354.2,8.3,3.29,Yoga,153,148,57,1.45,29.6,2,1
64,1.7,96.4,33.36,Female,moderate,167,9499,414.5,6.1,2.23,None,149,125,65,0.65,23.0,2,3
48,1.53,55.1,23.54,Female,moderate,79,8769,698.9,5.4,1.04,Cardio,138,132,57,0.94,33.3,5,3
30,1.6,56.4,22.03,Male,moderate,114,14428,258.6,4.1,2.96,Yoga,181,118,82,1.25,25.9,5,2
33,1.9,63.9,17.7,Female,high,140,14207,411.8,8.7,1.88,Strength,181,85,64,1.3,22.1,1,1
60,1.95,74.9,19.7,Female,high,147,12680,633.7,4.8,3.5,Strength,157,86,81,1.41,29.3,2,3
38,1.64,115.4,42.91,Male,low,156,6570,897.0,7.9,2.36,Strength,149,84,76,1.7,33.8,3,3
19,1.6,95.5,37.3,Female,high,166,1618,848.0,5.4,1.68,Cardio,151,151,82,0.74,18.3,4,2
44,1.51,64.1,28.11,Male,moderate,139,1679,782.6,6.9,2.88,Strength,144,128,63,0.84,16.9,6,1
55,1.97,49.2,12.68,Female,moderate,106,6242,550.6,8.1,1.7,Yoga,131,108,80,1.81,15.3,2,2
43,1.84,96.3,28.44,Male,low,160,14832,763.3,5.7,1.06,Yoga,128,104,83,1.75,23.4,5,1
55,1.98,91.9,23.44,Male,low,108,10230,591.2,6.2,1.24,Yoga,156,89,64,1.73,21.7,1,1
63,1.93,95.7,25.69,Female,high,157,8256,520.9,4.7,2.64,Strength,136,82,81,0.81,16.2,2,1
42,1.67,64.6,23.16,Male,moderate,166,1702,356.5,6.1,1.54,Cardio,154,114,67,0.59,28.0,2,1
28,1.56,83.8,34.43,Female,moderate,121,3665,865.7,8.1,1.59,Cardio,179,96,84,1.29,17.4,1,1
25,1.75,72.1,23.54,Male,high,67,12952,618.7,8.4,1.37,Strength,123,79,72,1.81,28.9,3,1
25,1.51,106.3,46.62,Male,moderate,74,5262,672.8,7.2,1.64,None,160,94,75,0.86,31.0,4,3
50,1.57,50.2,20.37,Female,low,72,9734,298.8,6.3,2.9,None,187,123,72,1.86,31.7,3,3
24,1.62,65.7,25.03,Male,low,84,13144,501.6,5.0,2.28,Yoga,122,126,76,0.71,13.7,3,3
55,1.83,90.2,26.93,Female,low,104,2936,875.3,6.3,1.54,Cardio,128,140,71,0.95,17.6,5,3
38,1.75,60.4,19.72,Male,high,108,14401,730.4,8.0,1.62,Strength,130,93,71,0.95,23.1,4,1
25,1.65,95.5,35.08,Male,moderate,101,13268,818.0,5.5,1.95,Cardio,180,88,79,0.73,31.1,3,3
38,1.78,55.3,17.45,Female,moderate,87,2911,477.1,8.0,3.49,Cardio,140,81,80,1.81,20.0,2,1
37,1.56,46.7,19.19,Female,moderate,120,6029,246.5,4.0,1.43,None,144,131,59,1.12,26.5,2,2
25,1.88,109.8,31.07,Male,moderate,98,13719,446.0,5.7,3.01,Cardio,181,154,63,0.79,21.4,5,2
63,1.86,70.0,20.23,Female,high,175,2246,463.2,9.0,3.16,Cardio,143,84,66,0.72,10.7,4,3
48,1.61,56.8,21.91,Female,high,159,4758,410.8,8.6,3.39,Strength,188,96,66,1.13,17.9,6,1
46,1.8,58.0,17.9,Male,high,97,12564,568.7,7.2,2.51,Strength,160,79,78,0.53,28.9,1,3
26,1.75,111.4,36.38,Male,high,69,3062,334.5,6.5,1.25,Cardio,176,150,79,0.68,28.3,2,1
32,1.53,94.1,40.2,Female,low,139,8494,856.4,7.5,1.06,Cardio,185,98,79,0.51,32.1,1,3
47,1.64,116.7,43.39,Male,low,111,7060,835.3,8.9,2.11,Strength,128,89,78,0.54,24.8,6,2
43,2.0,105.0,26.25,Female,high,136,9255,383.1,4.2,1.88,None,127,100,73,2.0,29.2,5,2
27,1.55,102.6,42.71,Female,moderate,153,5425,656.0,5.4,3.16,Strength,177,129,61,1.17,20.4,2,3
46,1.75,82.5,26.94,Female,low,118,14572,550.8,9.0,2.49,Strength,190,92,74,1.59,18.7,2,3
33,1.92,106.6,28.92,Female,low,72,11989,375.0,7.0,3.11,Strength,157,117,78,1.61,18.5,6,1
53,1.65,75.9,27.88,Female,high,84,10167,828.0,7.7,2.43,Strength,139,80,77,1.82,14.0,3,2
37,1.63,107.0,40.27,Female,low,164,9116,361.7,7.8,1.57,Strength,166,119,66,0.66,20.9,5,3
62,1.95,101.8,26.77,Male,low,114,11348,637.2,6.0,1.5,None,198,99,63,1.29,30.3,5,1
54,1.65,95.9,35.22,Female,moderate,76,7792,434.7,8.7,1.99,Yoga,147,155,62,0.98,10.3,3,2
39,1.83,69.7,20.81,Male,low,65,9879,778.3,4.8,1.07,Strength,179,90,84,1.32,24.4,5,1
24,1.87,92.3,26.39,Female,moderate,80,12038,634.2,8.1,2.24,Strength,141,129,73,1.0,14.3,3,2
40,1.89,83.0,23.24,Male,low,80,6098,782.8,6.8,1.68,None,170,130,75,0.78,28.6,6,2
58,2.0,79.6,19.9,Male,moderate,87,11050,443.4,5.4,1.11,Yoga,143,103,57,1.51,13.5,3,1
57,1.9,119.3,33.05,Male,low,135,6802,207.8,6.4,2.19,Cardio,192,138,65,0.56,14.1,3,1
46,1.83,82.8,24.72,Female,high,131,13204,355.2,6.7,2.6,None,180,75,66,1.84,11.1,4,2
33,1.95,47.4,12.47,Male,low,160,9064,770.1,5.8,1.25,Strength,121,119,79,0.72,21.1,2,2
55,1.95,92.0,24.19,Male,high,142,14041,421.8,5.5,2.52,Cardio,195,158,71,1.42,26.2,2,1
45,1.99,99.6,25.15,Female,moderate,170,4481,423.8,6.2,3.36,None,174,100,61,1.63,17.2,2,3
55,1.89,111.4,31.19,Male,low,122,14054,514.7,8.2,1.94,Cardio,123,159,79,0.61,11.0,4,1
48,1.6,92.5,36.13,Male,moderate,141,1540,392.3,7.6,3.45,None,177,124,57,1.85,33.3,6,3
31,1.85,46.5,13.59,Female,high,79,6293,765.0,4.4,2.95,None,132,101,61,1.03,31.5,2,1
50,1.54,54.0,22.77,Male,moderate,135,4295,425.2,7.8,1.02,Cardio,146,109,61,2.0,21.6,6,3
26,1.66,57.1,20.72,Male,low,64,12633,622.8,8.6,3.36,Yoga,149,154,81,0.6,30.6,3,3
44,1.56,60.8,24.98,Female,moderate,82,1603,515.7,8.8,2.28,Cardio,181,103,68,1.58,30.0,6,2
41,1.97,105.0,27.06,Male,moderate,166,13701,401.1,6.0,2.5,Cardio,184,81,56,0.74,24.0,1,1
30,1.67,68.2,24.45,Male,high,143,12289,385.7,8.6,2.52,Yoga,130,136,70,1.1,23.2,1,1
43,1.86,68.4,19.77,Male,moderate,68,10813,551.3,4.8,1.98,Cardio,168,145,75,1.16,26.3,2,1
46,1.79,101.7,31.74,Male,moderate,146,4927,347.6,6.0,2.11,Yoga,136,108,64,1.11,28.1,6,3
60,1.55,75.9,31.59,Female,high,161,3668,441.9,6.5,2.3,Yoga,134,122,68,1.01,30.5,5,3
45,1.78,49.8,15.72,Female,high,68,9601,227.6,4.9,3.41,Yoga,146,79,83,1.65,24.4,2,2
45,1.83,88.9,26.55,Female,low,163,2990,753.2,7.4,1.55,Strength,129,82,61,1.73,28.7,4,3
25,1.94,54.8,14.56,Female,moderate,111,1172,230.5,6.1,3.29,None,199,146,56,1.0,14.6,5,1
40,1.54,87.9,37.06,Male,moderate,88,7976,810.6,4.6,3.44,Strength,147,117,80,1.22,28.7,1,3
46,1.65,103.5,38.02,Female,low,96,3134,233.2,6.6,2.06,None,121,126,64,1.13,11.5,3,3
22,1.85,114.7,33.51,Female,high,89,12585,793.7,5.4,1.62,Strength,154,148,56,1.39,26.5,2,2
59,1.52,50.0,21.64,Male,high,136,7441,650.9,8.7,2.15,Yoga,134,75,81,0.73,27.8,6,3
24,1.6,67.8,26.48,Male,moderate,150,1629,554.2,8.1,1.25,Strength,178,112,67,1.71,34.2,6,1
59,1.61,93.9,36.23,Male,moderate,76,12786,301.5,8.1,3.05,None,194,81,76,1.7,20.5,2,1
53,1.83,68.7,20.51,Female,low,109,8878,379.7,7.2,1.79,Strength,152,155,56,1.39,12.9,2,1
58,1.64,78.8,29.3,Male,high,63,13981,683.1,4.5,1.76,Cardio,174,130,64,1.62,18.4,5,1
44,1.8,46.5,14.35,Male,moderate,126,2933,558.5,6.2,2.68,Cardio,199,120,68,1.98,20.5,6,2
63,1.98,97.0,24.74,Male,high,168,4006,560.0,7.2,2.4,Yoga,194,98,71,1.88,29.2,4,2
19,1.9,111.2,30.8,Female,high,105,11956,293.3,5.0,2.46,Strength,171,109,73,1.42,14.7,3,1
42,1.67,118.3,42.42,Female,moderate,167,11880,532.6,6.0,2.21,Strength,138,147,66,1.27,14.2,3,1
26,1.74,107.3,35.44,Female,high,78,13648,613.2,6.4,2.13,None,158,116,71,1.3,15.5,2,3
44,1.6,47.4,18.52,Female,high,60,5634,285.6,8.2,1.79,None,179,141,60,1.2,15.8,3,3
18,1.51,93.9,41.18,Female,high,131,5218,882.0,5.9,1.71,Strength,129,118,58,1.22,33.1,3,3
40,1.64,82.2,30.56,Female,high,125,11178,781.0,5.7,3.48,None,191,78,56,1.6,14.0,2,3
27,1.68,115.3,40.85,Female,low,111,6759,422.2,7.6,2.01,Cardio,185,151,83,1.99,20.3,2,3
59,1.78,112.7,35.57,Male,low,179,4940,594.4,5.7,2.27,Cardio,175,98,69,0.57,20.1,6,1
42,1.97,119.1,30.69,Male,low,158,8002,591.3,4.5,1.99,Yoga,126,145,82,0.85,13.2,4,3
20,1.97,109.6,28.24,Male,moderate,62,13519,274.6,7.9,2.82,Cardio,159,93,77,0.82,12.7,6,3
23,1.54,86.0,36.26,Female,moderate,140,2165,506.7,5.8,1.43,None,138,124,77,1.75,32.7,2,3
23,1.81,98.6,30.1,Female,high,103,11865,345.4,8.9,1.13,None,189,92,78,1.13,30.9,2,2
19,1.52,117.4,50.81,Male,low,174,8196,433.3,6.5,3.44,None,130,102,70,1.29,33.3,4,2
35,1.82,88.4,26.69,Male,high,162,10363,860.7,4.3,2.34,None,171,103,66,1.2,17.9,4,2
40,1.56,108.0,44.38,Female,moderate,90,3596,585.9,7.8,2.38,Strength,131,147,82,1.78,23.2,6,1
19,1.97,115.7,29.81,Female,low,69,7097,246.8,5.9,2.17,Strength,181,159,61,1.25,16.4,3,2
29,1.93,87.8,23.57,Female,moderate,133,9853,670.6,4.6,1.12,Strength,192,119,67,1.5,19.8,6,3
39,1.51,56.9,24.96,Female,moderate,141,8069,899.0,6.8,2.69,Strength,142,81,55,0.53,29.9,2,3
54,1.89,56.7,15.87,Female,low,113,7271,317.4,5.2,2.41,Cardio,159,119,73,1.48,21.9,5,3
37,1.82,53.6,16.18,Female,low,162,10910,678.0,8.7,1.36,None,189,100,67,0.86,12.7,2,1
56,1.75,80.7,26.35,Female,low,111,13601,777.0,7.5,2.31,Cardio,169,144,55,1.8,10.1,3,2
41,1.8,81.0,25.0,Female,high,117,5875,790.8,6.1,1.58,None,183,123,56,1.63,15.9,6,2
37,1.84,91.3,26.97,Male,moderate,128,8905,695.3,7.9,2.6,Strength,138,158,55,0.66,14.6,1,3
18,1.94,81.2,21.58,Female,high,129,7073,836.9,6.3,2.67,Cardio,137,92,66,0.66,29.9,4,3
18,1.88,118.0,33.39,Female,high,117,12801,222.5,8.6,1.74,None,146,158,79,0.94,26.7,2,2
34,1.79,66.8,20.85,Female,low,90,11595,244.9,7.6,1.24,Strength,192,114,77,0.69,31.0,5,2
18,1.91,110.5,30.29,Male,high,95,6359,294.2,8.9,2.99,Yoga,163,92,79,1.61,20.5,5,3
62,1.99,52.5,13.26,Male,moderate,73,12381,230.3,5.7,2.59,None,177,121,78,1.98,24.6,2,2
47,1.65,90.1,33.09,Female,moderate,156,8953,284.0,8.1,2.51,Yoga,181,75,64,1.48,20.4,6,2
58,1.56,93.6,38.46,Male,low,152,3748,771.9,5.4,2.5,None,169,107,56,0.87,15.5,6,1
64,1.87,102.9,29.43,Male,moderate,142,5632,827.5,5.7,2.8,Strength,172,113,55,1.35,25.8,1,3
20,1.99,82.7,20.88,Male,moderate,133,10156,435.2,5.2,1.57,Cardio,180,97,59,1.71,19.7,6,2
63,1.56,59.8,24.57,Female,low,146,13762,870.0,8.2,2.02,None,194,88,77,1.94,16.2,6,1
28,1.72,72.7,24.57,Female,moderate,100,1932,492.9,8.5,1.55,Yoga,169,159,56,0.51,33.5,4,1
41,1.53,65.4,27.94,Female,low,67,1075,320.4,5.0,1.18,Strength,173,118,58,1.29,12.7,2,1
39,1.89,76.4,21.39,Female,high,147,3982,676.9,8.3,3.27,None,161,111,77,1.18,29.4,3,1
61,1.97,84.7,21.82,Female,moderate,129,5373,494.2,8.8,1.12,Yoga,178,145,83,1.12,23.7,4,1
62,1.75,91.9,30.01,Female,low,160,9394,213.6,6.7,1.12,None,127,150,68,1.26,29.1,6,1
43,1.7,108.4,37.51,Female,moderate,150,14667,876.4,5.2,1.81,Yoga,133,111,63,1.11,12.2,5,1
30,1.95,113.3,29.8,Male,moderate,91,12388,618.5,8.7,1.8,None,132,102,60,1.02,19.8,1,3
18,1.57,79.7,32.33,Female,low,102,2343,629.3,8.6,1.1,Cardio,190,81,77,0.67,29.9,3,3
41,1.95,51.7,13.6,Female,low,89,7993,887.9,4.7,2.92,Cardio,198,126,78,1.25,30.4,2,3
27,1.7,104.8,36.26,Female,moderate,106,2272,783.5,8.8,1.29,Cardio,163,91,66,1.73,29.7,4,1
52,1.78,80.8,25.5,Female,low,62,6875,453.9,5.5,1.22,Cardio,162,136,66,0.66,28.6,6,2
41,1.76,86.0,27.76,Female,high,69,12690,229.3,6.2,1.22,Strength,137,111,78,1.61,19.4,2,1
45,1.81,89.7,27.38,Female,high,141,9811,355.7,6.8,2.61,Cardio,155,88,83,0.9,27.9,5,3
53,1.97,95.1,24.5,Female,low,136,4894,446.1,5.7,1.42,None,150,125,63,1.07,12.7,1,3
33,1.98,111.8,28.52,Female,high,76,10210,872.2,4.3,2.45,Strength,123,129,82,1.98,14.1,3,1
57,1.92,116.4,31.58,Male,high,139,13426,822.1,7.6,1.5,None,196,131,84,1.51,23.5,5,3
33,1.6,115.5,45.12,Male,low,144,10231,215.1,7.8,3.09,Yoga,158,78,69,1.58,23.7,2,2
34,1.67,105.7,37.9,Female,high,135,11392,891.1,6.7,1.47,Cardio,174,123,84,1.4,21.8,3,2
32,1.74,111.7,36.89,Female,high,139,8106,380.0,6.2,2.07,None,138,155,64,0.98,28.4,6,2
33,1.95,48.7,12.81,Male,moderate,119,10114,742.8,7.6,2.38,None,187,109,56,1.51,24.1,2,1
32,1.76,108.7,35.09,Female,high,73,8306,281.6,9.0,3.2,None,184,127,83,1.19,11.6,2,3
51,1.99,50.4,12.73,Female,high,69,12386,354.2,8.7,1.54,Yoga,159,106,77,1.75,32.2,6,3
28,1.99,101.0,25.5,Male,low,76,6787,553.8,6.8,2.55,Yoga,195,84,72,1.36,25.7,1,2
18,1.8,57.7,17.81,Female,moderate,78,7082,692.5,8.1,1.08,Yoga,195,136,61,1.66,32.4,1,3
32,1.94,72.0,19.13,Female,moderate,68,2195,441.8,5.1,2.94,None,194,76,81,1.77,20.7,1,1
43,2.0,58.8,14.7,Female,low,123,8502,811.3,5.9,2.32,Yoga,149,137,63,1.73,10.0,1,2
21,1.92,78.3,21.24,Male,moderate,105,10669,858.1,8.8,3.36,Cardio,147,150,74,1.1,29.1,1,1
60,1.83,75.9,22.66,Male,high,118,12574,285.8,6.8,2.94,Yoga,168,90,82,1.05,24.2,6,1
22,1.92,48.6,13.18,Female,high,129,9526,703.0,6.7,2.0,Yoga,160,90,75,1.8,10.5,4,3
52,1.54,107.3,45.24,Male,high,179,10972,292.3,5.2,2.04,None,168,77,75,0.71,24.3,6,1
30,1.82,109.1,32.94,Male,moderate,107,2808,438.5,6.5,1.02,None,148,92,82,0.92,33.3,1,2
27,1.61,104.1,40.16,Male,low,141,12632,773.7,4.8,3.1,None,120,116,72,0.68,15.2,1,1
28,1.56,108.6,44.63,Female,low,156,7621,435.4,7.7,3.01,None,150,106,83,0.56,17.0,3,3
35,1.95,101.3,26.64,Male,moderate,64,3087,835.2,8.4,2.42,Cardio,146,124,57,1.42,26.2,3,1
51,1.82,115.3,34.81,Male,moderate,177,12973,488.0,7.9,1.94,None,154,123,67,1.85,30.5,6,1
56,1.62,88.2,33.61,Male,low,122,8984,416.9,4.6,3.01,Strength,127,77,64,0.69,26.0,6,3
58,1.69,88.7,31.06,Female,high,87,1586,892.4,6.8,2.53,Strength,159,146,71,1.69,26.8,3,3
59,1.99,109.5,27.65,Male,moderate,102,14988,509.1,5.8,1.47,None,177,79,57,1.07,18.2,4,3
40,1.93,71.2,19.11,Male,high,67,14037,718.7,5.6,1.61,None,191,131,75,1.43,10.3,1,3
24,1.51,48.8,21.4,Female,low,93,3356,619.6,8.0,2.51,Cardio,125,158,63,1.65,31.0,6,3
56,1.99,101.2,25.55,Male,low,168,14639,341.7,6.4,2.7,Strength,134,118,71,1.57,34.9,4,3
20,1.68,64.1,22.71,Male,low,139,2744,550.2,8.2,1.28,Yoga,140,99,70,0.71,31.7,4,3
29,1.85,80.6,23.55,Male,moderate,100,2088,254.2,6.0,3.1,Cardio,156,144,60,0.67,19.9,6,1
24,1.86,63.0,18.21,Female,moderate,137,5992,696.1,6.7,2.26,Yoga,189,97,82,1.89,18.8,2,1
43,1.96,107.0,27.85,Female,low,111,1934,563.3,5.6,1.5,None,173,84,72,0.62,34.0,4,1
50,1.94,116.9,31.06,Male,moderate,76,6405,285.7,6.0,2.41,Strength,148,84,82,0.83,34.7,2,2
54,1.64,49.1,18.26,Male,high,172,1211,736.7,7.4,3.19,Yoga,177,107,60,1.16,25.3,6,3
32,1.82,62.5,18.87,Male,low,64,5522,763.2,5.4,1.14,Strength,138,147,80,1.73,22.9,5,1
19,1.7,59.2,20.48,Male,low,88,4350,713.7,9.0,1.55,Yoga,153,92,60,1.4,22.9,3,3
58,1.76,95.5,30.83,Male,low,78,9953,430.3,8.1,2.41,Cardio,177,141,71,1.36,15.0,2,2
24,1.78,77.2,24.37,Male,low,178,9436,706.2,4.6,1.0,None,190,148,75,1.54,28.2,5,3
49,1.7,79.2,27.4,Female,high,85,5587,604.4,5.2,1.45,Strength,132,101,64,1.7,14.3,6,1
21,1.73,56.8,18.98,Male,moderate,152,1030,580.7,7.4,1.59,Cardio,123,109,56,0.85,15.2,4,2
37,1.6,76.1,29.73,Male,low,134,6078,654.1,4.9,3.21,Strength,130,136,55,0.53,26.9,6,3
53,1.8,67.7,20.9,Male,low,103,6828,641.1,4.0,2.31,Yoga,169,92,65,0.69,31.7,2,2
49,1.88,90.8,25.69,Female,low,84,13140,759.4,7.2,2.58,Yoga,140,81,79,0.75,26.6,4,3
45,1.71,61.3,20.96,Male,low,152,10395,890.2,5.2,1.01,None,179,145,60,0.56,21.9,2,2
30,1.99,91.1,23.0,Female,moderate,77,6942,708.4,4.9,1.97,Yoga,140,84,55,1.62,27.4,3,1
18,1.53,73.3,31.31,Male,moderate,152,4461,509.2,7.4,2.12,None,162,101,70,1.83,21.4,4,3
52,1.79,71.0,22.16,Male,high,98,9494,523.2,6.0,3.1,None,164,142,80,1.57,26.4,1,3
47,1.79,67.9,21.19,Male,high,176,7160,220.5,8.7,1.49,Cardio,161,150,63,0.78,29.5,1,3
53,1.52,95.5,41.33,Male,moderate,163,11286,311.9,5.3,1.16,None,145,141,66,1.41,10.4,6,1
42,1.61,87.2,33.64,Male,moderate,100,3166,359.7,5.2,3.06,Cardio,150,129,63,1.28,15.5,2,2
33,1.95,108.9,28.64,Male,low,165,14367,893.2,6.8,1.53,Strength,168,122,67,1.73,27.6,3,1
36,1.77,63.1,20.14,Female,moderate,89,13334,734.2,6.5,2.73,Yoga,187,141,61,1.91,20.0,4,2
18,1.72,48.0,16.22,Male,moderate,145,10289,299.1,4.5,1.23,Yoga,122,100,79,1.61,23.1,4,3
22,1.71,58.7,20.07,Male,moderate,117,12803,548.9,7.0,2.68,Yoga,158,114,55,1.27,27.1,2,2
39,1.94,70.8,18.81,Male,high,155,8592,349.5,7.7,2.06,None,167,145,83,1.27,23.2,3,2
41,1.68,58.5,20.73,Female,low,94,9247,408.3,5.0,3.32,Cardio,140,120,57,1.71,30.9,5,3
60,1.93,51.3,13.77,Male,high,110,12841,623.2,5.3,1.5,Cardio,137,148,78,0.68,19.5,4,3
62,1.65,78.4,28.8,Female,high,160,1762,619.3,4.3,1.17,Cardio,154,141,57,0.73,27.3,5,2
54,1.77,95.8,30.58,Male,low,152,7470,810.3,4.9,2.33,None,151,85,78,1.02,20.6,4,3
53,1.57,101.4,41.14,Male,high,170,1135,315.2,5.9,3.29,Yoga,174,125,73,1.62,23.2,2,3
53,1.91,74.9,20.53,Female,low,113,1928,548.2,7.3,1.51,Yoga,130,106,58,0.6,12.8,3,2
21,1.87,80.9,23.13,Female,high,106,7464,619.2,6.5,3.09,Cardio,177,146,83,1.02,30.8,1,1
53,1.77,101.7,32.46,Male,moderate,104,6662,851.3,4.9,1.85,None,157,94,82,0.98,18.0,2,1
35,1.51,71.5,31.36,Female,moderate,163,9651,561.5,4.6,1.25,Yoga,165,79,66,1.23,17.5,1,3
33,1.74,103.9,34.32,Female,moderate,164,10047,438.5,6.5,2.47,None,139,115,84,1.2,12.2,5,2
58,1.61,117.6,45.37,Male,low,145,11447,404.5,8.8,2.3,Strength,145,87,58,1.57,22.7,5,3
35,1.71,111.0,37.96,Male,high,170,11448,351.3,5.6,3.1,Strength,130,149,75,1.44,20.4,6,1
39,1.93,79.0,21.21,Male,moderate,112,6613,873.7,4.8,1.26,None,185,77,64,1.85,12.5,2,1
19,1.88,88.5,25.04,Female,low,126,2202,622.1,8.1,2.61,Strength,156,89,80,0.77,28.8,5,2
38,1.62,98.7,37.61,Male,low,169,6258,412.5,5.4,2.55,Yoga,125,130,81,1.15,11.7,4,2
53,1.99,71.2,17.98,Male,high,136,7050,721.6,4.5,3.49,Cardio,173,117,58,1.1,13.6,3,1
61,1.95,104.9,27.59,Female,low,125,4939,402.5,9.0,1.82,None,166,148,77,0.67,21.5,2,2
56,1.76,77.8,25.12,Female,low,123,8859,552.7,5.1,1.11,Strength,166,141,65,0.75,18.9,6,1
64,1.77,108.5,34.63,Male,high,103,11179,218.2,5.7,2.03,Cardio,145,120,58,1.0,16.9,5,3
56,1.95,64.1,16.86,Female,low,173,4660,792.6,5.0,2.16,Yoga,144,122,65,1.6,24.1,6,1
46,1.82,45.9,13.86,Female,low,107,6030,869.6,8.8,1.92,Yoga,155,152,71,0.73,23.1,5,1
43,1.77,92.5,29.53,Female,high,132,6955,806.0,7.4,2.58,None,140,110,75,0.9,20.8,6,2
38,1.87,78.9,22.56,Male,moderate,98,11732,319.8,7.7,1.66,Cardio,177,97,82,1.51,29.4,5,2
34,1.62,49.5,18.86,Male,high,124,6748,777.7,4.5,1.46,Yoga,162,129,78,1.39,22.5,6,2
33,1.94,81.6,21.68,Male,high,96,1003,442.9,7.4,2.13,None,142,129,76,0.66,34.5,5,3
48,1.77,57.6,18.39,Female,moderate,76,9711,855.4,6.6,2.82,Strength,184,128,74,1.92,30.0,1,2
26,1.8,92.2,28.46,Male,high,70,6806,409.4,6.4,3.23,Cardio,178,139,74,0.72,12.7,4,3
48,1.54,78.4,33.06,Male,moderate,70,5155,262.6,6.5,2.66,Yoga,180,125,67,0.59,16.8,6,2
31,1.65,57.8,21.23,Female,low,113,11679,797.0,7.1,1.94,Strength,193,106,71,0.96,23.4,4,2
54,1.71,75.9,25.96,Female,high,125,5488,281.7,4.4,2.87,Cardio,191,159,80,0.54,21.7,5,1
19,1.71,62.5,21.37,Male,moderate,67,1623,579.0,6.9,1.47,Cardio,183,94,67,0.55,11.2,1,1
63,1.89,94.0,26.32,Female,moderate,73,5971,463.2,6.4,2.88,Cardio,152,110,71,1.37,23.2,5,1
31,1.64,67.1,24.95,Male,moderate,105,12341,729.8,5.8,2.2,Yoga,195,106,73,1.84,25.1,3,3
50,1.59,106.7,42.21,Male,high,166,2731,724.2,6.8,1.68,Cardio,167,131,74,1.1,21.6,6,2
52,1.79,46.1,14.39,Male,high,127,7307,743.3,5.8,2.73,Strength,158,103,69,0.95,31.7,4,1
56,1.81,75.3,22.98,Female,high,75,7358,244.3,4.7,2.04,Yoga,131,120,58,1.87,23.9,2,2
64,1.56,91.3,37.52,Female,moderate,130,2189,800.9,4.3,2.55,Cardio,195,109,72,0.59,29.7,6,1
37,1.5,46.7,20.76,Male,low,92,6395,526.4,4.6,2.66,Strength,130,153,65,1.21,24.7,3,2
19,1.96,61.2,15.93,Male,high,148,13637,353.4,7.3,1.98,Yoga,167,148,63,0.88,32.7,1,1
58,1.54,69.6,29.35,Male,high,65,2630,409.2,7.7,3.46,Cardio,127,126,70,1.07,15.4,2,1
36,1.95,46.6,12.26,Male,low,111,2665,831.9,7.4,2.14,None,170,89,78,1.12,30.8,3,1
54,1.7,86.0,29.76,Female,high,67,1591,204.2,4.0,3.46,None,127,155,57,1.32,21.2,5,1
35,1.83,92.3,27.56,Male,low,178,12219,761.2,6.7,1.59,Cardio,199,125,81,1.18,27.4,5,1
33,1.59,62.1,24.56,Male,high,89,11092,846.8,4.1,1.42,None,187,105,72,1.98,24.2,4,2
21,1.91,85.8,23.52,Female,high,66,3949,375.0,4.3,2.58,Yoga,190,149,71,0.54,12.7,2,1
29,1.59,119.9,47.43,Male,low,173,5837,775.4,4.4,2.37,Cardio,155,158,64,1.64,20.9,2,2
46,1.69,111.5,39.04,Male,moderate,78,10557,312.8,4.5,2.35,Strength,149,90,79,0.58,26.8,1,1
24,1.62,49.4,18.82,Male,high,122,9825,211.4,4.2,3.49,None,131,110,59,1.15,32.5,6,2
31,1.92,54.6,14.81,Male,low,62,12908,623.2,4.3,1.0,Cardio,194,113,78,0.8,15.5,4,1
29,1.93,82.1,22.04,Male,moderate,133,9749,652.3,7.6,2.13,Yoga,148,85,83,1.92,18.9,5,1
52,1.69,63.4,22.2,Female,low,90,11052,305.1,6.5,1.77,Cardio,122,94,69,1.58,19.0,2,1
22,1.65,51.1,18.77,Female,moderate,106,9569,558.7,8.8,2.07,Strength,181,130,74,1.19,23.1,6,3
34,1.89,64.1,17.94,Female,low,72,7182,469.8,6.8,3.35,Strength,130,116,72,1.93,31.6,2,2
59,1.94,49.6,13.18,Female,high,154,11807,253.4,8.8,3.02,Cardio,192,121,59,1.58,19.9,4,2
49,1.81,84.7,25.85,Male,high,102,9967,555.4,5.5,1.5,Cardio,178,80,78,1.93,13.7,2,1
27,1.96,81.8,21.29,Female,moderate,132,8688,609.6,6.2,2.76,Cardio,191,109,69,1.56,22.7,2,1
60,1.69,45.5,15.93,Female,low,78,3715,352.0,7.2,2.45,Cardio,191,82,60,0.62,10.9,3,1
34,1.58,81.2,32.53,Female,high,86,12247,717.8,7.1,2.02,Yoga,161,145,62,1.42,18.6,2,3
22,1.59,84.0,33.23,Female,low,93,6503,250.8,4.0,1.85,Cardio,125,111,81,1.97,22.9,1,1
62,1.83,90.4,26.99,Female,low,159,1215,585.7,6.5,2.5,Yoga,174,124,57,0.82,22.9,4,1
59,1.7,117.8,40.76,Female,moderate,78,3492,412.4,6.2,2.17,Cardio,125,90,59,1.69,30.5,4,2
26,1.58,118.7,47.55,Female,low,77,10255,505.3,5.1,2.37,Yoga,140,83,72,0.78,30.0,1,3
50,1.65,84.5,31.04,Female,high,124,10534,825.4,7.7,2.93,Strength,163,149,82,1.18,17.1,3,2
53,1.77,108.4,34.6,Male,moderate,152,8571,669.0,7.9,3.42,None,167,159,69,0.63,17.5,6,3
53,1.56,51.4,21.12,Female,moderate,174,3611,304.2,7.1,2.03,Cardio,155,134,81,1.01,34.5,6,3
35,1.5,84.8,37.69,Male,low,107,7966,820.4,6.1,2.07,Cardio,164,125,66,1.66,19.8,3,2
26,1.96,95.9,24.96,Female,moderate,71,3558,461.0,5.7,3.1,Strength,122,120,73,0.57,13.6,5,2
46,1.65,87.4,32.1,Female,high,163,9442,438.9,4.7,1.32,None,178,145,61,0.98,26.4,2,3
31,1.61,62.3,24.03,Female,high,129,12083,551.1,7.2,3.0,Strength,131,86,55,1.44,16.1,1,3
42,1.85,49.7,14.52,Male,low,166,11138,343.7,7.8,1.98,Strength,138,138,78,1.92,25.1,4,1
32,1.93,74.0,19.87,Male,low,78,14721,840.0,4.6,2.04,Cardio,142,95,75,0.87,30.5,6,1
23,1.82,93.6,28.26,Female,low,85,10782,527.5,5.9,1.74,Cardio,124,79,56,0.76,14.3,3,2
59,1.63,119.4,44.94,Male,high,97,5968,475.7,6.1,1.31,Strength,170,80,73,0.81,21.3,1,3
46,1.93,62.7,16.83,Female,high,84,6861,319.7,7.6,2.86,Cardio,138,117,67,0.86,19.6,5,2
32,1.76,113.8,36.74,Male,moderate,140,4036,761.9,4.5,3.25,Cardio,131,100,74,1.46,35.0,5,1
46,1.69,50.1,17.54,Male,moderate,71,7591,867.0,5.3,2.26,Cardio,176,128,72,2.0,27.8,2,1
21,1.8,114.8,35.43,Male,moderate,143,5496,808.7,7.2,1.48,None,156,77,64,1.29,12.1,3,1
35,1.85,107.4,31.38,Female,low,122,8214,313.0,8.8,1.78,None,153,85,67,0.91,15.7,5,3
61,1.8,46.6,14.38,Male,moderate,99,13927,726.1,7.8,1.21,Cardio,199,99,59,1.62,13.9,2,2
56,1.96,67.4,17.54,Male,moderate,87,8628,342.9,7.6,3.08,Strength,182,86,77,0.74,10.4,3,3
33,1.81,48.8,14.9,Female,high,65,10919,227.2,5.1,2.3,None,123,139,67,0.55,17.9,5,3
28,1.94,119.7,31.8,Male,moderate,119,4446,539.1,5.6,3.45,Strength,173,78,63,1.41,18.1,4,1
31,1.79,77.1,24.06,Female,low,171,14852,669.3,5.4,2.93,Yoga,173,126,55,0.82,15.9,4,1
20,1.66,94.7,34.37,Female,low,111,4985,287.0,7.7,2.82,Yoga,125,139,80,1.1,23.8,1,2
59,1.77,62.6,19.98,Male,low,82,8048,623.9,4.1,2.09,Cardio,126,144,83,0.85,15.5,4,3
55,1.54,115.0,48.49,Female,moderate,154,12154,790.6,6.1,1.87,Strength,153,108,76,1.88,33.5,4,2
62,1.62,65.6,25.0,Male,moderate,61,13602,346.3,7.9,1.69,Strength,187,90,60,1.01,28.3,6,2
59,1.88,64.5,18.25,Male,moderate,156,7365,499.5,4.7,3.47,Yoga,134,149,55,1.17,13.0,3,2
35,1.83,68.6,20.48,Female,low,132,11759,549.2,8.7,1.58,None,132,88,72,0.85,16.7,2,2
37,1.58,79.7,31.93,Male,moderate,85,7602,781.8,8.5,1.37,Strength,192,148,81,0.63,34.6,4,1
42,1.72,46.4,15.68,Male,high,76,3609,740.0,8.9,2.18,Strength,156,135,70,1.27,15.0,3,2
55,1.57,89.8,36.43,Female,low,140,2597,738.5,6.7,2.29,None,157,127,62,1.8,12.9,6,1
30,1.93,47.4,12.73,Female,low,168,2928,675.3,4.7,1.44,Cardio,197,132,60,1.03,15.8,4,2
21,1.55,85.4,35.55,Male,moderate,89,9716,632.5,7.8,1.87,Yoga,150,137,67,1.67,27.8,5,1
31,1.83,79.3,23.68,Female,moderate,160,10512,556.2,8.2,1.73,Strength,185,87,71,0.55,22.9,6,2
50,1.8,63.2,19.51,Female,moderate,107,1493,458.7,4.4,2.85,Cardio,179,119,80,0.85,11.7,3,3
45,1.74,69.7,23.02,Female,moderate,153,4466,559.3,6.2,2.22,Cardio,132,129,67,0.7,19.0,2,3
54,1.64,97.9,36.4,Female,high,169,14970,797.6,7.0,2.94,Cardio,140,107,64,1.1,12.2,1,1
25,1.7,45.7,15.81,Male,moderate,175,7359,599.4,7.3,1.23,None,163,136,81,1.84,17.3,2,1
61,1.9,68.7,19.03,Male,high,119,10461,889.9,6.5,1.79,Cardio,147,113,60,1.06,14.3,1,2
51,1.88,96.0,27.16,Female,high,139,4123,299.8,4.2,1.75,Strength,176,87,80,1.4,15.5,4,3
61,1.87,56.4,16.13,Male,moderate,174,9944,508.8,7.0,2.15,Cardio,120,155,77,1.85,29.5,3,2
22,1.87,87.0,24.88,Female,high,80,1348,340.2,4.5,2.01,Cardio,129,147,72,1.04,29.6,2,1
22,1.57,57.7,23.41,Female,high,77,1408,455.6,4.4,1.65,Cardio,127,87,81,1.05,28.3,5,2
48,1.55,56.6,23.56,Male,high,86,12548,752.8,4.4,3.04,Yoga,196,90,74,0.63,27.2,2,3
62,1.93,102.9,27.62,Male,moderate,128,13861,777.3,8.7,3.27,Strength,182,128,77,1.02,16.1,1,3
26,1.92,65.0,17.63,Male,high,136,11700,222.2,7.4,2.94,Yoga,186,104,67,1.62,21.0,4,3
59,1.84,73.2,21.62,Male,moderate,85,13809,867.4,7.1,2.75,Yoga,186,113,81,1.77,21.5,3,3
49,1.8,99.8,30.8,Female,low,120,5365,810.3,7.7,2.47,Cardio,146,138,69,1.58,23.4,4,3
50,1.68,58.5,20.73,Female,low,143,6690,833.5,5.2,1.84,Cardio,137,144,60,0.51,31.4,5,1
20,1.61,84.9,32.75,Male,low,64,10454,463.7,5.6,3.3,Cardio,154,86,65,0.68,32.2,1,2
47,1.83,113.8,33.98,Female,low,72,8703,547.9,8.5,2.62,None,163,76,62,1.6,15.4,1,2
29,1.96,86.5,22.52,Male,low,121,1143,318.0,7.3,3.22,Strength,127,107,68,1.91,20.8,1,2
46,1.72,48.7,16.46,Male,moderate,117,9682,477.8,8.2,2.13,None,165,89,67,1.54,13.7,4,1
20,1.65,89.2,32.76,Male,moderate,99,11826,288.3,8.7,2.03,Strength,162,155,76,0.84,26.2,5,1
43,1.64,51.8,19.26,Female,moderate,96,9497,804.3,6.3,1.19,Cardio,165,126,56,0.66,24.3,2,1
47,1.51,66.2,29.03,Female,high,107,12506,606.8,6.9,1.84,Strength,159,109,55,1.82,31.3,1,1
26,1.76,108.7,35.09,Male,low,100,12805,295.2,5.5,1.96,Strength,175,112,59,0.65,23.0,1,2
43,1.99,45.8,11.57,Male,low,104,13083,815.3,8.2,2.24,Yoga,146,154,65,0.73,29.5,6,3
19,1.91,50.8,13.93,Male,moderate,115,14729,256.3,6.3,2.19,Strength,139,116,64,1.4,18.0,6,3
20,1.95,72.3,19.01,Male,moderate,149,12751,848.9,7.6,3.29,Strength,197,155,84,0.78,27.4,1,1
63,1.81,120.0,36.63,Female,low,74,2642,274.0,6.8,2.27,Yoga,176,81,66,0.84,11.0,1,2
21,1.74,66.9,22.1,Female,moderate,132,4982,702.6,6.7,3.11,None,131,130,64,0.71,13.8,5,2
42,2.0,56.8,14.2,Male,low,119,14859,651.7,4.8,1.32,Strength,142,79,63,1.92,21.2,6,1
30,1.72,86.2,29.14,Male,high,82,9204,747.9,7.6,2.43,None,131,114,56,0.69,32.2,3,2
56,1.96,83.9,21.84,Female,high,168,6892,595.3,4.3,2.34,None,163,135,77,1.9,32.1,1,3
61,1.88,78.7,22.27,Male,high,80,11480,444.9,7.9,1.39,Cardio,158,139,79,0.99,25.0,6,1
52,1.67,116.0,41.59,Female,high,110,9362,392.1,8.6,1.61,Strength,161,140,58,1.73,13.2,3,2
40,1.75,66.0,21.55,Female,low,95,2018,861.8,8.0,2.25,Yoga,167,142,58,1.92,27.0,4,2
26,1.69,67.0,23.46,Male,moderate,93,2402,508.9,5.0,2.3,Yoga,186,139,80,1.28,14.4,4,2
19,1.57,55.5,22.52,Female,low,125,4421,789.5,5.5,3.25,Cardio,154,159,75,1.66,18.8,6,1
58,1.68,97.3,34.47,Female,low,141,12655,706.1,5.1,1.41,Yoga,156,116,83,0.9,17.9,2,3
61,1.94,69.1,18.36,Female,moderate,86,3554,659.3,5.2,1.76,Strength,159,109,83,1.07,32.1,1,2
48,1.88,105.2,29.76,Female,low,173,5683,879.4,8.1,1.6,None,135,140,84,1.33,27.3,4,1
61,1.64,117.9,43.84,Male,low,60,7414,595.8,4.3,2.96,None,167,99,60,1.78,11.8,5,1
64,1.68,48.3,17.11,Female,high,143,2597,713.1,6.3,1.54,Yoga,137,80,66,1.43,31.1,5,2
19,1.81,119.5,36.48,Female,low,112,6286,794.8,7.0,3.25,Yoga,137,82,61,0.53,20.8,3,1
49,1.71,64.1,21.92,Female,high,146,3176,232.2,8.7,3.33,Yoga,133,109,79,0.96,28.9,5,3
35,1.75,76.5,24.98,Male,low,97,13893,897.4,7.3,1.28,None,195,127,76,1.8,29.4,1,3
30,1.85,103.3,30.18,Male,moderate,173,10705,383.5,7.5,1.54,Strength,161,93,84,0.86,35.0,4,1
63,1.73,94.9,31.71,Male,low,98,8056,691.8,6.7,1.96,Strength,121,83,73,1.05,18.7,4,2
22,1.6,103.4,40.39,Female,moderate,87,1246,867.5,5.9,3.17,Strength,172,107,56,1.08,31.6,4,3
59,1.76,80.0,25.83,Male,high,176,7295,734.2,5.8,1.3,Strength,179,82,76,0.73,17.2,6,2
61,1.68,113.7,40.28,Male,high,170,5380,360.7,7.5,1.86,Strength,154,112,84,1.02,34.9,1,1
27,1.65,104.2,38.27,Male,high,88,5087,453.6,5.8,2.75,Cardio,183,106,79,1.73,20.3,2,3
60,1.66,68.2,24.75,Female,low,92,14373,489.9,7.4,2.81,Yoga,152,97,73,1.77,26.5,3,2
42,1.72,116.1,39.24,Male,moderate,172,3266,610.4,6.7,1.89,Strength,160,108,58,1.37,34.9,5,1
51,1.94,117.1,31.11,Male,high,128,11090,622.1,6.8,3.41,Cardio,182,120,57,1.52,15.0,3,2
54,1.87,76.1,21.76,Male,moderate,93,4419,751.5,5.6,1.88,Strength,123,106,77,1.3,25.6,3,3
47,1.83,93.9,28.04,Female,high,67,6130,801.8,5.0,2.53,Yoga,140,75,58,0.57,35.0,4,1
24,1.74,106.1,35.04,Female,low,169,8911,262.7,4.2,2.54,Strength,123,81,82,1.55,33.6,6,1
23,1.5,106.3,47.24,Male,low,94,3308,391.2,5.3,3.0,Strength,175,98,68,1.99,15.5,5,2
20,1.67,46.1,16.53,Male,low,78,6549,440.6,6.8,1.89,Strength,198,76,60,0.84,12.5,3,2
30,1.91,92.2,25.27,Male,low,117,6906,209.4,8.2,2.03,Yoga,123,92,60,1.97,20.7,4,1
20,1.69,118.0,41.32,Female,low,101,3537,492.3,8.0,2.05,None,123,157,63,2.0,29.1,1,3
43,1.78,62.4,19.69,Female,high,115,5983,451.2,7.8,1.15,Yoga,122,130,59,0.71,29.7,4,3
41,1.6,104.7,40.9,Male,low,134,6751,567.8,4.9,2.83,None,174,106,61,1.89,25.2,4,2
23,1.96,85.1,22.15,Female,low,120,7257,270.1,7.4,2.92,Cardio,188,151,67,1.51,25.4,1,2
60,1.96,61.6,16.03,Male,high,121,10966,489.8,5.2,3.05,Cardio,151,144,55,1.2,13.0,5,2
59,1.57,48.8,19.8,Female,low,89,5827,618.2,5.7,2.79,Strength,177,84,78,1.02,21.0,5,3
29,1.86,102.0,29.48,Male,moderate,172,6753,762.7,7.7,2.48,Strength,192,114,56,1.44,24.4,5,3
53,1.54,68.7,28.97,Female,low,124,2905,736.5,5.5,2.41,Strength,186,148,74,1.76,27.1,2,2
19,1.8,73.2,22.59,Male,high,102,14238,483.4,7.1,2.61,Yoga,153,108,64,0.55,12.3,3,2
28,1.59,81.4,32.2,Female,high,178,10403,472.7,7.4,1.02,Strength,182,158,77,1.3,27.3,4,1
56,1.57,83.0,33.67,Male,high,106,9283,226.2,8.8,2.12,None,129,107,82,1.48,33.5,2,1
51,1.5,60.5,26.89,Male,moderate,140,5998,257.9,4.8,1.1,Cardio,151,149,60,0.54,29.7,3,1
43,1.97,95.3,24.56,Male,low,178,10520,810.7,4.9,2.22,Cardio,124,131,58,1.83,25.6,4,1
35,1.91,96.9,26.56,Male,low,69,4880,764.1,6.3,1.37,Cardio,148,96,62,1.93,12.4,6,2
38,1.54,55.7,23.49,Female,moderate,135,4747,214.8,6.6,1.02,None,126,122,68,1.42,29.9,5,3
53,1.8,85.0,26.23,Male,moderate,122,12192,817.9,5.9,2.83,Strength,134,150,83,0.68,26.6,1,3
57,1.62,90.7,34.56,Female,moderate,121,4738,629.7,7.2,2.76,None,121,106,70,1.9,23.7,2,1
63,1.63,59.0,22.21,Female,low,159,9533,761.3,7.0,1.97,None,129,157,69,1.71,30.1,1,3
61,1.94,112.1,29.79,Male,moderate,153,1814,551.8,7.3,1.16,Yoga,130,119,67,0.54,26.9,5,1
39,1.56,81.2,33.37,Male,moderate,131,5661,305.4,8.5,3.44,Yoga,172,76,66,1.37,21.7,3,2
47,1.8,53.6,16.54,Male,low,92,2481,449.8,4.7,1.38,Cardio,175,152,61,0.67,15.9,1,1
60,1.7,70.1,24.26,Male,low,117,6287,515.0,8.1,2.22,None,159,129,69,0.71,22.6,1,3
47,1.6,80.8,31.56,Female,low,116,7039,727.7,7.0,1.68,Cardio,177,133,60,0.79,13.9,6,3
25,1.73,45.8,15.3,Female,moderate,116,14988,768.9,8.4,1.33,None,195,107,75,1.09,11.5,3,3
51,1.97,47.4,12.21,Female,low,113,14527,719.0,4.1,2.28,Cardio,187,157,75,1.81,15.8,2,2
64,1.89,49.2,13.77,Female,low,72,12765,533.7,8.2,1.49,Cardio,196,88,68,0.55,19.2,2,1
26,1.57,85.4,34.65,Male,moderate,93,11720,664.6,5.1,1.9,Strength,146,142,81,1.53,26.2,4,2
37,1.92,70.2,19.04,Female,moderate,81,10484,406.9,8.8,2.52,Cardio,122,140,69,1.95,22.5,6,2
57,1.97,112.0,28.86,Male,high,102,9676,891.5,5.6,1.97,Yoga,158,148,77,1.46,28.4,4,1
42,1.64,86.9,32.31,Male,moderate,75,3630,317.7,7.6,2.3,None,141,133,65,1.72,28.4,5,3
36,1.67,102.0,36.57,Female,low,133,9083,706.5,8.1,1.58,Cardio,180,89,76,1.85,27.7,3,3
22,1.56,96.5,39.65,Female,moderate,149,6401,308.5,8.6,2.74,None,157,105,58,1.57,23.7,3,3
28,1.67,84.0,30.12,Female,high,99,14417,396.6,5.0,2.59,Cardio,135,103,77,1.49,26.6,4,3
32,1.84,100.9,29.8,Female,low,84,5567,724.2,7.1,2.73,Yoga,188,149,59,0.53,34.4,6,2
25,1.64,85.9,31.94,Female,high,160,4676,710.4,4.2,1.85,Strength,136,147,77,1.28,27.6,2,1
36,1.5,73.9,32.84,Female,moderate,72,4417,287.2,4.3,3.35,Strength,180,121,77,1.2,28.6,6,1
40,1.67,77.7,27.86,Male,moderate,100,5151,675.0,6.1,2.56,None,194,131,81,1.28,17.3,2,1
44,1.73,107.9,36.05,Male,moderate,112,13383,342.7,7.5,1.32,Cardio,163,132,56,1.15,21.9,4,2
57,1.78,87.2,27.52,Male,low,109,6671,881.1,7.3,3.44,Yoga,163,159,82,1.86,20.9,3,3
49,1.84,73.3,21.65,Female,moderate,110,8911,622.1,6.3,2.42,None,160,105,74,1.83,18.8,1,3
43,1.53,58.5,24.99,Male,low,62,14938,202.4,7.0,2.75,Strength,174,127,69,0.69,21.5,1,1
44,1.73,82.2,27.47,Male,low,152,7972,345.9,7.1,1.93,None,122,138,64,1.3,25.0,5,3
36,1.63,63.9,24.05,Male,low,127,4641,360.7,8.2,2.11,None,132,156,58,1.94,25.6,2,2
59,1.97,116.7,30.07,Male,low,170,1959,373.0,8.4,2.83,Cardio,196,76,83,1.4,31.0,3,3
46,1.68,81.8,28.98,Male,moderate,161,14182,590.0,5.9,3.16,Yoga,170,134,77,1.7,26.4,2,3
56,1.55,45.7,19.02,Male,high,164,2184,343.9,4.3,3.4,Strength,173,158,62,1.06,31.7,1,3
58,1.52,52.0,22.51,Female,moderate,177,11295,489.0,5.2,3.47,Strength,137,122,65,1.07,26.4,3,1
50,1.63,66.3,24.95,Female,high,178,6350,321.3,4.5,2.49,Yoga,159,122,71,0.99,18.8,4,2
36,1.59,51.9,20.53,Female,high,175,13190,666.8,8.0,1.22,Cardio,129,135,61,0.53,25.8,1,1
54,1.82,112.0,33.81,Male,moderate,145,6294,598.1,4.3,2.45,Yoga,160,78,65,1.89,28.2,1,2
36,1.92,109.1,29.6,Female,high,137,13691,640.1,6.3,1.51,Yoga,163,100,76,1.02,27.1,3,1
50,1.66,117.8,42.75,Female,low,124,4434,877.2,6.7,2.62,Cardio,127,158,64,1.05,31.2,6,2
64,1.79,98.0,30.59,Male,moderate,95,12919,479.5,8.1,1.84,Cardio,155,96,55,1.64,32.6,6,2
33,1.87,93.4,26.71,Female,moderate,83,1453,350.8,7.5,2.31,Strength,175,117,84,1.29,18.4,2,1
40,1.7,114.3,39.55,Male,low,132,5747,899.1,7.0,2.65,Strength,133,94,84,1.04,12.0,1,1
24,1.53,116.0,49.55,Female,low,78,6478,240.7,6.9,3.27,Cardio,148,122,62,1.83,26.4,6,3
43,1.61,110.8,42.75,Male,low,174,8824,767.2,6.4,2.98,None,126,135,59,1.74,12.8,5,2
49,1.94,109.6,29.12,Male,moderate,67,7976,313.5,8.5,1.05,Strength,161,97,67,1.97,32.1,6,2
29,1.91,95.4,26.15,Female,moderate,61,13733,665.3,4.9,1.38,Cardio,149,135,61,1.46,30.6,1,2
25,1.54,45.1,19.02,Male,high,89,6063,531.7,8.8,3.17,Cardio,193,154,78,1.54,27.8,2,2
22,1.61,77.2,29.78,Female,high,89,5806,787.3,7.0,2.86,None,166,137,77,0.99,33.2,4,2
59,1.88,92.7,26.23,Male,high,103,11994,711.8,5.2,1.37,Yoga,153,93,65,0.65,32.2,1,3
45,1.74,86.0,28.41,Female,moderate,124,11554,320.6,7.7,2.47,Cardio,181,149,66,0.66,33.1,3,3
22,1.88,106.6,30.16,Female,high,150,5937,665.7,5.9,2.47,None,135,150,68,1.47,28.4,2,3
43,1.61,106.4,41.05,Male,low,164,12991,352.0,4.5,2.94,None,193,87,66,0.67,19.2,1,2
22,1.98,89.9,22.93,Female,moderate,97,8641,318.5,4.4,3.03,Strength,148,76,80,1.86,11.2,4,1
39,1.89,46.6,13.05,Female,high,174,8777,258.9,6.8,2.68,Cardio,134,125,82,1.56,11.5,3,1
32,1.6,72.7,28.4,Female,moderate,179,3427,279.6,7.2,2.78,Strength,170,149,83,0.84,29.8,5,2
30,1.78,62.2,19.63,Male,high,60,14857,692.7,5.6,2.67,Yoga,175,75,55,0.92,14.8,1,3
45,1.56,70.4,28.93,Male,moderate,90,14538,894.5,7.5,1.38,Yoga,161,115,60,1.56,17.8,6,1
50,1.68,91.3,32.35,Female,low,95,9590,673.1,5.3,2.71,Strength,139,84,81,1.74,24.7,6,1
60,1.83,50.0,14.93,Female,low,68,7208,695.9,5.7,2.18,Strength,166,77,65,1.76,13.3,1,3
40,1.67,46.7,16.74,Male,moderate,62,6045,747.9,5.1,3.44,Cardio,183,82,65,1.4,34.6,6,2
50,1.83,77.8,23.23,Male,moderate,172,14375,822.3,7.2,2.77,Cardio,121,154,66,0.73,30.4,2,2
60,1.62,104.5,39.82,Female,low,114,10480,387.4,6.4,1.94,Cardio,151,110,55,1.73,24.6,4,2
35,1.86,47.3,13.67,Male,moderate,166,14619,623.2,4.8,3.28,Yoga,173,114,74,1.69,32.7,2,2
47,1.68,108.7,38.51,Male,low,82,11952,351.6,8.9,1.58,Strength,161,113,74,1.75,22.3,5,2
43,1.9,73.8,20.44,Female,high,114,9671,567.9,8.5,2.17,None,149,158,78,0.74,32.4,5,1
33,1.57,53.9,21.87,Male,high,67,1815,346.1,7.9,1.16,Strength,128,121,60,1.53,30.6,1,3
30,1.68,87.6,31.04,Male,low,73,3800,244.8,4.5,2.57,None,138,134,83,1.94,10.4,5,1
56,1.73,116.4,38.89,Male,low,161,6906,261.8,6.2,2.4,Cardio,125,82,84,0.88,29.9,3,1
50,1.71,85.7,29.31,Female,low,168,4674,883.4,6.6,2.26,Cardio,191,148,77,1.58,29.6,1,1
43,1.72,96.5,32.62,Male,low,72,6687,204.2,8.7,1.52,Strength,177,111,67,0.89,17.9,3,3
18,1.72,106.2,35.9,Female,low,71,9154,683.1,5.8,2.24,None,120,137,84,0.96,22.3,5,1
55,1.99,105.0,26.51,Male,moderate,162,4658,821.1,7.3,2.15,Yoga,132,101,84,1.23,13.5,2,1
19,1.6,50.5,19.73,Male,low,134,8770,475.6,6.8,1.05,Cardio,125,77,66,1.84,26.7,1,2
23,1.88,100.6,28.46,Female,moderate,71,6333,695.7,8.0,1.41,Cardio,148,113,84,0.56,26.9,2,3
63,1.78,116.2,36.67,Female,high,137,9781,444.2,4.6,3.25,Strength,185,80,64,1.98,34.5,1,2
55,1.71,97.5,33.34,Female,high,135,13693,570.3,8.1,2.97,Strength,193,155,77,1.66,28.1,2,2
59,1.82,107.7,32.51,Female,high,121,13549,855.0,7.3,1.3,Yoga,150,84,61,1.04,21.2,4,1
41,1.93,81.4,21.85,Male,moderate,98,12481,229.6,4.6,3.43,Strength,191,159,64,1.03,14.5,1,2
35,1.73,68.9,23.02,Female,low,68,13267,387.0,7.7,2.16,Yoga,160,103,72,1.22,29.7,1,1
44,1.93,95.7,25.69,Female,low,82,6314,274.2,5.7,2.88,None,158,103,60,1.81,18.8,3,2
58,1.55,81.9,34.09,Female,high,79,14057,547.1,4.4,2.35,Yoga,176,94,78,0.53,33.6,4,3
25,1.83,112.1,33.47,Male,high,107,13148,739.3,6.2,2.91,None,147,153,62,1.32,16.9,2,3
45,1.67,118.1,42.35,Male,high,94,3978,883.6,4.9,2.66,Cardio,150,140,74,0.58,14.9,4,2
27,1.69,106.5,37.29,Female,high,86,11187,308.8,5.4,1.16,Strength,132,86,77,0.67,25.5,2,1
34,1.79,119.5,37.3,Female,moderate,157,1643,230.8,9.0,3.28,Cardio,190,87,63,1.54,32.9,1,1
46,1.74,71.1,23.48,Female,low,120,9797,296.8,4.8,2.92,Yoga,170,113,70,0.85,13.5,3,1
23,1.69,112.2,39.28,Female,moderate,159,7238,878.1,5.9,1.55,Yoga,184,113,78,0.56,11.0,2,2
31,1.65,69.7,25.6,Male,high,113,5621,424.1,7.3,1.57,Yoga,164,119,56,0.75,34.2,1,1
39,1.81,53.9,16.45,Female,low,61,2503,387.0,8.9,2.72,None,172,159,83,0.81,13.4,5,2
23,1.75,91.6,29.91,Male,high,105,10456,714.5,5.9,2.75,Cardio,176,115,65,1.65,25.2,5,3
43,1.66,79.1,28.71,Female,high,166,7967,284.5,5.1,1.22,Cardio,145,154,78,1.44,15.0,5,1
56,1.6,114.1,44.57,Female,low,74,12678,444.4,6.0,3.26,Yoga,135,117,73,1.6,14.2,1,2
29,1.89,81.9,22.93,Male,high,80,11048,301.4,4.8,2.87,Strength,131,136,58,1.05,13.9,1,1
52,1.9,114.6,31.75,Female,high,158,2252,882.0,8.9,3.46,Cardio,135,77,57,0.67,27.7,2,2
31,1.61,50.9,19.64,Female,low,167,4540,399.6,6.4,2.08,Strength,173,83,69,1.71,29.0,3,1
39,1.63,107.3,40.39,Female,moderate,116,4244,388.4,7.3,1.22,Cardio,171,118,62,0.71,13.0,2,3
40,1.62,101.9,38.83,Female,low,72,10158,644.1,5.8,3.26,Yoga,190,108,58,1.07,13.4,4,2
24,1.94,99.0,26.3,Male,high,122,14905,211.6,5.3,3.03,Yoga,195,93,65,0.89,33.4,1,2
57,1.89,71.6,20.04,Female,moderate,178,13628,657.5,4.5,1.0,Cardio,143,92,71,0.94,24.7,1,3
42,1.54,103.8,43.77,Female,low,157,9941,517.7,7.9,2.33,None,177,120,63,1.4,29.5,6,3
30,1.92,81.2,22.03,Male,high,173,14127,328.9,6.8,1.02,None,158,115,79,0.75,12.0,6,1
38,1.52,98.6,42.68,Female,high,84,7964,540.4,5.0,1.88,Cardio,188,123,55,1.17,11.3,3,2
58,1.63,86.4,32.52,Male,moderate,165,2977,899.3,7.3,3.17,Yoga,120,126,62,1.46,19.9,2,2
27,1.96,56.8,14.79,Female,moderate,172,8460,787.2,5.2,2.68,Cardio,190,148,56,1.8,23.9,2,1
26,1.93,49.8,13.37,Female,moderate,99,8700,881.9,5.1,3.13,Strength,180,117,77,1.06,19.3,6,1
32,1.89,72.5,20.3,Female,moderate,81,1457,848.2,8.4,2.39,Yoga,167,84,67,0.98,27.8,1,2
19,1.73,115.0,38.42,Male,low,152,13535,774.3,6.5,2.94,None,181,159,55,1.05,26.7,5,3
42,1.66,84.7,30.74,Male,low,63,13230,434.3,6.7,2.22,None,123,112,76,1.25,21.2,2,1
30,1.94,105.2,27.95,Female,high,75,7690,711.0,7.8,2.26,Cardio,199,112,64,0.97,12.0,4,2
51,1.83,88.2,26.34,Male,low,177,12178,474.1,6.4,2.49,Strength,188,121,66,0.88,24.9,5,1
51,1.65,116.8,42.9,Female,low,114,7137,500.7,5.2,1.35,Yoga,188,81,81,1.06,16.0,5,3
52,1.73,72.7,24.29,Male,high,151,14637,811.4,7.7,2.61,None,171,86,65,1.67,19.6,6,2
55,1.94,49.3,13.1,Female,moderate,145,12484,343.6,8.2,3.14,Cardio,165,126,64,0.88,10.4,2,2
20,1.95,103.6,27.25,Male,high,136,11467,407.6,7.2,1.4,Cardio,136,107,68,1.77,23.0,5,2
59,1.83,97.9,29.23,Female,low,161,10329,851.4,8.0,1.94,Yoga,149,98,68,0.93,27.5,4,3
23,1.87,84.6,24.19,Male,high,141,7272,689.7,4.1,3.3,Cardio,168,122,62,1.4,24.4,2,1
36,1.52,69.5,30.08,Male,high,100,10774,245.4,6.4,1.78,Cardio,170,105,65,1.96,28.8,3,3
20,1.8,59.1,18.24,Male,moderate,88,10102,285.1,6.1,3.19,Cardio,152,156,76,1.93,35.0,2,3
35,1.84,81.2,23.98,Male,high,80,4020,605.7,4.3,2.6,None,177,97,63,1.15,25.8,1,3
56,1.51,95.0,41.66,Female,moderate,167,10187,759.1,5.0,3.11,None,158,145,69,0.6,15.5,3,2
26,1.92,88.4,23.98,Female,moderate,72,2867,755.0,6.2,1.36,Strength,190,146,81,1.85,24.3,2,3
29,1.96,77.8,20.25,Male,high,179,13808,497.4,7.4,2.97,Yoga,156,89,55,0.69,16.1,6,2
22,1.62,85.5,32.58,Female,high,86,4974,381.0,5.9,1.07,Yoga,190,112,79,1.89,18.3,5,2
20,1.92,53.1,14.4,Male,high,168,11316,751.4,7.6,1.99,Yoga,134,102,73,1.6,18.8,1,1
28,1.83,97.2,29.02,Female,high,164,11832,860.8,7.4,1.7,Yoga,180,95,72,1.9,23.0,1,1
47,1.79,100.1,31.24,Male,moderate,128,5777,510.9,8.8,2.6,Cardio,129,101,66,1.5,23.1,3,3
21,1.92,45.9,12.45,Female,high,68,11948,296.1,4.7,2.91,Yoga,139,121,62,1.99,26.7,4,2
22,1.64,65.3,24.28,Female,moderate,114,9453,626.8,8.9,1.86,Strength,128,130,80,1.2,20.9,6,2
18,1.9,51.9,14.38,Male,high,114,5775,250.1,4.4,3.09,Yoga,189,88,59,0.99,14.7,1,1
44,1.66,119.9,43.51,Male,high,111,11906,628.1,8.1,2.38,Yoga,139,95,67,1.09,22.3,6,2
45,1.89,89.5,25.06,Male,moderate,139,8973,321.1,5.6,2.88,Cardio,183,88,71,1.03,29.9,2,3
46,1.73,79.9,26.7,Male,moderate,106,2863,561.2,6.1,2.81,Cardio,126,144,55,1.1,27.6,5,2
35,1.56,79.7,32.75,Male,moderate,142,4968,637.8,5.4,1.35,Cardio,183,150,56,1.83,12.9,3,3
29,1.69,117.4,41.11,Female,moderate,146,8266,512.7,8.1,2.83,Strength,167,102,61,1.39,33.7,4,1
30,1.62,94.5,36.01,Male,high,91,2664,779.1,6.4,3.07,Cardio,166,111,56,1.59,17.6,5,1
58,1.55,57.6,23.98,Female,high,126,2037,462.3,7.4,1.09,Yoga,183,141,79,0.93,24.7,6,2
19,1.56,78.6,32.3,Male,high,135,10336,308.5,8.8,1.41,Strength,186,107,76,1.98,10.8,6,2
54,1.89,103.1,28.86,Female,high,163,13180,524.7,5.8,2.3,None,164,86,58,0.92,32.7,4,1
62,1.94,76.8,20.41,Female,high,67,2714,874.5,6.4,1.15,Cardio,136,86,82,0.74,27.1,3,3
33,1.96,68.2,17.75,Male,moderate,101,8793,816.1,4.3,1.92,Strength,170,149,67,1.67,16.9,6,3
41,1.93,119.3,32.03,Male,moderate,76,6430,417.8,7.0,3.1,None,162,125,68,1.76,27.1,3,3
52,1.92,115.2,31.25,Female,low,134,14421,369.9,5.6,1.25,Cardio,185,109,74,1.09,17.3,4,1
39,1.53,115.6,49.38,Female,low,100,3619,538.3,7.1,1.35,None,195,86,57,1.31,16.5,1,1
53,1.9,54.9,15.21,Male,low,92,3321,658.6,5.5,1.3,Cardio,132,93,63,1.12,21.2,3,1
28,1.89,62.6,17.52,Female,low,95,8514,848.7,4.5,2.36,Strength,195,133,72,0.94,25.0,4,2
63,1.57,78.2,31.73,Female,moderate,172,2867,629.3,5.5,1.76,Cardio,146,87,79,1.72,15.2,1,1
46,1.83,107.4,32.07,Female,moderate,150,11338,785.3,8.1,3.04,Cardio,166,93,70,1.64,28.6,1,3
52,1.73,100.3,33.51,Female,low,154,2957,687.3,4.9,2.46,Strength,159,110,73,1.23,24.5,3,3
32,1.95,108.7,28.59,Female,moderate,104,3431,271.1,4.9,2.68,Strength,188,78,74,1.18,10.2,2,1
48,1.85,114.1,33.34,Female,low,68,14731,824.2,8.1,1.77,Yoga,151,87,63,0.77,23.7,4,1
59,1.98,103.6,26.43,Male,moderate,78,6887,339.7,5.3,2.23,Yoga,164,158,73,1.46,20.5,5,3
58,1.55,64.6,26.89,Male,high,148,13134,456.7,5.7,1.93,Strength,199,80,60,1.89,26.7,2,1
60,1.52,66.4,28.74,Male,low,142,9686,788.2,6.7,2.24,Cardio,193,118,66,1.58,32.4,1,2
33,1.99,71.4,18.03,Male,moderate,97,7402,885.4,6.1,2.72,None,156,150,69,1.26,16.6,5,1
27,1.54,67.7,28.55,Female,high,102,8687,417.4,8.1,2.13,Strength,134,154,75,0.56,26.8,2,3
49,1.69,63.7,22.3,Male,low,133,12549,468.3,6.9,1.17,None,194,155,60,1.9,13.8,1,3
19,1.82,101.4,30.61,Female,low,97,11023,539.9,7.6,1.93,Yoga,128,82,59,0.96,12.1,5,1
41,1.94,47.5,12.62,Female,low,132,13327,548.6,7.5,3.22,Yoga,174,107,83,0.95,33.3,5,3
40,1.63,99.6,37.49,Male,high,131,6674,725.3,4.4,3.06,Strength,128,126,68,1.2,31.6,6,1
19,1.51,106.8,46.84,Male,low,163,6467,772.0,8.9,3.08,Strength,183,150,81,1.14,22.5,1,3
55,1.76,50.0,16.14,Female,moderate,176,8530,893.7,4.4,1.45,Cardio,160,157,73,1.94,13.5,3,3
48,1.74,49.6,16.38,Male,moderate,119,13227,763.0,8.7,1.2,Yoga,134,87,72,0.75,16.6,1,3
57,1.65,66.4,24.39,Male,low,60,10218,409.8,8.9,3.03,Yoga,155,84,80,1.53,24.2,4,1
43,1.94,60.6,16.1,Female,moderate,80,6202,450.7,5.3,2.66,Strength,155,108,67,0.66,26.3,1,1
46,1.87,88.6,25.34,Female,low,121,10362,632.6,7.2,2.27,None,184,101,63,0.92,27.3,4,1
20,1.93,95.7,25.69,Female,moderate,163,7932,680.6,4.3,2.72,Cardio,147,132,74,1.58,28.7,5,2
31,1.58,92.6,37.09,Female,high,63,2476,263.0,7.4,3.33,Strength,152,141,80,1.71,15.2,1,2
42,1.85,71.8,20.98,Female,low,174,14163,440.6,4.9,1.32,None,184,118,82,1.2,17.4,2,2
18,1.99,82.4,20.81,Female,high,104,12998,341.9,8.7,1.42,Cardio,173,143,76,1.68,10.3,1,3
20,1.81,93.0,28.39,Male,high,141,6400,555.5,7.3,2.47,None,125,79,79,1.9,11.8,3,3
43,1.59,54.0,21.36,Male,high,169,11992,318.1,7.8,2.77,Cardio,194,111,75,1.9,17.7,1,1
35,2.0,62.2,15.55,Male,low,165,6852,606.5,8.7,2.61,Cardio,167,145,61,1.01,14.6,1,3
26,1.76,111.8,36.09,Female,high,137,4856,527.1,8.3,1.63,Cardio,188,130,82,0.97,22.3,5,2
55,1.92,70.7,19.18,Female,high,79,8806,482.7,6.3,2.56,Yoga,193,125,84,1.59,31.2,6,2
40,1.57,105.1,42.64,Male,moderate,107,6524,654.3,4.9,2.4,Strength,147,130,75,1.48,28.1,3,1
38,1.83,63.8,19.05,Male,low,95,5545,491.4,5.6,1.06,Yoga,135,116,66,1.09,28.9,1,3
18,1.96,48.1,12.52,Male,high,61,14867,479.5,6.9,2.56,Yoga,145,87,63,0.84,25.0,2,3
38,1.77,82.5,26.33,Female,low,107,10099,655.8,7.7,2.13,Cardio,169,108,56,1.43,27.5,5,2
44,1.64,111.9,41.6,Male,high,138,11421,240.1,5.3,3.13,Strength,173,108,57,1.15,14.5,4,1
59,1.56,106.4,43.72,Male,moderate,77,6378,502.7,6.2,2.64,Strength,197,127,59,0.7,23.8,3,2
23,1.65,64.0,23.51,Male,moderate,148,1876,336.8,5.8,2.37,Strength,132,77,72,1.46,24.3,3,3
61,1.68,113.2,40.11,Female,high,89,2338,227.0,6.4,3.24,Strength,184,148,82,1.55,25.7,6,2
53,1.85,81.0,23.67,Male,moderate,158,12198,224.3,5.7,2.66,Cardio,154,111,68,1.05,29.5,6,2
45,1.59,48.7,19.26,Male,low,67,8523,317.3,4.8,1.63,Strength,198,126,76,1.75,33.6,5,3
62,1.55,47.1,19.6,Female,moderate,153,1319,503.8,6.4,2.17,None,148,80,80,0.61,27.8,4,3
34,1.69,81.4,28.5,Female,high,179,3140,596.7,8.7,2.68,None,150,95,73,1.24,33.1,5,3
57,1.73,86.0,28.73,Female,high,148,10077,757.1,4.5,3.05,Yoga,131,119,75,1.93,23.7,3,2
20,1.81,51.0,15.57,Female,low,130,13122,625.4,8.2,1.71,Cardio,188,79,59,0.79,17.2,5,2
29,1.85,114.2,33.37,Female,low,140,2785,564.0,7.7,2.82,Yoga,151,77,64,0.76,26.5,6,2
56,1.94,98.9,26.28,Male,moderate,155,10070,225.5,5.6,2.71,Yoga,129,94,70,1.07,34.5,5,1
29,1.64,105.1,39.08,Male,high,84,14038,408.5,4.7,1.37,Strength,124,150,78,0.9,27.7,5,1
19,1.76,88.8,28.67,Female,low,171,4041,684.6,8.7,1.38,None,146,135,79,0.83,34.2,3,3
63,1.68,94.8,33.59,Female,high,151,10231,389.4,5.9,2.25,None,158,109,74,1.92,10.6,1,1
39,1.5,74.1,32.93,Female,high,175,3660,616.0,6.2,2.03,Strength,140,106,80,1.02,16.5,4,3
40,1.79,95.9,29.93,Female,moderate,97,9164,622.7,5.6,1.33,Strength,135,93,55,0.59,16.8,6,2
47,1.91,118.4,32.46,Male,moderate,67,4386,413.6,8.2,1.22,Cardio,148,89,75,1.85,20.7,3,3
22,1.52,93.6,40.51,Male,low,119,7089,600.1,5.1,3.24,None,198,148,58,1.17,10.8,1,2
26,1.5,70.6,31.38,Female,moderate,81,13817,279.8,7.8,1.48,Yoga,190,131,59,1.6,32.9,4,3
38,1.86,66.4,19.19,Female,high,97,14072,708.9,5.2,1.92,Yoga,133,100,65,1.05,27.7,6,1
28,1.84,117.3,34.65,Female,low,129,11950,215.8,5.7,2.17,Cardio,160,144,68,1.9,12.1,5,2
22,1.7,58.9,20.38,Female,moderate,135,7402,224.7,8.6,1.21,None,193,76,79,0.93,14.4,1,2
52,1.83,105.5,31.5,Male,low,152,12940,809.2,7.1,1.35,Strength,160,123,78,1.49,25.1,2,2
44,1.98,79.9,20.38,Female,high,153,6160,606.2,7.5,2.31,Yoga,163,122,81,1.74,32.7,4,1
19,1.62,78.3,29.84,Female,moderate,119,4169,314.0,7.1,2.75,None,192,106,65,0.86,12.2,1,1
41,1.62,101.1,38.52,Male,moderate,155,14815,621.1,4.9,3.11,None,135,77,81,1.7,20.8,4,1
48,1.59,56.1,22.19,Female,moderate,67,9829,458.9,7.3,3.16,None,143,157,78,1.69,15.0,5,2
50,1.86,80.0,23.12,Male,low,174,11772,388.9,6.7,2.36,Strength,140,94,62,1.95,14.5,2,3
56,1.68,47.7,16.9,Female,low,172,6052,767.9,8.1,1.72,Yoga,178,111,55,1.88,28.3,6,3
47,1.99,95.3,24.07,Female,moderate,149,3566,534.1,8.9,2.45,Strength,158,94,82,1.08,30.7,1,1
63,1.86,49.4,14.28,Male,high,108,6507,405.4,7.1,2.56,None,190,134,61,1.39,33.0,3,3
54,1.68,51.5,18.25,Female,moderate,113,7678,860.6,5.7,1.72,None,126,133,67,1.89,27.1,4,2
45,1.57,108.4,43.98,Male,low,80,9733,315.5,8.3,2.67,Yoga,147,155,74,0.51,11.6,1,2
48,1.8,78.2,24.14,Male,high,114,5917,299.4,8.2,1.44,Yoga,170,116,60,1.44,18.9,5,1
28,1.65,60.1,22.08,Male,moderate,159,6962,268.1,8.3,1.74,Strength,154,97,58,0.82,21.0,6,1
40,1.95,89.4,23.51,Female,low,72,3072,287.1,5.8,3.33,Strength,177,115,66,1.61,16.9,4,3
19,1.72,83.9,28.36,Female,low,65,3314,376.9,6.1,2.28,Strength,129,147,59,1.69,23.5,1,3
57,1.65,75.8,27.84,Male,high,81,12721,689.0,7.8,1.38,None,157,101,59,1.57,15.8,5,3
58,1.79,112.9,35.24,Female,moderate,139,14635,670.3,6.1,2.67,Yoga,151,155,71,1.99,32.5,4,1
44,1.57,101.2,41.06,Female,moderate,141,14829,734.4,6.4,1.57,Cardio,181,120,60,1.22,13.6,5,1
52,1.78,56.4,17.8,Female,moderate,91,12167,602.9,4.0,1.09,Yoga,169,91,64,1.34,20.7,1,1
19,1.53,87.8,37.51,Male,moderate,76,5731,544.8,8.4,3.18,Yoga,160,76,70,1.11,13.1,1,2
56,1.8,51.7,15.96,Male,moderate,172,3307,502.3,6.4,2.09,Yoga,166,89,78,1.96,19.0,3,3
54,1.77,63.3,20.2,Female,low,163,14448,812.3,8.5,2.94,Cardio,121,149,83,1.88,22.1,5,1
38,1.76,113.2,36.54,Male,low,161,3858,440.5,8.9,3.14,Strength,161,131,75,1.98,23.8,4,1
22,1.84,79.7,23.54,Female,low,73,3159,824.1,4.8,2.43,Cardio,123,115,68,1.98,18.3,4,1
62,1.52,111.9,48.43,Female,moderate,99,2417,392.9,4.4,1.24,Yoga,120,147,64,1.84,30.2,3,3
38,1.73,57.4,19.18,Female,moderate,174,13607,310.1,7.3,1.8,Yoga,141,88,83,1.9,22.9,2,3
46,1.72,60.4,20.42,Male,high,99,8195,378.6,5.3,1.63,None,130,82,82,0.68,34.8,6,2
37,1.73,71.5,23.89,Male,low,176,1176,549.3,6.2,2.51,Yoga,130,150,76,0.76,13.1,3,2
55,1.99,72.5,18.31,Female,moderate,166,9561,848.1,4.0,2.03,Cardio,133,81,75,1.83,14.6,4,2
37,1.57,100.9,40.93,Male,high,103,13300,324.1,6.1,2.03,Cardio,192,141,71,1.59,30.0,5,2
42,1.85,90.0,26.3,Female,high,115,8967,605.9,8.9,2.64,Cardio,178,100,59,1.81,23.9,3,1
19,1.7,86.5,29.93,Male,high,76,8031,352.4,4.5,1.08,Strength,137,77,56,1.66,19.0,5,2
49,1.76,90.2,29.12,Male,moderate,76,5916,674.4,7.4,1.33,None,180,120,58,0.71,20.3,2,1
43,1.88,99.9,28.27,Male,low,75,8589,525.5,6.7,3.22,Strength,143,78,72,1.87,24.1,4,1
23,1.58,112.0,44.86,Female,moderate,140,5011,713.5,8.2,3.09,Cardio,146,131,62,1.66,12.1,2,3
58,1.88,76.1,21.53,Female,moderate,145,10781,799.3,7.3,3.35,Strength,154,120,68,1.36,29.1,5,1
20,1.54,105.2,44.36,Female,low,87,4536,434.3,4.0,1.52,None,187,88,67,1.3,21.2,6,3
50,1.74,82.1,27.12,Male,low,105,9081,856.7,7.4,1.85,None,141,77,83,1.36,20.3,2,2
18,1.87,99.2,28.37,Female,high,120,7086,527.9,8.1,1.28,None,130,87,61,1.09,29.3,1,2
22,1.6,110.6,43.2,Female,moderate,74,6389,855.6,7.7,2.6,None,190,82,63,1.7,24.2,5,3
30,1.89,47.4,13.27,Female,low,162,2375,361.4,7.7,2.95,Cardio,177,130,58,1.86,28.9,3,3
36,1.58,86.0,34.45,Female,low,81,8530,828.0,8.4,2.54,Yoga,195,76,59,0.88,33.2,6,2
29,1.9,119.2,33.02,Male,high,117,10402,433.6,7.0,2.49,Cardio,123,120,69,0.56,33.6,5,1
42,1.73,82.2,27.47,Male,moderate,80,11697,725.5,7.3,3.01,Cardio,185,105,63,0.8,20.7,3,1
52,1.84,109.8,32.43,Female,low,134,10178,877.7,6.7,1.22,Cardio,184,155,79,1.64,11.7,6,3
29,1.96,58.9,15.33,Male,moderate,136,6567,838.5,8.7,2.86,Cardio,137,109,72,1.8,10.3,2,1
47,1.7,90.3,31.25,Male,low,95,11216,524.6,7.4,3.23,Strength,178,136,82,1.02,27.6,4,1
22,1.62,110.3,42.03,Male,moderate,79,11280,441.4,5.4,2.61,None,142,120,81,0.73,12.0,6,2
51,1.93,77.4,20.78,Male,high,160,3240,628.8,8.2,2.71,Yoga,123,98,68,1.79,19.8,1,3
39,1.58,81.5,32.65,Male,high,129,7688,694.1,5.7,2.61,Yoga,172,139,69,0.82,26.6,2,2
56,1.82,51.2,15.46,Female,low,174,8561,578.2,8.3,3.06,Yoga,159,118,55,0.86,35.0,5,1
30,1.96,48.2,12.55,Male,low,60,9625,793.9,4.9,1.99,Cardio,159,125,73,0.64,15.6,6,1
64,1.84,80.2,23.69,Female,moderate,76,12217,240.8,4.9,3.15,None,170,120,80,1.87,10.2,6,2
20,1.6,108.3,42.3,Female,low,81,11665,619.7,6.6,1.68,None,128,107,55,0.99,11.0,4,1
37,1.58,114.8,45.99,Female,high,146,2086,567.7,5.8,1.29,Yoga,142,138,60,0.76,15.6,3,1
48,1.63,94.4,35.53,Male,high,65,9330,227.6,8.8,1.15,Yoga,132,100,62,1.93,34.8,5,2
22,1.7,107.0,37.02,Male,low,142,13331,208.9,7.6,1.25,Cardio,120,113,58,1.0,11.9,2,1
41,1.58,100.1,40.1,Male,low,153,10426,624.3,6.4,2.14,Yoga,195,132,70,1.62,28.7,2,2
57,1.9,97.6,27.04,Male,high,99,3651,282.6,8.8,2.49,Cardio,129,100,65,0.85,13.7,4,3
50,1.68,102.7,36.39,Female,low,169,13160,738.0,8.7,2.59,Yoga,146,149,58,1.59,15.1,5,1
25,1.97,82.9,21.36,Female,moderate,134,1229,864.5,5.1,2.41,None,138,141,65,0.85,12.1,6,1
41,1.92,79.3,21.51,Female,high,140,4735,324.2,5.2,1.52,None,141,147,64,1.46,15.7,5,2
37,1.95,56.9,14.96,Male,high,122,11078,759.0,8.0,3.16,None,130,131,71,1.16,12.9,3,3
33,1.65,108.3,39.78,Female,low,123,1302,614.0,6.2,1.53,Strength,194,144,63,1.7,10.4,2,1
29,1.79,48.3,15.07,Female,low,88,8546,513.6,4.8,3.06,Yoga,135,147,64,1.6,30.0,1,1
30,1.66,65.1,23.62,Female,low,107,7730,655.2,8.6,2.79,Strength,148,82,62,1.9,14.8,6,3
62,1.63,84.0,31.62,Male,high,142,4084,761.6,7.7,1.89,None,149,108,84,1.06,13.0,6,1
59,1.8,117.9,36.39,Female,high,106,9485,879.5,5.9,2.06,Yoga,130,143,68,1.63,16.8,2,2
56,1.91,103.9,28.48,Female,low,103,5419,662.3,8.9,3.03,Strength,176,84,67,1.95,28.8,1,3
42,1.55,72.7,30.26,Male,moderate,171,13696,722.9,7.1,3.46,None,184,158,57,1.0,15.6,4,3
63,1.64,98.5,36.62,Female,low,135,5799,625.3,6.6,1.61,None,125,96,68,0.94,23.5,4,1
49,1.6,114.9,44.88,Male,moderate,119,10897,595.5,6.6,2.72,Yoga,196,86,68,1.65,15.4,2,3
41,1.9,85.4,23.66,Female,moderate,144,13461,245.3,5.7,1.19,Yoga,154,103,57,1.17,19.7,2,3
64,1.97,79.6,20.51,Male,low,118,3565,308.6,5.6,1.2,Cardio,178,105,83,1.1,23.0,1,3
61,1.54,86.5,36.47,Male,moderate,74,6155,465.5,8.9,2.13,Yoga,133,80,70,1.32,28.9,2,1
26,1.69,68.4,23.95,Male,high,122,3778,654.7,8.4,1.05,None,162,81,64,1.9,17.0,4,3
57,1.96,113.1,29.44,Female,low,153,10288,253.1,5.4,3.28,Cardio,165,153,58,0.63,21.2,4,1
40,1.67,104.8,37.58,Female,low,124,14262,581.1,8.6,1.97,Cardio,141,87,74,1.2,26.1,3,3
30,1.86,97.9,28.3,Male,moderate,140,4128,209.2,4.4,1.95,Yoga,179,137,72,0.67,16.9,1,2
49,1.55,89.2,37.13,Male,low,89,6649,736.3,5.4,1.81,None,121,98,58,1.83,15.5,5,3
32,1.72,117.7,39.79,Male,moderate,80,5028,666.9,8.6,1.75,Strength,188,158,56,0.71,24.2,2,3
53,1.75,67.3,21.98,Male,high,151,13504,564.5,4.3,1.23,None,134,93,65,0.63,33.8,4,3
22,1.88,66.2,18.73,Male,high,79,12058,599.8,8.6,2.52,None,169,157,69,1.95,32.8,1,2
39,1.64,63.2,23.5,Male,low,174,2398,852.9,5.8,1.63,Yoga,175,143,65,1.35,25.0,3,3
33,1.63,100.6,37.86,Male,low,78,6033,834.7,4.9,1.87,Strength,182,96,77,1.74,20.5,6,2
58,1.65,104.8,38.49,Male,high,147,6709,754.9,4.8,1.84,Cardio,154,134,75,1.21,24.1,1,2
27,1.78,89.8,28.34,Male,moderate,70,11438,435.4,6.1,1.85,Strength,145,96,77,1.15,30.0,2,2
41,1.94,93.9,24.95,Male,low,85,14852,275.1,7.5,3.2,Yoga,146,91,60,1.87,12.3,5,1
35,1.92,71.2,19.31,Male,low,140,12558,425.0,7.2,2.18,None,138,121,72,1.98,29.5,1,1
35,1.53,48.0,20.5,Male,low,99,2667,726.4,5.6,2.27,None,156,81,84,1.43,26.5,2,2
24,1.94,64.0,17.0,Female,low,119,6127,627.7,6.1,2.96,Strength,155,91,82,1.88,16.7,3,1
21,1.55,88.8,36.96,Male,moderate,85,4399,693.9,5.3,1.77,Strength,159,150,72,1.79,31.9,1,2
43,1.71,106.0,36.25,Female,high,104,1504,273.7,6.0,2.9,Yoga,182,136,55,1.32,12.0,2,1
22,1.88,103.3,29.23,Female,moderate,161,11326,310.9,5.0,1.45,Strength,158,137,67,1.91,33.0,6,1
33,1.54,58.5,24.67,Female,high,74,13571,665.0,7.8,2.77,Yoga,131,81,55,0.82,19.7,1,3
52,1.52,48.9,21.17,Male,high,72,5833,460.3,5.9,1.36,Cardio,163,103,67,1.83,30.3,6,1
43,1.66,108.8,39.48,Female,high,140,2206,458.4,5.8,2.72,Strength,199,146,75,0.96,13.9,6,1
35,1.86,50.7,14.65,Male,high,137,9707,474.9,7.1,2.17,None,167,78,59,0.55,24.2,1,3
46,1.76,74.5,24.05,Female,moderate,142,2415,757.2,5.3,1.16,Strength,198,90,77,1.68,10.8,3,2
40,1.71,52.1,17.82,Male,moderate,101,11176,689.3,6.1,2.5,None,152,154,71,1.9,17.0,1,3
31,1.91,87.3,23.93,Male,high,86,5175,274.2,4.4,2.73,Cardio,198,149,70,0.83,30.7,6,1
32,1.88,72.3,20.46,Female,moderate,137,5924,441.1,4.7,1.51,Cardio,151,133,75,1.3,21.4,3,1
50,1.89,60.2,16.85,Female,moderate,125,9217,671.7,6.6,3.34,Strength,141,115,72,1.62,26.5,6,2
42,1.73,89.6,29.94,Male,high,66,14899,883.3,9.0,1.57,Yoga,125,134,64,1.0,30.2,1,1
38,1.51,72.3,31.71,Female,low,60,2899,838.6,6.8,1.78,None,149,149,71,0.72,23.3,4,3
34,1.59,57.5,22.74,Male,high,144,12134,373.8,6.3,2.84,Cardio,136,143,61,1.09,24.6,5,2
40,1.87,97.5,27.88,Male,moderate,155,13723,246.2,5.2,1.5,Strength,121,132,69,1.18,29.2,5,3
60,1.88,107.8,30.5,Male,low,179,2580,601.3,5.8,3.3,Cardio,199,150,73,1.61,13.0,4,1
34,1.99,65.5,16.54,Female,low,112,7417,484.4,8.0,2.6,Strength,174,114,81,0.8,11.8,5,2
31,1.6,59.0,23.05,Male,moderate,100,2145,328.4,6.3,2.87,None,131,132,63,1.72,25.5,3,1
46,1.56,50.6,20.79,Male,moderate,98,8479,656.2,7.4,1.3,Strength,131,135,75,1.25,34.4,2,1
37,1.57,84.6,34.32,Male,high,179,11403,312.2,5.7,3.05,None,170,119,75,1.86,26.1,3,3
47,1.59,107.3,42.44,Male,high,128,3853,446.0,5.0,2.42,Cardio,167,151,59,1.35,27.6,2,1
36,1.76,63.8,20.6,Female,low,176,6301,756.2,6.7,2.92,None,158,122,79,1.17,26.5,3,3
56,1.99,79.5,20.08,Female,high,123,7985,679.0,5.8,1.18,None,189,85,83,0.93,25.1,3,1
30,1.79,57.1,17.82,Female,low,87,14719,625.0,4.6,2.52,Yoga,120,130,64,0.66,14.9,6,3
35,1.76,75.3,24.31,Female,low,161,3708,851.6,5.7,2.72,Cardio,135,97,67,1.06,31.0,2,3
40,1.84,46.2,13.65,Male,high,70,1710,287.8,6.1,2.24,None,165,151,55,1.12,24.4,4,2
63,1.54,113.3,47.77,Male,moderate,177,1172,683.7,7.7,3.09,Yoga,182,107,75,1.35,34.5,4,2
50,1.91,95.7,26.23,Male,moderate,162,14701,282.1,6.1,3.35,Yoga,178,126,80,1.79,11.7,4,1
56,1.82,70.0,21.13,Male,moderate,172,6486,295.5,8.6,1.56,None,166,102,60,1.2,17.5,4,1
57,1.59,111.1,43.95,Male,low,94,14237,554.5,7.2,1.15,Strength,135,78,79,0.97,12.5,3,2
35,1.82,58.7,17.72,Male,high,136,3452,216.9,8.4,2.93,None,165,125,57,1.81,31.5,3,3
26,1.8,50.9,15.71,Female,low,86,7079,550.7,5.0,2.2,Strength,199,84,71,1.6,30.4,1,3
50,1.53,115.7,49.43,Male,high,60,3964,206.6,8.1,1.15,None,158,126,66,0.96,29.3,5,2
49,1.63,68.2,25.67,Male,moderate,114,6425,621.7,4.4,1.22,Cardio,169,146,81,0.75,27.0,1,2
34,1.7,115.2,39.86,Male,low,174,8816,418.4,7.7,1.57,Yoga,168,83,65,0.94,12.7,6,1
36,1.62,92.8,35.36,Female,low,108,7460,258.3,5.7,1.01,None,145,92,62,0.69,20.1,5,3
44,1.62,118.5,45.15,Male,moderate,99,7775,746.6,5.5,2.18,None,152,140,79,1.86,27.6,6,2
23,1.79,101.5,31.68,Male,low,68,8931,472.9,7.3,1.93,None,139,156,66,1.42,19.0,5,3
52,1.74,52.9,17.47,Male,low,178,8283,510.8,4.3,1.11,Strength,196,114,65,1.8,27.9,3,3
54,1.83,108.9,32.52,Female,high,159,10265,462.1,8.8,1.6,Cardio,191,140,76,1.73,17.1,4,2
51,1.98,56.1,14.31,Male,low,167,13315,258.5,5.2,2.85,Cardio,160,96,59,0.73,23.6,2,3
37,1.83,96.9,28.93,Male,high,129,9943,521.9,8.1,3.02,None,130,154,82,1.16,18.9,3,1
42,1.79,82.5,25.75,Female,high,166,10812,665.8,7.4,1.01,Yoga,174,148,62,1.96,33.0,2,2
21,1.92,98.1,26.61,Male,moderate,70,10289,832.4,6.0,1.27,Yoga,166,108,66,0.85,21.1,1,3
27,1.82,102.4,30.91,Female,high,157,12846,734.7,7.6,3.5,None,197,122,76,0.58,17.2,4,2
27,1.58,105.3,42.18,Male,high,98,9056,255.5,5.8,2.62,Strength,169,90,60,1.02,11.4,1,2
41,1.66,107.6,39.05,Female,low,65,13438,316.1,7.3,2.71,Yoga,142,123,63,1.27,13.6,4,3
38,1.87,108.5,31.03,Male,low,159,3614,231.4,4.0,1.95,Cardio,180,137,79,0.58,24.1,3,1
28,1.87,75.9,21.7,Male,moderate,171,1636,283.6,8.8,2.26,Yoga,126,114,71,1.14,27.5,2,2
44,1.99,111.7,28.21,Female,high,126,4941,536.4,4.7,2.27,Yoga,134,130,82,0.88,33.9,4,3
33,1.81,99.0,30.22,Male,moderate,87,4352,353.8,6.6,1.87,None,198,151,56,0.82,24.9,5,2
43,1.95,107.9,28.38,Male,moderate,129,2550,653.6,5.3,2.72,Yoga,128,122,55,0.9,27.0,3,2
47,1.53,119.2,50.92,Female,moderate,123,1602,222.7,5.9,2.43,None,156,111,72,0.66,25.5,6,3
33,1.78,53.7,16.95,Male,high,67,8170,800.1,5.7,3.36,Cardio,178,86,57,0.61,32.6,3,1
24,1.96,72.8,18.95,Female,low,147,7905,674.3,8.9,1.02,Yoga,147,153,83,1.39,17.6,4,3
33,1.64,105.5,39.23,Male,low,106,6521,878.4,4.7,3.21,None,125,106,68,1.92,25.1,4,2
52,1.58,51.5,20.63,Female,high,74,13104,867.0,4.7,3.37,None,129,97,67,1.71,34.0,6,1
33,1.68,85.6,30.33,Male,high,179,4780,685.0,8.9,1.37,Cardio,134,148,56,1.75,10.2,6,1
57,1.9,109.4,30.3,Male,low,116,14439,310.6,4.7,1.55,Yoga,123,146,76,1.6,16.8,1,1
29,1.54,46.4,19.56,Female,moderate,111,1856,355.5,4.4,1.13,Strength,177,95,58,1.93,29.0,3,1
52,1.8,115.5,35.65,Male,moderate,87,13622,394.3,6.5,1.59,Yoga,134,149,69,1.93,21.7,5,2
38,1.57,118.4,48.03,Female,low,115,5558,498.7,5.0,2.6,None,156,86,59,1.67,14.2,6,3
60,1.72,69.2,23.39,Female,low,132,8311,599.6,5.1,1.54,None,121,123,64,1.57,24.3,6,3
53,1.98,102.5,26.15,Female,high,92,4813,677.8,8.1,3.13,Cardio,166,121,63,0.96,22.9,2,1
34,1.6,54.5,21.29,Male,high,151,9343,252.9,5.2,3.29,Cardio,147,157,72,0.64,21.4,5,1
49,1.52,103.0,44.58,Male,low,133,11020,627.4,5.6,1.07,Strength,188,136,57,0.64,18.5,2,3
58,1.71,81.1,27.74,Male,moderate,174,2613,241.4,7.3,2.27,Strength,192,112,68,1.6,11.3,1,1
23,1.79,109.5,34.17,Female,low,84,11736,778.9,8.9,1.04,None,190,100,64,0.54,25.1,4,3
41,1.65,60.9,22.37,Female,low,127,5062,228.3,6.5,2.55,Strength,187,114,71,1.72,22.9,2,3
44,1.77,95.4,30.45,Female,moderate,90,2822,473.0,7.3,1.87,Strength,138,90,69,1.05,24.6,5,1
37,1.98,104.0,26.53,Male,high,72,4177,494.0,6.5,3.11,Strength,127,93,72,0.79,10.1,4,3
42,1.66,60.2,21.85,Female,low,85,7571,599.3,4.9,3.29,Yoga,150,124,71,1.11,12.1,5,3
19,1.65,106.4,39.08,Male,high,94,14076,266.8,6.2,2.25,Yoga,133,130,84,1.55,14.2,1,3
26,1.74,116.8,38.58,Male,moderate,66,6525,853.2,7.1,3.38,None,148,103,79,0.91,21.2,1,1
45,1.76,91.2,29.44,Male,high,61,2196,468.2,4.3,3.17,Yoga,128,112,57,0.76,30.2,6,2
55,1.5,103.9,46.18,Male,high,114,4668,477.3,4.8,1.24,Strength,189,135,70,1.61,16.1,5,2
20,1.81,84.9,25.91,Male,moderate,68,7778,370.2,8.1,1.89,Strength,179,110,73,1.82,30.2,5,2
37,2.0,89.9,22.48,Male,moderate,114,1800,746.5,4.4,1.85,Strength,164,159,67,1.38,15.9,5,2
23,1.65,46.0,16.9,Male,low,161,9416,205.4,4.8,1.76,Yoga,193,84,77,1.29,28.7,2,2
56,1.82,84.3,25.45,Male,low,76,8134,274.3,5.3,2.99,Cardio,173,121,71,1.63,31.9,3,1
50,1.5,88.2,39.2,Female,high,170,5028,529.5,4.3,1.75,Strength,164,118,79,1.6,30.4,6,1
18,1.8,95.3,29.41,Male,moderate,110,3141,877.8,8.0,1.95,Strength,122,136,77,0.51,28.5,3,2
54,1.72,57.7,19.5,Male,low,175,13943,224.9,6.7,1.21,Cardio,195,81,70,0.92,11.0,3,2
23,1.77,63.1,20.14,Female,moderate,164,14450,243.4,5.0,2.3,Cardio,155,143,63,1.9,18.3,2,3
62,1.77,101.7,32.46,Female,low,114,14686,700.4,4.5,1.29,None,130,93,78,1.94,14.9,3,3
51,1.59,57.6,22.78,Female,moderate,144,1312,714.8,6.9,3.17,None,192,107,75,1.27,21.9,3,3
64,1.88,76.2,21.56,Female,low,88,1244,827.9,7.0,3.0,Yoga,125,98,66,1.34,18.9,3,2
32,1.78,63.8,20.14,Male,moderate,155,8406,603.6,7.4,1.76,Cardio,195,97,57,0.5,25.4,5,2
62,1.64,85.9,31.94,Female,high,98,4108,482.5,7.9,1.01,None,160,127,81,1.51,24.1,2,1
43,1.97,119.0,30.66,Female,high,75,3777,515.8,8.9,1.18,Strength,191,95,63,0.82,20.8,5,3
31,1.51,108.9,47.76,Female,low,95,13708,502.1,8.2,1.54,None,160,156,70,0.69,29.2,6,3
24,1.86,65.2,18.85,Female,high,67,5363,881.5,5.2,2.25,Strength,196,111,59,0.96,10.4,5,1
63,1.69,72.6,25.42,Male,high,144,12565,466.1,4.4,2.83,Strength,181,123,79,1.5,31.6,4,1
48,1.76,113.9,36.77,Female,low,120,1555,267.2,4.5,1.25,Strength,128,99,73,1.15,10.1,2,1
41,1.65,112.4,41.29,Female,high,161,11819,402.7,8.2,2.77,Yoga,129,113,76,1.02,21.3,1,3
48,1.66,57.0,20.69,Female,moderate,165,7395,872.1,7.8,2.37,Cardio,160,104,67,1.59,32.0,2,1
46,1.51,107.2,47.02,Female,high,130,7870,499.8,4.2,2.55,Yoga,146,117,56,1.72,20.4,3,2
59,1.86,67.3,19.45,Male,low,72,2779,421.3,7.7,3.32,None,172,152,73,1.8,28.9,1,2
49,1.86,85.8,24.8,Female,low,80,8716,417.5,7.7,3.38,None,123,128,72,1.17,20.1,5,2
34,1.83,45.4,13.56,Female,moderate,64,9726,206.3,8.1,2.84,Cardio,129,106,66,1.58,31.3,2,1
31,1.94,119.9,31.86,Female,low,64,9722,643.2,7.3,2.73,Cardio,168,123,72,1.83,35.0,3,3
57,1.95,102.1,26.85,Male,moderate,100,5220,707.0,6.7,2.91,None,138,76,59,1.86,32.5,1,3
53,1.78,63.1,19.92,Female,high,87,6809,447.1,5.5,2.68,Cardio,193,121,80,1.24,11.4,4,1
41,1.84,96.3,28.44,Female,high,156,10939,811.0,4.3,1.03,Cardio,169,97,74,1.03,13.7,4,1
62,1.51,67.0,29.38,Male,moderate,118,5614,720.0,4.5,3.49,Strength,167,80,81,1.85,23.5,2,3
44,1.92,51.7,14.02,Female,high,102,6742,620.6,6.2,2.59,Yoga,142,159,74,0.89,34.0,4,2
42,1.91,76.9,21.08,Male,high,63,7641,692.7,4.9,2.22,Yoga,128,115,83,1.7,20.2,3,2
49,1.51,91.0,39.91,Male,low,115,11271,738.6,4.1,2.13,Yoga,185,116,62,1.86,16.9,1,3
35,1.77,51.7,16.5,Female,high,143,11182,568.9,6.3,1.59,Strength,138,127,84,1.61,34.1,2,1
63,1.95,83.9,22.06,Female,high,96,11535,478.5,9.0,2.19,Strength,191,146,76,1.52,27.7,3,2
35,1.59,83.6,33.07,Male,high,159,10733,288.0,8.9,2.83,Cardio,170,113,70,0.58,29.3,2,2
54,1.68,92.1,32.63,Male,low,99,11143,483.5,7.8,1.64,Cardio,130,84,80,0.81,12.8,6,2
43,1.67,63.3,22.7,Female,low,160,12144,585.1,5.3,3.11,Strength,122,156,56,1.5,16.6,6,1
26,1.68,46.5,16.48,Male,high,161,5395,863.5,7.9,1.53,Strength,180,124,67,1.68,22.6,6,1
52,1.52,69.4,30.04,Male,low,68,4888,308.4,7.2,3.15,None,136,149,55,0.6,28.4,6,2
25,1.64,74.9,27.85,Female,low,99,11905,729.9,5.6,2.46,Strength,192,82,59,0.53,18.7,4,1
37,1.65,92.7,34.05,Male,moderate,158,5826,368.5,4.2,3.09,Strength,149,75,77,0.97,15.1,3,3
59,1.93,114.8,30.82,Male,high,91,3257,869.9,6.4,2.04,Yoga,199,146,75,1.47,20.9,4,1
39,1.68,60.3,21.36,Male,low,92,7195,616.4,6.9,1.8,None,127,143,66,1.27,20.6,4,3
36,1.72,96.6,32.65,Male,high,150,7487,502.9,7.1,2.74,Yoga,160,75,58,0.51,31.8,3,2
47,1.69,52.3,18.31,Male,moderate,177,2058,442.8,5.5,1.91,Yoga,145,141,59,0.73,33.3,1,2
45,1.56,59.3,24.37,Male,moderate,109,8930,341.4,7.6,3.38,None,124,101,65,1.63,14.2,5,3
52,2.0,83.2,20.8,Female,low,119,1983,700.1,7.4,2.85,None,188,135,64,0.95,17.0,1,2
60,1.91,98.1,26.89,Male,moderate,97,10619,645.2,5.5,2.07,None,143,122,62,0.68,29.7,1,2
28,1.77,109.4,34.92,Female,moderate,163,8466,823.1,7.7,1.43,Cardio,197,97,75,0.58,16.1,1,2
48,1.74,100.8,33.29,Female,moderate,156,4892,618.1,7.7,2.39,None,188,118,63,1.78,16.6,2,1
56,1.82,46.2,13.95,Female,moderate,159,4307,318.9,8.2,2.49,Yoga,155,114,80,1.21,26.9,5,1
53,1.66,96.3,34.95,Female,moderate,147,5021,678.0,6.1,3.42,None,136,85,61,1.26,22.8,2,3
47,1.53,106.8,45.62,Female,low,101,12599,815.2,8.7,2.86,Cardio,189,85,81,0.59,27.6,2,3
40,1.7,84.4,29.2,Female,moderate,76,6266,893.3,8.8,1.63,Yoga,190,105,83,1.23,11.8,4,1
36,1.99,117.4,29.65,Female,moderate,113,8285,679.5,7.6,1.65,None,165,134,68,1.47,22.6,6,2
29,1.59,45.3,17.92,Female,low,173,4664,402.7,7.3,2.45,None,198,129,65,0.68,26.8,6,1
32,1.76,106.4,34.35,Male,low,70,2639,595.8,8.1,1.3,Yoga,189,98,84,1.85,21.9,2,2
48,1.5,70.1,31.16,Female,high,157,9273,560.5,4.7,2.74,Yoga,151,136,72,1.68,13.2,1,3
60,1.56,93.8,38.54,Female,high,77,10226,558.4,7.9,1.2,None,179,93,79,1.7,13.3,1,3
54,1.79,97.0,30.27,Female,low,144,13535,255.0,6.2,2.43,Cardio,161,114,72,1.3,24.7,4,3
54,1.65,68.0,24.98,Male,high,78,10321,336.2,8.6,3.46,Yoga,159,91,76,1.0,13.6,5,1
32,1.95,119.7,31.48,Female,low,158,5981,566.9,4.5,3.18,Strength,146,124,84,1.46,17.6,6,1
46,1.7,52.7,18.24,Male,moderate,178,11138,758.7,4.9,3.11,None,124,86,62,0.84,21.0,3,2
60,1.6,56.8,22.19,Female,low,142,6699,327.3,5.8,2.87,Yoga,180,89,56,0.71,24.8,3,3
43,1.77,111.9,35.72,Female,low,111,4454,315.0,8.9,3.32,Yoga,180,113,76,1.31,16.6,5,2
61,1.9,53.9,14.93,Male,high,98,11028,731.9,6.9,3.32,None,199,87,75,1.22,20.1,5,2
19,1.51,73.6,32.28,Female,high,119,6873,683.4,8.6,1.41,None,171,93,61,0.73,19.2,2,1
37,1.75,100.0,32.65,Male,moderate,157,4004,539.6,8.7,1.57,None,194,147,80,1.3,12.4,2,1
32,1.89,104.4,29.23,Male,high,126,7178,235.3,4.2,3.31,Cardio,185,131,83,1.32,30.1,2,2
21,1.55,116.6,48.53,Female,low,120,6761,530.9,7.7,1.69,Strength,126,134,59,1.81,28.6,1,2
39,1.95,104.2,27.4,Female,moderate,99,14705,784.4,5.4,1.95,Yoga,157,130,68,1.64,29.6,6,2
55,1.63,108.3,40.76,Male,moderate,85,9574,207.4,6.0,1.1,None,170,99,68,0.83,13.7,5,1
40,1.59,116.2,45.96,Male,low,121,2268,271.8,4.0,3.25,None,120,78,57,1.73,22.9,5,2
43,1.79,86.5,27.0,Female,moderate,99,7366,766.5,7.5,1.18,Cardio,195,126,60,1.95,18.3,2,1
28,1.59,70.8,28.01,Female,moderate,150,5715,567.6,8.2,2.32,Strength,168,81,77,1.57,18.7,5,3
45,1.84,102.1,30.16,Female,low,126,9548,663.6,4.5,1.55,Yoga,191,142,71,1.68,11.6,1,3
19,1.75,57.3,18.71,Male,low,130,3416,721.5,7.1,1.07,Strength,139,144,78,0.9,33.6,5,2
25,1.55,50.1,20.85,Female,moderate,62,10464,410.1,5.3,1.72,Strength,161,119,62,1.99,33.5,3,1
46,1.96,103.9,27.05,Male,low,144,11330,408.5,8.9,2.66,None,135,83,83,0.76,20.2,1,3
28,1.84,116.3,34.35,Female,high,174,5932,384.8,4.3,1.22,None,152,83,74,1.63,31.4,2,1
54,1.77,78.2,24.96,Male,high,160,13627,317.1,6.6,3.13,None,135,159,84,1.09,18.3,4,1
35,1.69,57.1,19.99,Male,high,77,3628,413.3,8.2,2.73,Cardio,135,77,84,1.04,24.0,3,3
31,1.57,82.3,33.39,Female,moderate,103,8205,867.0,7.7,1.15,Cardio,167,151,78,0.93,28.6,6,2
27,1.85,74.5,21.77,Male,low,150,14800,260.2,6.7,2.01,Cardio,174,137,57,1.16,23.1,1,2
52,1.91,72.9,19.98,Male,moderate,133,8944,368.4,8.3,3.02,None,147,156,83,1.69,14.1,4,3
26,1.56,92.1,37.85,Male,low,62,14426,422.6,8.9,3.33,None,192,76,69,1.91,19.5,1,1
52,1.75,58.1,18.97,Male,low,166,12701,307.7,4.5,2.57,None,142,105,59,1.12,29.0,3,2
28,1.74,73.5,24.28,Male,moderate,148,10892,254.2,4.4,2.7,Strength,149,112,73,1.48,29.5,5,1
61,1.67,110.2,39.51,Female,high,154,2148,313.3,8.2,3.19,Cardio,180,81,56,1.68,18.4,2,3
29,1.89,99.7,27.91,Female,moderate,156,14887,569.5,5.2,2.14,Cardio,194,84,75,0.65,23.5,6,2
20,1.55,49.2,20.48,Male,moderate,79,10782,617.7,8.4,2.77,Strength,145,151,62,1.94,15.2,1,2
56,1.6,83.5,32.62,Female,moderate,135,13399,350.7,5.7,2.44,Yoga,130,133,63,0.82,16.3,2,2
31,1.5,51.8,23.02,Male,high,89,13354,552.7,5.1,2.74,Strength,139,75,59,1.87,13.6,1,3
45,1.69,116.8,40.89,Male,moderate,157,13536,204.4,5.6,3.21,Strength,163,111,57,1.98,20.9,1,3
28,1.65,63.3,23.25,Female,high,157,1475,621.4,8.5,2.97,None,137,99,66,0.65,28.0,4,3
56,1.93,114.9,30.85,Male,high,132,5592,200.9,7.7,1.32,Yoga,153,140,57,1.84,32.0,3,1
42,1.87,107.6,30.77,Male,moderate,128,3178,649.9,4.2,3.33,Strength,123,150,78,1.46,23.6,1,1
38,1.54,86.4,36.43,Male,high,147,8564,538.3,9.0,1.12,Yoga,133,79,73,1.73,26.3,4,1
27,1.87,70.2,20.07,Female,high,112,6195,276.5,5.1,2.89,Yoga,132,130,70,0.66,16.7,3,2
60,1.84,109.3,32.28,Female,high,128,6741,261.9,6.4,1.71,None,160,153,79,1.75,15.1,3,2
32,1.64,56.5,21.01,Male,low,66,3684,204.8,5.1,2.95,Yoga,198,116,80,1.44,19.9,1,2
36,1.51,58.5,25.66,Male,high,92,2284,586.2,5.4,1.04,None,176,138,70,1.27,24.0,3,3
39,1.56,61.9,25.44,Male,moderate,119,13495,764.6,4.4,1.55,Cardio,141,123,55,1.34,10.8,3,3
38,1.62,89.8,34.22,Male,low,107,13906,799.6,7.3,1.2,Strength,129,120,71,1.62,12.3,6,2
61,1.91,68.6,18.8,Male,high,130,13210,598.5,6.7,2.88,None,188,145,75,0.95,25.8,5,3
49,1.73,119.2,39.83,Female,moderate,168,14074,821.0,7.3,1.49,None,187,76,74,1.92,15.0,2,1
40,1.96,59.6,15.51,Female,high,72,11184,803.4,5.9,3.32,Strength,169,141,57,0.96,21.3,6,1
30,1.89,105.4,29.51,Female,moderate,127,6821,688.8,8.3,2.03,None,135,78,71,1.82,33.4,5,3
22,1.64,52.2,19.41,Female,high,177,11010,454.2,6.7,2.8,Yoga,130,136,77,0.52,31.6,3,1
21,1.92,71.5,19.4,Male,high,141,7985,779.0,8.8,3.06,None,187,154,71,1.87,11.6,5,1
45,1.56,63.3,26.01,Male,moderate,102,7654,474.2,8.2,3.38,None,186,101,70,1.78,11.5,5,1
31,1.52,118.3,51.2,Female,low,86,1920,482.3,6.7,2.15,Yoga,139,141,60,0.69,13.6,4,2
25,1.8,46.9,14.48,Female,moderate,87,8477,674.7,8.9,2.68,Strength,184,91,80,1.61,12.9,2,3
26,1.67,99.1,35.53,Male,low,109,3604,849.5,5.1,1.91,None,152,126,72,1.06,16.3,1,3
52,1.66,63.6,23.08,Female,high,83,7646,550.0,6.9,1.71,Cardio,129,145,68,1.22,19.3,1,2
54,1.84,105.8,31.25,Male,high,137,6899,324.0,7.5,2.72,Strength,186,131,74,0.6,12.1,4,1
38,1.93,68.3,18.34,Male,high,135,8944,299.7,4.4,2.01,Cardio,174,104,62,0.82,21.5,1,2
35,1.66,59.0,21.41,Male,high,68,1565,411.6,6.6,2.43,Cardio,151,146,73,1.93,23.2,5,1
50,1.66,97.0,35.2,Female,low,136,2125,520.4,4.9,1.5,Cardio,164,157,63,1.13,26.5,6,2
25,1.77,64.3,20.52,Female,low,150,2689,408.4,7.4,2.79,None,178,145,75,0.54,20.2,3,1
34,1.83,81.4,24.31,Female,high,131,12040,698.3,4.8,3.42,Yoga,150,139,76,1.27,17.4,5,2
60,1.6,54.9,21.45,Female,high,133,4483,579.9,7.9,2.34,None,171,90,72,1.99,26.1,5,2
48,1.96,99.3,25.85,Female,moderate,122,1656,484.7,7.0,2.3,Cardio,129,101,55,1.0,32.8,4,1
51,1.83,75.5,22.54,Male,moderate,128,8661,349.4,4.8,3.14,Cardio,125,148,75,0.71,19.9,2,1
23,1.81,55.5,16.94,Female,low,103,5114,623.8,7.1,1.38,Yoga,120,121,71,1.47,17.3,5,3
39,1.95,100.6,26.46,Male,low,156,10048,671.9,4.0,1.98,Strength,165,88,58,1.88,27.9,4,3
31,1.95,52.8,13.89,Male,moderate,110,3343,748.9,4.2,1.43,Cardio,193,76,70,1.79,31.9,6,2
20,1.57,88.1,35.74,Male,moderate,135,7441,893.6,5.1,2.37,None,149,113,78,1.49,34.0,4,2
29,1.57,90.6,36.76,Female,moderate,155,8474,361.9,5.9,2.54,Cardio,198,129,84,0.78,15.5,3,3
53,1.88,114.8,32.48,Female,high,109,10843,210.6,4.7,3.28,Cardio,197,100,66,1.68,17.6,4,3
29,1.98,56.3,14.36,Female,high,123,13222,550.3,7.9,3.08,Strength,182,118,67,1.73,32.6,5,1
62,1.83,94.0,28.07,Female,moderate,170,12309,846.8,4.6,2.62,Yoga,182,143,56,1.77,16.7,1,3
19,1.71,73.6,25.17,Female,high,63,10366,374.1,4.2,2.94,Cardio,193,112,76,1.11,18.6,1,2
19,1.84,75.1,22.18,Female,high,68,9978,729.1,4.0,2.57,Strength,120,154,66,1.11,26.0,6,3
32,1.61,82.6,31.87,Female,moderate,164,14112,423.7,6.8,2.43,Strength,139,86,64,0.73,24.2,6,3
40,2.0,62.5,15.62,Female,high,132,3383,473.8,6.9,1.12,Cardio,148,91,83,1.66,31.9,5,3
46,1.72,79.6,26.91,Male,moderate,68,14336,863.4,4.9,1.06,Cardio,153,99,84,1.61,25.3,1,3
34,1.97,96.5,24.87,Female,high,168,6712,522.7,5.3,3.13,Yoga,185,138,69,0.65,22.2,6,2
49,1.72,79.3,26.81,Male,moderate,110,13236,707.7,7.9,1.7,None,185,85,59,0.53,11.8,3,3
24,1.96,48.2,12.55,Male,low,110,7088,584.9,8.5,1.88,None,121,92,55,1.93,34.4,2,3
47,1.67,64.3,23.06,Male,low,130,4291,734.7,5.6,2.12,Yoga,191,110,62,0.53,20.6,6,2
45,1.88,71.4,20.2,Male,high,179,6150,422.2,6.2,1.11,Strength,173,77,75,1.44,24.3,4,3
31,1.98,71.6,18.26,Female,low,97,9180,813.8,4.3,3.4,Strength,137,157,79,1.18,22.6,2,2
61,1.82,51.1,15.43,Female,moderate,120,8878,584.2,8.2,1.26,Yoga,149,144,72,1.67,28.4,1,3
47,1.84,78.7,23.25,Male,low,61,11950,416.4,7.3,3.42,None,127,145,60,0.63,26.2,2,3
34,1.55,96.9,40.33,Male,moderate,117,1749,226.7,4.4,2.77,Strength,161,83,77,1.52,18.6,3,3
49,1.74,48.7,16.09,Male,moderate,133,5040,209.2,6.9,3.36,None,148,140,55,1.42,23.0,6,1
63,1.94,101.3,26.92,Female,low,160,7290,447.4,4.5,1.13,Strength,170,121,68,1.78,30.7,1,3
23,1.62,116.6,44.43,Male,moderate,147,3123,351.0,7.7,2.12,None,143,124,64,1.28,25.8,4,2
41,1.89,45.7,12.79,Male,moderate,98,3019,236.9,4.7,3.38,Yoga,129,138,58,1.59,33.9,5,1
23,1.84,59.5,17.57,Female,low,71,10121,587.0,6.3,2.62,None,135,121,72,1.16,28.8,3,3
44,1.61,85.8,33.1,Male,moderate,102,1383,892.2,7.5,2.37,Strength,169,149,77,1.98,22.1,1,2
35,1.64,61.4,22.83,Female,high,162,13121,495.6,4.9,2.68,Strength,160,141,73,1.34,30.2,3,3
41,1.71,102.3,34.99,Female,high,178,10087,586.5,4.5,1.47,Strength,173,116,79,1.63,21.1,5,2
54,1.56,68.4,28.11,Male,moderate,162,7037,353.9,7.8,2.86,Cardio,163,123,62,0.64,15.3,4,3
41,1.96,67.0,17.44,Male,high,95,1070,343.4,7.7,1.69,Cardio,179,104,66,1.19,25.7,2,2
55,1.87,45.1,12.9,Male,low,126,9101,429.9,5.7,1.7,Strength,188,82,64,0.6,18.8,3,2
51,1.68,65.3,23.14,Female,low,62,13541,784.5,5.1,2.49,Yoga,198,111,67,0.68,10.6,5,1
57,1.65,61.3,22.52,Female,moderate,75,1582,872.4,8.6,1.05,Strength,142,159,61,1.26,15.4,3,1
64,1.84,70.7,20.88,Female,moderate,101,11660,717.8,7.2,1.14,Yoga,190,82,78,1.03,14.2,5,2
32,1.71,56.1,19.19,Male,high,146,1235,214.4,6.7,1.04,Strength,139,137,71,1.19,29.9,3,2
28,1.61,89.6,34.57,Male,high,60,10037,506.9,5.4,2.92,Strength,158,85,80,1.24,28.2,5,1
39,1.72,62.9,21.26,Male,moderate,89,10274,494.5,5.8,1.07,Yoga,122,132,66,0.74,25.4,6,2
41,1.94,107.4,28.54,Male,high,155,3335,854.6,5.7,1.24,None,122,108,60,1.05,33.4,6,3
18,1.53,66.3,28.32,Male,low,157,6882,721.9,8.8,2.52,Cardio,150,113,77,1.79,14.5,2,3
35,1.68,60.8,21.54,Male,high,164,6209,700.1,4.7,2.19,Strength,126,90,61,1.78,14.1,3,2
61,1.98,49.3,12.58,Female,low,158,6063,595.3,6.2,1.92,Yoga,120,145,67,1.24,32.7,2,2
29,1.51,100.5,44.08,Female,low,89,2485,652.1,4.2,1.89,Yoga,175,78,68,1.62,26.2,5,1
60,1.95,83.1,21.85,Female,low,87,8886,689.0,6.6,3.15,Cardio,146,120,79,1.63,23.9,3,1
45,1.69,53.5,18.73,Male,moderate,155,12133,586.8,8.2,1.19,Cardio,184,96,77,0.57,28.5,3,2
57,1.59,61.6,24.37,Female,high,100,4006,791.4,8.8,3.32,None,189,145,82,1.42,17.0,5,3
24,1.51,119.9,52.59,Female,moderate,170,5240,225.8,5.5,1.59,Strength,158,87,77,1.71,24.9,6,1
40,1.54,105.5,44.48,Female,moderate,79,2336,859.0,5.0,2.22,Cardio,122,156,67,1.39,20.7,2,3
38,1.59,71.2,28.16,Male,moderate,162,7545,741.5,7.1,3.39,None,178,116,60,1.31,17.7,6,3
51,1.51,85.7,37.59,Male,low,127,11302,570.3,5.5,2.6,Strength,121,108,73,1.3,31.9,5,3
28,1.67,76.2,27.32,Female,low,91,6465,802.2,4.5,1.63,Strength,166,87,67,1.26,14.0,4,3
39,1.52,47.7,20.65,Male,low,139,8631,779.6,5.0,3.46,Yoga,139,103,76,1.67,10.4,6,1
59,1.85,103.4,30.21,Male,low,94,4237,493.6,4.1,3.04,Cardio,146,121,63,1.46,19.0,5,2
52,1.91,98.8,27.08,Male,high,137,1613,787.9,8.4,1.79,None,138,143,65,0.82,15.0,6,2
46,1.94,75.7,20.11,Male,low,79,8940,331.8,5.9,2.5,None,174,85,64,1.15,30.3,2,1
59,1.77,108.4,34.6,Female,high,95,11680,528.4,7.9,2.39,Yoga,182,137,57,1.29,13.2,4,3
45,1.97,85.1,21.93,Male,moderate,97,10316,362.6,7.3,2.54,None,162,125,73,1.13,33.4,4,2
35,1.5,49.9,22.18,Female,moderate,87,4281,287.1,5.0,1.31,None,124,134,81,0.86,14.2,4,2
31,1.57,64.5,26.17,Female,moderate,73,12574,826.2,6.0,2.61,Strength,139,121,61,0.69,32.2,6,2
35,1.65,79.6,29.24,Male,high,126,11407,456.9,6.2,1.54,Cardio,195,78,77,0.68,14.2,4,3
45,1.89,52.8,14.78,Male,low,147,4295,679.1,7.3,1.8,Yoga,180,81,59,0.94,11.2,3,2
41,1.94,87.8,23.33,Male,moderate,87,6070,462.6,8.6,2.36,Cardio,181,105,78,1.1,22.2,1,1
25,1.81,54.0,16.48,Female,high,172,13889,580.9,5.0,1.53,None,193,155,78,1.52,18.9,6,2
59,1.69,60.0,21.01,Female,high,130,7889,443.6,6.0,3.23,None,182,148,81,1.98,24.9,6,2
62,1.83,112.0,33.44,Female,low,171,6250,719.9,5.0,2.04,None,141,104,81,1.85,26.0,5,1
25,1.59,120.0,47.47,Female,low,138,11609,750.5,8.1,1.41,Cardio,157,103,69,1.72,33.4,4,3
21,1.73,86.3,28.83,Female,high,84,4776,501.4,7.7,1.15,Yoga,131,155,56,1.72,33.8,3,2
44,1.75,91.5,29.88,Female,moderate,66,7480,801.7,8.1,2.95,Yoga,193,117,65,1.39,22.4,2,3
53,1.55,104.8,43.62,Female,moderate,83,5937,448.7,7.9,3.07,Strength,180,159,60,0.88,15.2,4,3
22,1.52,97.2,42.07,Male,high,114,11876,733.7,4.1,1.2,Yoga,167,96,59,1.21,16.2,4,3
50,1.88,58.7,16.61,Female,moderate,134,11126,655.0,5.3,2.36,Strength,136,122,74,0.71,12.5,2,2
51,1.77,75.9,24.23,Female,high,123,2317,519.2,5.8,2.63,None,171,122,61,1.35,17.0,1,2
47,1.67,85.1,30.51,Female,low,172,8788,822.2,8.0,3.27,Yoga,165,131,58,0.53,32.8,1,1
25,1.72,72.0,24.34,Female,low,159,6762,600.6,8.3,1.12,Strength,175,96,59,0.78,19.1,3,3
56,1.98,58.2,14.85,Male,moderate,138,8737,788.1,6.4,1.87,Strength,148,101,78,1.57,25.7,2,1
64,1.69,100.2,35.08,Female,high,69,4856,713.3,8.9,1.3,Cardio,192,137,59,0.92,34.5,1,2
43,1.55,59.9,24.93,Female,high,152,9964,572.8,6.7,2.07,None,170,78,81,1.13,12.7,4,2
54,1.73,64.5,21.55,Male,moderate,71,5348,428.5,6.5,1.93,Yoga,195,155,83,1.75,29.4,4,1
51,1.82,66.5,20.08,Male,low,147,8421,865.8,6.7,2.49,Yoga,145,77,81,0.57,27.5,5,1
24,1.51,57.1,25.04,Female,high,177,6040,239.7,7.7,2.69,Yoga,194,155,79,0.53,30.5,5,3
57,1.67,108.7,38.98,Female,high,130,3269,826.1,5.9,3.41,Strength,148,114,64,0.84,13.4,1,2
45,1.7,90.8,31.42,Female,moderate,88,12311,554.5,8.5,1.41,Yoga,178,157,72,1.53,22.5,5,3
56,1.73,107.6,35.95,Female,low,117,1059,724.1,6.7,3.0,Yoga,127,156,56,0.85,25.8,3,3
56,1.65,82.0,30.12,Female,low,144,5216,433.9,6.2,3.12,Yoga,144,102,69,1.8,29.0,5,2
45,1.83,84.0,25.08,Female,high,151,8891,468.9,5.2,2.41,None,140,89,63,1.03,27.8,3,2
31,1.97,91.2,23.5,Male,low,88,3825,333.5,5.8,2.97,None,123,125,56,0.93,24.3,4,3
55,1.96,72.8,18.95,Male,moderate,109,14700,868.0,7.3,1.87,Strength,155,100,57,0.85,21.7,1,1
21,1.83,82.2,24.55,Female,moderate,107,11744,230.3,8.9,1.09,Cardio,162,109,76,1.36,33.5,3,2
59,1.75,86.0,28.08,Female,low,164,6374,470.8,6.9,1.38,Yoga,145,154,74,1.78,14.5,1,3
35,1.91,116.5,31.93,Female,moderate,96,6701,434.3,6.7,1.42,Yoga,155,89,78,1.11,15.1,6,1
61,1.92,111.2,30.16,Male,low,78,4674,769.2,5.5,3.19,Strength,142,79,78,0.88,12.8,5,3
42,1.91,54.7,14.99,Female,low,176,8080,551.1,8.6,3.39,Yoga,160,120,56,1.13,12.8,3,2
24,1.58,48.1,19.27,Male,high,153,14078,318.4,7.1,2.01,Cardio,194,98,56,1.86,31.8,2,1
55,1.51,96.0,42.1,Male,high,84,7494,556.3,8.2,2.64,Strength,163,76,73,1.0,25.2,6,1
45,1.99,48.7,12.3,Female,moderate,89,1912,365.2,4.3,1.76,None,169,133,68,1.48,33.4,5,1
22,1.98,49.5,12.63,Male,high,115,7021,212.0,7.8,2.11,Cardio,128,110,81,0.99,32.2,1,2
20,1.78,56.9,17.96,Female,high,176,4301,581.2,5.3,2.55,Yoga,166,119,72,1.51,17.5,5,2
61,2.0,71.4,17.85,Male,high,109,14158,452.3,8.8,3.14,Cardio,160,150,75,1.82,26.0,4,3
48,1.89,77.6,21.72,Female,low,90,5480,367.2,4.7,2.07,None,132,111,55,1.4,19.5,2,3
64,1.76,84.0,27.12,Female,high,82,1619,320.6,4.5,2.75,Strength,177,131,61,1.92,31.9,1,2
59,1.69,119.4,41.81,Male,high,94,12428,517.6,5.7,1.62,Cardio,185,159,62,1.4,28.4,2,3
37,1.8,73.9,22.81,Male,moderate,69,3948,808.7,5.5,1.82,Strength,177,86,66,1.96,13.1,2,1
36,1.76,63.2,20.4,Male,low,178,5546,730.7,8.9,1.55,Strength,185,109,58,1.59,16.3,2,2
28,2.0,88.1,22.02,Female,low,116,7886,203.2,7.1,3.16,Yoga,152,96,77,1.48,26.4,6,2
57,1.75,61.1,19.95,Male,moderate,117,5098,711.8,7.9,1.3,Yoga,188,146,79,1.74,16.2,6,3
20,1.92,115.5,31.33,Male,high,67,11243,250.9,4.7,2.92,Strength,197,101,61,0.52,23.4,1,2
40,1.91,64.4,17.65,Female,moderate,107,6764,583.6,9.0,2.58,None,146,81,72,0.89,16.1,6,1
24,1.54,119.2,50.26,Female,moderate,111,1617,746.0,8.3,2.63,Strength,169,77,72,0.82,27.1,4,2
40,1.54,76.4,32.21,Male,high,65,5131,517.3,8.7,3.19,None,178,78,80,0.67,11.9,2,1
24,1.83,106.0,31.65,Male,high,125,4687,463.7,5.1,2.33,Cardio,197,82,64,1.91,28.0,2,2
63,1.63,93.6,35.23,Male,moderate,115,13808,857.6,5.6,1.19,Strength,198,119,64,0.7,18.4,3,2
51,1.83,115.0,34.34,Female,moderate,159,5331,220.5,8.4,3.33,Cardio,146,151,60,0.89,21.3,5,2
59,1.57,91.9,37.28,Female,low,74,1376,274.2,5.9,1.84,Strength,178,147,78,1.0,22.1,1,3
36,1.7,88.6,30.66,Male,high,96,13879,809.2,4.1,1.07,Cardio,175,94,66,1.44,14.9,6,3
26,1.55,94.0,39.13,Female,moderate,84,8827,820.4,8.7,2.33,None,191,158,64,1.65,33.6,1,1
35,1.64,104.0,38.67,Male,moderate,113,12423,460.9,4.9,1.9,Cardio,153,79,81,1.41,10.0,5,3
58,1.54,112.4,47.39,Male,moderate,117,1361,578.1,4.1,3.28,Cardio,168,120,67,1.62,19.3,4,2
62,1.99,65.0,16.41,Female,low,138,3929,315.1,5.5,2.28,Yoga,136,143,80,1.1,13.2,3,3
59,1.7,60.1,20.8,Male,high,67,5344,819.0,7.4,1.13,Strength,189,109,84,1.99,19.0,3,3
42,1.95,47.6,12.52,Male,low,66,8599,528.3,7.2,1.6,Strength,157,139,81,0.76,12.6,1,1
31,1.99,72.8,18.38,Female,high,133,12465,594.9,5.0,1.56,Strength,120,89,66,1.1,19.5,3,2
61,1.95,108.5,28.53,Male,low,167,1368,282.6,6.3,2.91,Strength,157,91,73,1.75,14.8,5,1
42,1.73,50.2,16.77,Male,moderate,75,9356,630.4,7.4,1.16,Yoga,145,150,55,0.87,23.8,2,3
36,1.89,85.4,23.91,Female,moderate,158,7745,687.1,6.9,1.81,None,188,120,55,1.63,10.3,1,2
56,1.58,97.1,38.9,Male,high,146,3629,406.3,7.6,2.68,Cardio,187,135,65,1.05,22.7,6,1
32,1.55,107.8,44.87,Male,moderate,157,8241,827.3,6.2,2.53,Cardio,144,117,72,0.77,17.1,1,1
33,1.94,88.8,23.59,Female,high,62,3577,342.7,6.0,2.62,None,177,153,80,1.11,18.0,6,2
44,1.52,59.0,25.54,Female,moderate,61,7207,828.2,4.3,2.4,Cardio,164,152,76,1.68,18.9,1,1
57,1.99,117.3,29.62,Female,moderate,89,12120,692.3,8.5,1.44,Yoga,141,96,56,0.67,26.3,3,1
27,1.84,52.1,15.39,Male,low,88,9078,781.6,8.4,2.69,Strength,167,83,60,1.27,28.9,1,1
21,1.71,102.7,35.12,Female,high,116,2044,689.4,6.2,3.38,Strength,132,121,70,1.61,18.2,1,3
36,1.57,51.5,20.89,Male,low,123,6423,499.9,8.1,1.1,Yoga,144,159,81,1.63,33.1,4,1
45,1.86,55.8,16.13,Female,high,119,9971,432.1,7.1,1.9,Strength,129,77,55,1.08,28.7,1,3
38,1.78,112.4,35.48,Male,moderate,103,13685,713.9,5.3,1.73,Cardio,137,126,63,1.2,20.1,5,1
64,1.86,101.5,29.34,Male,low,68,12041,408.7,4.9,1.37,None,174,105,82,1.79,12.4,3,1
31,1.71,72.4,24.76,Female,low,94,8704,243.3,4.3,1.66,None,146,87,69,0.81,24.0,1,1
50,1.53,92.9,39.69,Male,moderate,165,14856,372.9,7.3,1.06,Cardio,175,76,70,1.99,25.3,5,1
27,1.66,79.3,28.78,Male,high,171,10846,728.7,5.4,2.61,None,175,152,68,1.13,13.4,3,2
36,1.66,50.0,18.14,Female,high,83,8545,755.3,8.5,2.53,None,168,81,61,0.91,31.3,3,3
47,1.5,99.1,44.04,Male,high,119,6155,393.6,8.3,2.26,Strength,145,103,55,0.5,19.5,1,2
39,1.5,102.2,45.42,Male,high,125,8166,429.5,7.6,1.79,Cardio,121,78,70,0.69,13.8,6,2
20,1.67,111.2,39.87,Male,low,61,3501,584.5,7.1,3.44,Yoga,193,78,63,1.63,23.0,3,2
54,1.86,85.5,24.71,Female,high,78,13467,383.4,8.6,2.55,None,179,95,83,1.47,20.6,5,2
58,1.81,95.5,29.15,Female,low,70,7675,624.3,8.2,3.22,Cardio,157,119,79,0.87,26.1,4,1
35,1.62,77.9,29.68,Female,high,147,5442,397.4,5.3,1.77,Yoga,122,102,65,1.89,14.3,2,1
28,1.8,68.9,21.27,Female,moderate,173,13405,284.6,5.3,2.89,Yoga,193,82,84,1.75,10.5,1,2
19,1.82,75.9,22.91,Female,low,75,14311,308.4,4.1,1.01,Strength,172,116,64,0.9,21.9,6,2
29,1.76,113.4,36.61,Female,low,91,1378,375.4,6.5,2.69,Strength,163,91,65,1.0,13.9,3,3
23,1.76,57.3,18.5,Female,high,117,10866,317.5,6.3,2.87,None,142,83,60,0.78,13.9,4,2
60,1.68,63.6,22.53,Female,low,148,7520,882.0,5.2,1.67,Cardio,147,135,56,1.46,26.9,5,1
57,1.56,90.5,37.19,Male,low,112,5343,660.9,8.8,3.5,Cardio,151,158,72,1.55,16.5,3,3
61,1.69,53.7,18.8,Male,low,110,14783,325.5,6.7,2.25,Strength,195,143,66,1.09,31.0,5,2
46,1.67,111.9,40.12,Male,low,163,4564,496.7,4.8,1.92,Strength,139,115,68,1.61,22.9,2,3
47,1.8,48.5,14.97,Male,high,117,14544,388.4,8.2,1.46,Strength,125,103,62,1.99,25.2,3,2
19,1.93,101.6,27.28,Female,moderate,130,14587,679.2,6.2,1.39,None,122,150,79,1.42,18.0,6,3
26,1.69,73.0,25.56,Male,moderate,77,10430,807.1,7.8,1.52,Cardio,122,128,58,1.47,15.6,2,3
64,1.85,48.8,14.26,Male,high,67,1068,480.6,5.8,2.34,None,142,106,72,1.06,14.0,5,1
19,1.91,108.2,29.66,Male,low,103,2904,500.2,4.4,2.34,Cardio,192,139,75,0.52,27.7,2,3
46,1.61,93.0,35.88,Male,low,174,12742,478.9,9.0,2.33,Strength,152,117,67,1.93,27.2,4,2
50,1.95,45.7,12.02,Male,high,91,13530,514.5,8.2,3.15,None,155,143,77,1.66,22.3,4,3
27,1.54,65.1,27.45,Female,high,63,4958,225.1,5.1,1.0,Yoga,183,150,68,1.54,29.5,6,2
51,1.95,71.4,18.78,Female,high,144,13354,614.8,8.2,1.67,None,131,154,74,0.54,30.1,5,2
61,1.58,69.2,27.72,Male,low,136,14598,866.4,8.0,3.21,None,181,90,82,1.64,21.1,3,1
25,1.67,82.4,29.55,Male,high,156,14630,749.7,8.0,1.25,Yoga,145,95,79,1.51,26.3,5,3
54,1.8,84.5,26.08,Male,moderate,147,12832,803.0,5.2,1.49,Yoga,156,107,82,1.35,32.8,2,1
50,1.95,74.8,19.67,Male,high,109,10820,360.4,4.8,1.82,Strength,167,100,69,1.44,12.0,1,2
64,1.63,69.9,26.31,Female,high,65,12187,625.0,6.6,3.03,Yoga,193,77,74,1.88,10.3,1,3
23,1.88,82.8,23.43,Male,high,144,10889,825.1,7.5,2.46,Yoga,163,97,78,0.51,21.8,4,3
61,1.86,47.5,13.73,Female,low,90,14150,248.0,6.4,2.39,None,130,128,73,0.74,18.3,4,2
57,1.58,93.4,37.41,Male,low,103,2356,814.1,6.1,3.31,None,188,158,82,1.84,12.2,1,1
62,1.74,90.4,29.86,Female,low,167,1299,245.2,6.3,2.22,Strength,143,121,68,0.51,13.7,6,1
36,1.74,65.9,21.77,Female,moderate,117,5974,888.1,8.8,3.37,Yoga,138,110,66,1.86,16.4,6,3
49,1.65,58.5,21.49,Female,high,132,5219,258.7,8.6,1.34,Cardio,189,109,76,0.54,12.5,6,1
44,1.89,50.5,14.14,Male,high,93,3165,457.6,8.7,2.0,None,175,117,69,1.67,18.0,2,3
18,1.96,89.1,23.19,Male,moderate,124,5717,238.3,5.5,3.06,Strength,168,107,60,1.84,13.3,5,1
60,1.86,87.7,25.35,Female,moderate,78,10366,239.7,4.1,1.38,None,176,79,73,1.42,25.6,3,2
50,1.99,85.0,21.46,Male,high,61,14898,806.4,8.9,1.44,None,130,78,56,1.46,27.4,1,2
57,1.53,118.9,50.79,Male,moderate,143,6784,244.5,4.3,1.95,Cardio,182,132,60,0.58,29.4,2,2
49,1.52,84.9,36.75,Female,low,114,6341,754.8,8.7,3.32,Strength,136,126,77,0.82,31.7,5,3
22,1.95,99.1,26.06,Male,low,128,12344,834.8,6.5,1.45,Cardio,134,146,77,1.85,10.1,1,3
34,1.95,53.5,14.07,Female,high,95,4183,854.5,6.9,3.39,Cardio,189,149,80,1.74,14.4,3,2
25,1.55,67.4,28.05,Male,high,140,11613,804.8,4.4,2.68,Strength,181,124,65,0.59,30.4,5,2
59,1.68,65.7,23.28,Male,low,120,12732,868.6,8.6,2.18,Yoga,151,101,55,1.72,10.8,2,1
51,1.92,88.2,23.93,Female,high,71,10665,236.3,4.8,1.04,Cardio,159,84,82,1.14,26.6,3,2
26,1.56,69.8,28.68,Female,moderate,145,2359,897.6,8.4,2.31,Yoga,130,136,76,1.34,14.5,1,2
40,1.63,93.1,35.04,Female,high,168,10680,214.3,5.0,2.04,None,132,94,63,0.66,22.7,4,2
52,1.84,96.8,28.59,Female,moderate,163,1808,316.6,4.9,2.98,Strength,147,106,67,1.1,34.1,4,3
24,1.99,47.5,11.99,Male,low,148,12125,256.7,4.7,2.4,Strength,147,122,63,1.15,26.2,2,3
32,1.9,93.0,25.76,Male,moderate,160,1098,720.8,4.8,3.43,None,167,123,69,1.5,19.2,4,2
37,1.89,53.8,15.06,Male,low,119,11968,260.9,7.3,1.28,None,174,156,82,1.49,27.2,6,1
42,1.67,79.9,28.65,Female,moderate,89,9729,404.9,4.0,3.29,None,135,100,72,1.32,10.1,6,1
20,1.83,99.5,29.71,Male,moderate,132,2131,646.7,8.0,1.95,Cardio,155,109,58,0.55,33.8,5,2
63,1.56,97.8,40.19,Male,high,108,10019,548.6,7.6,2.27,Cardio,159,102,76,0.74,18.6,4,3
41,2.0,67.5,16.88,Male,moderate,142,8582,295.4,6.1,3.13,Cardio,139,139,58,0.74,34.5,4,2
51,1.74,65.4,21.6,Female,low,106,3805,565.1,8.2,2.71,Cardio,121,100,66,1.83,26.9,5,1
63,1.82,78.0,23.55,Female,high,117,5256,438.5,7.5,3.37,Cardio,196,132,63,1.85,17.2,2,3
39,1.94,59.2,15.73,Male,low,66,11833,610.2,8.9,3.46,Yoga,121,80,72,1.71,25.4,1,3
28,1.5,118.1,52.49,Male,moderate,81,14681,576.9,7.3,2.6,Yoga,188,124,80,0.76,19.5,2,3
25,1.99,70.9,17.9,Female,high,144,14688,892.7,7.1,2.4,Cardio,189,123,60,1.76,26.1,4,2
56,1.68,114.2,40.46,Female,high,151,5592,804.5,4.5,1.63,Strength,169,132,71,0.78,29.8,2,2
60,1.67,113.1,40.55,Female,low,149,4031,202.6,8.5,1.69,Strength,167,120,79,1.33,21.8,1,2
52,1.57,72.4,29.37,Female,high,162,9205,323.2,7.1,1.63,Yoga,143,155,71,1.6,15.6,5,1
63,1.93,64.1,17.21,Male,high,159,5887,839.2,6.4,2.96,Yoga,128,95,83,0.58,34.5,5,3
55,1.94,102.8,27.31,Female,moderate,85,6802,577.6,4.0,2.54,Strength,159,99,67,1.4,20.3,5,3
25,1.51,62.2,27.28,Male,high,149,1359,731.6,6.5,2.84,Strength,159,137,66,0.88,14.4,2,1
54,1.53,84.1,35.93,Female,low,162,4894,552.5,6.9,3.04,Strength,121,157,68,1.25,28.5,6,1
44,1.96,53.3,13.87,Male,high,94,3116,750.0,7.6,3.23,Yoga,192,140,62,1.08,26.4,4,3
45,1.56,73.9,30.37,Male,moderate,77,13472,292.9,4.8,1.37,Yoga,125,109,83,1.53,30.4,5,3
57,1.81,50.9,15.54,Female,high,141,10945,716.5,4.5,3.19,Strength,138,154,69,1.23,10.0,6,1
51,1.81,66.3,20.24,Male,low,123,9001,808.7,6.9,2.61,Yoga,138,154,63,0.95,18.7,6,2
49,1.93,94.9,25.48,Male,moderate,140,6771,386.0,8.2,3.29,Cardio,152,107,55,1.87,17.9,4,2
32,1.79,119.3,37.23,Male,high,85,2720,457.9,7.2,3.32,Strength,180,124,71,1.94,33.1,3,2
61,1.72,64.1,21.67,Female,moderate,157,11594,613.4,7.8,2.07,None,149,98,64,1.7,18.7,5,1
34,1.99,80.5,20.33,Female,low,110,10514,807.8,5.8,2.79,Strength,181,97,84,1.37,23.2,1,3
50,1.61,78.6,30.32,Female,moderate,105,12126,835.5,5.0,3.06,Yoga,132,155,77,1.83,10.1,4,1
64,1.63,58.8,22.13,Male,moderate,160,8522,574.1,5.3,1.64,None,137,111,80,1.4,30.2,3,2
63,1.54,90.8,38.29,Male,moderate,177,8836,660.6,5.0,2.22,None,121,137,59,0.72,12.8,6,2
33,1.99,99.4,25.1,Male,moderate,158,3424,811.0,8.6,1.65,Strength,122,130,65,0.53,32.1,5,2
46,1.85,56.0,16.36,Male,low,68,5509,361.9,8.6,1.22,Cardio,125,137,57,1.59,28.4,4,1
26,1.51,101.8,44.65,Female,moderate,109,7479,777.7,6.9,2.74,Cardio,147,93,79,1.63,23.9,4,1
50,1.85,97.5,28.49,Male,low,75,13837,383.3,7.2,2.43,Yoga,196,95,56,1.89,28.7,3,2
46,1.7,59.8,20.69,Male,moderate,111,12329,606.7,8.4,2.0,None,151,113,76,1.74,29.8,1,2
30,1.98,93.7,23.9,Male,high,144,9112,854.3,5.6,1.53,Cardio,179,157,58,1.46,28.8,2,3
38,1.64,74.5,27.7,Female,high,140,6684,558.0,5.3,1.47,Yoga,150,146,75,0.79,26.5,6,1
38,1.86,96.1,27.78,Male,high,123,8021,265.4,8.5,1.7,None,180,100,56,1.39,32.0,1,3
22,1.81,82.2,25.09,Female,low,137,12592,827.1,4.9,3.46,Yoga,128,125,55,1.15,20.6,2,2
27,1.51,48.6,21.31,Female,moderate,120,3752,609.5,9.0,3.41,Cardio,186,134,63,0.85,24.2,1,2
23,1.94,104.0,27.63,Male,low,60,8795,249.8,8.0,3.11,Yoga,173,156,57,1.7,34.2,1,2
30,1.57,86.7,35.17,Male,low,111,14397,207.4,8.4,1.17,Yoga,198,152,60,0.72,19.3,5,3
18,1.83,99.4,29.68,Male,moderate,160,11580,382.9,5.3,3.08,Cardio,187,156,68,1.45,28.8,4,1
37,1.89,54.5,15.26,Male,high,100,4482,284.2,8.3,2.89,Cardio,136,80,79,1.42,19.8,1,1
64,1.82,99.1,29.92,Female,high,102,3294,639.9,5.8,3.35,Yoga,178,81,55,0.96,21.8,4,3
63,1.55,76.0,31.63,Female,high,144,2907,617.7,6.1,2.17,Cardio,150,134,66,1.14,18.4,4,1
25,1.99,104.9,26.49,Female,high,170,11347,788.6,7.2,2.29,Strength,194,135,75,0.67,13.8,4,3
27,1.62,89.9,34.26,Female,moderate,127,12408,559.4,8.8,2.42,Strength,180,79,70,0.54,34.3,4,3
26,1.81,71.6,21.86,Female,moderate,158,1382,377.2,6.7,2.36,Strength,159,82,74,0.52,21.2,1,1
58,1.9,60.1,16.65,Female,high,141,4191,235.2,7.0,1.78,None,122,107,73,0.76,17.0,2,1
20,1.97,106.2,27.36,Female,low,69,14705,207.4,8.5,1.4,Strength,169,131,72,1.8,26.2,4,3
28,1.8,87.0,26.85,Female,moderate,88,13086,848.0,5.2,2.78,Strength,120,86,68,1.28,12.8,4,1
29,1.63,119.1,44.83,Female,low,164,12998,301.2,6.4,3.28,Strength,127,111,57,0.68,23.6,6,1
27,1.92,73.0,19.8,Female,moderate,173,11841,549.4,8.4,2.67,Cardio,181,89,68,1.86,24.4,5,3
42,1.58,96.4,38.62,Male,moderate,61,13099,756.3,8.1,3.07,Cardio,183,91,71,1.35,14.9,1,2
42,1.51,91.7,40.22,Male,high,131,12018,850.0,4.3,2.3,Cardio,160,111,67,0.54,34.0,6,3
28,1.95,92.8,24.4,Male,moderate,118,7459,341.2,4.3,2.26,Cardio,136,125,55,1.64,24.9,1,1
53,1.79,100.3,31.3,Female,high,157,14504,362.4,8.3,3.46,Cardio,191,103,83,1.21,15.6,1,2
56,1.53,55.4,23.67,Male,low,134,14174,325.8,5.3,3.49,Strength,162,77,83,1.3,30.8,2,1
43,1.79,86.2,26.9,Female,low,167,11338,311.3,5.8,2.52,Strength,121,149,62,1.42,17.7,4,3
31,1.57,83.2,33.75,Female,low,133,12342,518.5,7.4,1.93,Cardio,166,100,75,0.64,28.2,6,3
56,1.52,70.7,30.6,Male,moderate,92,12167,645.1,7.3,1.93,Yoga,179,119,56,1.92,25.7,3,3
57,1.56,77.7,31.93,Female,high,108,11860,694.4,7.5,2.68,Cardio,168,80,73,0.88,14.0,2,2
18,1.89,83.9,23.49,Male,moderate,169,11999,429.0,4.4,1.56,Strength,134,128,69,1.43,12.4,4,1
21,1.88,69.1,19.55,Female,moderate,63,7857,636.7,7.0,3.45,Strength,169,93,68,1.78,25.2,5,2
47,1.8,67.0,20.68,Female,moderate,175,2349,201.7,6.4,2.78,Cardio,165,87,68,1.0,26.7,3,3
29,1.6,100.4,39.22,Male,high,148,9534,821.8,8.0,1.4,None,195,131,72,1.44,13.3,5,1
52,1.87,50.0,14.3,Male,high,111,1663,808.8,4.8,1.91,Yoga,121,147,69,1.98,14.3,6,3
30,1.7,68.5,23.7,Male,moderate,114,1973,580.9,7.5,1.56,Cardio,148,157,64,1.78,11.3,1,1
48,1.76,94.0,30.35,Male,low,145,10810,370.4,7.8,1.22,Strength,148,159,72,1.67,13.4,6,2
55,1.95,60.7,15.96,Male,high,128,6121,880.6,8.9,2.61,Yoga,199,131,74,1.16,24.7,2,2
60,1.73,87.9,29.37,Male,low,163,10456,767.4,7.1,1.26,None,180,120,82,1.18,15.0,3,2
40,1.81,67.7,20.66,Female,moderate,107,4225,211.9,5.3,1.99,Yoga,185,86,58,1.23,17.2,3,2
21,1.98,108.2,27.6,Female,moderate,170,10322,528.7,8.2,2.67,Cardio,163,103,61,1.54,23.9,1,1
33,1.73,71.2,23.79,Female,low,104,4486,271.5,8.0,1.4,Strength,123,139,56,0.72,20.4,4,1
24,1.78,62.2,19.63,Female,low,87,6534,292.6,4.2,3.21,Strength,158,123,63,1.79,31.1,6,2
39,1.79,84.8,26.47,Male,moderate,120,14203,200.9,7.8,1.46,Strength,179,78,77,0.53,24.3,3,2
46,1.62,55.2,21.03,Female,low,105,3842,681.4,7.5,2.53,Yoga,168,151,58,0.75,13.3,2,1
28,1.87,104.8,29.97,Female,moderate,135,14501,376.8,5.2,3.31,Cardio,124,102,66,1.22,19.6,2,3
50,1.86,96.0,27.75,Male,moderate,105,2908,413.4,6.9,1.24,Cardio,185,124,77,0.88,16.5,5,2
46,1.61,102.8,39.66,Female,moderate,127,4858,232.9,6.6,1.26,Yoga,164,86,64,1.05,16.5,2,1
56,1.51,74.9,32.85,Male,high,99,13059,205.6,5.3,1.31,Yoga,179,157,65,1.0,16.4,1,2
29,2.0,107.6,26.9,Male,high,142,10066,754.9,6.3,1.89,None,127,92,55,0.9,20.5,6,1
24,1.79,82.0,25.59,Male,low,148,4829,663.0,5.0,2.68,Strength,169,80,67,1.07,13.3,2,2
56,1.59,52.1,20.61,Female,moderate,77,10271,467.6,4.8,2.35,Yoga,155,142,61,1.26,16.3,2,2
59,1.64,61.8,22.98,Male,moderate,168,6373,248.9,8.7,1.75,Strength,189,150,83,1.21,27.5,1,3
43,1.81,98.3,30.01,Female,low,170,12437,743.1,6.9,2.55,None,160,97,60,1.72,30.7,4,3
57,1.57,112.2,45.52,Female,high,155,10613,848.4,8.1,2.12,Cardio,129,102,63,0.96,10.3,3,3
26,1.52,52.1,22.55,Female,low,140,12368,569.2,5.7,1.88,Strength,155,149,78,0.92,12.1,1,3
58,1.9,109.8,30.42,Male,high,75,14125,297.3,5.7,1.96,Yoga,187,114,72,1.26,31.4,4,2
51,1.86,104.9,30.32,Male,high,112,11876,656.8,6.5,1.9,Yoga,133,122,81,0.57,15.4,1,2
62,1.65,71.7,26.34,Male,low,77,6067,250.1,8.3,2.28,None,195,108,57,0.67,17.8,1,3
30,1.53,96.7,41.31,Female,low,95,1902,315.9,8.7,1.95,Strength,136,159,67,1.7,18.4,5,3
53,1.74,59.0,19.49,Female,high,116,2487,529.5,4.2,1.8,Cardio,140,136,57,1.24,31.6,3,2
42,1.64,106.0,39.41,Male,moderate,157,9440,374.3,6.3,1.8,Cardio,196,132,67,0.6,14.1,3,1
41,1.7,94.3,32.63,Female,low,168,5770,851.1,8.4,1.55,Yoga,173,108,84,1.16,30.3,5,3
61,1.64,77.9,28.96,Male,moderate,93,5602,766.2,6.7,1.52,None,132,131,82,1.1,21.7,3,1
34,1.59,109.8,43.43,Male,moderate,122,5510,393.7,6.3,1.72,Yoga,167,103,60,0.87,29.6,3,2
19,1.69,55.4,19.4,Female,low,152,5935,874.7,4.8,3.43,Yoga,164,151,72,1.06,27.2,2,1
30,1.98,108.4,27.65,Female,high,177,12113,464.8,6.2,1.51,Yoga,128,126,81,0.78,28.3,6,3
48,1.63,46.8,17.61,Male,high,107,14101,597.9,7.7,2.11,Yoga,174,157,56,1.17,12.8,1,3
46,1.67,101.5,36.39,Female,low,112,14257,594.8,7.4,3.27,None,169,82,74,1.11,17.7,3,3
45,1.66,88.0,31.93,Male,low,84,4152,654.7,6.2,1.03,Yoga,139,90,71,1.41,15.7,4,3
44,1.74,97.3,32.14,Male,moderate,133,13854,370.5,7.8,2.51,Strength,159,104,55,1.91,13.1,5,3
32,1.92,75.9,20.59,Female,moderate,122,3042,845.4,7.0,3.18,Yoga,120,158,71,0.78,26.0,3,2
48,1.7,109.8,37.99,Male,low,68,2316,386.0,5.4,1.42,Yoga,196,155,59,1.13,27.4,4,1
57,1.9,68.5,18.98,Female,moderate,170,10498,665.4,4.7,3.03,Cardio,196,100,83,1.34,13.5,6,2
32,1.56,65.6,26.96,Male,moderate,141,3687,736.0,7.3,2.62,Cardio,183,131,63,1.32,29.2,1,2
50,1.95,67.6,17.78,Female,moderate,82,3587,817.1,4.9,3.05,None,154,113,58,1.49,17.2,1,2
37,1.59,103.1,40.78,Female,low,129,13525,519.9,5.1,1.18,None,184,107,68,0.9,19.4,6,1
59,1.52,82.1,35.53,Male,high,96,9705,698.2,5.4,1.18,Strength,172,152,62,1.45,34.8,1,1
29,1.58,85.3,34.17,Female,moderate,178,3487,259.8,8.7,1.36,Yoga,180,105,77,0.8,14.8,6,2
54,1.6,107.4,41.95,Female,high,81,11519,744.6,7.4,3.45,Cardio,124,154,67,0.69,13.0,3,1
26,1.75,107.5,35.1,Male,moderate,151,14038,729.0,8.6,3.2,Strength,188,95,60,1.75,16.7,2,2
40,1.72,57.1,19.3,Female,low,131,3106,487.4,5.2,2.43,Strength,179,124,68,1.21,33.3,3,2
25,1.86,86.2,24.92,Male,high,134,6790,419.4,7.1,2.32,None,138,157,63,1.1,13.0,2,3
49,1.53,54.5,23.28,Female,low,159,10985,466.1,7.4,1.64,Cardio,195,80,80,1.89,25.4,5,1
31,1.75,110.1,35.95,Male,low,67,10563,263.4,8.8,1.53,Yoga,176,134,71,1.56,29.8,6,3
44,1.67,107.8,38.65,Male,high,68,11532,646.5,6.3,1.59,None,127,147,61,1.52,33.1,2,2
42,1.82,108.7,32.82,Male,low,85,14372,839.1,7.2,2.83,Strength,193,87,63,0.79,22.0,4,2
30,1.52,97.9,42.37,Male,high,106,10375,666.0,8.4,2.59,Strength,137,132,69,0.81,21.4,6,2
38,1.52,80.0,34.63,Female,high,108,12078,606.4,4.7,2.25,Cardio,130,118,64,1.22,30.7,1,3
62,1.71,75.4,25.79,Male,low,89,10278,893.5,8.6,3.08,Cardio,181,153,68,1.48,14.9,3,3
48,1.91,74.6,20.45,Female,low,103,3940,579.3,5.6,1.15,Yoga,149,106,70,1.09,21.6,2,2
54,1.84,50.0,14.77,Male,low,94,5233,442.1,6.1,1.09,Cardio,124,133,83,0.6,25.9,1,3
60,1.51,116.2,50.96,Female,low,150,4890,693.3,6.5,3.05,Cardio,196,155,84,1.52,27.5,1,2
22,1.59,78.8,31.17,Male,moderate,121,7521,565.0,7.6,2.04,None,175,119,56,1.66,12.8,2,2
30,1.61,114.8,44.29,Female,moderate,175,9443,880.5,4.8,2.66,None,155,129,83,1.92,31.7,5,3
45,1.71,110.9,37.93,Female,moderate,97,4843,828.6,7.4,2.01,Yoga,146,123,58,1.11,30.5,1,1
60,1.79,107.1,33.43,Male,high,67,3514,862.8,4.5,2.1,None,151,135,75,0.89,17.9,5,2
42,1.61,89.1,34.37,Male,high,115,14260,200.7,5.9,1.06,Yoga,133,114,69,1.89,21.9,5,2
52,1.69,52.6,18.42,Male,moderate,129,11462,433.9,7.1,2.33,None,160,156,65,1.57,19.6,6,3
64,1.79,69.3,21.63,Female,high,173,14475,639.1,4.7,1.09,Strength,185,108,75,0.6,34.5,3,3
56,1.69,90.3,31.62,Female,low,97,12230,415.8,7.3,1.88,None,123,86,65,1.37,24.6,2,3
24,1.57,46.0,18.66,Female,high,77,13630,659.5,8.8,1.34,Yoga,130,89,83,0.54,16.8,4,2
55,1.75,48.2,15.74,Female,low,60,6053,700.5,8.8,1.54,None,167,83,77,0.84,28.6,4,1
49,1.66,95.8,34.77,Male,moderate,67,4087,636.3,6.9,3.27,Cardio,156,94,80,0.61,30.5,3,1
20,1.93,111.6,29.96,Male,low,172,11807,520.8,6.6,3.42,Strength,132,123,78,0.81,28.2,2,1
62,1.89,109.1,30.54,Male,moderate,71,13924,687.7,6.2,1.08,None,192,88,67,1.23,12.1,5,2
56,1.6,57.6,22.5,Male,moderate,124,3517,746.3,6.3,3.29,Strength,161,79,70,0.95,17.2,5,3
54,1.58,113.3,45.39,Female,high,119,9200,687.3,6.8,3.13,Strength,146,122,63,0.63,19.1,5,1
39,1.67,97.2,34.85,Female,low,152,7356,768.4,6.2,2.29,Strength,185,131,75,1.22,15.4,4,1
25,1.71,98.7,33.75,Male,moderate,158,1377,863.1,6.1,2.21,Strength,166,134,56,1.56,22.0,4,1
34,1.97,67.8,17.47,Female,low,76,1689,271.8,5.4,1.97,Cardio,195,146,56,0.58,18.0,4,2
44,1.65,98.7,36.25,Male,moderate,129,2024,834.5,7.4,2.63,Cardio,131,155,59,1.82,10.9,1,3
50,1.93,98.2,26.36,Female,high,81,11285,391.5,8.4,1.46,Yoga,186,117,59,1.48,26.3,3,3
63,1.75,89.6,29.26,Female,low,106,10862,594.6,4.2,1.19,Yoga,145,156,59,1.28,20.9,4,3
34,1.94,71.8,19.08,Female,high,131,5909,859.7,8.8,3.45,Yoga,198,138,68,1.09,10.7,1,3
59,1.85,105.8,30.91,Female,high,159,14594,634.1,7.6,3.05,Yoga,146,76,60,1.09,33.3,4,1
29,1.85,115.3,33.69,Female,moderate,80,7240,258.9,4.0,1.95,Strength,154,75,82,1.0,26.3,1,3
63,1.76,110.2,35.58,Female,low,64,10617,549.5,4.5,1.16,Strength,132,138,70,0.67,11.8,6,1
44,1.92,63.2,17.14,Male,high,90,12589,826.0,8.7,3.39,Strength,175,146,70,0.62,32.2,4,2
25,1.63,78.4,29.51,Female,low,151,10879,488.5,7.4,1.13,Cardio,188,159,62,0.96,20.5,1,2
40,1.95,70.7,18.59,Male,moderate,89,14849,793.6,4.3,1.01,Cardio,162,98,81,1.5,16.0,1,2
59,1.82,98.1,29.62,Male,low,177,8943,755.9,5.7,1.72,Strength,178,76,59,0.93,11.2,2,3
46,1.72,107.4,36.3,Male,moderate,136,9231,834.5,8.4,2.86,Strength,131,133,67,1.72,28.6,4,3
37,1.99,61.2,15.45,Male,moderate,104,2222,384.2,8.3,3.11,Strength,148,108,57,1.07,34.2,6,1
33,1.93,116.0,31.14,Male,low,100,6409,547.6,5.0,2.46,Strength,124,130,63,1.45,14.6,3,3
34,1.89,95.8,26.82,Male,moderate,88,6469,434.6,6.1,2.15,Cardio,168,150,58,1.15,20.4,4,2
33,1.64,61.4,22.83,Female,moderate,156,3290,574.0,7.8,1.04,None,183,79,82,1.25,15.9,6,3
36,1.99,72.8,18.38,Female,moderate,100,7330,213.4,7.4,1.87,Yoga,162,129,62,0.88,24.3,3,1
25,1.87,52.8,15.1,Female,high,113,6459,369.2,4.5,1.21,Yoga,185,110,70,1.27,31.8,1,2
55,1.8,89.8,27.72,Male,high,69,8521,881.8,7.0,1.55,None,125,146,79,0.67,13.3,5,2
55,1.96,57.7,15.02,Male,low,179,14419,622.2,4.1,1.17,Cardio,134,129,65,1.08,17.5,2,1
46,1.58,97.0,38.86,Male,high,106,9232,321.3,5.8,3.24,Cardio,137,84,77,1.17,14.1,2,2
58,1.57,100.3,40.69,Female,moderate,78,6019,555.8,6.6,2.77,None,168,159,73,1.56,15.7,2,1
53,1.78,81.0,25.56,Female,high,164,4736,688.6,4.2,2.14,Yoga,166,120,64,1.1,13.2,3,1
43,1.53,52.0,22.21,Female,high,132,3534,622.6,8.2,3.33,Yoga,121,126,81,1.5,25.9,1,3
48,1.83,90.8,27.11,Male,low,123,9052,551.3,6.1,1.52,None,124,136,76,0.76,11.1,6,2
61,1.62,72.9,27.78,Male,moderate,107,5996,671.8,6.0,3.38,None,156,78,61,0.54,28.2,6,3
29,1.56,116.2,47.75,Male,low,122,1151,316.9,4.5,1.19,Strength,125,130,66,1.26,13.6,6,3
34,1.7,83.5,28.89,Female,moderate,75,5636,506.7,6.4,3.0,None,161,85,77,1.21,16.7,3,1
32,1.73,50.4,16.84,Male,low,103,4228,725.2,4.4,1.82,None,170,124,84,1.5,18.6,6,1
26,1.59,92.7,36.67,Male,moderate,150,4709,605.6,4.8,1.33,Yoga,135,135,62,0.97,19.5,5,3
56,1.52,103.5,44.8,Male,high,162,3059,834.4,8.2,2.65,Strength,195,97,64,0.54,14.3,2,1
59,1.71,57.0,19.49,Male,moderate,173,5615,510.6,7.4,2.59,Strength,192,104,59,1.59,22.2,3,2
29,1.88,78.7,22.27,Female,low,107,10138,292.5,7.0,3.34,Yoga,186,99,59,1.91,32.4,5,2
49,1.94,100.7,26.76,Female,high,106,10262,234.1,6.5,1.69,Yoga,149,104,67,1.09,21.5,4,3
42,1.55,46.5,19.35,Male,low,98,6677,534.2,6.4,2.92,Cardio,146,113,56,1.42,10.7,5,2
56,1.76,47.2,15.24,Male,moderate,176,7639,506.3,8.8,3.3,Strength,161,154,66,1.32,19.1,5,3
35,1.63,95.8,36.06,Female,low,129,2153,379.6,9.0,2.14,None,183,148,65,1.35,20.1,1,2
32,1.69,99.4,34.8,Female,high,171,8527,613.4,5.9,2.04,Strength,169,85,56,1.8,17.1,3,1
49,1.97,108.4,27.93,Male,low,142,5213,375.1,4.1,1.92,Cardio,158,147,69,1.6,17.4,3,2
23,1.68,75.0,26.57,Female,moderate,90,12057,351.4,8.6,3.46,None,126,110,74,1.65,15.0,2,1
61,1.68,74.2,26.29,Female,low,142,12806,635.6,5.6,2.52,Cardio,192,157,61,0.64,33.9,5,3
60,1.6,86.4,33.75,Male,high,91,3352,861.5,8.6,3.31,Yoga,135,126,62,0.72,23.2,5,2
52,1.98,101.8,25.97,Female,high,110,12984,341.9,6.7,2.12,Cardio,175,79,57,1.49,23.4,5,1
51,1.73,93.1,31.11,Female,moderate,164,9276,328.0,8.8,3.21,Yoga,130,150,71,1.31,20.6,4,1
55,1.79,69.5,21.69,Female,high,104,8976,563.5,6.6,2.16,Cardio,128,148,74,1.66,25.4,5,3
22,1.73,71.0,23.72,Female,moderate,62,7923,283.6,6.2,1.39,Yoga,120,88,60,0.64,20.6,5,3
35,1.63,102.2,38.47,Male,moderate,145,3165,405.9,8.6,2.5,Strength,163,94,76,1.35,27.2,4,2
33,1.91,85.1,23.33,Female,low,70,14550,893.5,7.6,3.17,Yoga,154,94,79,1.23,12.2,2,2
25,1.51,52.3,22.94,Female,moderate,171,10717,788.7,8.2,1.09,Strength,170,118,69,1.78,10.7,1,2
42,1.85,56.5,16.51,Male,low,155,6223,694.3,4.4,1.71,Yoga,127,99,67,0.78,24.1,2,1
49,1.8,108.8,33.58,Female,high,63,3178,218.2,7.1,3.37,Cardio,190,115,77,1.02,28.4,3,3
43,1.57,119.9,48.64,Male,high,165,9258,385.6,7.3,1.68,Cardio,156,143,67,0.73,26.7,5,2
39,1.58,70.2,28.12,Male,low,112,13056,598.8,4.7,2.0,Cardio,124,76,66,1.18,20.0,4,2
48,1.83,74.0,22.1,Female,moderate,135,1551,697.2,5.5,1.82,Yoga,195,86,68,1.82,10.1,6,1
60,1.66,56.6,20.54,Female,low,152,6918,667.9,8.5,1.65,Yoga,140,102,63,1.51,13.0,3,2
27,1.63,62.7,23.6,Female,low,63,4586,329.8,5.1,1.98,Cardio,124,118,64,1.62,19.8,6,1
29,1.53,76.8,32.81,Female,high,171,5873,526.4,7.9,3.13,Strength,142,87,81,0.64,26.6,6,1
45,1.88,66.3,18.76,Female,low,171,4317,339.0,4.1,1.82,Yoga,176,159,59,1.18,17.8,2,3
23,1.94,97.6,25.93,Male,low,126,6211,846.5,4.9,2.76,Strength,190,117,75,1.76,23.3,6,1
37,1.91,85.3,23.38,Female,moderate,82,8231,590.2,4.3,1.61,Yoga,184,129,59,1.76,14.4,3,3
22,1.73,106.7,35.65,Male,low,133,2504,473.2,6.0,1.45,Cardio,144,82,75,1.98,14.2,1,1
40,1.77,99.3,31.7,Female,high,115,1637,842.6,5.0,3.02,Strength,138,138,84,1.29,28.6,5,3
26,1.62,54.6,20.8,Male,high,76,12797,832.8,5.3,1.32,None,121,86,74,0.5,21.0,4,1
46,1.59,54.3,21.48,Female,high,152,2680,552.9,6.5,2.93,Yoga,131,115,60,1.85,33.7,2,2
33,1.91,112.2,30.76,Female,moderate,160,5264,680.7,6.6,2.59,Strength,161,118,66,1.93,15.3,5,3
63,1.9,106.5,29.5,Female,low,165,1307,423.2,5.1,2.34,Cardio,144,85,71,1.89,21.2,3,3
39,1.89,80.1,22.42,Female,high,71,11883,415.4,8.3,2.15,Strength,167,93,70,1.66,14.7,6,1
25,1.73,54.8,18.31,Female,moderate,168,7520,584.7,5.7,2.34,None,150,134,72,0.82,16.4,6,2
37,1.93,112.4,30.18,Male,low,98,14875,792.7,5.9,1.31,None,177,146,79,0.71,26.0,1,2
31,1.96,62.3,16.22,Female,moderate,141,11385,618.0,8.5,1.62,Strength,180,101,76,1.55,32.7,3,3
56,1.66,47.7,17.31,Female,high,145,7357,521.3,6.2,1.05,None,163,145,60,0.71,13.2,1,2
54,1.61,114.3,44.1,Female,moderate,142,7788,664.9,5.1,2.75,Yoga,128,159,64,1.93,13.2,1,2
51,1.73,105.7,35.32,Male,moderate,140,8862,768.6,4.4,2.99,None,140,101,74,1.17,33.8,2,1
28,1.59,97.0,38.37,Female,low,101,2999,751.1,7.3,2.72,Strength,173,88,75,0.55,28.4,4,2
57,1.94,47.6,12.65,Male,high,108,13363,459.4,5.0,2.77,Strength,190,98,63,0.73,17.8,1,2
50,1.67,84.6,30.33,Female,low,165,6929,855.0,8.0,3.16,Yoga,132,138,56,0.94,20.2,3,2
48,1.79,94.0,29.34,Male,low,64,10761,211.0,8.5,2.76,Yoga,132,98,57,1.56,29.7,5,2
61,1.8,102.0,31.48,Female,low,74,7696,515.6,6.5,1.88,Strength,171,76,64,1.61,27.5,4,1
51,1.76,80.3,25.92,Female,moderate,122,1324,835.3,6.9,1.6,Cardio,147,126,62,0.82,25.2,2,1
24,1.58,116.5,46.67,Male,high,164,8938,687.2,4.4,2.03,Yoga,165,86,63,1.47,31.6,6,2
40,2.0,63.4,15.85,Female,low,85,8455,692.8,7.3,2.16,Cardio,167,139,82,0.55,17.8,6,1
63,1.59,50.2,19.86,Male,low,163,14611,309.5,8.6,1.68,None,159,134,75,0.65,15.3,5,3
24,1.88,70.0,19.81,Female,moderate,83,7331,607.4,4.0,1.73,None,173,132,73,1.3,20.2,1,1
42,1.9,94.6,26.2,Female,high,102,5672,876.9,5.1,2.77,Yoga,146,159,55,1.56,10.2,1,1
20,1.57,100.3,40.69,Male,moderate,143,5225,348.1,5.7,1.52,Yoga,198,116,82,1.87,22.7,1,1
55,1.97,100.4,25.87,Female,low,175,10772,429.0,8.1,2.92,Strength,122,75,56,1.16,19.1,4,3
37,1.74,53.3,17.6,Male,moderate,144,10442,472.0,4.5,1.64,None,178,96,74,0.68,13.3,6,3
51,1.81,111.4,34.0,Male,low,158,5103,451.9,6.2,2.02,Yoga,137,146,58,1.89,31.9,1,3
61,1.82,66.1,19.96,Female,moderate,150,1562,638.9,4.9,1.69,Strength,143,87,70,1.16,14.9,5,1
61,1.75,60.7,19.82,Female,moderate,95,1951,364.2,8.6,3.05,Cardio,180,152,75,1.25,27.6,5,3
47,1.57,91.1,36.96,Female,low,133,7978,554.0,5.0,1.99,Strength,176,139,79,1.78,27.6,1,3
34,1.88,60.9,17.23,Male,high,160,11711,480.2,5.6,3.45,None,163,112,84,1.38,11.1,4,1
27,1.79,83.1,25.94,Male,moderate,170,9292,651.1,6.8,2.5,Strength,166,138,66,0.95,20.7,6,2
52,1.56,75.5,31.02,Female,low,157,11749,369.4,4.4,1.04,Strength,191,150,56,1.31,21.9,3,1
37,1.85,62.4,18.23,Male,moderate,167,6270,587.2,6.1,3.04,Yoga,156,126,69,1.44,30.4,5,1
35,1.85,66.9,19.55,Male,high,85,4349,718.3,5.6,2.72,Strength,156,154,72,1.83,25.6,2,1
62,1.77,77.1,24.61,Male,high,123,13097,685.1,8.3,1.64,None,192,158,70,0.85,11.6,4,2
61,1.55,71.0,29.55,Male,low,70,11764,784.0,8.0,1.67,Strength,164,106,75,1.34,21.2,3,1
44,1.68,73.6,26.08,Female,moderate,176,3824,869.3,8.6,2.23,Strength,149,101,66,1.88,17.5,2,1
53,1.53,100.2,42.8,Female,moderate,79,13694,797.8,5.4,2.67,None,134,135,72,0.57,14.3,5,2
40,1.74,57.6,19.02,Female,moderate,111,1280,856.7,8.1,3.25,Cardio,195,136,68,0.79,16.9,4,1
49,1.95,92.1,24.22,Male,moderate,92,10173,212.3,8.1,1.42,Cardio,146,77,80,1.02,31.0,4,1
27,1.5,95.9,42.62,Male,low,175,14672,640.3,4.6,1.42,None,166,155,75,1.52,25.5,6,1
28,1.63,105.2,39.6,Male,low,65,12438,387.4,6.5,2.74,Cardio,166,152,66,1.76,20.9,5,2
55,1.9,108.5,30.06,Male,low,61,12322,766.3,8.9,1.79,Strength,150,158,59,0.8,28.0,4,1
23,1.5,56.9,25.29,Female,moderate,170,10313,773.3,8.2,1.57,Yoga,196,105,77,0.87,34.2,5,2
58,1.51,55.4,24.3,Male,low,171,9915,233.4,7.3,2.72,None,134,138,58,1.73,33.2,4,2
64,1.81,91.1,27.81,Male,moderate,132,3344,616.9,6.6,1.15,Strength,173,116,72,0.72,12.4,5,3
51,1.89,101.8,28.5,Female,moderate,155,8056,795.6,7.5,2.33,Yoga,188,132,78,0.89,18.3,4,1
53,1.89,65.4,18.31,Female,moderate,175,11663,611.2,8.0,2.6,Strength,161,117,84,1.6,17.8,1,1
54,1.89,84.4,23.63,Female,high,78,4099,497.9,6.5,1.96,None,181,106,71,0.75,23.8,1,3
34,1.68,102.9,36.46,Male,high,148,10213,253.7,7.7,1.31,Strength,144,104,70,1.74,12.3,6,3
57,1.94,102.6,27.26,Male,moderate,89,13840,711.2,4.8,1.86,None,131,157,64,1.24,33.0,3,1
57,1.51,94.0,41.23,Male,moderate,140,12854,252.2,6.0,2.08,Strength,128,135,71,1.17,29.6,3,1
29,1.66,50.9,18.47,Male,moderate,136,7477,618.5,4.3,1.4,Yoga,156,102,66,0.7,13.1,6,3
38,1.67,48.8,17.5,Male,high,84,9776,842.3,7.8,2.22,Yoga,128,119,66,1.52,16.4,6,1
57,1.58,74.1,29.68,Male,high,174,10221,493.4,5.1,1.85,Yoga,188,84,81,1.83,13.6,5,1
36,1.67,47.0,16.85,Female,moderate,73,10109,739.1,4.8,3.25,Cardio,174,90,82,1.54,21.9,6,1
20,1.79,112.8,35.2,Male,high,141,6120,759.9,6.2,1.16,Strength,165,105,77,0.98,32.3,6,3
35,1.76,46.5,15.01,Female,low,75,3533,207.2,6.7,2.67,Strength,190,84,58,1.55,26.1,6,3
36,1.66,47.2,17.13,Female,low,67,3783,840.5,4.8,2.8,Yoga,160,148,57,1.26,25.1,1,2
64,1.87,57.4,16.41,Female,moderate,166,10983,332.1,5.8,2.52,None,126,86,55,1.78,11.9,3,2
23,1.86,92.0,26.59,Male,low,144,8512,397.9,6.9,2.3,Cardio,124,102,66,1.19,32.7,5,1
33,1.64,85.6,31.83,Male,low,74,4610,809.5,4.5,1.29,Strength,171,92,83,0.86,17.0,4,1
25,1.66,94.5,34.29,Female,high,124,3958,680.6,5.6,2.52,Strength,194,126,62,0.65,32.5,1,2
35,1.64,112.0,41.64,Male,low,138,4168,460.3,5.3,2.42,Cardio,156,102,62,0.92,21.4,6,2
60,1.56,79.1,32.5,Male,moderate,76,6163,261.5,7.6,3.28,Cardio,179,102,66,1.35,23.2,5,2
56,1.88,48.3,13.67,Female,high,97,14214,470.4,4.8,3.18,Yoga,155,138,58,0.76,25.1,6,1
29,1.52,102.3,44.28,Male,moderate,149,7980,876.4,6.5,1.05,Cardio,120,88,70,0.56,17.2,5,1
62,1.58,105.9,42.42,Male,low,73,11939,273.2,5.6,3.46,Yoga,120,82,56,1.17,30.9,2,2
27,1.55,48.7,20.27,Male,low,107,13022,792.3,7.6,2.41,Cardio,197,77,58,1.02,34.0,6,3
24,1.91,63.2,17.32,Male,moderate,156,13017,427.7,8.8,3.29,Cardio,179,148,77,1.13,17.1,3,2
63,1.52,102.8,44.49,Female,moderate,101,5715,658.2,8.3,1.37,Strength,160,83,58,1.18,10.0,5,3
18,1.83,73.2,21.86,Female,low,174,10952,642.1,6.6,2.74,Yoga,184,121,83,1.65,23.1,5,3
53,1.52,80.4,34.8,Male,moderate,74,14355,427.9,8.3,2.15,Cardio,127,137,65,1.94,24.8,3,1
38,1.89,106.7,29.87,Male,low,147,2486,238.0,7.5,1.34,Cardio,160,114,81,0.89,11.6,2,3
54,1.96,52.1,13.56,Male,low,80,12703,304.2,5.0,1.06,Strength,166,151,57,1.91,26.8,3,3
41,1.74,95.8,31.64,Female,moderate,77,1702,596.1,7.5,1.54,None,155,98,64,0.84,17.3,2,2
42,1.9,61.1,16.93,Male,moderate,130,6020,864.2,6.9,1.04,Strength,123,145,66,1.63,34.0,2,2
24,1.85,49.7,14.52,Male,low,116,9547,848.0,5.0,2.49,Yoga,161,87,71,1.52,29.5,1,3
59,1.9,94.7,26.23,Female,moderate,141,13557,279.4,8.9,1.76,None,121,80,63,0.58,11.8,1,2
34,1.88,54.1,15.31,Male,low,141,11972,812.7,8.1,3.38,Cardio,166,148,75,1.59,33.9,5,2
46,1.6,101.0,39.45,Female,high,60,5870,363.7,7.8,2.58,Yoga,139,125,56,1.85,15.7,5,2
47,1.75,60.2,19.66,Male,low,146,1258,836.9,8.9,2.91,None,149,134,76,1.9,30.0,5,2
24,1.98,48.6,12.4,Female,low,130,5788,730.9,8.9,2.08,Yoga,149,149,72,1.53,26.1,1,3
50,1.67,52.4,18.79,Male,moderate,123,9150,872.9,6.4,1.67,Strength,120,103,66,1.68,23.4,1,3
24,1.99,108.1,27.3,Male,low,79,3046,509.2,6.5,2.92,None,177,90,60,0.61,33.3,6,3
41,1.79,72.8,22.72,Female,low,119,8907,712.1,8.2,2.17,None,186,158,79,0.74,25.1,3,3
28,1.73,67.7,22.62,Female,low,91,2944,714.7,7.2,3.5,None,142,138,72,0.89,31.5,5,3
26,1.83,81.8,24.43,Female,moderate,64,1031,547.3,4.4,2.48,Cardio,164,159,67,1.3,30.7,3,1
29,1.91,92.5,25.36,Female,high,103,9697,882.2,7.5,3.11,Strength,141,129,69,1.08,26.8,3,2
52,1.7,47.8,16.54,Female,low,81,1364,370.6,6.4,1.72,None,168,103,55,1.49,22.3,1,1
21,1.52,112.4,48.65,Male,moderate,91,14110,890.3,4.3,2.07,Yoga,167,152,77,1.17,12.5,6,3
53,1.85,116.9,34.16,Female,moderate,101,5367,768.5,8.6,1.6,Cardio,182,129,62,1.66,13.8,3,2
45,1.98,76.3,19.46,Female,moderate,130,2995,631.3,5.2,2.94,Strength,167,134,72,1.57,23.3,1,3
30,1.81,75.9,23.17,Female,low,130,4271,252.9,8.8,2.89,Strength,163,115,74,1.62,18.3,6,1
40,1.59,110.9,43.87,Female,moderate,110,1553,381.6,6.5,2.48,Strength,170,154,78,1.74,15.2,1,3
36,1.62,77.2,29.42,Male,low,80,10857,788.9,7.2,2.83,Strength,181,83,66,1.75,34.2,1,2
59,1.95,109.2,28.72,Male,high,103,2541,709.7,5.3,1.9,Cardio,198,80,84,1.67,31.5,4,3
54,1.51,47.1,20.66,Male,high,132,3659,873.9,8.9,3.2,Strength,160,103,74,0.6,20.8,1,3
56,1.77,81.7,26.08,Male,low,103,14428,477.8,4.2,3.31,Yoga,199,92,66,1.43,31.8,5,2
41,1.58,116.4,46.63,Male,low,113,12545,826.1,8.3,2.66,Yoga,146,98,79,0.53,11.5,2,1
33,1.64,64.0,23.8,Female,low,118,12587,803.3,4.3,1.93,Yoga,176,125,55,1.62,12.5,3,1
50,1.65,65.0,23.88,Male,low,169,1297,876.3,8.5,3.1,None,161,91,64,0.59,33.7,5,2
29,1.61,92.3,35.61,Male,low,103,5913,390.7,8.5,3.45,Strength,131,95,83,1.97,27.2,1,2
51,1.9,114.5,31.72,Female,low,118,2953,546.2,5.8,2.45,Yoga,179,157,77,1.42,29.1,5,1
24,1.67,59.9,21.48,Female,low,170,10336,256.7,7.0,2.65,Strength,183,136,73,0.77,30.8,5,2
28,1.67,114.1,40.91,Male,moderate,74,4134,613.6,8.3,3.13,Cardio,123,149,81,1.2,11.3,5,1
48,1.73,94.7,31.64,Male,moderate,108,9163,712.6,5.6,2.68,Yoga,158,128,82,1.74,27.9,4,3
46,1.95,119.5,31.43,Female,low,85,8678,366.6,4.6,1.49,None,138,85,80,0.77,18.9,6,1
30,1.84,100.2,29.6,Male,low,131,2539,318.8,8.6,2.06,None,181,117,81,1.31,30.5,2,2
48,1.53,95.1,40.63,Female,moderate,61,7432,647.7,4.4,2.53,Cardio,164,157,81,0.51,19.7,4,3
19,1.52,106.1,45.92,Female,moderate,132,8004,475.2,4.7,2.16,Yoga,180,82,73,1.68,29.2,1,2
56,1.78,58.1,18.34,Male,low,159,14365,498.6,4.9,2.7,Cardio,150,97,65,0.79,32.5,6,1
32,1.94,115.9,30.79,Male,moderate,141,11727,529.8,7.1,1.7,None,168,127,77,1.08,18.5,5,3
28,1.66,57.4,20.83,Male,moderate,83,11009,558.0,5.6,1.4,None,150,114,76,1.3,21.7,2,1
51,1.62,46.9,17.87,Female,moderate,62,14933,336.9,6.8,1.07,Strength,161,83,57,0.72,23.4,5,3
56,1.87,97.3,27.82,Female,low,104,11056,604.4,7.9,1.1,Cardio,167,98,84,1.89,27.2,1,2
21,1.8,58.8,18.15,Male,high,80,14658,248.4,7.0,1.89,None,139,150,68,1.2,31.1,3,1
28,1.78,101.9,32.16,Male,low,111,1198,279.5,8.6,1.05,Yoga,139,150,72,0.85,15.3,3,3
46,1.57,104.6,42.44,Male,low,70,8903,698.1,4.5,1.68,Yoga,135,76,81,1.6,33.6,2,3
19,1.59,62.8,24.84,Female,low,124,4024,712.0,8.6,2.28,None,176,144,81,1.84,29.6,5,3
33,1.64,51.5,19.15,Female,high,135,2089,386.4,6.4,2.86,Cardio,138,78,60,1.87,13.5,5,1
56,1.6,82.6,32.27,Female,low,103,2473,329.3,4.3,2.47,Cardio,132,135,80,1.15,18.4,5,2
30,1.99,111.8,28.23,Male,high,172,1283,237.8,8.4,2.34,Yoga,139,151,77,1.04,16.3,3,2
54,1.51,108.5,47.59,Female,low,65,1482,493.2,4.6,1.61,None,195,138,63,1.89,14.0,6,3
34,1.81,53.8,16.42,Female,low,130,9658,556.3,7.4,1.04,Yoga,168,110,79,0.58,26.1,4,2
38,1.76,117.4,37.9,Male,high,127,7259,829.6,5.4,1.32,Cardio,145,115,63,1.63,11.6,3,1
61,1.66,64.8,23.52,Female,low,169,4606,201.7,4.5,3.45,None,154,112,81,0.77,25.0,5,2
36,1.94,71.2,18.92,Male,low,67,10091,484.1,8.2,3.32,Yoga,160,156,80,1.2,30.7,3,2
24,1.84,56.2,16.6,Female,low,82,1217,493.5,6.1,1.78,None,129,89,71,1.93,19.0,4,1
55,2.0,73.3,18.32,Male,low,173,7990,820.6,7.1,1.8,Strength,195,122,58,1.37,22.2,3,1
25,1.58,92.7,37.13,Male,moderate,112,2450,337.2,7.5,3.23,Yoga,143,104,58,1.29,13.6,4,2
30,1.54,83.0,35.0,Female,moderate,163,6000,246.3,6.8,1.2,Yoga,192,137,80,0.59,28.0,3,2
54,1.57,107.1,43.45,Male,high,121,3145,467.1,7.9,1.43,Strength,188,99,78,0.92,32.7,1,2
19,1.63,93.1,35.04,Female,high,110,14088,628.6,6.5,1.29,Cardio,150,78,73,0.5,28.3,3,3
58,1.71,64.8,22.16,Male,moderate,179,3246,800.7,6.1,3.18,Yoga,173,92,70,1.81,13.1,1,1
28,1.93,86.8,23.3,Male,low,73,8345,388.3,7.8,1.02,Yoga,177,119,84,1.47,18.6,6,3
41,1.64,49.8,18.52,Male,low,114,1551,375.9,5.0,1.04,Cardio,179,158,71,0.68,14.3,4,3
23,1.96,88.6,23.06,Female,low,160,10140,428.2,8.7,3.03,None,130,159,57,1.05,24.7,1,3
43,1.73,74.2,24.79,Male,low,92,8248,282.8,5.5,2.59,Strength,192,139,76,1.72,28.1,4,3
24,1.82,52.4,15.82,Male,high,169,6029,884.1,4.2,2.41,Cardio,159,147,61,0.71,34.4,2,2
56,1.63,68.1,25.63,Female,moderate,64,2826,578.4,6.7,3.31,None,174,139,79,0.85,22.6,2,1
36,1.58,112.4,45.02,Male,moderate,179,8555,390.6,5.5,2.21,Strength,166,101,59,1.31,25.9,4,2
23,1.93,89.0,23.89,Male,low,65,3895,453.2,4.8,2.17,None,180,153,75,0.72,12.7,3,1
60,1.55,112.7,46.91,Male,moderate,169,5666,806.2,7.9,2.05,Yoga,199,134,57,1.07,13.9,1,3
46,1.89,75.8,21.22,Male,low,104,10393,671.6,7.0,2.63,Strength,193,133,66,1.97,15.8,5,1
60,1.79,118.4,36.95,Female,low,168,9639,587.2,7.0,1.81,None,153,99,73,1.32,11.4,3,1
56,1.93,72.0,19.33,Male,low,146,11215,707.4,6.6,2.67,Strength,181,108,63,1.55,20.2,1,1
19,1.86,101.8,29.43,Male,high,74,14151,729.1,7.2,2.76,None,198,124,57,1.49,33.8,4,1
36,1.64,67.9,25.25,Female,moderate,170,3647,335.9,8.6,1.53,None,164,129,57,0.82,26.3,4,2
21,1.79,52.9,16.51,Male,low,157,5755,311.1,5.7,2.49,Yoga,124,84,70,1.77,20.9,4,3
23,1.51,107.5,47.15,Male,high,120,7407,876.7,7.2,2.82,Cardio,170,132,79,0.68,22.3,3,2
54,1.74,102.2,33.76,Female,low,112,11790,330.0,7.9,3.4,Strength,177,77,74,1.88,13.7,3,3
45,1.54,106.5,44.91,Female,moderate,112,5725,525.3,5.0,3.35,Yoga,122,130,67,0.82,12.4,1,2
47,1.71,67.5,23.08,Female,high,116,13482,887.9,7.7,1.51,Strength,142,101,60,1.93,16.5,6,2
24,1.55,97.8,40.71,Female,low,126,11311,492.0,5.9,2.44,Cardio,129,90,55,1.7,17.7,2,2
26,1.98,61.5,15.69,Male,high,153,9417,560.4,8.2,2.17,Yoga,166,112,65,0.76,13.1,4,1
42,1.76,45.8,14.79,Female,high,139,12789,758.9,5.5,1.87,Cardio,151,127,72,0.74,27.3,6,1
50,1.96,110.0,28.63,Male,low,73,10620,438.3,7.5,1.86,Yoga,167,142,81,0.63,33.1,3,1
18,1.51,84.3,36.97,Female,high,80,14220,501.7,6.6,3.43,Yoga,146,97,84,0.87,14.4,5,1
23,1.82,118.8,35.87,Male,moderate,125,5249,432.5,7.7,1.09,Yoga,155,157,57,1.49,31.0,2,2
35,1.65,73.9,27.14,Female,high,108,13114,401.2,8.1,3.13,Yoga,173,130,72,1.28,17.5,1,2
27,1.72,116.8,39.48,Female,high,79,7258,530.3,4.6,2.13,None,139,153,84,1.42,25.2,6,3
45,1.94,91.1,24.21,Male,moderate,77,12472,722.1,5.3,2.42,Strength,122,149,65,0.55,12.2,6,1
28,1.99,83.4,21.06,Female,moderate,164,13191,807.1,5.3,2.85,None,188,127,80,0.62,16.0,4,1
50,1.62,67.7,25.8,Female,low,111,1002,529.1,4.2,2.14,None,122,148,69,1.54,14.0,2,1
18,1.97,106.9,27.55,Female,moderate,142,5171,424.7,8.8,3.47,None,159,146,57,1.77,14.0,5,1
30,1.84,107.2,31.66,Male,high,76,10019,838.1,6.8,3.17,Yoga,179,141,66,1.04,33.3,6,1
54,1.98,76.3,19.46,Female,moderate,137,7031,435.1,5.1,1.53,Yoga,189,93,84,0.75,19.1,3,1
37,1.78,99.5,31.4,Female,low,72,1716,742.5,6.8,2.68,Cardio,198,78,75,0.96,14.9,2,2
18,1.98,78.5,20.02,Male,high,86,4352,724.0,8.1,2.19,Strength,189,103,66,1.12,14.3,6,1
20,1.95,100.5,26.43,Male,high,65,14021,234.8,4.8,1.9,Cardio,142,119,71,1.45,26.8,6,1
35,1.56,119.6,49.15,Female,high,94,6055,324.3,7.2,1.88,Cardio,179,95,55,1.11,28.0,3,2
58,1.66,64.7,23.48,Male,high,158,8078,601.0,4.7,1.41,Strength,149,128,65,1.85,34.5,3,3
31,1.62,92.6,35.28,Male,low,77,13108,807.3,8.3,2.14,Strength,158,147,77,1.1,25.7,6,2
48,1.79,73.5,22.94,Male,high,93,5575,615.8,5.2,2.49,Cardio,159,126,79,0.77,21.5,6,1
44,1.9,86.1,23.85,Female,high,95,3223,719.9,7.0,3.0,Cardio,167,92,69,0.87,15.6,3,2
34,1.88,110.6,31.29,Female,moderate,81,5675,714.1,4.1,1.72,Cardio,164,157,63,1.2,11.0,6,1
63,1.86,71.1,20.55,Male,low,167,13335,546.1,4.0,2.93,Yoga,156,91,61,1.67,32.0,3,2
46,1.69,50.4,17.65,Female,low,127,3803,592.6,7.4,2.38,Strength,141,118,65,1.8,29.7,5,3
53,1.57,104.9,42.56,Male,moderate,122,1741,249.9,4.3,1.65,Strength,171,98,81,0.78,29.9,3,1
54,1.61,86.6,33.41,Female,low,173,9154,849.4,5.1,2.97,None,121,80,83,0.51,18.1,4,2
43,1.87,78.7,22.51,Male,moderate,100,3420,672.0,8.7,2.51,Yoga,133,101,72,1.8,18.9,5,2
34,1.57,58.7,23.81,Female,moderate,152,2097,308.1,7.2,3.39,Yoga,137,121,81,0.84,29.6,5,2
39,1.61,52.0,20.06,Male,low,115,10148,370.8,5.3,1.72,Strength,169,120,77,1.73,27.2,1,1
42,1.71,65.9,22.54,Female,high,91,4251,203.3,7.4,3.43,Yoga,134,109,83,1.33,26.2,3,2
19,1.54,98.9,41.7,Female,moderate,136,11323,384.8,9.0,2.39,Cardio,156,131,82,1.11,23.9,2,1
39,1.61,75.9,29.28,Male,high,147,11230,421.6,6.2,2.14,Strength,121,86,79,0.72,19.2,5,1
22,1.57,87.8,35.62,Female,moderate,75,14799,678.2,6.5,3.19,Strength,193,103,61,1.51,28.5,1,3
21,1.98,51.2,13.06,Female,moderate,124,13647,533.7,6.7,1.39,Yoga,188,131,72,1.73,19.0,2,3
53,1.6,54.2,21.17,Female,moderate,149,7966,789.9,4.8,2.15,Strength,151,144,69,1.19,28.4,6,2
23,1.93,45.8,12.3,Female,high,75,10603,260.8,6.7,1.31,Yoga,185,129,70,1.17,14.8,2,1
38,1.56,95.5,39.24,Female,low,104,8753,694.9,7.2,2.53,Yoga,176,111,69,1.63,24.8,5,2
30,1.93,64.8,17.4,Female,low,174,3496,812.4,6.4,1.11,Yoga,180,145,77,1.25,18.9,6,1
54,1.8,117.5,36.27,Female,low,107,2858,494.9,6.3,3.45,Cardio,124,144,84,1.68,30.7,2,1
42,1.92,68.1,18.47,Female,high,102,5564,402.1,5.1,1.02,Yoga,137,127,58,0.58,23.0,6,2
43,1.93,72.3,19.41,Male,low,151,11919,511.9,6.9,3.33,Yoga,167,157,78,1.79,25.6,6,1
56,1.8,80.2,24.75,Female,high,79,12146,752.2,6.7,2.61,None,159,88,57,0.89,12.1,3,2
37,1.96,68.9,17.94,Male,high,91,1353,843.3,8.6,3.06,None,187,95,82,0.75,22.4,3,1
50,1.79,106.3,33.18,Female,moderate,130,12876,245.9,5.8,1.9,Cardio,175,152,68,0.55,29.5,2,2
31,1.86,110.7,32.0,Male,high,129,12461,570.0,7.5,1.61,Cardio,123,88,75,1.75,31.5,3,2
53,1.71,45.8,15.66,Female,moderate,78,13051,647.8,7.9,1.43,Yoga,136,127,57,0.59,28.0,3,3
34,1.96,94.1,24.5,Male,moderate,67,1275,212.2,8.0,2.33,None,171,141,77,1.93,20.5,6,3
38,1.91,96.5,26.45,Male,moderate,140,13901,326.9,6.8,1.67,Cardio,182,153,70,1.35,16.4,6,1
63,1.58,117.1,46.91,Female,high,142,14223,243.8,7.1,3.2,Strength,161,159,69,1.55,19.7,5,2
33,1.79,72.8,22.72,Male,high,169,4695,403.3,8.0,1.07,Strength,152,122,73,1.59,24.0,1,2
63,1.95,59.6,15.67,Female,high,108,10121,343.8,4.1,1.21,Yoga,137,152,64,0.94,10.1,2,2
33,1.9,84.0,23.27,Female,moderate,78,1006,540.8,5.1,1.54,None,146,130,75,1.71,32.8,3,2
37,1.98,78.6,20.05,Male,low,68,6806,658.7,6.6,1.21,Strength,198,113,71,1.92,18.6,4,2
46,1.62,104.4,39.78,Female,moderate,93,1303,789.6,7.7,3.07,None,180,115,58,1.05,29.9,1,1
45,1.68,112.8,39.97,Male,moderate,93,9220,413.0,4.9,1.01,Cardio,144,122,76,1.75,23.4,4,3
25,1.75,51.5,16.82,Male,low,157,1046,235.3,8.3,2.63,None,180,102,72,1.66,26.6,2,2
41,1.62,108.5,41.34,Female,high,125,9193,202.7,6.6,2.14,Yoga,129,76,76,1.38,29.0,6,2
20,1.7,113.2,39.17,Female,moderate,76,6763,791.2,5.9,2.93,None,199,96,64,1.05,17.2,5,2
42,1.77,114.3,36.48,Female,low,172,4920,814.7,4.8,2.03,Strength,123,145,77,1.12,25.2,5,1
36,1.6,102.3,39.96,Female,low,69,1182,270.7,6.8,2.61,None,150,135,70,0.96,28.8,1,3
50,1.63,100.7,37.9,Female,low,163,3964,207.1,7.9,2.6,None,151,154,78,1.14,29.3,2,3
19,1.56,46.1,18.94,Male,high,127,7210,760.2,5.6,1.91,None,143,110,57,1.98,20.4,3,2
32,1.86,114.0,32.95,Male,high,123,13024,648.5,6.5,1.29,Cardio,178,140,66,1.05,28.2,2,1
39,1.68,71.4,25.3,Female,low,82,2832,589.3,4.9,2.08,Yoga,137,155,80,1.5,17.5,5,3
27,1.61,48.1,18.56,Female,low,146,4249,573.2,5.3,3.19,Strength,194,123,81,0.98,13.1,4,3
35,1.75,76.0,24.82,Female,high,132,11393,741.6,7.5,2.99,Strength,191,77,73,1.2,12.8,3,1
39,1.53,100.0,42.72,Male,high,169,6354,405.3,8.8,1.93,None,184,97,75,0.63,22.6,4,3
63,1.96,78.1,20.33,Male,moderate,67,6396,472.4,7.1,3.17,None,121,133,57,1.64,19.6,4,1
44,1.65,101.9,37.43,Male,high,105,6395,254.5,7.2,2.1,Cardio,140,102,63,1.49,15.8,4,3
30,1.94,83.2,22.11,Female,high,98,11803,596.3,8.4,1.49,Yoga,161,146,61,1.02,19.8,3,1
50,1.75,67.5,22.04,Female,high,77,10774,872.6,4.9,3.16,Strength,144,107,70,1.29,20.3,6,2
22,1.93,60.2,16.16,Male,high,152,3801,398.7,8.1,2.23,Yoga,172,142,75,1.81,23.8,5,3
43,1.62,76.6,29.19,Female,moderate,127,14531,850.5,8.3,2.08,Strength,128,145,75,0.57,11.4,5,3
30,1.59,47.7,18.87,Female,moderate,76,4782,710.4,7.5,1.59,None,161,85,55,1.9,32.7,1,3
44,1.92,76.7,20.81,Male,low,97,4990,363.7,4.2,2.91,Cardio,147,82,79,1.21,19.3,4,1
31,1.61,50.1,19.33,Male,low,129,6904,664.0,8.6,2.38,Cardio,156,94,84,1.79,25.4,4,3
41,1.87,110.8,31.69,Female,moderate,146,14726,456.4,7.0,1.52,None,180,136,69,1.79,17.7,1,3
20,1.67,88.2,31.63,Male,high,67,1680,285.6,5.1,1.65,None,178,117,56,0.59,29.0,3,1
64,1.87,93.5,26.74,Female,low,115,1740,264.9,6.4,1.96,None,151,149,70,1.67,21.5,1,3
47,1.95,66.7,17.54,Male,moderate,119,1391,212.1,6.8,2.34,Yoga,160,144,61,1.6,18.0,2,3
52,1.99,61.9,15.63,Male,moderate,163,9830,758.5,4.4,3.01,None,194,81,68,0.56,34.1,6,1
31,1.68,98.1,34.76,Female,low,110,5812,819.4,7.0,1.52,Yoga,143,84,77,1.91,31.6,3,1
29,1.68,95.4,33.8,Female,low,71,8830,537.8,7.1,2.85,None,184,114,56,1.45,14.5,2,1
45,1.99,54.2,13.69,Male,low,140,10806,563.9,8.0,3.29,Cardio,199,78,78,0.75,27.5,2,3
61,1.93,62.9,16.89,Female,low,168,2399,684.1,8.6,1.99,Yoga,129,147,84,0.68,28.9,6,2
46,1.52,116.0,50.21,Male,low,74,4416,690.6,6.3,1.91,Cardio,169,93,78,1.34,10.9,6,1
60,1.79,67.8,21.16,Female,low,63,10812,426.9,5.4,2.19,None,182,112,79,0.59,34.0,4,3
34,1.59,46.9,18.55,Male,moderate,103,11139,311.4,7.4,3.04,None,184,96,72,0.75,15.8,3,2
57,2.0,49.8,12.45,Male,high,76,9774,501.3,4.7,1.23,Strength,177,75,55,1.92,32.7,6,2
38,1.57,103.2,41.87,Male,low,86,2202,687.9,4.5,1.97,Yoga,195,127,70,1.62,26.4,6,1
40,1.78,101.8,32.13,Female,high,170,6720,762.9,7.9,1.07,Yoga,165,95,63,1.42,22.8,1,1
37,1.83,73.6,21.98,Male,moderate,106,13669,262.4,8.3,2.29,Yoga,147,81,84,0.81,29.6,6,1
28,1.97,56.5,14.56,Male,low,143,8220,611.8,8.1,3.36,Yoga,199,81,57,0.83,26.9,5,1
51,1.92,82.4,22.35,Male,high,94,2704,237.9,8.4,1.4,Cardio,178,151,80,1.17,28.5,4,1
27,1.62,69.9,26.63,Male,high,88,3202,777.3,5.4,1.64,Yoga,123,97,67,1.63,31.4,6,3
27,1.79,73.0,22.78,Female,low,72,6201,666.8,7.1,2.75,Cardio,160,134,83,0.51,21.8,6,3
60,1.98,64.6,16.48,Female,moderate,83,6550,687.6,7.1,2.73,None,179,92,56,0.57,20.6,5,1
23,1.87,49.7,14.21,Male,high,77,5061,733.2,4.2,2.49,Cardio,181,145,80,1.81,32.5,4,3
53,1.84,104.3,30.81,Male,low,158,13527,546.9,4.1,1.6,Yoga,130,140,72,1.72,29.9,2,1
41,1.88,91.4,25.86,Female,low,150,4214,409.2,8.4,1.17,Cardio,139,127,56,1.54,10.5,5,1
29,1.66,107.6,39.05,Male,high,167,5085,750.0,4.1,1.56,Yoga,126,93,62,1.25,26.3,3,2
60,1.86,82.7,23.9,Female,low,121,3159,744.2,7.6,2.6,Cardio,181,138,57,0.72,32.6,3,1
40,1.62,118.9,45.31,Male,low,169,9142,294.5,6.1,1.74,Strength,126,88,71,0.65,27.1,3,2
44,1.71,117.2,40.08,Female,high,73,4331,831.9,4.2,3.1,Yoga,183,99,78,1.86,23.8,3,3
62,1.94,65.4,17.38,Male,high,74,3211,354.8,8.3,2.54,Cardio,177,107,56,1.07,14.4,6,1
54,1.51,74.0,32.45,Female,moderate,123,8173,414.5,5.9,1.12,Yoga,123,122,60,1.54,33.8,4,2
23,1.71,101.5,34.71,Female,high,84,8317,351.1,7.7,1.22,None,191,113,62,1.18,25.7,3,2
18,1.63,103.2,38.84,Female,high,68,12715,875.9,6.5,1.7,Cardio,133,158,80,1.6,12.5,5,3
23,1.6,113.3,44.26,Male,moderate,88,4643,409.6,8.3,2.43,Cardio,142,79,79,0.79,33.2,2,2
39,1.92,93.9,25.47,Female,moderate,161,7870,880.0,6.5,3.34,Strength,155,95,71,1.23,22.9,5,1
58,1.85,80.6,23.55,Female,high,142,14849,646.6,7.8,1.26,Yoga,143,133,79,1.07,13.9,1,1
41,1.56,73.3,30.12,Male,high,72,9202,323.6,7.0,3.08,Cardio,140,151,78,0.87,15.7,6,2
42,1.75,76.4,24.95,Male,moderate,134,1980,587.7,7.9,2.43,Strength,182,88,60,1.4,34.2,1,1
32,1.73,108.8,36.35,Male,high,134,12866,817.6,4.5,1.91,Strength,166,137,66,1.31,20.9,3,1
43,1.57,118.5,48.07,Male,moderate,139,8729,593.2,5.8,2.61,Strength,188,128,75,1.24,20.5,6,2
25,1.9,48.9,13.55,Female,moderate,176,4827,292.8,5.8,2.96,Yoga,134,154,70,1.39,22.2,3,3
41,1.68,88.5,31.36,Male,moderate,75,8815,400.9,4.6,1.9,Yoga,150,119,60,0.71,27.5,3,3
55,1.88,84.0,23.77,Male,moderate,86,8596,357.4,8.5,3.3,Cardio,123,124,56,1.06,19.1,1,1
23,1.6,73.2,28.59,Male,low,167,12642,288.1,5.3,2.38,Yoga,123,115,81,0.99,20.5,5,2
52,1.66,108.9,39.52,Male,low,65,14894,429.1,7.9,1.39,Yoga,163,75,57,1.65,28.7,3,1
59,1.55,88.2,36.71,Male,low,134,10180,662.7,6.4,2.37,None,180,76,63,0.55,21.5,4,1
18,1.57,68.5,27.79,Male,moderate,69,12180,467.8,8.4,2.91,Yoga,182,146,73,0.92,27.8,1,2
63,1.94,78.3,20.8,Male,moderate,94,6336,510.7,7.6,2.47,None,145,87,83,1.88,34.1,5,3
53,1.55,71.8,29.89,Female,moderate,172,10968,424.5,7.8,2.46,Cardio,169,93,64,0.95,34.1,1,1
29,1.55,77.3,32.17,Female,low,85,11085,896.1,6.4,1.07,Strength,152,125,77,0.73,21.2,4,3
55,1.97,50.3,12.96,Female,low,83,6519,610.3,5.9,2.16,None,123,76,81,1.64,15.9,4,1
28,1.82,53.4,16.12,Female,low,114,3477,783.7,6.3,1.91,Cardio,176,84,83,0.57,16.3,5,2
29,1.55,91.8,38.21,Female,low,110,5226,508.9,6.4,1.11,None,181,143,67,1.14,30.5,2,2
59,1.99,96.3,24.32,Male,low,120,4899,318.0,4.3,2.7,Yoga,153,104,74,1.78,12.0,3,3
56,1.57,92.7,37.61,Male,high,152,7954,792.8,4.5,1.46,Cardio,153,139,82,1.93,11.0,6,1
24,1.88,102.2,28.92,Male,low,69,12424,734.4,5.4,1.87,Strength,121,118,81,0.87,27.0,6,2
28,1.52,115.8,50.12,Male,low,107,11310,430.9,6.1,2.44,None,162,116,67,0.94,32.8,4,1
53,1.81,109.5,33.42,Female,high,82,6361,624.5,4.3,2.1,Yoga,191,77,79,1.35,15.8,2,1
48,1.77,76.4,24.39,Female,low,151,13907,265.4,6.4,2.75,Cardio,168,104,82,0.84,11.4,3,3
50,1.6,61.3,23.95,Male,moderate,102,4943,218.4,6.9,3.11,Yoga,140,111,83,0.73,32.4,2,1
30,1.82,68.4,20.65,Male,low,159,4967,771.0,8.8,1.42,Cardio,131,102,74,1.14,18.9,4,1
35,1.81,89.1,27.2,Female,high,98,10338,859.3,4.5,1.7,None,155,125,80,0.61,23.7,5,3
58,1.9,109.2,30.25,Female,low,68,4598,440.8,8.0,1.46,Cardio,120,159,69,1.84,30.9,4,2
41,1.94,97.6,25.93,Female,low,141,14767,618.3,7.7,2.25,None,161,87,67,1.0,16.3,6,1
26,1.76,85.7,27.67,Male,high,140,7424,702.1,7.7,1.2,Cardio,135,114,67,1.0,25.0,4,1
48,1.75,90.1,29.42,Male,moderate,85,5287,722.2,8.2,2.85,Yoga,168,100,84,1.69,34.8,3,2
58,1.81,84.6,25.82,Female,low,152,3761,536.7,8.8,1.32,Yoga,125,104,80,1.01,28.5,1,3
27,1.86,117.9,34.08,Female,moderate,81,11477,629.3,7.2,3.37,None,132,98,60,1.64,19.9,6,2
19,1.68,106.2,37.63,Male,low,63,13815,659.9,8.4,3.1,Strength,164,112,82,0.77,29.2,5,1
55,1.75,103.6,33.83,Male,moderate,167,13471,272.3,4.6,3.42,None,128,143,72,1.29,10.5,3,1
32,1.79,83.8,26.15,Male,high,103,12403,651.6,5.2,1.1,Yoga,147,90,61,1.65,15.4,4,3
20,1.99,69.9,17.65,Male,moderate,106,13632,557.6,5.9,1.51,Cardio,183,129,57,1.17,28.6,5,3
60,1.79,46.5,14.51,Female,low,76,7614,464.9,4.4,3.4,Strength,153,123,55,0.61,16.6,6,2
48,1.61,48.3,18.63,Female,moderate,78,1845,383.2,5.1,3.46,Yoga,151,154,66,1.61,13.2,1,3
23,1.79,47.3,14.76,Female,moderate,94,1135,646.5,8.9,1.7,Strength,184,126,77,1.24,17.3,6,2
20,1.91,118.5,32.48,Male,high,84,1089,316.7,7.7,2.5,None,171,123,59,0.97,14.3,5,2
28,1.93,53.6,14.39,Male,high,128,7593,767.6,7.6,1.52,Yoga,193,138,65,1.99,20.5,4,1
32,1.9,55.7,15.43,Male,low,121,8423,320.3,6.7,3.24,None,185,122,66,1.81,13.1,5,2
62,1.94,81.3,21.6,Female,moderate,126,5795,740.1,5.1,1.34,Yoga,123,148,77,0.56,30.9,4,2
45,1.67,81.1,29.08,Female,moderate,104,14843,772.2,4.6,2.72,Yoga,144,156,70,1.39,29.5,5,3
27,1.75,114.0,37.22,Female,moderate,143,8141,857.8,6.6,1.73,None,199,112,55,1.03,17.7,5,3
55,1.89,50.5,14.14,Male,moderate,76,12734,524.3,7.3,1.93,Yoga,182,91,75,0.56,23.0,6,1
64,1.63,116.8,43.96,Male,low,103,7004,244.6,6.8,2.37,Strength,159,115,72,0.52,31.4,6,1
24,1.69,61.2,21.43,Female,moderate,151,11829,674.4,6.3,2.07,Strength,188,128,55,1.38,33.2,5,1
32,1.92,117.8,31.96,Male,moderate,144,14113,397.8,4.1,2.31,None,175,114,76,0.98,12.3,1,2
35,1.89,85.6,23.96,Female,high,139,13517,264.9,7.0,2.7,Cardio,142,105,82,1.55,28.1,4,3
35,1.99,93.9,23.71,Female,high,123,5206,799.0,6.6,1.74,Strength,122,100,59,1.18,13.4,6,2
58,2.0,68.7,17.18,Female,moderate,150,6083,297.8,5.4,2.85,Yoga,184,150,58,1.65,10.5,6,1
41,1.62,90.9,34.64,Female,moderate,124,1379,554.5,8.0,2.04,None,170,92,55,1.72,12.0,4,3
19,1.95,98.3,25.85,Male,high,164,6555,752.0,7.5,1.05,Cardio,144,109,69,1.49,24.4,1,2
57,1.55,45.8,19.06,Male,high,131,2886,339.4,8.9,3.12,None,199,149,59,1.13,19.4,4,3
37,1.85,47.6,13.91,Male,high,165,7065,827.6,6.5,1.7,Strength,160,130,61,1.98,13.0,1,2
51,1.61,119.0,45.91,Male,high,75,9859,432.1,4.3,3.15,Yoga,124,104,71,0.96,21.9,5,1
60,1.65,79.3,29.13,Male,high,81,7753,477.5,8.6,2.86,Strength,183,119,74,1.27,22.7,1,2
43,1.97,115.2,29.68,Male,moderate,166,11733,292.0,6.3,2.02,None,125,149,60,1.28,29.7,2,2
24,1.63,99.7,37.52,Female,low,87,7337,651.1,9.0,2.63,Yoga,195,126,67,1.14,26.6,4,1
55,1.84,73.0,21.56,Male,low,150,8204,546.7,6.5,3.48,Cardio,165,142,78,0.68,21.6,6,1
47,1.59,56.3,22.27,Male,low,128,4166,881.9,6.1,1.77,Strength,142,129,77,1.03,18.1,1,2
59,1.55,118.4,49.28,Male,high,91,3111,688.8,4.4,2.13,None,157,84,69,0.82,10.1,5,2
22,1.67,88.8,31.84,Female,high,116,1463,731.3,4.6,1.37,Yoga,124,128,61,1.85,30.8,2,2
28,1.81,59.4,18.13,Male,moderate,71,13444,339.4,4.6,3.18,None,180,108,78,1.48,16.7,2,1
18,1.62,96.1,36.62,Female,low,86,2516,698.9,7.2,2.38,Cardio,121,137,83,0.93,15.3,1,1
51,1.65,51.9,19.06,Male,low,107,7071,590.2,6.7,1.25,Cardio,122,105,61,1.35,28.4,5,1
18,1.85,110.1,32.17,Male,moderate,78,2158,482.7,8.9,2.49,Strength,126,138,67,1.78,11.8,1,3
36,1.55,51.8,21.56,Male,moderate,105,5779,747.9,6.2,2.17,Cardio,195,124,58,1.9,16.6,5,3
19,1.72,62.7,21.19,Female,low,144,1364,885.0,4.8,1.77,Cardio,169,102,81,0.61,20.9,2,1
38,1.97,51.9,13.37,Female,high,104,13841,266.3,5.4,1.05,Strength,179,111,76,1.68,21.0,6,3
37,1.7,52.8,18.27,Male,high,147,14157,752.2,8.0,1.54,None,184,106,82,1.95,13.9,2,3
40,1.72,84.3,28.5,Male,low,103,11875,843.6,8.1,1.51,Strength,184,155,72,1.2,11.0,6,2
38,1.87,96.5,27.6,Male,low,63,4699,420.6,4.6,2.79,Strength,181,109,62,1.99,21.8,4,2
41,1.89,104.1,29.14,Female,moderate,61,12409,454.1,8.9,1.65,Yoga,173,131,73,1.94,18.9,5,2
21,1.88,97.1,27.47,Female,moderate,148,13332,756.3,5.8,3.45,Cardio,172,135,70,1.49,17.1,5,3
29,2.0,72.3,18.08,Male,high,77,3841,867.5,5.8,1.46,Cardio,128,159,74,1.77,16.8,4,3
39,1.54,86.8,36.6,Female,high,85,14944,857.2,5.4,3.23,None,120,106,72,0.94,22.6,5,2
37,1.99,114.6,28.94,Female,moderate,158,11764,238.9,7.8,1.91,Cardio,134,82,70,1.88,10.5,2,2
35,1.98,74.1,18.9,Female,moderate,166,1291,810.0,8.7,3.5,None,155,154,70,1.39,12.7,6,1
18,1.93,63.9,17.15,Female,moderate,127,11730,610.5,7.6,3.01,Yoga,129,109,79,1.26,18.1,1,3
47,1.73,83.9,28.03,Male,moderate,110,5161,494.8,4.5,2.51,None,169,97,56,1.75,22.0,6,2
50,1.94,67.3,17.88,Male,low,62,7126,791.9,7.9,3.08,None,150,112,68,1.83,27.3,4,2
41,1.61,64.6,24.92,Female,moderate,153,10760,760.3,7.9,3.24,Yoga,188,93,83,1.55,17.3,1,2
31,1.9,103.4,28.64,Female,moderate,66,1923,556.5,7.2,3.49,Strength,135,128,76,0.54,26.7,3,3
53,1.59,111.8,44.22,Female,moderate,108,9954,487.5,5.0,1.43,Yoga,198,119,73,1.4,19.7,5,2
22,1.91,82.7,22.67,Male,low,102,3389,530.7,6.5,2.46,Cardio,161,110,82,1.73,29.4,4,2
28,1.81,103.5,31.59,Male,moderate,136,14357,422.8,4.2,1.97,Cardio,145,123,70,1.32,22.0,3,2
41,1.55,59.0,24.56,Female,high,147,2942,676.4,5.3,1.96,Yoga,149,134,76,1.9,23.5,5,2
48,1.95,86.1,22.64,Female,moderate,63,12620,824.4,7.4,2.58,None,121,130,58,1.85,20.9,1,2
30,1.79,92.7,28.93,Female,moderate,132,2963,375.4,5.8,2.26,Yoga,186,147,67,1.29,13.3,6,1
33,1.83,81.8,24.43,Female,high,177,6030,777.9,4.8,3.03,Cardio,175,138,62,1.11,14.3,1,2
41,1.64,53.8,20.0,Male,low,77,2844,452.5,4.5,1.82,Yoga,143,136,57,0.58,20.0,4,1
30,1.94,100.1,26.6,Male,low,82,6982,292.3,7.8,2.32,None,186,133,78,1.45,12.5,1,3
41,1.77,107.9,34.44,Male,high,154,6270,228.3,5.4,3.41,Cardio,159,75,57,0.9,13.5,1,3
43,1.71,92.6,31.67,Male,moderate,88,12463,535.6,8.8,1.23,Strength,182,155,84,1.5,25.6,5,3
19,1.77,57.7,18.42,Male,moderate,146,10822,597.8,7.7,1.67,Yoga,188,151,59,1.7,25.8,6,3
33,1.85,50.6,14.78,Male,low,125,5560,204.2,5.8,1.25,Yoga,178,79,65,1.11,13.2,1,3
55,1.85,67.6,19.75,Female,low,96,14793,656.8,5.7,1.16,Yoga,180,93,67,0.52,31.3,6,2
63,1.68,47.8,16.94,Female,moderate,142,6100,563.0,4.7,1.04,Yoga,171,132,56,1.8,31.4,1,2
18,1.69,107.9,37.78,Male,low,80,4222,898.2,7.6,1.91,Cardio,195,131,60,1.32,19.5,4,3
28,1.78,97.7,30.84,Male,moderate,141,6168,273.2,6.5,3.12,None,155,116,61,0.97,22.4,6,2
52,1.96,87.3,22.72,Male,high,172,13006,693.5,8.1,1.6,Strength,150,147,78,1.45,30.0,3,1
60,1.87,111.7,31.94,Female,moderate,154,9603,351.9,5.4,1.81,Yoga,126,80,83,1.51,29.1,1,1
46,1.7,53.3,18.44,Female,low,161,14838,344.4,5.7,3.14,Cardio,139,159,58,0.72,19.1,3,2
54,1.67,98.6,35.35,Female,moderate,161,14716,213.1,6.4,1.38,Yoga,152,96,63,1.47,17.9,4,3
34,1.76,56.0,18.08,Female,moderate,126,10605,204.6,7.5,1.59,Strength,136,127,72,0.93,26.6,6,3
56,1.93,49.6,13.32,Male,moderate,106,11272,330.6,8.3,2.78,Yoga,125,131,84,1.71,19.1,3,1
59,1.5,55.0,24.44,Female,high,78,5436,322.9,8.8,2.85,None,139,125,68,1.91,27.2,6,2
45,1.86,116.3,33.62,Male,low,110,11569,200.3,4.2,1.9,Yoga,161,79,78,0.65,13.2,6,1
46,1.65,78.0,28.65,Female,low,72,12111,702.0,8.2,1.03,Yoga,182,96,60,1.88,26.8,4,2
60,1.6,48.7,19.02,Female,moderate,133,1323,552.6,4.6,1.95,Yoga,160,81,74,1.86,29.6,5,3
20,1.51,88.8,38.95,Female,high,148,10864,477.3,8.9,2.79,None,191,138,56,1.01,32.6,5,1
27,1.95,60.0,15.78,Female,low,76,2245,272.7,4.2,2.79,Cardio,126,131,58,0.54,21.4,5,2
59,1.96,45.5,11.84,Male,moderate,118,14940,433.7,5.6,2.05,None,190,100,69,1.49,24.0,1,3
31,1.53,101.9,43.53,Male,moderate,70,11267,529.4,9.0,1.87,Cardio,148,99,57,1.02,17.2,5,2
29,1.76,56.6,18.27,Male,low,64,14533,898.6,5.2,2.76,None,186,143,83,0.79,13.8,3,3
64,1.58,115.7,46.35,Male,moderate,84,6975,557.4,8.3,3.37,None,135,106,58,0.66,14.3,3,2
59,1.88,89.5,25.32,Male,low,138,12081,213.7,8.2,2.98,Yoga,196,82,58,0.79,31.1,1,1
47,1.83,51.5,15.38,Male,moderate,107,14221,345.4,5.3,1.57,None,169,83,69,0.86,23.5,1,2
49,1.65,61.3,22.52,Male,moderate,69,12730,448.2,6.5,3.41,Cardio,163,128,65,1.69,19.4,2,1
49,1.56,90.8,37.31,Female,low,148,9544,519.1,4.4,2.52,Cardio,196,94,77,1.68,31.6,3,1
59,1.92,70.4,19.1,Male,moderate,69,10368,672.0,4.7,1.28,Cardio,150,142,71,1.24,12.8,2,1
49,1.84,84.9,25.08,Female,low,73,4604,613.4,5.8,1.84,Cardio,186,141,69,1.33,24.9,1,3
43,1.5,105.0,46.67,Male,low,137,5623,556.5,8.5,2.81,None,122,118,79,1.88,29.8,3,1
18,1.81,104.4,31.87,Female,low,87,8425,786.5,7.3,3.17,Yoga,185,115,75,1.86,13.1,5,1
59,1.91,97.3,26.67,Male,low,93,12566,337.4,7.0,2.32,Strength,196,116,57,1.74,13.0,6,1
19,1.8,111.5,34.41,Female,high,110,7947,254.5,8.8,1.34,Cardio,194,85,77,1.06,10.8,5,3
34,1.71,60.0,20.52,Male,high,148,13452,786.7,7.9,1.31,None,126,117,77,1.05,33.5,6,2
47,1.79,58.3,18.2,Male,moderate,109,13682,523.5,9.0,1.81,Yoga,146,82,78,1.83,27.3,1,3
56,1.81,105.0,32.05,Male,high,92,13243,587.3,6.3,1.09,None,126,120,64,1.89,11.8,4,3
24,1.82,69.1,20.86,Male,high,87,7696,786.2,5.0,2.05,Cardio,127,108,58,1.7,26.8,1,2
44,1.98,83.4,21.27,Female,high,155,14876,862.1,6.1,2.94,Cardio,161,142,67,1.64,17.6,3,2
26,1.59,100.8,39.87,Male,low,88,3037,586.4,6.1,2.15,Yoga,145,89,79,1.34,12.7,1,1
39,1.81,74.7,22.8,Male,low,118,6962,768.6,7.9,3.08,None,180,92,56,1.01,34.8,1,1
51,1.59,54.8,21.68,Female,high,156,7769,581.3,5.3,2.64,Cardio,139,85,60,0.86,14.5,5,2
63,1.6,96.0,37.5,Male,high,100,1318,223.3,6.6,1.48,Cardio,198,93,73,0.71,30.0,3,2
18,1.83,106.3,31.74,Female,moderate,64,4771,869.1,6.0,1.54,Strength,198,147,78,1.59,32.0,6,3
26,1.96,46.0,11.97,Female,low,162,4752,772.4,6.3,1.87,Strength,170,99,62,1.67,23.3,1,3
37,1.58,87.2,34.93,Male,moderate,120,7490,727.4,4.5,2.35,Cardio,193,96,60,1.04,34.4,5,3
36,1.98,80.2,20.46,Male,high,101,2543,509.3,6.8,2.7,Strength,121,136,74,0.51,13.0,3,2
53,1.66,64.5,23.41,Female,low,72,14312,859.8,7.2,1.43,Strength,149,111,68,1.91,34.0,5,1
57,1.7,57.1,19.76,Male,low,160,11556,542.9,4.2,1.38,Cardio,136,84,62,1.16,11.8,5,3
62,1.58,59.1,23.67,Female,high,176,5895,704.6,4.7,1.03,None,186,155,60,1.96,21.9,1,3
21,1.81,99.4,30.34,Male,low,89,1478,270.4,4.4,1.28,None,191,126,66,1.52,31.4,4,2
26,1.8,85.2,26.3,Male,low,85,13674,353.2,5.0,2.88,None,162,151,63,0.69,23.8,1,3
58,1.72,118.6,40.09,Female,high,64,4540,496.9,4.4,1.14,Yoga,168,142,84,0.99,24.6,3,2
39,1.74,63.2,20.87,Male,moderate,157,3500,606.9,6.1,2.51,None,123,102,61,1.49,14.0,5,1
35,1.81,116.8,35.65,Male,low,129,6291,763.9,5.3,2.5,Yoga,148,104,79,1.47,34.6,4,3
29,1.79,83.6,26.09,Male,moderate,96,9113,368.6,7.7,3.48,Yoga,191,120,67,0.85,15.8,3,3
59,1.69,56.0,19.61,Female,high,109,5119,742.0,8.6,2.69,Strength,153,114,84,0.77,31.5,2,3
60,1.94,56.1,14.91,Male,moderate,155,8119,823.0,6.6,2.75,Yoga,128,95,70,0.92,33.9,5,2
56,1.83,90.6,27.05,Female,moderate,101,4825,772.9,5.8,1.22,Yoga,177,89,62,1.68,17.0,3,2
26,1.6,107.4,41.95,Male,high,104,11188,635.7,6.8,3.19,Yoga,193,77,68,0.86,28.3,2,1
23,1.66,101.1,36.69,Female,moderate,120,9116,767.0,4.7,1.8,Yoga,143,155,70,1.55,12.0,4,2
36,1.89,94.2,26.37,Male,low,77,12415,814.3,8.0,1.78,Strength,175,153,74,1.8,28.5,5,3
64,1.55,57.9,24.1,Male,low,60,12087,588.6,6.7,2.16,Cardio,180,143,82,1.09,22.1,3,3
24,1.88,53.1,15.02,Female,high,106,2258,767.1,4.1,2.77,Yoga,192,82,60,0.51,12.9,4,2
33,1.68,45.0,15.94,Male,low,157,8423,494.8,6.5,1.74,Cardio,198,83,84,0.71,32.4,6,1
22,1.78,52.6,16.6,Female,high,142,11027,565.7,7.1,2.94,None,182,76,77,0.97,27.0,4,2
33,1.64,102.5,38.11,Male,high,107,13780,236.8,4.7,1.61,None,161,111,58,0.78,14.2,2,2
18,1.99,112.1,28.31,Female,low,119,8719,818.4,5.9,1.31,Cardio,136,86,58,0.93,23.3,3,3
54,1.95,63.0,16.57,Male,moderate,69,12992,298.3,5.4,2.74,Cardio,190,93,80,1.32,18.1,4,3
56,1.96,104.6,27.23,Female,low,125,10102,393.3,6.4,3.3,None,185,101,57,0.53,27.8,2,3
36,1.59,59.9,23.69,Male,moderate,112,6533,422.2,6.4,3.27,Strength,167,98,64,0.6,25.7,3,2
54,1.92,63.7,17.28,Female,low,124,3217,281.1,8.4,1.16,Strength,189,140,60,1.78,14.7,6,2
34,1.77,61.8,19.73,Female,moderate,124,1268,845.2,8.4,1.98,Yoga,152,90,81,1.28,16.1,2,1
43,1.85,48.9,14.29,Male,moderate,89,9123,879.0,5.4,1.72,Strength,157,76,72,1.9,27.6,3,3
39,1.61,59.6,22.99,Female,high,66,2899,805.6,7.7,2.14,Strength,120,95,67,0.5,26.9,3,1
25,1.86,73.0,21.1,Female,moderate,114,11772,442.5,4.7,1.13,Yoga,174,84,65,0.5,17.8,6,3
50,1.96,75.4,19.63,Male,low,122,12109,238.7,5.8,2.03,Yoga,174,132,58,1.61,22.0,5,1
19,1.63,68.2,25.67,Male,high,122,3382,328.0,5.8,3.4,Strength,129,91,62,1.21,21.7,3,3
47,1.62,83.6,31.85,Male,moderate,132,13928,740.5,8.2,2.42,Cardio,174,150,57,1.87,13.1,6,2
64,1.55,73.3,30.51,Male,low,132,9761,400.2,4.4,1.54,Yoga,143,81,66,1.68,25.5,3,3
37,1.63,117.8,44.34,Male,moderate,132,6623,824.8,6.6,3.02,Cardio,191,147,67,1.26,16.6,6,1
35,1.77,105.6,33.71,Male,low,125,4727,784.6,6.2,1.99,None,147,120,78,1.22,21.5,6,1
60,1.92,114.8,31.14,Female,high,63,7008,365.9,7.0,1.16,Yoga,170,124,77,1.72,11.8,2,3
27,1.64,86.8,32.27,Female,moderate,121,4484,685.4,8.3,1.88,Cardio,165,84,84,1.71,25.4,4,2
41,1.81,95.9,29.27,Female,high,98,12504,509.6,4.4,3.04,Yoga,191,90,77,0.92,31.0,4,3
21,1.74,57.5,18.99,Male,high,156,1978,350.5,8.9,1.55,Yoga,148,75,65,1.51,24.2,4,2
54,1.64,101.5,37.74,Male,high,122,12682,613.1,7.3,1.82,Yoga,138,83,63,1.46,24.9,4,3
21,1.76,62.7,20.24,Female,low,140,8792,786.2,7.8,1.68,Yoga,198,87,58,1.78,26.8,1,2
30,1.58,55.9,22.39,Female,low,132,14946,848.8,6.0,3.25,Cardio,124,135,65,1.8,14.9,5,3
42,1.82,48.1,14.52,Male,low,88,12960,241.1,8.7,1.74,Cardio,168,122,62,0.9,11.7,1,3
30,1.56,80.4,33.04,Female,high,96,3415,493.1,5.7,1.6,Cardio,174,90,72,1.82,31.3,5,2
35,1.87,66.5,19.02,Male,high,77,3074,623.1,7.9,3.32,None,165,115,57,1.89,31.2,6,2
41,1.59,119.0,47.07,Male,moderate,70,7203,436.6,8.1,3.5,Yoga,134,104,58,0.66,23.6,2,3
19,2.0,63.7,15.92,Female,moderate,133,12617,422.4,7.4,2.48,Yoga,191,151,79,1.36,14.9,4,1
50,1.91,110.0,30.15,Male,high,164,4690,740.4,7.8,3.34,Cardio,158,146,71,1.15,30.4,2,2
36,1.67,68.7,24.63,Male,low,91,10583,747.8,4.7,2.92,Cardio,141,129,70,1.1,15.5,6,1
26,1.71,101.2,34.61,Male,moderate,97,6177,710.2,4.6,1.47,Yoga,181,85,61,1.56,31.5,2,1
45,1.63,94.5,35.57,Male,high,104,10478,829.0,6.8,2.71,Yoga,188,126,56,0.69,20.6,6,1
52,1.88,87.1,24.64,Female,low,170,10803,546.3,5.7,2.98,None,193,149,59,1.73,11.4,1,1
56,1.69,76.3,26.71,Male,low,64,13719,751.5,8.3,2.86,Yoga,150,122,55,0.54,30.4,1,3
27,1.88,95.3,26.96,Male,high,126,1917,207.8,5.1,2.32,Cardio,156,81,76,1.37,24.0,5,2
18,1.51,75.5,33.11,Female,high,134,13192,891.2,7.3,2.29,None,142,128,67,0.84,18.0,2,3
59,1.57,86.1,34.93,Male,low,142,1587,843.5,5.2,3.05,Strength,123,75,66,1.5,21.3,2,3
38,1.68,89.2,31.6,Male,moderate,99,5955,788.9,4.8,2.72,Strength,162,106,73,1.29,32.2,6,3
26,1.55,65.1,27.1,Female,low,177,9468,611.4,5.0,2.98,Yoga,157,136,83,2.0,15.1,5,3
64,1.8,70.5,21.76,Female,low,82,10063,580.9,5.4,1.52,Cardio,134,89,76,1.79,12.6,6,3
32,1.53,46.4,19.82,Male,high,154,14093,305.1,8.1,3.42,Yoga,130,156,62,1.0,29.6,1,2
52,1.93,108.9,29.24,Male,high,92,10294,237.8,9.0,2.83,Cardio,144,135,62,1.29,25.5,4,3
22,1.88,101.7,28.77,Female,low,81,12551,379.1,6.6,2.06,Cardio,145,152,66,0.98,31.7,6,3
58,1.61,58.8,22.68,Male,moderate,169,1288,305.7,4.6,2.5,Cardio,158,151,58,1.59,17.8,1,3
39,1.74,72.2,23.85,Male,low,136,9274,592.6,8.0,2.6,Strength,175,130,61,1.13,24.0,6,1
58,1.73,76.6,25.59,Male,high,135,7641,432.8,4.6,3.0,Yoga,170,108,82,0.67,11.1,6,3
40,1.86,70.1,20.26,Female,high,105,13445,471.5,5.2,2.75,Yoga,152,94,70,1.49,31.2,2,2
24,1.7,104.9,36.3,Male,high,167,9218,218.5,8.8,3.11,Strength,139,98,76,0.52,14.8,1,2
40,1.52,99.4,43.02,Female,moderate,142,11521,584.0,5.1,1.99,Cardio,171,102,72,0.95,12.9,2,2
61,1.64,102.5,38.11,Female,low,68,1823,659.3,6.8,2.05,None,153,85,60,1.86,22.1,1,1
42,1.73,112.8,37.69,Female,high,64,11174,434.1,8.5,1.47,None,164,104,72,0.64,28.6,4,2
44,1.99,89.6,22.63,Female,low,176,1698,291.9,7.6,2.29,Strength,195,112,83,1.26,15.2,4,1
58,1.94,91.1,24.21,Male,high,178,2691,692.6,7.9,2.0,None,123,155,58,1.69,15.8,1,2
23,1.59,99.1,39.2,Female,high,120,8171,290.3,5.2,2.66,Cardio,132,75,75,1.86,17.9,4,1
51,1.86,96.1,27.78,Male,high,163,6834,771.8,8.2,2.51,Cardio,178,158,63,1.34,30.3,4,2
26,1.97,110.2,28.4,Female,low,158,13692,582.2,5.5,3.14,Yoga,186,143,67,0.73,28.7,4,3
50,1.5,102.8,45.69,Female,low,103,3414,366.2,6.5,1.42,Cardio,172,107,73,1.91,16.7,5,2
23,1.86,54.0,15.61,Male,low,122,11981,829.1,6.4,3.29,Cardio,136,139,66,1.62,16.4,4,2
54,1.73,114.6,38.29,Female,low,63,8936,299.2,6.4,1.55,Cardio,190,118,70,1.09,32.7,6,2
48,1.84,96.2,28.41,Female,moderate,172,13171,620.8,8.1,2.8,None,164,138,59,0.92,25.4,1,3
51,1.8,54.5,16.82,Male,high,85,2750,632.3,6.1,2.25,None,166,83,56,0.57,15.6,3,1
58,1.99,102.9,25.98,Female,moderate,108,6096,226.1,8.2,2.76,Strength,197,106,57,0.79,13.5,1,1
46,1.64,71.9,26.73,Female,low,67,8493,626.8,8.6,2.34,Strength,145,128,67,1.67,11.7,4,3
31,1.89,105.4,29.51,Female,moderate,87,12359,686.0,8.3,2.63,None,150,100,75,0.66,16.2,1,3
53,1.62,116.7,44.47,Male,moderate,87,3674,837.1,8.6,2.88,Yoga,150,136,61,0.69,28.0,5,1
53,1.72,64.1,21.67,Female,low,112,4058,696.3,5.0,1.48,Yoga,199,116,67,0.79,19.3,1,1
32,1.99,109.3,27.6,Male,high,121,10446,539.1,7.8,1.86,None,179,122,70,1.09,34.1,6,1
25,1.88,103.0,29.14,Male,moderate,153,3229,797.3,6.2,3.17,Strength,120,80,76,0.78,18.1,4,1
43,1.66,95.3,34.58,Male,low,146,4611,447.6,8.0,3.09,Yoga,165,104,68,1.86,13.8,2,1
53,1.81,73.9,22.56,Female,moderate,113,10417,798.9,5.9,2.7,Cardio,153,97,84,0.89,14.4,4,3
38,1.52,53.2,23.03,Female,low,85,5815,790.8,7.0,1.76,Yoga,173,99,72,1.88,22.2,1,1
45,1.63,81.3,30.6,Female,low,104,12380,622.6,4.6,1.52,Yoga,178,87,67,1.98,33.4,3,1
21,1.86,52.9,15.29,Female,high,66,9828,441.2,6.6,1.12,Yoga,160,99,68,1.63,32.5,1,2
33,1.79,82.5,25.75,Male,high,69,11579,613.8,5.4,3.34,Strength,170,91,63,0.51,14.6,3,3
39,1.73,106.5,35.58,Male,high,146,2335,834.1,6.4,2.59,Strength,124,101,62,0.86,28.9,6,3
29,1.85,119.8,35.0,Female,moderate,166,12767,645.6,7.9,2.03,None,129,85,79,0.9,28.8,2,1
33,1.7,59.9,20.73,Female,moderate,67,9745,788.0,5.4,2.73,Yoga,157,80,79,1.31,14.1,5,2
57,1.51,60.6,26.58,Male,low,75,12068,441.2,8.0,2.14,Strength,154,153,59,0.74,17.5,6,2
55,1.72,105.8,35.76,Female,low,66,14079,404.6,8.1,1.88,Strength,185,111,81,0.62,11.9,1,1
59,1.95,80.2,21.09,Female,high,132,12609,379.1,8.3,2.25,None,138,149,77,0.76,11.9,3,2
54,1.93,113.7,30.52,Female,moderate,74,4655,543.9,4.4,2.84,Cardio,157,146,61,0.99,21.1,2,1
46,1.7,102.7,35.54,Female,low,99,9473,502.4,4.0,3.09,Cardio,172,111,70,0.57,22.1,4,3
35,1.51,100.2,43.95,Female,low,156,11414,798.0,7.2,1.25,Yoga,169,148,64,0.79,10.8,5,2
27,1.82,52.6,15.88,Female,low,118,3965,278.8,4.3,1.16,Cardio,197,133,79,0.75,34.2,2,1
59,1.87,47.7,13.64,Male,low,133,13975,587.8,6.1,1.85,None,153,84,79,1.66,22.2,6,1
56,1.65,68.8,25.27,Male,high,125,13711,482.4,8.5,1.1,Strength,123,75,76,0.75,29.7,1,1
35,1.74,61.3,20.25,Male,moderate,121,7539,856.3,5.3,2.24,Cardio,180,126,57,1.69,25.9,6,3
18,2.0,98.4,24.6,Male,moderate,146,7719,751.9,5.3,3.06,Yoga,189,92,78,1.26,25.5,4,2
56,1.79,78.8,24.59,Female,low,107,5488,503.3,6.9,1.87,Yoga,128,79,71,1.64,17.6,1,3
38,1.68,84.2,29.83,Female,low,100,5317,648.4,8.9,2.19,Strength,171,158,64,1.18,32.2,6,3
18,1.81,106.0,32.36,Male,high,78,2169,721.9,4.5,2.44,Yoga,150,122,65,1.85,17.5,5,2
32,1.59,80.9,32.0,Male,low,167,1295,249.8,8.8,3.28,None,187,107,74,0.91,33.8,4,3
21,1.6,85.9,33.55,Male,moderate,62,1290,671.6,7.2,3.32,Cardio,152,131,64,1.65,11.0,2,1
37,1.96,108.2,28.17,Male,high,104,9692,297.6,7.8,2.58,Yoga,178,99,72,0.75,12.9,4,2
27,1.62,77.4,29.49,Male,high,77,5755,332.3,4.9,1.03,Cardio,154,118,75,1.82,28.2,4,3
40,1.66,51.2,18.58,Female,high,108,3492,522.8,7.0,1.47,Strength,132,140,82,0.54,25.2,1,2
58,1.77,84.1,26.84,Female,moderate,128,9331,885.6,4.8,1.5,Cardio,198,142,82,1.19,27.9,3,3
51,1.95,88.5,23.27,Male,low,172,5028,866.5,6.4,2.5,None,180,99,77,1.13,26.0,5,1
63,1.89,83.4,23.35,Male,high,129,12322,831.6,6.1,2.77,Strength,167,119,81,1.44,23.2,4,3
50,1.52,64.4,27.87,Female,low,124,14032,224.0,7.8,1.22,Yoga,157,97,55,1.16,10.8,4,2
51,1.85,61.8,18.06,Female,low,101,8149,797.0,5.8,1.72,Strength,184,115,58,1.38,30.2,4,3
56,1.75,72.7,23.74,Female,high,65,9311,743.3,4.4,2.27,Cardio,173,107,57,1.79,22.8,6,1
27,1.74,57.5,18.99,Male,high,111,14227,549.1,8.7,2.93,Cardio,150,102,74,0.71,12.6,6,1
37,1.85,95.0,27.76,Female,high,133,8332,427.8,4.7,1.86,Cardio,168,82,60,0.87,14.8,1,1
18,1.6,91.1,35.59,Male,low,161,13982,728.9,5.9,2.24,Cardio,141,103,80,1.7,26.6,4,3
30,1.99,92.4,23.33,Male,moderate,173,4229,274.9,6.6,2.24,Strength,148,130,60,0.84,11.9,6,2
18,1.82,61.9,18.69,Female,high,177,4650,655.3,8.4,3.32,Strength,184,89,82,1.86,31.7,4,3
22,1.68,63.5,22.5,Female,moderate,144,12377,670.3,4.5,3.11,Cardio,167,89,71,1.31,29.8,6,3
33,1.8,104.1,32.13,Female,moderate,69,1564,587.6,7.4,3.14,Yoga,185,111,73,0.62,17.7,2,3
32,1.61,96.8,37.34,Male,low,161,4753,814.4,6.2,1.42,Strength,144,93,71,0.53,32.1,5,2
45,1.82,110.6,33.39,Female,low,179,11523,430.9,7.9,3.25,None,140,133,83,1.64,32.1,4,1
48,1.51,75.3,33.02,Female,low,91,12830,534.7,8.4,1.98,Strength,145,125,71,1.78,30.9,4,1
40,1.67,86.0,30.84,Male,low,84,9384,731.1,5.1,2.36,None,120,159,71,0.86,17.7,4,1
62,1.87,100.4,28.71,Female,moderate,86,2616,701.7,7.1,2.54,Yoga,151,109,57,0.86,26.4,1,2
60,1.9,118.1,32.71,Female,moderate,173,12534,593.7,6.6,2.08,None,192,110,68,1.93,21.3,3,3
34,1.63,119.2,44.86,Male,high,82,9715,390.5,6.9,1.86,None,165,127,56,1.48,23.5,1,3
51,1.77,119.9,38.27,Male,low,137,4047,406.0,8.3,1.62,Yoga,124,154,84,0.75,20.2,3,3
30,1.76,111.8,36.09,Male,low,135,9508,718.8,5.5,2.28,Cardio,159,86,82,1.17,10.1,4,2
31,1.71,93.0,31.8,Male,moderate,76,14458,204.0,5.5,3.09,Strength,136,102,58,1.87,10.2,2,3
28,1.61,45.5,17.55,Male,low,116,13888,656.9,7.6,2.91,Yoga,172,145,77,1.43,29.3,1,2
45,1.85,97.5,28.49,Female,low,94,12514,373.8,6.5,2.27,None,148,107,81,1.11,33.7,3,1
59,1.63,62.9,23.67,Female,high,155,5005,671.1,7.0,1.86,Cardio,195,149,81,0.73,15.7,4,1
49,1.96,49.3,12.83,Male,high,85,7103,330.9,7.9,1.03,Strength,127,153,84,1.59,23.6,3,2
52,1.76,97.3,31.41,Female,moderate,68,14045,463.5,5.9,1.52,Yoga,162,157,72,0.91,17.7,4,1
48,1.94,101.7,27.02,Female,moderate,171,8545,727.7,5.6,1.47,Strength,134,129,56,1.35,21.9,1,2
34,1.65,94.5,34.71,Male,low,63,1300,728.6,6.1,2.47,Cardio,153,153,83,1.4,13.0,1,3
64,1.9,72.4,20.06,Male,high,156,1106,346.8,4.1,3.3,Strength,154,147,82,1.33,28.1,3,1
26,1.56,83.3,34.23,Male,high,152,10739,463.4,8.1,1.79,Cardio,152,151,66,0.87,22.9,4,1
27,1.88,115.1,32.57,Female,low,163,2095,551.8,5.9,2.98,Yoga,140,124,69,1.56,17.7,1,3
25,1.69,99.7,34.91,Male,high,166,9881,611.2,6.1,1.82,Cardio,138,103,67,1.35,26.6,5,3
38,1.73,82.9,27.7,Female,high,76,5319,719.7,7.9,3.41,Yoga,120,132,65,1.11,22.8,1,2
30,1.58,89.5,35.85,Female,moderate,67,6461,216.5,5.0,1.49,Cardio,170,100,61,0.58,20.1,4,1
22,1.51,114.6,50.26,Female,high,94,10229,280.7,4.7,2.02,Strength,152,97,82,1.0,23.3,5,3
23,1.83,74.5,22.25,Female,moderate,72,1975,310.4,8.5,1.37,Cardio,145,91,63,1.03,33.8,1,1
47,1.79,52.6,16.42,Male,low,164,2018,333.5,8.6,1.57,Cardio,161,79,81,1.69,11.7,4,1
48,1.81,69.4,21.18,Female,moderate,63,8446,221.2,8.0,1.26,Strength,173,133,69,1.27,33.1,3,1
34,1.63,76.1,28.64,Male,high,116,2485,844.3,4.8,1.27,None,164,90,57,1.9,13.2,3,1
28,1.62,65.5,24.96,Female,low,83,14552,313.5,8.1,2.57,Cardio,146,95,64,1.63,15.2,1,2
37,1.92,84.7,22.98,Male,high,172,4279,251.5,8.7,2.96,Yoga,170,79,62,1.31,34.5,4,3
26,1.88,67.9,19.21,Male,high,167,11913,530.2,8.3,1.2,Cardio,147,132,60,0.75,30.3,4,1
19,1.67,52.7,18.9,Male,moderate,98,1938,858.8,6.0,1.55,None,127,100,83,0.83,18.8,4,3
54,1.82,59.1,17.84,Female,low,171,3168,875.1,4.5,1.8,Yoga,150,117,68,0.74,20.1,4,3
18,1.91,113.9,31.22,Female,moderate,161,14691,673.5,5.9,3.34,Strength,124,133,60,1.16,17.5,3,2
21,1.94,92.2,24.5,Female,moderate,101,7818,324.8,4.0,2.5,Strength,130,132,73,1.58,15.6,5,2
53,1.5,68.6,30.49,Male,high,129,13760,202.7,6.6,1.27,Strength,191,76,80,1.64,11.5,3,1
42,1.91,72.5,19.87,Female,moderate,176,11420,434.5,4.1,1.92,Yoga,145,118,63,0.64,10.8,6,1
20,1.68,82.0,29.05,Female,moderate,117,13429,287.8,6.8,2.79,Cardio,179,150,63,1.24,22.5,3,2
26,1.86,95.5,27.6,Female,low,71,10699,728.6,6.2,3.45,Yoga,165,100,74,1.22,23.3,1,3
39,1.69,88.7,31.06,Male,high,88,14927,878.4,5.7,2.85,Yoga,131,118,70,1.16,29.0,3,3
40,1.8,115.0,35.49,Female,low,161,10701,258.6,5.5,1.45,None,132,93,67,0.95,12.4,3,2
29,1.82,91.9,27.74,Female,moderate,158,8734,477.9,8.1,3.05,Yoga,193,123,67,1.21,22.9,2,1
27,1.7,113.3,39.2,Male,high,91,12561,831.7,6.6,1.01,Strength,127,155,80,1.27,33.1,1,1
51,1.76,45.4,14.66,Male,moderate,108,7229,709.8,5.4,2.21,Yoga,161,131,66,1.4,31.3,5,1
60,1.86,111.8,32.32,Male,moderate,68,8512,808.8,7.4,1.86,None,184,80,76,1.07,23.4,1,2
27,1.74,99.1,32.73,Male,low,62,10881,846.1,7.0,3.37,Yoga,128,97,75,1.92,13.3,1,2
47,1.51,57.9,25.39,Male,high,121,4226,488.8,5.6,1.11,Yoga,123,156,74,1.01,13.9,2,3
39,1.51,64.7,28.38,Male,high,69,10304,685.6,8.9,1.64,Strength,174,117,56,1.84,21.9,2,2
23,1.83,85.7,25.59,Female,moderate,103,12902,696.5,7.9,1.65,Yoga,190,118,58,1.7,25.4,3,1
19,1.92,54.4,14.76,Female,low,75,1805,641.6,7.5,2.06,Cardio,174,140,61,1.2,34.5,4,3
47,1.89,103.9,29.09,Male,moderate,110,9540,428.0,4.5,3.31,Strength,176,119,73,1.24,30.8,4,1
19,1.66,104.3,37.85,Female,low,110,13392,782.5,4.7,2.63,None,176,93,57,1.8,20.4,3,1
49,1.74,67.6,22.33,Male,moderate,74,12282,738.2,6.9,1.3,None,158,78,65,1.24,18.8,5,3
59,1.62,50.2,19.13,Female,moderate,69,11618,511.6,8.6,3.06,None,147,131,73,1.52,10.3,5,1
33,1.99,119.2,30.1,Male,high,97,8737,494.7,6.3,2.57,Yoga,145,156,79,1.71,10.2,2,3
29,1.63,63.8,24.01,Male,low,107,7405,207.5,4.7,1.04,Cardio,192,83,68,1.86,21.9,3,1
18,1.71,50.1,17.13,Female,high,82,9704,790.4,6.7,3.3,Strength,189,122,71,0.83,11.7,1,1
25,1.84,69.7,20.59,Female,high,96,11464,398.8,8.7,1.12,Cardio,141,110,59,1.96,13.9,1,3
30,1.94,117.7,31.27,Female,high,132,3923,529.6,6.9,2.52,Cardio,192,141,79,1.95,34.5,1,1
